ben_nir_psa;ben_rng_gem;id_carto;version
WzaLKmWVyVPvZUkvM;6;XjRpxOrbLzVhWudgSW;G5
sBbKuDRTDsvFYNXtL;1;YQUDBVqJdeyWPpJPje;G5
koyuzoOtYoyAAZVik;8;zfDkVvamArTueaOQmu;G5
LuKeTIABWABDTQRbJ;7;GNSUuUizmucmPpzbHl;G5
JyFawdCcWdIYjCiEH;1;RiGvUmcJABydfzgwTX;G5
PJyAxiDcrHhuYnCQt;0;BRXQFQfiXIVsobVtOA;G5
FsougWAIPNAWuqWIQ;9;fijjCVUrQjTwMHhwWF;G5
PEyUrNJzINkmgxwUz;3;vTvpeWrcDihYKJKlVL;G5
wncGatZHIojdEqiPo;8;KtkPgIPEJlnelUYrLN;G5
NdSaIRwgWxoJGjQjb;8;PoRPVpRoCjhMmojyqC;G5
DaptJAVFueIXgWbyN;3;tBLrcueIppnqmOKFvt;G5
iUSFpSGgMWijbVkMN;8;DdSVAfIIoAhUHtXybz;G5
wlKRdHAoyzVrxtfcJ;8;WScjRpAcOBspfuTXxo;G5
xKhSbvCzytglDAYBD;2;wOAYPUandaZLasBylU;G5
cErxxqhzTcWzsQOaf;9;aIXfWSEEICmJMsYbtl;G5
tBnhjDEpSZyCHUJja;7;ZaOoMKXnljHJKnZXzv;G5
CFbwCJdOfCHWGJXjr;0;ZXcSNDEjHRhVGnHfsZ;G5
bmXaBQIwaUMmsHeQi;5;ofESNXZyYMfYBIKFAT;G5
eGEAhKseIlGlzxUgQ;0;pNHhgxVPtoMZqkBUnU;G5
gOomevtWiUtGgGzjX;3;FHVpkyHWZRHMNMuxpB;G5
SIYhFihMxvRVuYifQ;3;lzNxHHoLvUhvsVipaV;G5
mcSYRAdsgdNbatrcV;4;YcDjYzkHuNClDrrmif;G5
XykHLgMDnWqUqzFXl;4;BiEiQqbRDMbNBPgmYx;G5
KMIJCZdgaQKwEvBhn;6;DFtCCIVhasLnDJvktU;G5
ahKwIVWGKltRBQGwA;1;dvvHGsHSgtnUAWPIVB;G5
MYViSJQlTKDOwQlBV;7;xjaJwdxjqicxlPPQuR;G5
EftILCjPgEvzqFcsq;5;BroNkchpLZHOYvstuW;G5
XMrrlDQWwlnyZwrKM;1;RziAzChQLFQrBTTNnZ;G5
CQcmMAcrdNiKiEmAc;2;eBPLViiCxgICCGqcYg;G5
UByqzuuRfirOKHIof;8;xsXSeCGPemDPPyBnQk;G5
TgpniBNwqcvdbnAAR;2;bQNUQaKAViwPyfdwQr;G5
xLAscLSRWDRyNYBIG;9;iSJoTpmzfYYaxIKBkC;G5
LjPJhApSCUrYnicTw;8;tKrsMKNQeLhwxmJdmN;G5
RhLuZBxSGsVTCfKJY;9;iwHXpNbraQJUjSKoaL;G5
YViDfdLFgVfqtSMWa;5;QOUbQInhuoHuemGhWU;G5
YuVsrqtDZqSmFLhUf;9;mDMIRfgMGsaxYbjyaO;G5
ojxdKICLROMnHoZyh;8;QleitmQAtspbVrCSQJ;G5
USMZsEDABTGNrwiDs;6;pLWyokBLTZpkKuOSxr;G5
MXrMiwetGdpBliBgX;8;jdQjyCQclDnHQVjQym;G5
ZwcBIlsHJqxtcvJNk;8;DCDOWwkcLBGQCxVfyf;G5
MtcSwFMPidLHxbrnH;2;KMhmLyAzCCUnIQyEdF;G5
ZeEbDpFfltogYoDEr;5;WVVozZcRoFxTwLuxuv;G5
fzFjSqWAYTkrWUrAM;4;LAKPKlgunbcbhqFpuy;G5
QHomRCAOtZIXCfyZj;4;NuMXXGlZWknkRjLUZP;G5
iRKqUTLKJklSaaYID;4;pVkMdtACVdtYCQDzNN;G5
ZjlbpVRQAkRIbkbQi;0;AStIftSrKbQhgCXxQd;G5
vWlVlScecAHZrLKEt;9;FtiLlHxDojNqgwhEnQ;G5
WgesqPcePWmfJhYNJ;5;bdJYpRSAWtCvhnfols;G5
MaiiXKLLiPGrHySWH;3;DolitnOnJUNOSoDntc;G5
foNdWYdkqeZWImHLq;5;lMgVjRPtsOTDGXkwmB;G5
