id_carto;ben_sex_cod;ben_nai_ann;age;cla_age_ct;cla_age_5;old_cod_reg;new_cod_reg;dpt;regime;source;cmu;ben_dcd_dte;dcd_3112;ben_acs_top;ben_aah_top;top_CvIDM_aig;top_CvCoron_chr;sup_CvIDMCor_cat;top_CvAVC_aig;top_CvAVC_seq;sup_CvAVC_cat;top_CvIC_aig;top_CvIC_chr;sup_CvIC_cat;top_CvAOMI_ind;top_CvTrRyC_ind;top_CvValve_ind;top_CvEmbol_aig;top_CvAutre_ind;sup_Cvaig_cat;sup_Cvchr_cat;sup_Cv_cat;top_FAntiHTA_med;sup_FAntiHTA_med_nnexclu;top_FHypoLi_med;sup_FHypoLi_med_nnexclu;sup_FRV_cat;sup_FRV_cat_nnexclu;top_FDiabet_ind;sup_FInsul_ind;sup_FInsulNO_ind;sup_FRVDiab_cat;top_CanSeiF_act;top_CanSeiF_sur;sup_CanSeiF_cat;top_CanColo_act;top_CanColo_sur;sup_CanColo_cat;top_CanPoum_act;top_CanPoum_sur;sup_CanPoum_cat;top_CanPros_act;top_CanPros_sur;sup_CanPros_cat;top_CanAutr_act;top_CanAutr_sur;sup_CanAutr_cat;sup_CanAct_cat;sup_CanSur_cat;sup_Can_cat;top_Psychos_ind;top_PDepNev_ind;sup_PTrBipo_ind;sup_PTrDHum_ind;sup_PTrNevr_ind;top_PRetard_ind;top_PAddict_ind;sup_PAddAlc_ind;sup_PAddTab_ind;sup_PAddCan_ind;sup_PAddAut_ind;top_PTrEnfa_ind;top_PsyAutr_ind;sup_PsyPat_cat;top_PAntiDe_med;sup_PAntiDe_med_nnexclu;top_PNeurol_med;sup_PNeurol_med_nnexclu;top_PAnxiol_med;sup_PAnxiol_med_nnexclu;top_PHypnot_med;sup_PHypnot_med_nnexclu;sup_PsyMed_cat;sup_PsyMed_cat_nnexclu;sup_Psy_cat;top_NDemenc_ind;sup_NDemAlz_ind;sup_NDemAut_ind;top_NParkin_ind;sup_NDemPar_cat;top_NSePlaq_ind;top_NParapl_ind;top_NMyoMya_ind;top_NEpilep_ind;top_NAutres_ind;sup_Neuro_cat;sup_NeuDeg_cat;top_ABPCOIr_ind;sup_ABPCOIr_ind_nnexclu;top_IRCrRCH_ind;top_IRPolyA_ind;top_IRSponA_ind;top_IRautre_ind;sup_Inflam_cat;top_IRMMHer_ind;top_IRMuco_ind;top_IRHemop_ind;sup_IRHemop_ind_exclu;sup_IRTrHemoSev_ind;sup_Rares_cat;top_IRVih_ind;sup_InfRarVIH_cat;top_RDialyse_ind;sup_RHemDia_ind;sup_RDiaPer_ind;top_Rtrans_aig;top_Rtrans_chr;sup_RDiaCou_ind;sup_RIRCT_cat;top_HFoiPan_ind;sup_HFoiPan_ind_nnexclu;sup_HFoi_ind;sup_HPan_ind;top_ALDAutr_ind;sup_ALDAutr_0_ind;sup_ALDAutr_2_ind;sup_ALDAutr_4_ind;sup_ALDAutr_10_ind;sup_ALDAutr_19_ind;sup_ALDAutr_23_ind;sup_ALDAutr_26_ind;sup_ALDAutr_29_ind;sup_ALDAutr_30_ind;sup_ALDAutr_31_ind;sup_ALDAutr_32_ind;sup_Patho_cat_exclu;sup_Patho_cat_nnexclu;top_Materni_ind;sup_Materni_ind_exclu;sup_PatMat_cat;sup_hospit_ponct;sup_hospit_ponct_exclu;sup_PatMatHos_cat;sup_Petit_Conso;sup_Arthros_med;sup_AINS_med;sup_Antalg_med;sup_ACorti_med;sup_Arthros_med_nnexclu;sup_AINS_med_nnexclu;sup_Antalg_med_nnexclu;sup_ACorti_med_nnexclu;sup_Petit_Conso_exclu;sup_PopTot_cat;version;BEN_DCD_AME
XjRpxOrbLzVhWudgSW;9;1926;23;sNlSr;pyUwp;HS;wN;tRX;SLM;HAD;False;01Mar1999:12:41:33;0;True;False;False;False;False;False;True;False;False;True;True;True;True;True;False;True;True;True;True;False;False;False;True;True;False;True;False;True;False;True;False;True;True;False;False;True;False;True;False;True;False;False;False;False;True;True;True;True;False;False;False;False;False;False;True;False;True;False;False;True;True;True;False;True;True;False;False;False;False;True;True;False;False;True;True;True;False;False;False;True;False;True;True;False;False;True;True;False;False;True;True;True;False;True;True;False;True;True;True;False;False;True;False;True;False;True;False;True;False;True;True;False;True;True;True;True;False;False;True;False;True;False;False;False;True;True;True;True;False;False;True;True;True;True;True;False;False;True;False;False;False;G5;198807
YQUDBVqJdeyWPpJPje;1;1954;82;nngsq;bPXyq;Jc;av;MJH;RG;MCO;False;07May2015:13:35:39;0;True;True;True;True;True;True;True;True;True;False;False;True;False;False;True;True;True;False;True;False;False;False;False;True;True;False;True;True;True;True;True;False;True;False;False;False;True;True;True;False;True;False;True;True;True;True;True;False;True;True;False;False;True;True;True;True;True;True;False;False;True;False;True;False;False;True;False;False;True;True;False;False;False;False;False;False;True;True;False;False;True;True;False;True;False;False;True;False;False;False;True;False;False;True;True;False;False;False;False;True;False;True;False;True;False;True;True;False;False;True;False;True;False;False;True;True;False;True;False;False;False;False;True;True;False;False;False;False;False;False;False;False;False;True;True;False;False;True;False;False;False;G5;200402
zfDkVvamArTueaOQmu;0;1948;70;TrfJV;KFCSV;WX;mq;TKd;RG;HAD;False;22Jun2009:19:27:38;1;False;False;True;False;True;False;False;True;True;False;False;False;False;False;False;True;False;True;False;True;True;False;False;False;True;True;True;True;False;False;False;True;False;False;True;True;False;True;True;True;True;True;True;False;True;True;True;True;False;False;False;False;True;False;False;True;True;False;False;True;True;False;True;True;False;True;True;True;False;False;True;False;True;False;False;False;False;True;False;True;False;False;False;True;False;True;True;True;False;True;True;True;False;False;True;False;True;True;True;False;False;True;False;False;False;False;False;True;True;False;False;True;True;True;True;True;False;False;False;True;True;False;True;True;False;False;False;False;True;True;False;True;False;False;False;False;True;False;False;True;True;G5;197008
GNSUuUizmucmPpzbHl;2;1927;28;GveQD;IBOlr;rN;Ry;gUg;RG/SLM;PSY;False;19Aug2012:23:16:43;0;True;False;False;True;True;False;True;False;False;False;True;False;True;False;False;True;False;False;True;True;True;False;False;True;True;False;True;False;True;True;True;False;True;True;False;False;True;True;True;False;False;True;False;True;False;False;True;False;True;False;True;True;False;True;True;True;True;True;False;False;True;False;False;True;True;False;True;False;False;False;True;False;False;False;False;False;False;False;False;False;False;True;False;True;False;True;False;True;True;False;True;True;True;True;True;True;False;True;False;True;True;False;True;True;False;False;True;True;False;False;True;True;True;False;False;False;False;False;False;False;False;False;False;True;False;False;True;True;True;False;False;False;False;True;False;True;True;False;True;False;False;G5;197303
RiGvUmcJABydfzgwTX;0;1938;1;FIHPI;Mmisx;Ux;yw;MET;RG/SLM;PSY;False;10May2020:04:16:12;1;True;False;True;True;False;True;False;False;False;False;False;False;False;True;False;False;True;False;True;True;False;False;True;False;False;False;True;True;False;True;True;True;False;False;False;True;True;False;True;True;False;True;False;True;True;False;False;True;False;True;True;True;True;False;False;False;True;False;False;True;True;False;False;False;True;False;False;True;True;False;True;False;True;True;True;True;False;True;False;False;False;True;False;True;False;True;False;False;True;True;True;True;False;False;True;False;False;False;False;False;True;True;True;True;False;True;True;True;True;True;False;True;False;True;False;True;False;False;False;False;True;False;False;True;False;False;False;True;False;False;True;True;False;True;False;False;False;False;False;True;True;G5;201211
BRXQFQfiXIVsobVtOA;2;1945;110;dvBkh;ltqPJ;TX;Rx;ggO;SLM;PSY;True;29Mar2019:07:31:07;1;False;False;True;False;True;False;False;False;False;False;True;False;False;True;True;False;False;False;True;False;False;True;False;False;False;False;False;False;False;True;False;True;False;True;False;True;False;False;True;True;False;True;False;True;True;True;False;True;False;True;False;True;True;True;False;True;False;True;False;False;True;True;False;True;True;False;True;True;True;False;False;True;False;True;True;True;True;True;False;True;True;True;True;True;False;False;False;True;True;False;True;True;True;True;True;False;False;False;False;False;True;True;False;False;True;True;True;False;False;True;False;True;False;False;True;False;True;True;False;False;True;False;True;True;True;False;False;False;False;True;False;True;False;True;True;True;False;True;False;False;False;G5;200702
fijjCVUrQjTwMHhwWF;0;1966;38;bFYxQ;Fazag;rU;JJ;ZmO;RG/SLM;MCO;False;03May1992:04:57:50;1;False;True;False;True;False;True;True;False;True;False;True;True;False;True;True;True;True;False;False;False;False;False;True;False;True;True;True;True;True;True;True;False;False;False;False;True;False;False;False;True;False;False;True;True;True;False;False;True;True;True;True;False;False;False;False;True;False;True;True;True;False;True;True;True;True;False;False;True;True;True;True;True;False;True;False;False;False;False;True;True;False;True;False;True;True;False;True;False;True;False;True;True;True;True;False;True;True;False;False;False;True;True;True;True;False;True;False;True;True;False;False;True;False;True;False;False;True;True;True;True;True;True;True;False;True;True;False;False;True;True;True;False;True;True;True;False;False;True;False;False;False;G5;197602
vTvpeWrcDihYKJKlVL;2;2002;74;mnybV;DcBqk;qM;ip;AqN;SLM;PSY;True;07May1977:02:12:07;.;False;False;True;False;True;True;False;True;False;False;False;True;True;True;True;False;False;True;False;False;True;True;True;False;False;False;False;True;True;False;False;True;False;False;False;True;False;False;False;False;False;False;True;False;False;False;False;False;False;True;True;True;True;False;True;True;False;False;True;False;True;True;True;True;False;True;True;True;False;True;False;True;False;True;True;False;True;False;True;False;True;True;True;False;True;False;False;True;True;True;True;True;True;True;True;True;True;False;True;False;True;False;False;False;False;True;False;False;False;True;True;False;True;True;False;True;False;False;True;True;False;False;True;False;True;True;True;False;True;False;True;True;True;True;False;False;True;False;False;True;True;G5;200201
KtkPgIPEJlnelUYrLN;9;1984;47;KmLIJ;egFSn;Bq;to;vml;RG/SLM;ACE;True;09Oct2018:12:57:41;1;False;True;True;True;True;True;False;True;True;False;False;True;False;False;True;False;True;False;False;False;False;True;False;False;True;True;False;False;True;False;False;True;True;True;True;True;False;False;False;True;False;False;False;True;False;False;True;False;False;True;True;True;True;True;True;False;True;False;False;False;True;False;True;False;False;True;False;True;True;True;True;False;True;False;True;True;True;False;True;False;False;False;True;False;False;True;True;True;False;False;True;False;False;True;True;True;True;False;True;True;True;True;False;False;False;True;True;False;True;True;False;True;True;False;True;False;True;True;True;False;True;False;True;True;False;False;False;True;True;False;True;True;True;True;False;False;False;False;False;True;True;G5;197006
PoRPVpRoCjhMmojyqC;1;1998;86;dgFNl;VLRof;Yc;xv;pkQ;CAMIEG;MCO;True;25Jun1979:07:16:14;0;False;False;True;False;True;False;False;True;True;False;False;False;False;True;True;True;False;False;False;False;True;True;False;False;False;True;True;True;True;True;True;True;True;True;False;True;False;False;False;False;True;True;False;False;True;True;False;True;False;False;False;False;True;True;False;True;True;True;True;False;False;True;False;True;False;False;True;False;False;True;False;False;True;True;False;False;True;True;False;False;True;False;True;True;False;True;True;True;False;False;False;False;False;True;False;True;True;False;False;False;True;False;True;False;False;True;True;False;True;True;False;False;True;True;False;True;True;False;True;False;True;False;False;True;True;False;False;True;False;False;True;False;True;True;True;True;True;True;False;True;True;G5;199704
tBLrcueIppnqmOKFvt;2;1941;89;Vmfsl;wIYnV;Tx;Wc;bvj;RG;HAD;False;13Apr1975:11:29:11;.;True;True;True;True;True;False;False;True;False;True;True;True;False;False;True;False;True;False;True;False;False;True;True;True;True;True;False;True;True;True;False;True;False;False;True;True;False;False;False;True;True;False;False;True;True;True;False;True;False;False;False;False;False;False;True;False;True;True;True;False;True;True;True;False;True;False;True;True;True;True;False;True;False;False;True;False;False;False;False;False;True;False;True;True;True;True;True;True;False;True;True;False;False;True;True;True;False;False;False;False;False;True;False;True;True;True;True;True;False;True;False;True;False;True;False;True;True;True;True;True;False;False;False;True;False;False;False;False;False;True;True;True;True;False;False;False;True;False;True;False;True;G5;201903
DdSVAfIIoAhUHtXybz;0;2013;33;lgytl;makZM;vm;vM;NCv;SLM;PRS;False;20Apr1978:00:14:40;0;False;True;True;False;False;False;False;False;True;False;False;False;False;True;True;False;False;False;True;False;False;True;True;True;True;True;False;False;False;False;False;False;False;False;False;False;True;False;True;False;True;True;True;False;True;False;True;True;True;False;False;False;True;False;False;True;True;True;True;True;False;True;True;False;False;False;False;False;False;False;False;True;False;False;True;False;False;True;True;False;False;True;False;False;True;True;False;True;False;True;True;False;True;True;True;False;True;False;True;False;True;False;True;False;False;True;True;False;True;False;False;True;False;True;False;False;True;True;True;False;True;False;False;True;False;False;True;True;False;True;True;False;True;True;True;False;True;True;True;False;False;G5;201502
WScjRpAcOBspfuTXxo;0;1925;25;LGZqI;MqnPJ;hI;qh;UmT;RG/SLM;PRS;True;11Jun1994:22:17:04;0;False;False;True;False;True;False;False;True;False;True;True;False;False;False;False;True;False;True;True;False;True;False;True;False;True;False;False;True;True;False;True;False;True;True;False;False;True;True;False;False;True;True;True;True;True;False;True;False;True;True;True;False;True;False;True;False;True;False;True;False;True;True;True;False;False;True;True;True;True;True;True;False;True;False;True;True;False;False;True;True;True;True;True;False;False;False;False;False;False;True;False;True;False;True;False;True;False;True;True;False;False;False;True;True;True;True;False;False;True;True;True;True;True;False;True;False;False;False;True;True;False;False;False;False;False;False;True;False;False;False;True;True;True;True;True;True;True;True;False;True;False;G5;202002
wOAYPUandaZLasBylU;0;1945;95;bngHz;HafXk;Vp;eG;qLF;RG;HAD;False;21Feb1997:03:45:36;0;False;True;False;False;False;True;False;False;False;True;False;True;True;False;False;False;False;True;False;False;True;True;True;False;True;False;False;False;False;False;False;True;False;False;True;False;True;True;True;True;True;True;True;True;True;True;False;False;False;False;True;True;False;True;False;True;False;False;True;True;False;True;True;False;True;True;False;False;True;False;False;False;False;False;False;False;True;True;True;True;False;True;False;False;True;True;False;True;False;False;False;False;False;True;True;True;True;False;False;False;True;False;False;True;False;False;False;True;False;True;True;True;True;True;False;True;False;True;True;True;False;False;False;False;False;False;False;True;False;False;True;False;False;True;True;False;False;False;False;True;False;G5;198901
aIXfWSEEICmJMsYbtl;0;1945;2;RmeIN;KTROH;yE;Jj;KUq;CAMIEG;MCO;True;23Aug1977:17:29:34;0;False;False;False;False;False;True;False;True;False;True;False;True;True;False;False;False;True;True;True;False;True;True;False;True;True;False;True;True;False;False;False;True;False;False;True;False;True;False;False;True;True;True;False;False;True;False;True;True;False;True;False;True;True;False;True;False;True;True;False;True;True;True;False;True;True;True;False;False;True;True;False;False;True;True;False;False;True;True;True;True;True;False;False;True;True;False;False;False;True;True;False;False;True;True;True;False;True;False;True;True;False;False;True;False;False;True;False;False;True;False;True;False;True;False;True;True;False;True;True;True;True;False;True;True;True;False;False;False;True;False;True;True;False;False;False;True;True;True;False;False;True;G5;197001
ZaOoMKXnljHJKnZXzv;9;1981;106;kCMVL;ylFIt;sF;ZS;eJr;CAMIEG;MCO;True;04Jul2006:22:31:37;1;False;False;True;False;True;True;False;False;True;True;False;True;True;True;True;True;True;False;True;True;False;False;True;True;False;False;False;False;False;False;True;True;False;True;False;False;False;True;False;False;False;False;False;True;False;True;True;True;False;False;False;False;True;False;False;False;False;False;False;False;False;True;False;False;False;True;False;False;False;False;True;False;True;False;True;True;True;False;False;True;False;False;True;True;False;False;True;False;False;True;True;False;False;False;False;False;True;True;True;True;False;False;True;False;False;False;True;True;False;False;True;False;True;True;False;True;True;False;False;False;False;True;True;False;True;True;True;False;False;True;False;True;False;False;False;False;False;False;False;False;True;G5;198807
ZXcSNDEjHRhVGnHfsZ;2;1911;33;CqEnq;PyUkb;aA;Cp;JDl;CAMIEG;PSY;False;17Feb1993:21:40:34;0;False;False;False;True;False;False;False;True;True;True;True;False;True;False;False;False;False;False;True;True;True;False;False;False;True;True;False;False;False;False;False;False;False;True;True;True;True;False;False;False;True;False;False;True;False;True;False;False;True;True;False;True;True;False;False;False;False;True;True;True;False;True;True;True;False;True;False;True;False;True;False;False;False;False;False;False;False;False;True;False;False;False;False;True;False;True;False;True;True;False;False;True;True;False;True;False;True;True;True;False;True;False;False;False;False;False;False;False;True;True;True;False;True;True;True;False;False;True;False;False;False;True;False;False;True;True;False;True;True;False;True;True;False;True;True;False;True;False;False;False;False;G5;199505
ofESNXZyYMfYBIKFAT;2;1975;1;FuwFr;bqMtO;Nq;GV;jIc;CAMIEG;PRS;False;08Aug2007:12:01:32;1;True;True;False;True;False;True;True;True;False;True;True;True;True;True;True;True;False;True;True;True;False;True;False;False;True;True;False;False;True;False;False;True;True;False;True;False;False;True;False;True;True;True;True;True;True;True;False;False;True;False;True;False;True;True;False;True;True;True;True;False;True;True;False;False;True;False;False;False;False;False;False;False;True;True;False;True;False;True;False;False;True;True;False;True;True;True;False;True;False;False;True;True;True;True;True;True;True;True;False;False;False;True;True;True;False;False;True;False;False;False;True;True;True;True;False;False;True;True;True;True;False;True;True;False;False;False;True;False;False;True;True;True;True;False;False;True;True;False;True;True;True;G5;197808
pNHhgxVPtoMZqkBUnU;9;1939;73;nblDT;FgzRR;ra;ir;qhL;RG/SLM;ACE;True;30Mar2006:17:04:48;1;True;False;True;False;False;True;True;True;False;True;False;False;False;False;False;False;False;True;True;True;True;True;True;False;True;True;False;False;True;False;True;False;True;False;False;True;False;True;True;False;True;True;True;False;False;True;True;False;False;True;False;True;True;True;True;False;True;False;True;True;False;True;True;True;True;True;False;True;True;True;True;True;True;True;True;True;False;False;True;False;False;False;True;True;False;False;False;False;True;True;True;False;False;True;False;False;False;False;False;False;False;True;True;False;False;True;True;True;False;True;True;False;True;False;True;False;True;True;False;True;False;True;True;False;True;False;False;False;True;False;True;True;False;False;True;False;False;False;False;False;True;G5;200404
FHVpkyHWZRHMNMuxpB;2;1996;87;ngklh;mEyyh;kz;Ib;oyn;RG/SLM;SSR;False;06Dec2021:17:39:52;0;True;True;False;False;False;True;False;True;True;True;False;True;False;True;True;True;False;False;True;False;False;False;True;False;True;True;False;False;False;False;True;False;False;False;True;True;False;True;False;True;True;True;False;True;False;True;False;True;False;True;False;False;True;False;False;False;False;False;True;True;True;False;True;False;True;True;True;True;False;False;False;False;False;True;False;True;True;True;True;True;True;True;False;True;True;True;True;True;False;True;True;False;False;False;True;True;False;False;True;False;False;False;False;False;True;True;True;True;True;True;True;True;False;True;True;True;True;False;False;True;False;False;False;True;True;True;True;False;True;True;False;True;True;True;False;True;False;False;False;True;False;G5;197712
lzNxHHoLvUhvsVipaV;0;1974;17;nGche;vmbsg;nK;Bv;mrc;BDF;SSR;True;13Dec2006:21:12:45;.;False;False;True;True;True;True;True;True;True;False;True;False;False;False;True;False;False;True;True;True;True;False;False;True;False;True;False;True;False;True;False;False;False;True;False;True;False;True;True;True;True;True;True;True;False;False;True;False;True;True;False;True;False;True;True;True;False;False;True;False;False;True;False;False;True;False;False;True;True;False;False;False;False;False;False;True;True;True;False;False;True;True;False;True;False;True;False;True;False;False;True;False;False;False;False;False;True;False;False;True;False;False;False;True;True;True;False;True;False;False;False;False;True;True;True;False;True;False;True;True;True;False;False;False;True;False;False;True;False;True;True;True;False;False;False;False;False;True;True;True;False;G5;197603
YcDjYzkHuNClDrrmif;0;2013;110;KdOSk;JuhLt;Jv;CM;BSs;CAMIEG;HAD;True;04Apr1972:14:13:36;0;True;True;False;False;True;True;False;True;False;False;True;False;True;False;True;True;False;True;False;False;False;False;False;True;False;True;True;True;True;True;False;False;True;True;False;False;False;True;True;True;False;True;False;False;True;False;True;True;False;False;False;False;True;False;True;True;False;True;False;True;True;True;False;False;True;False;True;True;False;False;False;True;False;False;True;False;True;True;True;False;True;True;False;True;True;False;False;True;False;True;False;True;True;False;True;False;True;True;True;False;False;True;False;True;True;True;False;True;False;False;True;True;True;True;True;False;False;True;False;False;False;True;False;False;True;False;True;False;True;False;True;False;False;True;False;False;False;True;True;True;True;G5;197006
BiEiQqbRDMbNBPgmYx;2;1988;25;DnzQz;AemQj;kQ;gZ;YXO;BDF;PSY;False;06Nov2006:00:33:48;.;False;True;False;True;True;False;False;True;True;True;False;False;False;False;True;True;False;True;True;True;False;True;False;False;True;False;True;True;True;False;True;True;False;False;False;True;True;False;True;True;False;True;False;False;False;True;False;False;False;True;True;True;False;True;False;True;False;False;True;True;True;False;True;True;False;False;True;True;False;True;True;False;False;False;False;False;False;False;False;True;True;False;False;True;False;True;False;True;True;False;True;False;False;True;True;True;True;True;False;False;False;True;False;False;False;False;False;True;True;True;True;False;False;True;True;False;True;True;False;False;True;True;True;True;True;True;False;False;False;False;False;True;False;False;True;False;True;False;True;True;False;G5;201506
DFtCCIVhasLnDJvktU;1;1970;74;SmFkB;sePsC;HP;pA;jEA;RG;PRS;True;10Feb2016:16:02:43;.;True;True;True;False;False;True;False;True;True;False;True;True;False;False;False;True;True;False;True;True;False;True;False;False;False;True;False;False;False;False;False;False;False;False;True;False;False;False;False;True;False;True;True;False;True;False;False;True;False;False;True;False;True;False;True;False;True;False;False;False;True;True;True;True;False;False;False;False;True;False;False;False;True;False;False;True;False;True;True;True;False;False;False;True;True;True;False;True;True;True;False;True;False;False;False;True;False;True;False;True;False;True;False;False;False;True;True;True;False;False;False;False;False;True;True;True;False;True;True;False;False;False;False;True;True;False;False;False;False;False;False;True;True;True;False;False;False;True;False;False;False;G5;200511
dvvHGsHSgtnUAWPIVB;2;1956;108;ZghWy;GvPMP;gV;jA;YQW;RG/SLM;PRS;False;16Jul1989:07:20:18;1;False;True;True;False;False;False;False;False;True;True;False;True;True;True;True;False;True;True;False;True;False;True;True;False;False;True;False;False;False;False;True;True;False;False;False;False;True;True;True;True;True;True;False;False;False;True;True;False;True;False;False;False;False;False;True;False;False;True;True;True;False;True;True;False;False;True;False;False;True;True;False;False;True;True;True;False;True;True;False;False;True;True;False;False;True;False;False;True;True;False;True;True;True;True;False;False;True;True;False;False;False;True;False;False;True;False;True;False;True;True;True;True;True;True;True;True;False;True;False;False;True;False;False;True;False;False;True;True;True;True;True;True;False;True;False;True;False;True;False;False;True;G5;198603
xjaJwdxjqicxlPPQuR;2;1984;45;wEKrR;BvdYl;vV;Hx;rgC;RG/SLM;SSR;True;19Feb2012:06:57:12;.;False;False;True;True;True;True;True;False;False;True;False;False;False;True;True;True;True;True;True;False;True;False;False;True;True;True;False;False;False;False;False;False;False;False;True;True;True;False;False;True;False;False;True;True;True;False;False;True;True;False;True;False;False;True;True;True;False;False;True;True;True;True;True;False;True;False;True;True;False;False;False;False;True;True;True;False;True;False;False;True;False;False;True;True;True;True;False;True;False;False;False;True;False;False;True;False;True;True;True;True;False;False;True;True;False;False;True;False;False;False;True;False;False;True;False;True;True;False;True;False;True;True;False;True;False;False;True;True;True;False;True;False;True;True;False;True;False;True;False;True;False;G5;198401
BroNkchpLZHOYvstuW;0;1917;72;rqORm;KFkZn;op;sr;lBp;SLM;ACE;True;17Jan1976:13:31:50;.;True;False;True;True;False;True;True;True;True;False;True;False;True;False;False;True;False;True;False;True;False;True;False;True;True;False;False;True;True;True;False;True;False;False;True;False;True;False;True;False;False;False;True;False;False;True;False;True;True;True;False;False;True;True;True;False;False;True;True;True;False;True;False;False;False;True;False;False;True;False;True;False;True;False;True;True;False;False;True;False;False;False;True;True;False;False;True;True;True;True;True;False;True;True;False;False;True;False;True;False;False;True;True;True;False;True;False;False;True;True;False;False;False;True;False;False;False;False;False;True;True;False;False;True;False;False;True;False;False;True;False;True;False;False;True;False;True;False;False;False;False;G5;198405
RziAzChQLFQrBTTNnZ;0;1993;86;wmPlU;wXPAK;Iv;vq;pVl;RG/SLM;HAD;False;22May1994:19:43:05;0;False;False;False;False;True;False;False;True;True;True;True;True;False;True;False;False;True;True;True;False;False;True;True;True;True;True;False;True;False;True;True;True;False;False;True;True;True;True;False;False;False;False;True;False;True;False;True;False;False;True;True;False;True;False;False;False;False;False;True;False;False;True;False;False;False;True;True;False;True;False;True;True;True;False;False;True;True;False;True;False;True;False;False;True;True;True;True;True;True;False;True;False;False;False;False;True;True;False;False;False;True;False;False;True;True;False;False;True;False;False;True;True;False;True;True;True;True;False;True;True;False;True;True;False;False;True;True;True;False;False;False;True;True;False;True;True;False;True;False;True;False;G5;199603
eBPLViiCxgICCGqcYg;1;1947;40;VqhIv;SbmPQ;oz;Gu;xYA;BDF;MCO;False;11Jul1976:08:36:44;0;False;False;False;True;True;False;True;True;True;True;False;False;False;True;True;True;False;False;False;False;False;True;True;False;True;False;True;True;True;True;True;True;True;True;False;False;False;True;False;False;False;False;True;False;False;True;False;True;False;False;True;True;False;True;False;True;False;True;True;True;False;False;True;False;True;True;False;False;False;True;False;False;False;True;False;False;False;False;True;False;False;False;True;False;False;True;True;False;False;False;False;False;False;False;True;False;True;False;False;False;True;True;True;False;False;True;True;True;False;True;False;True;False;True;True;False;True;True;True;True;True;False;False;True;False;True;True;True;False;False;True;True;False;True;False;False;False;False;False;True;False;G5;198304
xsXSeCGPemDPPyBnQk;9;1966;75;iaeyB;AwwMs;Kt;fO;ypV;BDF;PSY;False;25Feb2004:23:18:50;0;False;False;False;True;True;True;False;False;True;False;False;False;True;False;False;False;False;True;True;True;False;False;True;False;False;True;True;True;False;False;False;True;False;False;False;True;True;True;True;True;True;True;True;False;False;True;False;False;True;True;False;False;True;False;True;True;True;False;True;True;False;True;True;False;True;False;False;True;True;False;False;False;False;False;False;True;False;True;True;True;False;False;True;False;False;True;True;True;True;False;False;False;False;False;True;False;False;False;False;True;False;True;False;True;False;True;True;False;False;False;False;True;True;True;True;True;False;False;True;True;True;True;True;True;True;False;True;False;True;True;False;True;False;True;True;False;True;True;True;False;False;G5;201109
bQNUQaKAViwPyfdwQr;9;1914;36;BZWlB;eUnIC;qd;se;qct;RG;PRS;False;05Jul2017:00:13:07;0;False;True;True;False;True;True;True;True;True;True;False;False;True;False;True;False;True;True;False;False;False;True;False;True;True;False;True;False;False;False;True;True;True;False;False;False;True;False;False;False;True;True;True;True;True;False;True;False;False;True;False;True;False;False;False;True;False;False;True;True;True;True;True;True;False;False;False;False;True;False;False;True;True;False;True;True;True;False;True;True;True;True;True;True;False;False;False;True;True;False;False;True;True;False;True;False;True;True;False;False;True;True;False;False;True;True;False;True;False;True;False;False;False;False;False;False;False;True;False;True;False;False;True;True;False;True;True;True;True;False;True;True;True;True;False;True;True;False;False;False;True;G5;202009
iSJoTpmzfYYaxIKBkC;2;1930;82;KbivO;DCYrR;JQ;Ke;aac;RG;ACE;True;15Feb2015:18:55:56;1;True;True;False;True;False;False;True;False;False;True;True;False;True;True;True;True;True;False;False;False;False;True;False;False;False;True;True;False;True;False;False;False;False;False;True;True;True;False;True;True;True;True;True;False;False;False;True;False;False;True;False;False;True;True;True;True;True;True;False;True;True;False;False;True;True;True;True;True;True;True;False;False;True;True;True;True;True;True;True;False;True;False;True;True;True;False;False;False;True;True;True;False;True;True;False;True;True;True;False;False;True;True;False;False;True;True;True;True;False;False;False;True;True;True;False;False;False;True;False;True;False;False;True;True;True;True;False;True;False;True;False;True;False;True;False;False;False;True;True;False;False;G5;198611
tKrsMKNQeLhwxmJdmN;9;1930;28;xgkBm;oFLKu;Ob;SP;iRB;RG;SSR;False;03Sep2011:10:26:32;.;False;False;True;False;False;True;True;False;False;True;True;False;False;False;True;False;False;False;True;True;True;False;True;True;False;True;True;True;True;True;True;False;True;True;False;False;True;False;False;False;False;True;False;True;False;False;True;False;False;True;True;True;False;True;False;False;False;False;False;True;True;True;True;True;False;True;False;False;False;True;True;False;False;True;True;False;False;False;False;True;True;True;False;False;True;False;False;True;False;True;False;True;True;True;True;False;False;False;False;False;True;False;False;True;False;False;False;False;False;True;True;False;False;True;False;True;False;False;True;False;True;False;False;True;True;False;True;False;False;True;False;True;True;False;False;False;False;False;False;True;True;G5;199509
iwHXpNbraQJUjSKoaL;9;2014;109;dNjzw;rmxqB;CD;eA;gjZ;SLM;PRS;True;22Jan1995:07:10:18;.;True;False;True;True;True;True;True;False;False;True;False;True;False;True;False;False;True;False;True;True;True;False;False;False;True;True;False;False;True;False;True;True;True;True;True;True;True;True;True;True;False;False;False;True;True;False;True;True;False;False;False;False;True;False;False;False;True;False;False;True;True;False;False;True;False;False;False;False;True;False;True;True;True;False;False;True;True;True;False;False;True;False;False;True;False;True;False;False;True;False;False;True;True;False;False;True;True;True;False;False;True;True;True;False;True;True;False;True;False;True;True;True;True;True;True;True;False;True;False;True;True;False;False;False;False;False;True;True;True;True;True;False;False;True;False;True;True;True;True;True;True;G5;198111
QOUbQInhuoHuemGhWU;9;1945;109;SzlWQ;IHdKs;Jv;oK;MET;RG;HAD;False;06Feb2010:05:22:42;0;False;True;True;False;True;True;False;False;True;False;True;False;False;False;False;True;True;False;False;False;False;False;False;True;False;True;False;False;True;True;True;False;True;True;False;True;True;True;False;False;False;True;True;True;False;True;True;True;False;False;False;False;True;False;True;True;False;True;False;False;False;False;True;True;False;False;True;False;False;True;True;False;False;False;True;False;False;False;False;False;True;True;True;False;True;False;True;True;False;False;False;False;True;False;True;False;True;False;True;True;False;False;True;False;True;True;True;False;False;True;True;True;False;True;False;False;True;False;False;False;False;False;True;False;True;False;True;False;True;False;True;True;True;False;True;False;False;False;False;True;False;G5;198606
mDMIRfgMGsaxYbjyaO;9;1909;16;WHhgh;kjgSy;tR;ZO;bRQ;RG/SLM;SSR;True;23Aug1990:22:35:48;1;True;False;True;False;True;True;True;True;True;True;True;True;True;True;False;False;True;False;True;True;True;True;True;False;True;True;False;True;True;False;True;False;True;True;True;True;False;True;True;True;False;True;True;True;True;True;True;True;True;False;False;False;False;False;False;True;True;False;True;False;True;False;True;False;True;True;False;True;False;False;False;False;True;True;False;False;False;False;False;False;True;False;True;True;True;False;True;False;True;False;False;True;True;True;False;True;False;True;False;True;False;False;False;True;True;True;True;False;True;False;False;True;True;False;True;False;False;True;False;False;False;False;False;False;True;False;False;True;True;True;True;False;False;True;False;False;False;False;True;False;True;G5;198605
QleitmQAtspbVrCSQJ;1;1964;10;PtWro;AztYW;vn;IY;OUN;BDF;SSR;True;01Feb2003:11:22:59;.;True;True;True;False;True;True;True;False;False;False;True;True;True;False;True;True;True;True;False;True;False;False;False;True;True;True;False;False;False;True;False;False;True;True;False;False;False;True;False;False;True;True;True;True;False;False;True;False;False;False;False;False;True;False;False;True;False;True;False;False;False;True;True;False;False;True;True;True;True;True;True;True;False;True;False;False;True;True;False;True;False;True;False;False;False;True;False;False;False;False;False;False;True;False;True;True;False;True;False;True;False;True;True;False;False;False;True;False;False;False;False;True;True;False;True;False;False;False;False;False;False;True;True;False;False;False;False;False;True;True;True;False;False;True;False;False;True;True;True;True;False;G5;197011
pLWyokBLTZpkKuOSxr;1;2011;91;rjvSu;teZkX;va;Dq;ztG;RG;PRS;False;09Sep1982:09:16:26;.;True;True;True;True;True;False;True;False;True;True;False;True;False;False;False;True;False;False;True;False;False;True;False;True;True;False;False;False;False;False;True;False;True;False;False;True;True;False;True;False;True;False;False;True;True;False;True;True;False;True;True;False;True;False;True;False;True;False;True;True;True;True;False;False;True;False;True;True;True;True;False;False;False;True;True;False;False;False;False;True;True;True;True;False;True;False;True;False;False;True;False;True;False;True;False;True;True;True;True;False;False;True;False;False;True;False;True;False;False;False;True;True;True;False;False;False;True;False;False;False;True;False;False;True;False;False;False;True;True;True;True;True;True;True;True;True;True;False;False;True;False;G5;199605
jdQjyCQclDnHQVjQym;9;1999;68;YddlI;kadBA;kt;sJ;XXy;RG;PRS;True;21Sep2014:04:04:39;.;False;False;False;True;False;False;False;True;True;False;True;True;False;True;False;False;False;False;False;True;False;True;True;False;True;False;False;False;True;False;True;False;False;True;True;False;True;False;True;False;False;True;True;False;True;True;True;True;False;False;False;False;True;False;False;False;False;True;False;True;True;True;False;True;False;True;True;False;False;True;False;True;False;False;False;False;True;True;True;False;False;True;True;True;False;False;True;False;False;True;True;False;False;False;True;False;True;False;True;True;True;True;True;False;False;True;False;False;False;False;True;False;False;False;True;False;False;False;False;True;False;False;True;True;False;True;False;False;False;False;False;True;False;False;True;True;True;True;False;False;False;G5;200111
DCDOWwkcLBGQCxVfyf;2;1985;5;QqVxv;Baula;LO;Es;weP;SLM;PRS;True;29Nov2002:01:40:16;1;True;False;False;False;True;False;False;True;True;False;True;False;False;False;False;False;True;True;True;False;False;False;False;True;False;False;False;True;False;False;False;False;True;True;True;True;True;False;True;True;False;True;False;False;False;True;False;True;True;True;True;True;False;True;True;False;True;True;False;False;True;True;True;False;True;False;False;False;True;False;True;False;True;False;False;True;True;True;False;True;False;True;False;True;True;False;True;True;False;False;True;False;True;False;False;False;False;True;False;False;False;False;True;False;True;False;False;True;True;True;False;False;True;True;True;True;True;False;False;False;True;False;False;False;False;False;True;False;False;False;False;False;True;True;True;False;False;True;False;False;False;G5;200007
KMhmLyAzCCUnIQyEdF;9;2019;28;AZQVl;aJiFx;QF;QJ;zcE;BDF;PSY;False;11Dec2007:10:13:52;.;False;True;False;True;False;False;True;False;False;False;False;False;True;False;True;False;False;True;True;False;True;True;True;False;False;True;False;True;False;True;False;False;False;True;True;False;False;True;False;False;False;False;True;True;False;False;False;False;True;True;True;False;True;False;True;True;False;False;True;False;True;False;False;True;False;False;True;False;True;True;True;True;False;False;True;False;True;True;True;False;False;True;True;False;False;True;True;True;True;False;False;False;True;True;False;False;True;True;False;True;False;False;False;False;True;True;True;False;False;False;False;True;False;False;False;True;True;True;True;True;False;False;True;False;False;True;True;False;True;False;True;True;True;False;True;False;True;True;False;True;False;G5;197212
WVVozZcRoFxTwLuxuv;0;2006;59;UMJWz;Fknxn;kF;XE;SoJ;RG/SLM;ACE;False;05Jan1982:22:59:33;0;False;False;True;True;True;False;False;False;True;True;True;False;True;False;True;False;True;True;True;True;True;True;True;False;False;True;False;True;True;True;False;False;False;False;False;True;True;False;True;False;True;False;True;False;False;True;False;False;True;False;False;True;False;True;False;False;False;True;False;False;False;True;False;True;True;True;True;False;True;False;True;True;True;True;True;False;True;False;False;True;True;True;True;True;False;False;False;True;False;True;True;False;False;False;True;True;False;True;False;False;True;True;True;False;True;True;False;False;False;False;True;True;False;False;False;False;True;True;False;True;False;False;True;False;False;False;False;False;False;False;True;False;False;False;True;False;False;True;True;False;True;G5;202311
LAKPKlgunbcbhqFpuy;0;1972;107;jOEJi;fixgY;rm;WV;dlE;RG/SLM;SSR;False;10May2011:22:26:32;.;True;False;True;False;False;True;True;False;False;False;False;True;True;True;True;False;False;True;False;True;True;True;True;True;False;True;False;False;False;True;False;True;True;True;False;False;True;True;True;False;False;True;True;False;False;True;True;True;False;True;True;True;True;False;False;False;True;True;True;False;True;True;True;False;False;False;True;False;False;False;False;True;True;False;True;True;False;False;False;False;True;False;False;True;False;True;False;False;False;True;True;False;False;False;False;True;True;True;False;False;False;False;False;True;True;True;True;False;False;True;False;False;True;True;True;True;False;True;True;True;False;False;True;False;False;True;False;False;False;True;False;True;True;True;False;True;False;False;False;False;False;G5;198409
NuMXXGlZWknkRjLUZP;1;2008;85;swKrT;NaXPQ;jg;zY;myt;RG/SLM;SSR;True;30Nov1997:20:36:32;.;True;True;False;True;False;True;True;False;True;False;False;True;False;False;False;True;False;False;False;True;False;False;True;True;False;False;False;False;True;True;True;True;True;True;False;True;True;True;True;True;False;False;False;True;False;False;True;False;False;False;True;False;False;True;False;True;False;False;True;True;False;True;True;True;True;True;False;True;True;False;True;True;True;False;True;False;False;False;True;True;False;False;False;True;True;False;True;False;True;True;True;True;True;False;False;False;True;True;False;True;False;False;False;True;True;False;False;True;False;False;False;False;True;True;False;True;True;False;True;False;True;True;False;False;True;True;True;True;True;False;False;True;False;False;True;True;False;False;False;False;False;G5;200509
pVkMdtACVdtYCQDzNN;0;1959;27;gnroj;PHMlM;MM;pG;IhJ;RG;PSY;False;01Oct1997:17:16:35;0;False;False;False;True;False;False;True;False;False;True;True;True;False;True;True;True;True;True;True;True;True;True;False;False;False;False;True;False;True;True;False;False;False;True;False;False;True;True;True;True;False;True;False;True;False;False;True;True;False;True;False;False;False;True;False;False;True;False;False;False;True;False;True;True;True;False;True;False;False;True;False;True;True;False;False;True;False;True;True;True;True;True;True;False;False;False;False;True;True;False;False;False;True;False;False;True;True;True;True;True;False;False;False;False;False;True;True;False;True;True;False;True;False;False;False;True;True;False;False;False;False;True;False;True;True;True;True;True;True;False;True;True;True;False;False;True;False;False;True;True;False;G5;200410
AStIftSrKbQhgCXxQd;2;1999;11;raUnI;SftvQ;zt;Ef;Jue;CAMIEG;ACE;False;27Jan1992:17:28:36;.;True;False;True;True;False;True;False;False;False;True;False;False;False;True;False;False;False;False;False;False;True;True;False;True;False;True;True;True;False;True;True;True;True;False;True;False;True;False;True;False;True;True;True;False;False;False;False;False;True;False;False;True;False;False;True;True;True;False;False;True;True;True;False;False;True;True;False;True;True;True;False;True;False;False;True;True;False;False;True;True;False;True;False;False;True;True;False;True;True;False;False;False;False;False;False;False;False;False;False;False;False;True;False;True;False;False;False;False;False;False;False;False;True;True;False;False;False;False;False;True;False;False;False;True;True;False;True;True;False;True;False;True;True;False;True;False;False;False;False;True;True;G5;197902
FtiLlHxDojNqgwhEnQ;0;1937;30;Ewzrx;yHyFC;CQ;ex;ziu;SLM;MCO;False;08Apr2015:09:20:48;1;True;False;True;True;False;True;True;False;False;False;True;True;True;True;True;False;False;True;True;False;False;False;True;False;True;False;True;True;False;False;True;True;True;False;False;True;True;False;False;True;False;False;True;False;False;False;False;True;False;True;True;False;True;False;False;True;True;True;True;False;False;True;False;True;False;True;False;False;False;False;False;False;False;False;True;False;True;False;True;False;True;True;True;True;True;False;True;False;True;False;False;True;False;True;False;True;True;True;True;False;False;True;False;False;False;True;False;False;False;False;False;False;False;False;False;True;True;False;False;True;False;True;False;True;True;False;True;False;True;False;False;False;False;True;True;True;True;True;False;False;True;G5;197409
bdJYpRSAWtCvhnfols;1;2000;59;KDPkn;CRbhn;zo;Rp;CGl;CAMIEG;MCO;True;15Aug2008:21:08:35;0;False;False;True;False;False;False;True;True;True;False;True;False;True;True;True;False;False;True;False;False;True;False;True;True;True;True;False;True;False;False;False;False;False;False;True;False;False;False;True;False;True;False;False;True;False;True;True;False;True;True;False;False;False;False;True;True;True;False;True;True;False;False;False;False;True;False;False;True;False;False;True;False;True;True;True;False;True;False;False;True;False;True;True;True;False;False;False;False;False;True;False;True;False;True;True;True;True;True;True;True;False;True;True;True;False;True;True;False;True;True;False;True;False;False;False;False;True;False;False;True;True;True;False;True;True;False;True;True;False;True;True;False;False;True;False;False;True;True;True;True;True;G5;197405
DolitnOnJUNOSoDntc;2;1983;79;YrRTT;ZsUQs;dZ;YV;JDu;SLM;PSY;False;14Oct2020:16:16:59;1;True;True;True;False;False;True;True;False;True;False;True;True;False;True;True;False;False;True;False;True;True;False;False;True;True;False;False;False;True;False;True;True;True;False;True;False;False;True;False;False;False;False;False;True;False;True;True;True;False;False;False;False;False;False;False;False;False;False;True;False;True;False;True;False;True;False;True;True;False;False;True;True;True;False;True;True;False;True;False;True;True;True;False;True;True;False;True;False;True;True;True;True;False;False;True;True;False;True;True;True;True;True;False;False;True;True;True;False;True;False;False;False;True;True;False;False;False;False;True;False;True;True;True;False;False;False;True;False;True;False;False;False;True;True;True;False;False;True;False;False;False;G5;200907
lMgVjRPtsOTDGXkwmB;0;1933;23;usifH;XtBJr;gP;xd;JXM;SLM;ACE;True;04Jun1991:18:52:24;1;False;False;False;False;True;True;True;False;False;False;True;True;True;True;False;False;False;False;False;False;False;False;False;True;False;False;True;True;True;False;False;True;False;True;False;True;True;False;False;False;False;True;True;True;True;True;False;False;True;True;False;True;True;True;False;True;True;True;False;True;False;True;False;False;True;True;True;True;False;False;True;False;False;True;True;False;True;False;False;False;True;True;False;False;True;True;False;False;False;True;True;False;False;False;False;False;False;True;False;True;False;True;True;True;False;False;True;False;True;True;False;True;True;True;True;False;False;False;False;True;True;False;True;False;True;False;False;False;True;True;False;False;False;False;False;False;True;False;True;False;False;G5;199208
