BEN_NIR_PSA;BEN_IDT_ANO;BEN_RNG_GEM;BEN_NIR_ANO;BEN_IDT_TOP;ASS_NIR_ANO;BEN_IDT_MAJ;BEN_CDI_NIR;BEN_NAI_ANN;BEN_NAI_MOI;BEN_SEX_COD;BEN_DCD_DTE;BEN_DCD_AME;ORG_AFF_BEN;BEN_RES_DPT;BEN_RES_COM;BEN_TOP_CNS;MAX_TRT_DTD;ORG_CLE_NEW;BEN_DTE_INS;BEN_DTE_MAJ
WzaLKmWVyVPvZUkvM;aQsInJLbqvXKdQGHK;6;WLRiCJFxtqyrBrnhM;False;PVaNYgBbNVevzKJdT;11Jun1990:15:47:24;03;1962;12;2;06DEC1959:00:00:00;200911;99C342512;069;290;False;12/06/1981;94C941015;22MAY1941:00:00:00;27JUL1949:00:00:00
sBbKuDRTDsvFYNXtL;ciiaOYgmCjAGkoxOP;1;OcBSiMUbtowZAyGxJ;True;vGXKbnFzsQngYvGbT;07Apr1999:03:03:53;99;1978;05;0;21JAN1920:00:00:00;197609;01C701903;029;251;True;15/12/1996;01C241228;10JAN1875:00:00:00;28MAY2004:00:00:00
koyuzoOtYoyAAZVik;EolHrTuFfzfEGMOmz;8;ntjljFovZUxHPFiEi;False;CJPstMuOVDsKFgdcS;22Jul1987:13:45:53;08;1984;06;0;20SEP1982:00:00:00;200002;01C631970;028;295;True;06/10/2016;91C594059;28JUL1980:00:00:00;17OCT2002:00:00:00
LuKeTIABWABDTQRbJ;vstIWCzqwPLxtwpIy;7;WNnZrZeYkJFsJJROv;True;XLEyWpGYJhHUljbnO;08Apr1976:19:42:33;06;1985;02;0;08MAR1884:00:00:00;197909;01C731001;057;418;True;24/02/1992;01M551599;01SEP1884:00:00:00;22JUL1886:00:00:00
JyFawdCcWdIYjCiEH;CCHkexQHJFeduQtLe;1;beZnwOIQIbrXdaGGr;True;ubtQKZlRjrCvlEhYg;18Dec2007:10:19:12;12;2009;09;9;10JAN1946:00:00:00;199204;01C542622;007;176;True;30/05/2021;01C411032;05AUG1956:00:00:00;05SEP1885:00:00:00
PJyAxiDcrHhuYnCQt;PmFOejQPunxXQDxUR;0;pGJoZqAVldcHaLjjY;True;NVFbfyLBmWcpYHGXM;16Mar1979:06:32:55;06;2012;09;1;21AUG2011:00:00:00;201006;94C194099;069;187;True;08/03/1979;01C072369;03JAN1971:00:00:00;02MAY1926:00:00:00
FsougWAIPNAWuqWIQ;HxBSRiGSsEJzMRUVR;9;licPLscaEyTWyYLqc;False;vPFnGiqxScRVLBKXq;06Mar2010:21:33:12;15;2010;06;9;10APR1983:00:00:00;199702;01C211159;027;286;False;29/05/2018;93C572053;04JUN1902:00:00:00;28MAR1877:00:00:00
PEyUrNJzINkmgxwUz;CuvWTpbLLrIVeivrr;3;MTOEPCpOquWDWDJOh;False;keOORURBJyiWQlcvg;08Feb1992:12:11:53;01;1970;06;9;05JAN1925:00:00:00;198410;01C598003;088;358;True;28/12/1982;01C351773;07JUL1950:00:00:00;20JUL2016:00:00:00
wncGatZHIojdEqiPo;pUaySxFAbWtszmKle;8;UuxlEKAGneVCwVvMr;False;dnMdARRxVQsjpAsJH;13Jan1989:21:04:34;06;2019;09;2;08MAR2018:00:00:00;197211;94C351018;02B;175;False;07/07/2022;01C541785;30APR1970:00:00:00;06JUL1892:00:00:00
NdSaIRwgWxoJGjQjb;rKfXZAJbbSwnAlcKl;8;aYRzNJvckKKCqaBaR;True;edRyxwGNSuWpnWqex;23Aug2006:20:26:17;09;1960;07;2;05OCT1898:00:00:00;199402;01C921542;076;114;False;10/11/1976;01C911380;14OCT1908:00:00:00;18JAN1909:00:00:00
DaptJAVFueIXgWbyN;SnxopVQLOfrXZILgh;3;qfWqWnMNvjsdAUFfd;False;vsRAzMJPWWopEZAGo;14Aug2003:15:19:12;01;1996;02;9;24JAN2007:00:00:00;198007;01C342193;068;115;False;17/05/2003;01C161817;12SEP1932:00:00:00;29JAN1981:00:00:00
iUSFpSGgMWijbVkMN;rqqLIYTiQPrYghGri;8;iSaiFdXUQAvVpXUgY;True;FzGIzySRgqOoZqGwH;08Oct1978:00:26:22;99;1996;01;1;02MAR1983:00:00:00;197007;01C411589;050;438;True;07/09/1981;01C731041;22JUL1884:00:00:00;09APR1929:00:00:00
wlKRdHAoyzVrxtfcJ;yegUcElyNUnWjTqoO;8;MDzpwEpitvtLtJPBN;False;knUDtFxYtifTsDnrR;24Feb1994:03:11:49;NN;1972;11;1;11OCT1968:00:00:00;200701;01C511344;070;140;True;16/12/1996;01C931120;24DEC1960:00:00:00;27MAY2021:00:00:00
xKhSbvCzytglDAYBD;bWaSGHhwRDUvoxpUE;2;ExcYpuHxfiYFWCEee;True;BsTyhgBgesTmhjwyg;06Oct2013:08:02:29;13;2007;09;2;27JUL1900:00:00:00;200308;01C672972;039;390;True;23/09/2020;01C331805;07SEP1983:00:00:00;03SEP1993:00:00:00
cErxxqhzTcWzsQOaf;oWzvMYtFRmGKPHHzl;9;wtnhLBQFbIhOtJvvD;True;oEshYthWizMejvRLd;26Sep2016:17:55:35;09;2018;03;1;03MAY1960:00:00:00;202001;92C851530;202;122;False;04/05/1999;01C599774;13JUL1969:00:00:00;28FEB1892:00:00:00
tBnhjDEpSZyCHUJja;DrvDgHaTMIBVbEuIW;7;pGNxSYgzqOiojmFvM;True;ThjRjRlkpuKVSzwgV;11Dec1998:12:23:28;09;1983;01;9;09JUL1905:00:00:00;197310;01C771439;026;050;False;16/07/2008;01C011312;21AUG1877:00:00:00;28OCT1967:00:00:00
CFbwCJdOfCHWGJXjr;opdQsnQhKtdlZCErx;0;FedSBhxUCesHjZNng;False;AaalouuPYulFRVdbR;30Nov2014:23:55:22;06;2019;06;1;14AUG1906:00:00:00;198911;01C831427;024;367;False;05/02/1985;93C921051;13MAY1901:00:00:00;20FEB1911:00:00:00
bmXaBQIwaUMmsHeQi;pJsjgrjZdDEGFjMic;5;nKnlyRcNVYZipMAGf;False;reIOKkgmXGFxQZTNy;14Feb2023:17:06:17;13;1992;09;1;05AUG1992:00:00:00;201407;99C999490;064;487;True;24/06/2007;01M751512;22JUL1987:00:00:00;09JUN1930:00:00:00
eGEAhKseIlGlzxUgQ;mihphNiKrMwjHZgXP;0;FzTPWbAwtJHDfuhJk;True;OsFSgYuIkhBcsEyRo;05Jul2002:00:07:57;NN;1991;04;0;24NOV1895:00:00:00;199310;01C741315;007;096;True;06/06/2017;01C763420;01JUN1914:00:00:00;15JUL1896:00:00:00
gOomevtWiUtGgGzjX;tHwmfWuiZQotbqmEx;3;gDvGAEMiXbEjYrtlN;False;DgApPfDPbbfCjYDLu;21Oct1989:18:36:23;NN;2010;01;9;15JAN1942:00:00:00;199504;01M131603;061;497;False;12/01/1980;99C941078;08JUL2006:00:00:00;29APR1954:00:00:00
SIYhFihMxvRVuYifQ;sgttHeSvsEyiRuJIw;3;frCLtrwVSMepohnFD;True;ksYKiOZqukwJsImuI;08Dec1986:18:12:38;15;1967;09;2;28SEP1906:00:00:00;197908;01C181136;021;595;True;20/01/2012;01C071306;11DEC1900:00:00:00;16APR1980:00:00:00
mcSYRAdsgdNbatrcV;OGwUhWxnlKhVBUhhP;4;mCpzInjmKbEvcyLqh;False;MyuZRNIvlEMfHIZhT;24Dec1977:04:58:09;00;1983;04;9;06JUN1993:00:00:00;200503;01C022320;014;169;False;06/05/1999;99C542000;14JUL1998:00:00:00;23MAR1911:00:00:00
XykHLgMDnWqUqzFXl;PWPWPVHXgAlgDbyQq;4;xIDWEDkOrhVhuGoQb;False;iwGvNRlLiNfxjlpqQ;09Oct1981:13:48:01;11;1982;02;1;26JUL1932:00:00:00;198111;93C511057;068;912;True;09/07/1977;92C791003;11SEP1998:00:00:00;24SEP1886:00:00:00
KMIJCZdgaQKwEvBhn;kGBlgEMcKyMfhkhsF;6;KBZxItRtADNYfwTmK;False;EHDEdqcISCSEtQtMy;16May2021:21:59:25;05;1967;01;2;08APR1935:00:00:00;197208;93C571003;078;921;True;23/06/2017;01C999871;05JUL2019:00:00:00;22AUG1871:00:00:00
ahKwIVWGKltRBQGwA;EcoxinhPEjTYnAyoG;1;YkahkJHtTMinMcvAM;False;vCvwEfJABunOKBHuj;24Nov1994:23:57:14;09;2013;03;9;23FEB1918:00:00:00;199409;01C351033;080;346;False;12/03/2007;01C441116;10SEP1908:00:00:00;29AUG1910:00:00:00
MYViSJQlTKDOwQlBV;tspQfgpHxuageVBDz;7;vsRroaCfwOZbWuxov;False;ZTwWMQkSNIjfICSdQ;05Aug2004:22:18:55;11;2004;09;2;08JUN1978:00:00:00;197112;01C291864;040;141;False;16/07/1977;01C881491;04SEP1973:00:00:00;03JUN1944:00:00:00
EftILCjPgEvzqFcsq;yXoXaXnvxQejLnVcY;5;quZVaFlohGztaHvQn;True;zBvJlBkQqRQAMUBky;18Dec1998:15:21:37;05;2012;03;9;15MAY1899:00:00:00;197810;01C381920;033;501;True;04/03/1982;01C411222;03DEC1903:00:00:00;10FEB1961:00:00:00
XMrrlDQWwlnyZwrKM;umLFvlTNhgTHIfJdn;1;RCgwatbvVpVsXRFtD;False;mMSztLOezNAXJmhdJ;17Nov1988:22:05:01;11;1987;04;9;08FEB1887:00:00:00;197502;01C271607;014;376;True;28/11/1981;01C091050;21AUG1870:00:00:00;01FEB1914:00:00:00
CQcmMAcrdNiKiEmAc;tputxbHzJVZBtjNsd;2;pYTteGaweHKBwCyVK;True;CHswURJWafvibqaxI;11Jul2013:19:33:17;05;1978;07;2;13JUN1947:00:00:00;197710;92C891094;038;163;True;30/05/2012;01C831670;12MAR1882:00:00:00;13MAR2008:00:00:00
UByqzuuRfirOKHIof;colUYmleJpDnnuIQu;8;NLbJSleURhYLAofTU;False;xNBzvwnkLsfmAKJnC;21Nov1991:06:10:08;13;1990;02;2;20SEP1967:00:00:00;198207;01C221713;077;476;True;11/09/1986;01M974000;10JAN2004:00:00:00;09MAR1950:00:00:00
TgpniBNwqcvdbnAAR;KNwgddleUfLLhXZWm;2;JXYMXKKvcVtINSiYe;True;dYOspYraOoWexPItB;11Aug2022:04:48:41;NN;1980;12;2;06AUG2002:00:00:00;198410;01C071540;081;222;True;11/12/2004;02A231331;24MAY1886:00:00:00;16SEP2018:00:00:00
xLAscLSRWDRyNYBIG;hcfLJAuKqgZxtPeTw;9;UtQkgwPlnrJzVYFrB;False;kPDpqcQJprFRAPlCg;11Aug1976:23:19:54;09;2012;12;0;10NOV1938:00:00:00;199601;07A752000;068;162;True;05/03/2008;01C801980;02OCT1980:00:00:00;28AUG1899:00:00:00
LjPJhApSCUrYnicTw;JxWgHRCRLnNfcKtWP;8;xMeHSUPVjJwPaeQZx;False;UCFWhqUQHsZKzwcFZ;17Apr1989:20:26:03;06;1976;10;0;12JUL1949:00:00:00;199209;99C101025;003;086;False;27/08/1999;01C801806;06JUN1937:00:00:00;23JUL1935:00:00:00
RhLuZBxSGsVTCfKJY;iSUsalkeravyqkKnH;9;mJjBfyEbZRVGrVDIv;True;UXMxpNwwdpHeEPZEP;01Apr1973:03:43:18;00;1971;05;1;10DEC1993:00:00:00;201004;92C011895;054;584;False;23/12/1976;01C681571;28DEC1964:00:00:00;05DEC1912:00:00:00
YViDfdLFgVfqtSMWa;OlpGNUbydmulHjBTy;5;shXWvfDMikuTbSFQD;True;ToSNpxbQJRpbobFwN;12May1980:00:17:36;99;1989;11;1;05FEB2022:00:00:00;198109;01C751651;045;166;True;12/06/2011;01C181582;03JAN1886:00:00:00;27NOV2005:00:00:00
YuVsrqtDZqSmFLhUf;jRodAEBRuIstwlQyR;9;GNqyFaafQUtxUhjgn;False;kTyYoQuNfeipdWRPC;05Aug2001:19:44:16;09;1986;02;9;02JUL1944:00:00:00;200712;01C821111;025;633;True;07/11/1980;01C221465;22JUN1940:00:00:00;22FEB1981:00:00:00
ojxdKICLROMnHoZyh;CSuubYTrrDKvHtbyN;8;VCdmqYLYIHfENHaqK;False;nwBUDmpUjeTywWkHC;29Jul2018:00:26:08;08;2005;08;2;17DEC1912:00:00:00;199503;01C551921;057;333;True;04/09/2023;01C651419;06JUN2010:00:00:00;01DEC2011:00:00:00
USMZsEDABTGNrwiDs;YQLNZWTUiTIALidhC;6;jTEVharWiczSceUWf;False;RPWhbozwwFXEtcnoj;06Mar1994:11:06:24;13;1963;07;9;03NOV2015:00:00:00;201803;01C891007;040;210;False;18/08/1999;01C171051;04DEC1914:00:00:00;21MAR1886:00:00:00
MXrMiwetGdpBliBgX;EstCjCSVqaCJSbvlz;8;VIOVrZEYUgLIEogWi;False;yItVumLtITWDOTYIa;06Apr2011:07:25:12;08;1978;10;0;21MAR1944:00:00:00;201706;91C211995;025;445;False;10/09/1972;91C771090;13NOV1947:00:00:00;26OCT1940:00:00:00
ZwcBIlsHJqxtcvJNk;XElwSXNWoyZnoNBDL;8;jJUvgSVFCKjdoZFAY;True;OHeQTHoQayrUrlpFH;14Aug2001:23:08:48;05;1983;01;1;26AUG1904:00:00:00;202112;99C331506;003;218;False;23/09/1981;01C781598;26FEB1968:00:00:00;09DEC2015:00:00:00
MtcSwFMPidLHxbrnH;KJzlFepDeRHmOqnnW;2;VNdMCgeakexuSBYSg;True;tQbDUBVVgUopCujoI;26Dec1980:23:43:44;15;1972;09;2;07JUL2002:00:00:00;198901;01C764040;031;213;False;29/03/1998;01C771819;12OCT1900:00:00:00;22JAN1925:00:00:00
ZeEbDpFfltogYoDEr;kgIHJMtYXdEVgjDCS;5;LrtYjkQDYbDbNjCSN;False;pNSKPcpcOjyQHcKAJ;13Mar1989:22:45:17;05;1985;02;2;05JUL1994:00:00:00;200012;01C541341;02B;046;False;17/09/1997;01C871569;08OCT1956:00:00:00;25DEC2017:00:00:00
fzFjSqWAYTkrWUrAM;XyHfHdvRUXuhuKSkT;4;tHsmkrRtbrInjHpGG;True;qfeVYvHoufzXGdaay;27Oct1988:21:47:24;08;2002;05;9;07MAR1879:00:00:00;200704;01C342067;072;056;False;14/02/2003;01C571006;27AUG1973:00:00:00;22SEP1941:00:00:00
QHomRCAOtZIXCfyZj;xyTMPmqIkIhibckJh;4;yCPqtQqJCDWAbyMwK;True;VezTcjAHBqLmIqVbD;14Feb1996:07:28:31;06;2015;07;9;12AUG1976:00:00:00;198610;01C151661;039;397;True;07/03/1987;01C101332;26NOV1981:00:00:00;25OCT2021:00:00:00
iRKqUTLKJklSaaYID;EMRPUhbQbZikSkqlp;4;KEjRXVsqMDVfMoaLl;True;mqsHNxiHMVOrrFCwE;05Oct1983:14:42:44;12;1967;04;9;20JAN1968:00:00:00;200407;91C371208;009;139;True;29/05/1980;02C451998;14NOV1941:00:00:00;19AUG2011:00:00:00
ZjlbpVRQAkRIbkbQi;XbJFwqgDUySMRQSIW;0;BWngsGlEJQOgBKOCF;True;ugrquUElZiYVAmVfU;21Jul1981:01:18:15;15;2011;07;1;07NOV1946:00:00:00;200403;01C291966;010;284;True;14/03/1975;01C691708;07JAN1871:00:00:00;16AUG1973:00:00:00
vWlVlScecAHZrLKEt;NdRBnKkSfxHuOSweo;9;kxCPXPduBTgxDWtWt;True;caOtanERIgesWeELC;14Feb1983:20:54:50;03;1986;06;9;05APR1876:00:00:00;198311;01C261915;069;075;False;12/07/1971;01C841324;28NOV1890:00:00:00;25DEC1941:00:00:00
WgesqPcePWmfJhYNJ;jCQAgyMOuTyWPmomm;5;ZDTYiPCSOWjVuAizJ;True;dAlTkGVTpsZsLegjg;29May1999:22:12:27;12;1966;08;1;09JUL2004:00:00:00;201912;01C801552;029;038;True;26/04/1996;01C595382;01SEP1880:00:00:00;04APR1920:00:00:00
MaiiXKLLiPGrHySWH;nLiEpsDruzszzWjXT;3;ZMFeTfBcrbMMopGnQ;False;UPGmHdGZeiSrcknNQ;25Oct2005:15:59:01;14;2005;12;1;15MAY1870:00:00:00;197303;01C624060;057;200;False;06/02/1996;01C751003;26MAR1870:00:00:00;10JUL1999:00:00:00
foNdWYdkqeZWImHLq;POEmBGqBcSrJuqhrQ;5;ZhRFWEHMqTKUdhsDj;False;QUiZrBkPNIaNjMEXz;02Sep1974:09:16:19;08;1980;10;1;26OCT1904:00:00:00;199507;01C491112;068;310;True;04/04/1978;01C673240;18JUL1902:00:00:00;17FEB1992:00:00:00
