BEN_IDT_ANO;BEN_IDT_TOP;ASS_NIR_ANO;BEN_CDI_NIR;BEN_NAI_ANN;BEN_NAI_MOI;BEN_SEX_COD;BEN_DCD_DTE;BEN_DCD_AME;ORG_AFF_BEN;BEN_RES_DPT;BEN_RES_COM;BEN_TOP_CNS;MAX_TRT_DTD;ORG_CLE_NEW;BEN_DTE_INS;BEN_DTE_MAJ
aQsInJLbqvXKdQGHK;False;WlMqVFqPFkTvUypwl;12;1974;02;1;19Mar1981:13:09:21;202009;01C422201;032;011;True;31/07/2001;91C471603;07May1997:05:23:24;03Aug2007:21:29:01
ciiaOYgmCjAGkoxOP;True;QhSQrPyypWitfjfvj;11;1999;04;0;07Nov2006:20:39:46;199405;01C851578;035;196;True;01/06/2002;01C531249;25Jun1996:12:37:19;13Jun1972:06:33:50
EolHrTuFfzfEGMOmz;True;KmQBPtdnsQeVCmYYV;03;1979;11;2;18Apr2007:06:55:49;197804;01C121262;073;133;False;14/04/2005;01C441707;23Oct2009:16:27:19;29Oct1999:02:43:47
vstIWCzqwPLxtwpIy;True;LiGoKOOfWLOAVrQmS;12;1982;09;2;20Apr2021:08:50:02;200812;01C951233;033;346;False;01/05/2000;01C551448;03Apr1994:06:40:46;04Aug2019:14:35:51
CCHkexQHJFeduQtLe;False;sEmKxBGDrlLksBDmn;13;1987;01;2;20Sep1983:22:06:18;197504;01C951519;064;005;False;20/11/1998;01C711045;15Feb1988:20:25:54;20Oct1984:05:21:43
PmFOejQPunxXQDxUR;False;asJfFhMwETcCoFnut;04;1984;05;1;16Oct1991:01:14:08;199812;01C301217;004;015;True;25/06/1995;01C441200;26Apr1977:02:00:30;31May2012:18:54:44
HxBSRiGSsEJzMRUVR;False;sXUTeGiXrgFoQnMrK;13;1970;03;9;17Oct1981:16:29:45;202206;94C311654;021;999;False;01/03/2016;10C999123;22Nov2017:23:08:14;09Nov1988:19:30:01
CuvWTpbLLrIVeivrr;False;aSzugrukMWYWqkXad;08;1990;08;2;03Jan2018:14:26:20;197901;94C851096;030;253;False;20/05/1978;01C821264;15May1992:21:42:30;21May1974:03:47:15
pUaySxFAbWtszmKle;True;OAHdTbkYfbLhtPDGo;01;2012;04;0;09Jul1976:14:16:19;200411;01C251345;002;359;True;29/01/1995;94C971590;23Feb1972:15:03:09;17Dec1993:18:44:53
rKfXZAJbbSwnAlcKl;False;QvzMnwalEVNlxcNri;15;1969;06;1;30Aug2001:05:07:55;201710;03A093000;072;330;True;15/07/1977;99C541050;06Aug1976:14:25:02;08Mar1975:00:09:46
SnxopVQLOfrXZILgh;False;HIhgFgBFpmGxptBlV;99;2016;02;9;05Sep1995:21:02:00;201406;01C022303;038;174;False;13/02/2004;01C691498;03Aug1975:00:06:07;14Oct1970:09:45:54
rqqLIYTiQPrYghGri;True;PraniDoKpyvvvhHmc;15;1996;08;9;24Jul2023:23:12:23;200201;01C131030;084;140;False;10/03/2019;01C161033;29Oct1971:09:05:12;05Sep1979:05:48:19
yegUcElyNUnWjTqoO;True;HnNYiTvINumygbKkd;06;1967;12;1;10Apr2018:17:36:10;197007;01C761302;048;122;False;20/10/1985;01C421125;18Jun2020:16:36:23;23Jan1985:01:15:57
bWaSGHhwRDUvoxpUE;False;cWFSOZoYtxKPRJzGb;09;1970;03;1;18Dec2008:18:34:26;201712;01C821832;038;474;True;22/05/1973;95C459881;01May1997:20:57:55;16Mar1997:14:23:49
oWzvMYtFRmGKPHHzl;True;zCJofySOFIgLGhSSn;01;2018;01;1;05Dec1972:06:39:52;200201;06C291080;045;029;False;20/11/2019;01C211324;01Feb2020:07:01:27;24Mar2014:10:41:52
DrvDgHaTMIBVbEuIW;False;LAPvYSiqVeJgYQSAh;09;1964;11;9;22Jul1988:18:09:36;200101;01C951867;027;113;False;08/01/2024;01C351203;11Sep2004:06:10:52;24Apr1990:23:24:42
opdQsnQhKtdlZCErx;False;iyoDbUACWiSisWoUb;00;1973;06;9;23Mar2021:11:06:06;198803;95C911004;059;368;True;21/12/2014;01C781406;20Oct1973:09:37:29;25Mar1975:22:20:21
pJsjgrjZdDEGFjMic;True;waRNJsCOrQSuNNkRF;14;2002;05;1;06Oct2020:19:29:37;200810;01C451503;064;372;False;17/11/2020;01C541817;08Feb1971:02:48:35;28Jan2009:05:58:23
mihphNiKrMwjHZgXP;True;OcfSxvWWMskBVkPrK;14;1981;10;0;17Jan2007:14:27:35;199911;01C231332;010;241;False;07/02/1976;01C811051;05Nov2016:18:06:24;28Jun2008:15:18:08
tHwmfWuiZQotbqmEx;True;nNYbEjiBdksIEFVgd;08;1968;02;1;25Aug2010:16:48:03;200311;01M331516;038;505;False;24/05/1985;03A128000;30Nov2015:08:00:24;04Oct1988:00:19:40
sgttHeSvsEyiRuJIw;False;DlEMmQtnbmVyuLXxy;14;1963;11;0;24Aug1970:01:45:31;197208;01C331415;031;304;False;11/10/1985;01C061401;11Mar2008:09:52:04;04Oct2016:01:41:52
OGwUhWxnlKhVBUhhP;True;FRfIcQktGXPyboPsH;11;1971;02;1;29Apr2017:11:25:02;201404;01C011882;071;481;False;11/08/2010;01C789031;17Jan1984:14:26:31;05Apr1991:01:46:21
PWPWPVHXgAlgDbyQq;True;XhzvTHobSHNrqxkeH;15;1998;01;1;13Aug1985:04:33:50;199012;01C974031;098;810;True;13/12/1992;01C763316;15Feb1985:06:02:45;05Dec1974:14:00:22
kGBlgEMcKyMfhkhsF;True;SeQeRHSfELNXkFfyi;12;1972;09;0;19Oct2006:13:51:00;200403;01C621675;076;302;True;31/10/2019;01C771610;15Feb1970:18:15:29;07Jan2007:16:44:21
EcoxinhPEjTYnAyoG;False;KwsCNOIPWfTqlZEOQ;01;1996;09;0;15Nov1985:01:03:52;198906;01C711407;015;074;False;20/06/2012;91C741417;21Aug2005:12:05:44;19Nov1974:02:54:14
tspQfgpHxuageVBDz;True;hTljAWdIWRlSHakBP;06;2017;02;2;04Dec1975:04:46:09;200902;01C011217;070;247;True;01/05/1981;01C951590;23Jun2012:14:40:30;01Dec2012:04:31:41
yXoXaXnvxQejLnVcY;False;lcGcNMEVXtTHiXqfk;12;2003;02;9;08Jun2005:13:33:59;200510;01C131295;010;252;True;08/05/1985;01C021130;18Sep1991:23:47:35;01Aug1973:02:48:39
umLFvlTNhgTHIfJdn;False;yaZrmtNAhdtntSPpo;99;1982;01;1;18Nov1990:01:48:54;199611;01C841420;034;321;True;06/08/2003;01C931685;26Feb2000:23:19:12;22May2007:04:01:23
tputxbHzJVZBtjNsd;True;oQKCahBXCLLoXQyiW;13;1964;04;1;16Nov1984:09:07:22;200101;01C741409;035;305;False;02/08/2015;01C291039;04Dec1995:13:25:15;02Aug2006:09:47:40
colUYmleJpDnnuIQu;False;NPOHhLiCrxwSqGrEQ;15;2012;02;9;28Oct2011:18:48:12;197703;94C241631;021;014;False;15/05/1979;01C501136;29May1980:19:37:01;12Mar2011:04:14:48
KNwgddleUfLLhXZWm;True;MRwnQuXcYemIZBmGO;08;1962;12;2;04Jan2015:23:25:13;202005;94C999990;007;306;True;18/01/2003;01C831393;02Mar1982:08:38:18;31Oct2006:15:41:34
hcfLJAuKqgZxtPeTw;True;QSfElnUBRXTaFzrDW;01;1974;05;0;29Oct1991:01:07:06;199201;01C751231;002;090;True;08/02/1971;01C682790;21May2015:06:48:52;22Apr1977:09:31:23
JxWgHRCRLnNfcKtWP;False;RXSHCVQKJugszGwsB;12;2002;04;2;12Nov2017:00:57:44;200607;01C101492;025;294;True;10/05/1983;01C891076;25Jun1970:13:43:23;02Jan1989:06:15:03
iSUsalkeravyqkKnH;False;hGcYJjLswwhaGyjYV;14;1993;03;0;08Apr1998:13:10:54;198706;01C181602;069;066;False;15/12/1989;01C861610;06May1982:12:15:12;25Jan2021:21:09:12
OlpGNUbydmulHjBTy;False;kBQQiTVnAHAUegTWB;13;1972;01;9;01Oct2015:23:30:27;199208;01C451765;039;247;True;23/11/2020;01C931364;08Apr1989:06:17:57;22Jun1971:06:48:11
jRodAEBRuIstwlQyR;False;CqvhmENNxJcjqXzqL;05;2002;08;9;20Mar1984:01:10:59;202307;01C811601;024;248;False;13/01/1988;01C631681;15Feb2020:05:10:10;07Apr1986:11:01:25
CSuubYTrrDKvHtbyN;True;CBWhrkEgnyiQKZfgh;05;1978;12;0;26Aug1970:05:39:22;198112;94C811849;082;164;True;13/04/1972;99C342030;22Jul1985:15:21:57;06Dec2022:14:36:53
YQLNZWTUiTIALidhC;False;sIMBdCfsrUbtjkWvQ;05;2009;11;0;28Jul2001:18:55:09;197909;01C781180;056;093;False;23/12/1979;99C597021;10Dec2007:06:17:10;17Nov1992:09:10:28
EstCjCSVqaCJSbvlz;True;aBzDmQGXiHDFoyEil;15;1962;12;1;22Jun1983:01:12:07;202106;01C211400;055;059;True;04/06/2010;01C941331;27Jul2013:22:17:19;01Dec2008:16:39:20
XElwSXNWoyZnoNBDL;True;rUttEoFfZCkpQhZLe;06;1961;02;2;09Jul1978:06:37:33;200701;01C599642;021;265;False;05/12/1987;94C931508;17Aug1974:00:00:15;23Oct1989:08:27:10
KJzlFepDeRHmOqnnW;True;DRzLDAUiawKZnNaPQ;11;2015;05;9;03Jan2001:09:07:43;201803;01C941300;021;224;True;19/08/1990;01C861699;14Dec1990:15:24:26;19Jun1998:00:08:14
kgIHJMtYXdEVgjDCS;False;JgjCZRfpUNkdVMLcN;99;1962;09;0;20Jul1983:03:04:16;197205;02C972110;062;353;False;26/03/1990;01M771599;18Apr2001:22:04:02;06Oct2001:23:01:46
XyHfHdvRUXuhuKSkT;True;HlVJzrEQMXJlupjaQ;15;2000;02;9;03Sep2023:14:15:59;198801;94C311400;046;188;True;11/01/1990;92C763512;01Dec1976:14:58:19;22Feb1985:03:45:58
xyTMPmqIkIhibckJh;True;gZUBioLzbKgVzeMid;09;1986;08;1;02Apr2016:19:17:38;201901;91C611315;022;915;True;11/06/1986;01C901233;15Jun1974:00:41:16;07Jun2004:18:31:49
EMRPUhbQbZikSkqlp;False;CYjCRviaiPzyasvbA;11;1996;11;9;19May1984:23:37:44;199706;01C501869;055;437;True;29/10/2016;99C041605;12Jun2008:06:29:04;07Aug2011:07:23:07
XbJFwqgDUySMRQSIW;False;TQICoHxeTzJEgmwym;13;1993;03;2;18Oct2016:07:48:20;198703;01C595922;045;211;True;26/04/1981;91C501208;08Sep1970:17:26:08;25May2007:17:21:57
NdRBnKkSfxHuOSweo;True;oKGRhiAzCyZwgepJm;03;1971;11;0;06Mar2017:02:03:50;201605;92C441051;209;134;True;01/06/1974;01C091254;28Feb1996:06:45:57;29Apr1988:18:01:29
jCQAgyMOuTyWPmomm;False;UVmxzjKUgcwuSvjbh;03;2017;12;2;09May2003:16:07:02;197912;91C342083;012;027;True;20/03/1975;02A501050;12Oct1995:19:36:24;18Apr1977:03:23:17
nLiEpsDruzszzWjXT;False;mdavLGfDrpcypLVHF;08;2006;04;1;18Apr1972:17:09:06;198811;01C451569;016;077;True;07/04/1983;01C761303;19Jul1999:00:06:37;18Jul2013:07:00:49
POEmBGqBcSrJuqhrQ;True;ZlukTxHCwPTSeSfIU;00;1986;01;1;01Nov2014:17:10:14;199810;01C821080;030;204;False;27/02/1977;01C231050;10Oct1979:18:26:36;08May2005:12:36:40
