ETA_NUM_EPMSI;RHAD_NUM;ACH_PRI_ADM;ADM_ANN;ADM_MOIS;ADM_NBR;ANN;DAT_DELAI;FAC_NUM;INI_VAL_PRS;MOIS;PRS_TYP;SEJ_NBR;SEQ_SEJ;SSEQ_NUM;TOP_UCD_AUTO;UCD_UCD_COD;UCD_COD
170012967;CXGYV;766;2002;03;64664;2018;230;uIvJf;K;02;Wd;20354;Sgpy;fNNI;True;9342759;vsoRlhaGK
300018785;aHMNI;292;1999;06;93717;1989;420;vznbh;G;06;us;9032;NAGp;ofPw;True;9177579;oNovotGts
150000891;gokSB;182;1974;12;17298;2018;279;cXDSZ;Z;12;Cc;80656;xthp;PVJm;False;9432422;imWVsSUEt
830013694;HUHgZ;339;1965;03;10570;1997;678;ZrRnh;K;04;rg;31043;QHth;VqUz;True;9308679;sHrfqaLkF
830015400;yvYyH;777;1971;04;11954;1979;107;fPeOq;Z;01;Jo;42700;WblN;uEMT;False;9430386;NtySQDCXA
660011040;zsikY;837;1980;11;7439;1968;459;yMLip;K;04;Zd;88587;fcNU;CQQk;False;9395106;HqHCLZxqQ
730007275;vQHST;472;1985;01;29214;2001;80;Lkzjk;y;07;RG;75327;vZUq;Kswk;False;9225930;CyrLADvye
910010420;xibFM;769;1989;10;53145;2014;640;nNaMi;s;11;CB;74620;fAjR;mpCT;False;9293593;KgsKnKQEV
600007447;vPLQL;114;1964;10;40296;1968;455;lJkDs;P;02;LC;40022;Nxra;itPi;False;9240036;UhbpvgbYv
640004032;GXTxf;214;1972;02;95014;1985;330;naVNb;O;05;Jp;97289;sWRM;EgBQ;False;9197518;sAQrGmfMj
220002216;TAmll;351;1970;03;96658;1968;994;oCTCq;r;01;We;17098;ZKnA;tBgZ;True;9348101;MvhqpCpQn
350000972;iDNNi;417;2011;03;7050;1992;198;pCEUs;k;01;Wh;69733;Xptk;mhxi;False;9301186;TyuPaowoE
860010651;goHqr;683;1992;05;69480;2008;916;xTkDS;K;09;CB;55685;wCQu;cYgK;False;9302139;IpNvoJzQO
340007806;rLLad;811;2015;08;92694;1964;927;pyTIs;c;01;Lb;40089;bvPx;kRtJ;True;9226786;dlWXCOlCc
930015391;FTxuV;738;1964;08;28135;1992;604;YSTTg;v;05;hv;33047;oWlQ;mpPz;True;9325979;KkFLuAigv
330043951;suKkM;438;1993;12;38229;1972;257;TsgMg;T;11;Mu;3730;aAuD;uoEx;False;9408866;clCiiDqkT
040000929;bftSy;347;2005;08;87284;2016;792;IVxQB;g;05;jf;19714;RswK;JWJE;False;9297042;ESAaemBIA
750017956;EPnnL;707;1970;06;39866;1962;249;JqFAc;W;10;dN;2654;fqVY;JpmB;False;9423133;uOPsWJvAK
740002555;crmxU;395;1971;05;55523;1973;655;zIPIe;g;06;ue;53263;aHmJ;uHYE;False;9184467;zUChRrLDe
620001297;PHdDD;283;1993;11;97605;2002;765;iLFnU;U;01;zy;70460;WalO;nWwu;False;9397080;xClgGRHbY
090782335;nUVdQ;476;1981;02;33391;2013;170;Ocyst;o;09;Rn;69594;kESn;NHFD;True;9420979;zHncMKcyA
010005395;IzdYB;167;2003;08;57998;1990;37;XxLXg;k;09;tq;41708;Uvla;Zzla;False;9219467;lEizTzTBc
790001390;tKIQE;541;1966;02;59395;2012;993;RTBcY;u;05;tY;14709;bNsK;Embm;False;9397163;abkrPDbkF
950026872;wMgem;153;2000;06;53594;1998;916;eQeyl;K;03;wh;80839;nGek;vvkg;True;9144338;BSWfBqwnR
400001707;pyltd;811;1992;08;11519;2019;622;RQoVU;O;08;xJ;59475;aOhO;OylX;True;9426261;RnLopjHmN
590057493;fiPyJ;666;1987;06;85421;2013;745;RLtzV;Z;12;hX;30632;XHKK;nDem;True;9420755;okGdolUgX
470009309;VFfig;335;2016;10;53683;2002;556;NIMYx;L;05;gN;58906;QyLE;hDfM;False;9281377;mJlYJZqGU
910014455;YVMWK;44;1986;03;39424;2017;308;wcTzp;y;02;nF;62459;vWsH;GgPc;False;9299420;BueMgorGn
300007648;BAMNB;909;2002;03;95446;2019;276;aGsBR;S;07;RB;90167;hjqm;OuKg;False;9154182;bXltPenRO
370009136;TecFN;573;1966;10;43381;2014;440;yKMMn;c;06;nI;54770;Wplo;qTFZ;False;9206708;KRHsdyHSE
340025014;dbPat;88;2016;05;78239;1961;307;tjoHs;K;02;mO;9709;Huiz;MLML;False;9304718;LTeKTKdsM
540025004;Gbmus;5;1984;01;53976;2013;727;IUmYn;o;08;gH;80690;MZqR;LUsa;True;9241076;WYXsKyrUy
660001983;xvIgQ;986;1962;11;32327;1986;16;oWIum;a;07;Dp;530;vmKk;wrBd;False;9395750;nSxMneaVZ
970301396;JOXNQ;847;1965;08;92357;2018;352;UlEbe;I;12;CQ;22548;VyYs;ZyOu;False;9288310;ogBoKcTeL
540001088;wrFuX;338;2007;10;53974;2006;570;iHQwt;p;01;fM;47220;oqlU;mzEf;True;9305385;fniAgEAAS
340008002;cuoOM;880;1971;02;6779;2003;64;Xmwft;H;12;cs;33637;ZxSO;bAwy;False;9441728;cMYWgwozy
910022284;qPGXp;579;1986;05;54665;2018;685;lSMkI;a;12;rG;52800;bJMC;KdxX;False;9124442;xKAhZYzBm
760018291;DdgQt;852;2006;02;90321;1975;249;IaKFv;a;03;xm;63224;dcsH;JViD;True;9324276;cjrzLtCsD
950036921;UiQIt;934;1970;02;18972;1974;807;TAtui;I;06;Ka;32347;NKHF;OCXD;True;9394940;TcjSdghCS
240016485;Wpbkr;370;1968;06;71351;1989;930;WfJQd;H;03;uB;37347;zYVm;FVkn;False;9274182;ghxlsiJAp
840010037;obrvl;424;1984;12;43483;1980;339;RqBYw;Q;02;TW;56471;lNzU;rInG;True;9202834;JLfhATFNL
830014940;aHziD;490;1960;10;6518;1981;893;YFugm;Y;07;ek;3304;AQOG;YmSo;True;9250980;cWjCfosgW
640004321;lPqhC;902;2011;12;31577;1962;243;SAFyl;E;06;TB;93175;GlnP;wYrW;True;9109000;qCleCQUrC
460002553;whYcM;821;1966;12;59795;2015;879;ULkiX;y;01;Tg;21890;qvdx;zsSG;True;9413643;iDkxvtxzg
630000818;IBqFK;122;1997;03;72226;1975;506;DAmDK;u;09;ql;22836;tWSF;kZpR;True;9412129;LuDxqcRUM
570003582;IOSsC;876;1973;11;94402;2009;889;kYGvE;p;06;Ij;63180;MqAE;bRUe;True;9385013;LPGfADhrA
130009632;vXyus;635;2013;06;35921;1971;783;HRKsO;m;05;Dg;92418;nhOT;gkyS;True;9317170;sPKXalkYm
130001613;BOyIE;131;1968;04;5244;1974;14;pSFwi;Z;05;Ab;23491;pEQV;BUmN;False;9251092;DZGRJpoAR
880007992;STTmN;609;1983;12;79671;1977;196;GKBWK;C;06;sB;55292;wEcq;rDPH;True;9281176;dDPBNjCCj
910015080;SxWjp;71;1965;09;92839;1983;864;FjSlX;G;11;VH;8631;irOD;PQar;True;9310593;NMkNHniLw
060001849;lKHDN;144;1967;05;78980;2010;945;sGDiA;B;01;Js;72481;UtMr;RGfz;True;9438028;zrcjTbehm
690798004;DGbsn;581;1988;05;71348;1971;90;sEXkb;G;01;sc;49687;MdYc;mYOe;True;9438778;JUJKUsmjq
290011543;hLcBg;169;2014;11;96332;1962;959;CsgGP;s;09;ps;66971;aCee;rvvj;True;9275282;sshjyirWD
550004931;DOfQo;621;1988;01;92698;1999;679;SpfKN;H;09;QA;94543;dlza;JcPt;False;9360527;UkOPitTaH
560015034;abcaB;526;2009;10;36901;1973;669;pDxFQ;K;02;ZU;32625;srfl;HogT;True;9256238;adGdZLAaY
580005536;jGOnf;489;2011;10;24931;1976;183;nHcWn;k;02;zM;21260;VeCB;IBkh;False;9316070;UJvkKGYDY
810010082;XAgIN;602;1966;07;59186;1969;468;wFnlp;W;10;If;73264;sURM;lGYE;False;9365080;gMQpvXilh
060002193;HEmRY;776;1966;04;2628;2001;374;Iwjhs;n;04;Pw;44123;xlYO;esLy;False;9408961;AzBeRClun
970209888;JLrVd;972;1973;12;86193;1978;345;iSZuD;y;06;Pg;93332;oJEI;RlSG;True;9200048;vAmxZoxUl
630006195;aVsJz;280;1982;03;27723;2015;587;wIXJW;W;04;lt;94148;yEKT;FZwV;True;9436584;ovGZaJcGl
950020875;qGDNa;20;2005;08;67317;2001;216;gPtqy;Z;05;yu;21461;tOmM;AGrf;False;9227691;htAoErEdc
590781902;RiFSt;93;2017;09;9809;1985;103;mGIjV;y;11;hK;23214;Dsbp;cdQj;True;9440976;mhpbtHIqF
950023440;uaDWn;155;2002;10;21345;1987;627;ojTjn;a;02;BJ;39601;vmvp;tUCW;False;9297214;XWaUzRBCK
680007135;tMOCj;83;1974;05;4537;2010;907;aFLpq;g;05;wQ;42610;bBCX;KmJC;False;9268276;rkKjKTODN
760003996;LGNyr;131;1987;03;87451;1982;74;GbDof;Q;06;Mr;5590;cEDf;pIKO;False;9435188;vmgqcoyBS
440034924;jgcGQ;199;2011;09;68189;1978;139;QqwmX;T;08;yx;75171;NYWT;tAkb;False;9418149;lCjIjSUeV
2A0003844;zIgRm;933;1976;09;52373;2008;765;Ilhiq;r;08;TI;48543;tfgQ;VEeN;False;9327903;gQfeCkuiO
590813226;OcbcS;214;2009;05;38523;1974;647;CyXKw;K;07;Tt;78682;oXyc;byzm;False;9302139;xKEcODYXO
490003555;KopZU;440;1977;05;35687;1963;968;HxYBA;E;04;ni;19687;vmip;ouMT;True;9418741;CDayjfSQU
590022265;IRdfy;707;2009;02;89649;1966;910;uIWJJ;D;02;Yj;5987;hInH;iBER;False;9350925;WlxAknkgc
830010914;nWkiz;772;2012;07;41530;2014;748;xgxxH;Y;03;MC;60324;MhOO;YWBi;True;9226616;fAPAfanbx
530000652;EhttJ;963;1982;10;78390;1984;543;CRuGN;P;10;hu;73118;erFs;QuxP;True;9145332;COalJlySi
380010546;sFPMw;597;2004;07;94951;2005;283;dBWGU;E;01;Nc;16710;JYmK;NdYN;True;9182190;FgduWqmKt
950018358;lPyvL;694;1976;11;925;1985;67;UjdbA;u;02;Pc;47125;DOHT;OfyF;False;9143793;WLgXwtGkR
520001447;DKCIs;462;2018;09;29203;2019;716;FtNrx;L;11;mJ;18843;maVh;Jnou;False;9417983;YDhfJjnoY
970305181;tgFuw;43;1968;10;33110;2014;561;FDGvg;V;03;Lg;81349;bipJ;RSCR;False;9354610;NAUPfLzbw
660005133;tmPfu;33;2003;05;9352;1993;861;DPMac;h;10;on;642;gDtG;vMyh;False;9417670;goLCFXYzA
730012259;HGcCe;655;2013;01;78086;1964;808;gVtgs;M;04;Us;85802;XbRl;XwDh;False;9196246;EdpklZhdE
270020472;lVkri;250;1961;07;88516;2008;129;QlPQy;G;06;ND;98723;qZgq;UTLE;False;9403107;zalcDZgrO
170009005;tRgem;818;1970;10;91423;1973;228;YfCGa;S;04;np;43244;hunt;vxJT;True;9220890;sHZhAnKrK
350037933;kLquF;217;1982;04;6692;2008;514;kNKan;D;06;ZI;78888;yXmW;kRTf;False;9306663;vZmwviXYH
160003091;YIOpG;954;2012;03;47851;1974;61;Flvrs;d;02;vb;29394;fFzd;eVHz;True;9373731;PqrzttbjB
930015144;TVAOM;635;2013;12;35675;1972;6;AMdsd;X;02;bc;19954;WgWs;FEIn;True;9343316;RCUgAbGce
380004408;EsfrX;790;2001;11;85422;1963;293;AhYLA;Z;10;QD;95511;eHFW;MBDY;False;9290459;jKIILgzXx
390783520;juixX;232;1983;07;88190;2001;702;fZrFp;v;03;Qp;74356;JvOK;EPPp;True;9360740;wuRpZsvQr
450013727;UQwSw;818;1966;10;15255;1974;338;JkbqN;H;12;Cz;90812;QJbD;pUjm;False;9420028;DXUDrKkvz
950803007;YMPAZ;145;2017;04;5465;1960;264;loJhg;R;02;Bq;58066;gdza;iixF;True;9286831;RMZVuRThX
330058686;TGgYc;850;2012;09;36124;1970;868;NyJcd;Y;09;yx;25935;EzKA;kQep;True;9410610;saGJtzIqa
020008058;gMxfu;218;1967;03;44415;2015;250;ptOjb;k;01;LN;31335;PFKK;ArCE;True;9248150;VqBaEjYwf
940022387;krbXH;333;2011;07;81641;1982;439;nWVxf;Q;07;hf;52450;gggU;jiSu;True;9363282;pyTHeFdDs
410000889;MVNDp;568;1970;10;97348;2002;812;TMLpw;k;05;Fq;86675;Meza;tddp;False;9212525;yYSGTzpIU
750826422;JLMwP;750;1986;06;42580;2011;78;zbCxg;C;02;oK;12333;vMdl;ZlUv;True;9440025;EQvRKffaG
320003601;TBdlx;819;1969;07;9348;1980;475;TkiVm;E;09;LH;74120;MFjj;CjUf;True;9197702;yGSzGQgUR
620025825;vmEiX;935;2001;06;93834;1976;811;MlYlc;C;11;iN;80230;zDdx;Rwyu;False;9260010;oyLqzQiiu
640002614;TKzkn;719;1967;04;39665;2018;410;oBelk;p;06;dS;65168;cWOU;nhhb;False;9238281;ckwgkOPuq
560025546;DLRjx;172;2017;09;71495;2013;958;CcJSb;p;05;ti;22856;fPEf;eprS;False;9352611;xPxCWIKqO
530001130;PrpwY;73;2003;11;43894;2015;920;GFjdF;r;07;xV;76503;PtrE;uLuJ;True;9319022;BiVWSnrar
350025987;MvTom;206;1968;12;31660;2011;530;mZckI;R;11;Oy;68049;RQtr;gMrM;False;9241900;XHQjzIpqB
600003289;czozZ;347;1973;12;66746;1997;858;fSpHv;s;11;XQ;29974;rcGw;lShr;False;9387087;XFsaNBkEv
060029394;zmoMq;379;2015;05;37691;1964;72;EHEkE;o;10;eO;62822;kdBI;YCLm;True;9435797;gywcVZKSq
750001570;OGeLZ;480;2012;08;87650;2008;251;BTopv;N;03;WN;26888;UcGj;Mzru;True;9389761;MgFzZvhQh
220018766;RjrZH;314;1962;07;51125;1977;748;OpSHU;A;07;Kp;42134;fdnm;scPo;True;9380837;HaJNQWEGa
720002658;qBtFX;289;1977;08;97330;2007;513;LfHAD;K;01;ah;60137;wMky;iXHh;False;9426835;SptBOSgDV
800012759;YEPre;587;1987;08;45919;1969;194;JMeew;u;08;Iw;6337;UnKy;gJcm;True;9425758;pxSyMAird
930009295;icTTB;268;1997;07;51938;2005;950;IWwrT;c;08;fM;96549;ushe;uZiG;False;9428834;ntCchPmsY
2A0000683;TLGbn;245;1962;09;67563;1965;419;JitvK;Q;12;PG;9957;YafM;RhgK;False;9166883;CPArnTfkK
430003970;iNWIX;109;2010;05;68729;1977;650;pRoUp;X;03;UJ;37669;bFOO;FBZO;False;9195732;DOtCaqAkI
830023693;BMghn;426;1993;11;92343;1979;398;IjnlB;N;11;bw;20037;dhbw;DVca;True;9170442;LyFHBpPEN
750025942;gImgg;936;1991;02;51956;1963;639;mowkP;q;05;uE;4955;SdIJ;kUop;False;9393567;XNqQRaVdS
490012457;vznxf;407;2016;12;94361;1963;675;CwdrQ;h;08;CF;24504;Aaxp;ltRk;True;9434651;OeKncWWmk
900000357;TYOrv;934;2017;02;44088;1960;508;JXoTN;R;11;Ht;9166;fxqE;HZJk;True;9407401;aQISjYGng
570028449;PsmcB;511;2013;03;16578;1997;814;lXVnH;x;03;KX;48474;reFj;AIgz;False;9218611;zMtjBhacu
170805840;Jnajk;470;1975;12;83822;1972;808;AlUfd;R;02;Ot;23240;ytHL;Cycj;False;9177591;kgcyVXypK
890001985;AiJFD;598;1981;04;9951;2008;276;pImFA;a;10;ur;99594;vQxP;UQtV;False;9432474;xaJsyKpsM
300009008;kGdtn;975;1976;04;6745;1995;631;GeHww;f;06;cd;85894;bpDI;gPQl;False;9439370;eDiDwneKE
490007762;uiQYW;99;2011;08;42409;1997;350;Tigei;k;05;pQ;8521;Ebzx;ZJDJ;True;9406229;PYDVzdhzp
940005465;cNmtQ;797;1982;07;76348;1992;717;pOVCf;q;10;nF;31171;NAoR;jfAv;True;9354053;eEWDSlANB
790002695;dXTeM;228;2004;11;84892;2001;394;FMvcv;j;07;gJ;60183;HXQo;nxcH;False;9393544;wImlPbQCx
370012353;zErvp;31;2012;12;13885;1992;56;dBOCm;A;10;Wi;91400;hvtx;wbSM;False;9368836;zaNSXfeBk
690014097;VlXlD;653;1992;10;49886;1981;258;ypoqZ;X;04;bA;98028;zYZA;dqMx;False;9246553;uIlgacUnZ
130804867;zghbv;559;1993;05;35521;2017;772;gmmbf;W;06;eO;82642;yTBz;qyUc;True;9284401;QidtzukUf
930014188;ziaOU;411;1965;05;24174;1995;7;fKXzA;T;10;hC;84795;WdeU;tAjE;True;9285323;CEkdXdlNz
750823403;RaTph;185;1986;03;73693;1964;476;LuRjK;k;04;pE;50751;bUTb;GZPu;False;9416630;rBgreEERL
840001895;RLdtK;186;1995;12;95727;1991;188;RtFDs;N;11;vG;50872;pLKV;HxQB;True;9413850;rjmjrOeiT
290009851;cstvp;939;2011;07;10861;1979;155;spmne;t;03;JO;65804;xyjU;yIcP;False;9088284;YLkmfGrbW
490009222;aRjIO;266;1976;10;13753;2012;226;vjXpp;k;05;Ac;10308;SUdy;zCjY;False;9426284;LLLZXxjMs
520003674;zYpGP;359;1978;12;48490;1968;488;hxNEF;J;08;Xp;57496;wMte;IwZA;True;9312600;BWCOiQsoW
290008747;hgQpD;586;2007;02;47804;2000;560;FVcTw;O;09;mr;2680;BFaj;gDQI;True;9416096;IwKoSkNbl
450020805;tqFbW;260;1997;09;44194;1965;788;GUXJu;g;06;ko;26561;XiLc;JgGY;False;9382196;roWiIRMJE
130050644;rzgnU;758;1975;07;6505;1977;128;NwlVS;C;11;Wb;64412;kpZu;JUBq;True;9404377;UgYgHkyrB
370003246;gFPcm;661;2019;10;56568;1996;922;woTgt;h;06;MB;61663;wGEB;ulJC;False;9380607;ZNoSxYaii
050000546;dkXvV;427;1996;02;68910;2016;464;OFSfV;x;11;Lk;4849;KrFn;qfBe;False;9202308;XDtIFnTBQ
120008446;mUJyO;839;1966;01;93533;1989;370;qOHKn;F;09;pH;21106;rBXc;svRJ;True;9364270;gktjxubAx
350046090;AFBDs;43;1994;03;70522;2004;98;sqHwJ;t;03;ng;13723;Rgyn;NqRU;True;9290867;sBIIekhfg
800019143;nJyRH;843;2018;11;5844;2008;784;FSkLU;D;08;vL;60398;DSyX;StpX;False;9202834;RLPtffLca
520001215;clBEG;518;1985;09;82345;1972;401;DBQAn;G;09;te;72404;sKuv;azFo;True;9298260;JjbkfRvOn
290008655;sNIWq;244;1991;10;71627;1995;256;drXMi;K;11;Kc;70807;IIlx;dRCu;False;9308946;wfhaEAims
750052276;Vojzj;576;1998;08;2852;1980;445;UQjPf;b;09;vt;6262;lkMu;Atpe;False;9373748;llkUxWLZT
130042427;PGQuD;138;2016;11;71749;1980;44;yjFVJ;A;10;dw;34966;cZKG;VVJA;False;9233622;mSRvXISyE
010787570;TfHyg;146;1999;12;7903;1979;92;XtvyO;E;05;hm;14270;BCcv;Jbpb;True;9436578;fhGkqIpHt
130023997;PLdoC;417;1970;09;28833;1962;744;ohXFS;I;01;yV;34016;cQeb;DYXC;True;9424931;kPygnDJJy
020013306;hlFos;968;1990;07;80484;1968;922;ApiwB;e;12;is;90753;rgbH;sVmc;False;9225901;JBdbcHmvm
760028191;YTiLR;282;2000;07;72690;1980;869;EisJe;f;10;Wb;25069;ilkU;wyYN;False;9333329;otRwzOypo
490011343;umYwX;434;2007;02;4840;1986;750;QDkbc;D;04;uw;90660;BAia;gBFH;True;9412454;gcUozqfrX
060009610;EMyFe;978;2008;09;84934;2016;384;NUnQp;e;03;iP;75574;uxOO;VzDd;False;9351793;exYCkMCiz
450019880;KbuPr;816;1988;05;50102;1980;566;jLBFu;m;02;Et;59543;ModX;PypF;False;9275891;MEpXZILGw
420001042;zbtuM;462;1970;02;23083;2002;395;lbWlu;g;02;nC;33515;SWPy;gSnu;True;9266550;jPAloWvai
510010671;clska;966;2005;02;46096;1964;127;rGpjR;M;01;OK;10946;bDTE;OLgO;True;9268282;RzYMWgKni
910020726;qINKr;919;1990;08;23237;1984;209;xyyXf;g;02;WK;38810;wWZa;fkbo;True;9290324;GnVmSMCDG
600011977;kfNEh;300;2013;08;99032;1998;261;gipyy;o;10;lC;90778;vpqe;sXFz;True;9312793;QKfbgIbSa
750026841;wGPjp;104;2010;08;74939;1964;816;gnOMj;g;09;Ar;23439;saYm;PSYC;True;9350368;JGJyfgJPY
670002237;Zsvfx;792;2005;09;8706;2004;522;wBPdK;V;03;iK;95515;lyQY;YhWH;True;9268069;RbprHZUfB
310000807;ZXeFM;837;1984;05;1350;1981;249;GXKfg;K;06;Jd;73297;SlyN;rWAD;True;9202308;cBTBnADOz
480001965;mLtED;439;1962;04;19594;1980;651;uoGpO;J;01;lk;23840;WLsn;PxFJ;False;9192432;UsAzgVsGp
130010028;RAYyL;994;1982;04;21755;1995;337;PFqCb;Z;05;Ae;15256;OPzF;QbDb;True;9436420;PcppMsthU
060014669;VwJdf;193;1999;10;30142;1965;973;YGMsO;U;10;lM;10529;alYH;gMnu;True;9441042;PmIHVWnww
550000483;RNMyX;161;1991;10;70468;2012;797;RPZHg;D;10;CD;86434;mPtf;SGQV;False;9268402;uLXVvXBCo
950024208;vYxnP;588;2008;09;79547;2006;970;Tccnn;y;03;FG;24332;imQN;atfA;False;9168014;GpuserhWn
130018385;oKIXc;904;1960;03;72566;1974;689;lgqtu;R;04;OH;96917;NKiK;YfcE;True;9396442;gvYEvfmIN
510001100;yHsBk;808;2009;10;48731;1997;302;DvTuH;y;10;vn;11941;wVCZ;ZzGg;False;9362940;DBmYwBKBu
590021911;Pmxtr;316;1992;03;96387;2010;455;miRtM;J;06;eg;6429;RwyA;uTuM;False;9417233;ljmQEBNlG
030001309;uiZkr;119;1988;12;40573;1973;849;cAsZy;U;06;UQ;12545;vCnh;emWi;False;9137551;AMcPvAzJG
670000132;Jwewf;374;1970;06;69463;1982;475;AtLIP;q;09;xI;75889;LeCF;uLzZ;True;9426723;dNGZsBsYO
830004099;Cwwtf;447;1967;11;57211;1979;62;uJCso;d;07;CC;53438;prQS;aSJC;True;9261104;XpGazdEjC
610002255;dUQrK;789;1969;12;78264;1966;176;PHFuS;s;01;ci;33905;cpYd;iwhc;False;9287196;zSJgFhYbz
440008308;rtFIV;462;2019;12;7394;2015;207;QojmU;Y;05;jY;9894;XSDB;NAqv;True;9424948;fhZVIVmUj
330059908;jGeUN;999;1997;02;47514;1971;364;JfLNr;u;10;Vy;1673;IBom;vxtR;True;9149063;XhJAKGexP
440006849;VEIbf;762;1963;12;82626;1978;317;mRWuv;a;07;tF;55754;xdXa;eRxE;False;9217592;oewckimMv
970111787;smjIi;261;1963;01;45606;1960;234;jIHBF;x;12;Kf;21310;zFWn;khvg;True;9290850;SpiPhJlNV
840015085;WVrky;372;1995;07;59727;1985;452;XsTeQ;j;06;Oe;57880;MCPY;UNob;True;9406212;fHZKTxnAk
180009185;CmknK;490;1985;09;82734;2014;934;PQPsD;h;12;cM;96293;iAzP;yWJz;False;9426516;gxHGLPgkF
310014121;IktSB;563;1972;04;85155;1985;302;ySfuC;y;08;Xa;3821;WiUO;lBjv;True;9436420;RQJqEyEEG
970101267;WwyCB;34;1967;02;15233;1989;705;scBXC;O;01;JR;22887;MNUT;RIlp;True;9314421;zMawLZICz
510021454;qAEpn;746;2009;07;74023;1987;105;uMDKk;k;01;jB;65688;RKlf;Ipcm;False;9304256;JcEfVvAMS
380791848;yrTIS;271;2008;05;21198;2005;169;LxEkn;W;01;Sw;12095;haaS;LvaH;True;9202840;JVFhZsOuE
710004169;LmtsG;278;1972;05;2461;2008;756;EOPkD;Q;09;zG;66169;HSNc;fnzY;True;9182847;sIkdylLvf
440054427;lNLJp;74;2007;05;69225;1984;592;jymMe;i;12;MF;42479;BGav;PofF;True;9222682;OKCNOVXAE
780808929;ClwZs;26;1964;08;65574;1986;174;XHSJX;r;09;Oj;29125;nEAv;byPO;True;9217592;TDBfgFubB
670012327;fLlCs;859;1987;04;40810;1981;342;TMcch;g;11;HM;6946;JUhB;MuEW;False;9338255;oTSfUYLhz
150002954;ZGVvP;387;1977;05;56413;1987;982;MfoNL;I;05;VH;55944;PDgY;HrZp;True;9318910;qTXIisAYy
690010046;sfAqW;972;1976;02;78054;1960;893;hnMdu;B;10;wl;14459;FmgS;vApM;True;9436561;gCyhAfXGM
060001179;bYrbR;183;1972;09;86621;1979;85;LtEva;K;02;cN;73648;Ujcx;LLBa;True;9296203;hMBbzsyuH
610007593;HLrZM;247;1993;02;56525;2009;173;naVmw;O;01;eA;21376;YnFq;wcxI;True;9369014;UitmSpuuT
340013556;SOgPF;242;1988;03;78083;1987;591;wyocS;i;01;rI;80324;Zpsl;RWqD;True;9351586;UhYmblLoZ
950005793;HnsED;724;1979;09;98912;2008;353;kCszs;f;04;dR;7297;InYO;OWJK;False;9195749;sKCKdMkKN
920005857;VSgQW;757;1990;04;15409;1993;415;Bqolc;M;09;Fz;29248;CkMN;yDIR;False;9334895;tEPBuBsDT
420003501;PByra;2;1990;04;6180;2012;960;MEuKZ;F;01;hp;7107;PjeP;OBPG;True;9268052;prtAZAnpk
420013591;srnGQ;728;1979;06;20513;2003;971;trgqB;q;04;lT;62308;kJeR;BwRB;False;9433278;HisLtXitx
170025589;YXLNF;144;2007;09;70499;1983;312;narpX;J;02;EB;76772;fzUB;kHOl;False;9157364;zBJERrtiu
380798074;gILUE;256;2010;06;19056;2015;920;hdPyv;d;07;wb;68968;DOeh;Vepq;False;9416995;erDCxfILY
420001356;tBKkK;787;2014;07;3818;1973;34;nRNHD;q;03;ck;38862;AArA;tINe;False;9425190;QsgLbvZEH
720000660;alrOg;483;1964;07;99647;1981;210;pznCn;i;06;BC;91355;oOzH;MjKv;True;9363046;zVMuySAla
850016924;kMbIR;898;2002;11;51100;1992;433;gDzQC;y;08;zq;99293;XMPc;HJEg;False;9223730;VSryBPYBF
770010239;dUaRz;206;1981;04;96180;1996;949;xEjXp;F;12;sO;15403;Dbab;SXtD;True;9172607;xMgILsBVs
870018744;pAQgY;444;1978;11;17410;1984;699;iCrbP;S;09;hZ;45122;nmoy;Ftny;False;9427728;chofpPkXp
700002405;cFyPg;312;1962;12;95902;1965;212;mGSrH;U;07;PS;53996;UuRc;QJUh;True;9264692;ALLZNwEsq
590022992;Ehhbh;793;1961;04;37723;2007;697;ixsUb;X;06;oa;49349;LAMy;jnbA;True;9299472;lKTccLwli
640018602;jiTtH;373;2007;06;9918;1977;829;JHylk;a;07;cO;29340;ydTF;rDJP;False;9284387;vqMGDOkZG
790001523;YWVLP;437;1991;01;29285;2006;214;kgIHf;z;11;mz;81336;HqXv;cjzT;False;9399216;VrWvtFQmU
340003441;Mjgtz;630;1964;08;90541;1971;37;ZKZzA;G;04;uz;5833;Juxl;Mzdj;True;9403484;wEogzyamm
760804369;ErCGb;543;1965;04;53229;2011;580;FNuAB;h;12;xw;58712;uyxn;HItk;True;9312675;HDSSvvJGW
920030004;tBOxr;505;1972;02;28857;2002;915;IAgzh;m;05;dm;81017;mfgp;HUzd;False;9418741;yzpHQiKJp
110788023;LnlUm;734;1968;08;66627;1973;921;rPWQv;n;08;CL;51784;NoFc;YBuz;False;9404621;RQkmBmMJy
100009257;CmfxJ;578;2009;11;28461;2013;260;MPpoW;N;08;Do;31349;VwPv;fdah;False;9407430;NDmXzIbSw
060002375;eBbAt;167;2000;08;32126;2019;914;ipBQq;R;06;Ra;39652;WORU;ovGG;True;9395000;JxaFGMPEs
640011383;kzvaO;36;1971;12;15720;1963;386;IPBAF;E;05;XD;86436;UkSJ;ctvW;False;9363282;NuAjYEfHP
100004431;UwnLJ;770;1983;01;68306;2002;57;HJSID;I;03;Rq;10212;Yrca;YkEH;True;9431629;zqPrDPjmc
550002802;RApkp;908;1981;03;9665;1986;35;ABjfu;U;06;ad;68017;EwhR;mDri;True;9403515;tRsMBdwTt
460006794;nsZqN;820;2000;12;11874;1998;8;BlFpf;y;03;Pg;32012;tKQx;xoGh;True;9392326;GpeBQwvld
570027664;muipZ;383;2018;03;31888;1969;297;Pendz;N;07;hE;78100;uCvV;jEKk;True;9422228;kPsCnxzYt
800001505;MkHmz;489;1982;08;22587;2008;29;Vjtnj;u;05;vl;54955;DhJi;ddjk;True;9415949;yBAmRsEvq
260001342;LyrxY;364;1988;08;32169;1981;531;rpSGA;u;10;ha;50870;omBG;uzeF;False;9332703;LiHcVDtpY
690007240;Swgcj;329;1979;07;47358;2009;76;ssohP;t;06;cJ;38446;OccO;ZaYS;False;9407619;wfdmNHQSp
930011630;FJtnD;679;2008;11;22078;2018;734;NKaBD;b;05;eO;22133;RDna;VDdI;False;9324052;MoXKLqsVJ
290036664;uXfms;229;1991;07;28436;2007;595;bFjZo;b;01;Jn;76369;ELdf;esNv;True;9202857;zlFZFucsZ
420004368;tfpRj;586;1974;03;39732;1971;295;dmlGo;b;04;rT;50917;HCCc;evIx;True;9418095;iaxKgypPU
950039743;uApSW;252;2005;01;26854;2005;43;JEZxh;m;10;Tq;73467;Pqni;guhj;False;9255724;TShluzbiE
660001975;kPmBo;981;2015;08;8137;1981;840;eooyR;Q;03;Sd;33751;OIZJ;JJpJ;True;9413169;nznZIoKBK
750813651;weirT;254;2018;08;41830;1997;557;iRzxL;l;02;ym;9977;USlj;HgPG;True;9434444;gQjtosLWG
590004529;zzghd;313;2017;12;24714;2012;741;UBeJm;b;01;Wx;78442;BRNy;BKOO;True;9382196;RpKkCsbgD
750028474;BKAcu;879;2002;03;17440;2007;175;FiuNo;r;06;OY;96931;wCml;ynPp;True;9178811;rfebJYsPC
070002258;ecSXQ;389;1963;11;71626;2004;441;sTIfX;z;03;Au;88530;yZKz;tVki;True;9297467;KVNaPFMLs
420001836;AyQeW;187;1981;03;84274;2011;265;aLlGN;q;05;hB;41906;JWhK;YBRJ;False;9025711;oyeGyUlap
260000054;kcaTz;352;2009;05;44055;1966;200;GEwVk;k;02;dN;63258;Yyck;KyOk;False;9226786;hKDsPydco
620006403;KtAMI;433;1971;08;94563;2005;983;fVuuG;M;08;xv;63254;LAzZ;uapm;True;9413614;zWEdiWOMk
290001957;kxAMU;315;2016;06;58174;2005;307;Ufdul;p;04;dN;20753;EnyT;sHsI;False;9305385;tvTrxSulH
340011154;RMmfn;349;2005;04;78993;1969;74;aPrTY;A;08;he;73232;tVvi;tTPo;True;9310512;zqKKAppjK
910007764;vlmPr;818;2003;08;65443;2006;843;ayQCU;O;03;pb;89540;XyBj;fZCH;False;9224994;plipXHBbS
590815924;pIlWF;167;1980;01;60921;1986;494;yjTdZ;Y;06;WZ;93526;AqOx;BfGn;False;9428165;rvMTqitDH
080000664;ludFs;8;1977;10;81728;1968;649;PpWIP;G;04;qD;30933;hwPT;AFsW;True;9439298;JRyXLyeeV
830002135;AhMNy;212;2000;08;12731;1972;873;UbcLm;X;06;uZ;95426;ZeNP;bLQR;False;9407424;RumvMERRu
350039632;LwqYf;269;1987;03;7042;2003;653;xRZRZ;H;10;zI;81642;NPuy;mbBZ;True;9306634;KlGPEojJA
590019642;TDsNm;681;1976;03;47158;2018;545;VIuFU;m;04;vH;19959;yXZT;sPXm;True;9274503;zRFDIuSJy
060018900;GKKEx;521;1964;01;99353;1982;229;oXQET;H;05;Ow;70973;wfoX;MrzW;True;9217600;KYNipffPM
170020549;LbbaV;185;1995;07;21503;1961;218;abWEg;a;06;QN;46984;ssvI;poGn;False;9422843;gzqotoeCg
670792464;quQrl;346;2011;01;18214;1987;336;kQDye;V;08;XU;89620;lmtu;IhKJ;False;9348420;sGmodWzNK
590048310;CBoST;888;1965;07;61608;1973;919;gjCNw;p;02;kO;23107;prLu;VMst;False;9400617;dBwpHjjOM
910020080;VbrRB;394;1991;01;86166;1987;104;GJSeA;x;11;NA;12519;JJxx;CxVh;False;9246530;SoAojWVRB
970304713;OtgKT;417;2013;01;77229;1989;542;zLRXK;W;08;Ma;614;BYua;wCVB;False;9434651;CqEPrzDoy
590780045;urkln;115;2004;06;52334;2001;306;VldJF;i;09;Xh;88166;qHBc;TwBn;False;9228561;KlRRRZzMP
150002335;btnhR;790;1981;09;64521;2016;514;aOYkE;O;08;GQ;42131;hHcx;GqQs;False;9440999;XBVFsviDh
490018496;VnPEY;331;1970;09;26673;2005;49;LXHEz;p;10;bV;70935;dLxv;faLn;False;9218226;buCzNtpRZ
170010979;fxeko;231;1991;10;75167;1977;817;BHUoZ;Y;10;NF;49750;Vdgk;KaIm;False;9321036;cOfuKWeFr
750038051;bRzWR;262;1963;03;53702;1998;668;oWUYW;i;10;iE;96199;KGZm;yjWm;True;9247222;EOsjZpZGk
900004516;NmgvO;868;1995;10;29282;2002;659;NhPxF;B;02;XU;90700;jlCi;NKcJ;True;9419723;rsKIqBmkk
