ETA_NUM_EPMSI;RHAD_NUM;ACH_PRI_ADM;ADM_ANN;ADM_MOIS;ADM_NBR;ANN;DAT_DELAI;FAC_NUM;INI_VAL_PRS;MOIS;PRS_TYP;SEJ_NBR;SEQ_SEJ;SSEQ_NUM;TOP_UCD_AUTO;UCD_UCD_COD
170012967;CXGYV;745;1963;06;62884;2018;717;OeNUl;e;06;Jt;79833;WMPC;uIPv;True;9375635
300018785;aHMNI;309;1984;02;21668;1974;224;GngDI;K;07;KA;54741;aiIP;FOBB;True;9365499
150000891;gokSB;814;1992;06;49745;1980;423;uxBbE;K;02;XG;349;LYwz;fJeW;False;9363282
830013694;HUHgZ;456;2011;02;75502;2001;560;mkcVS;s;10;fH;20579;JoTj;Adyy;True;9429673
830015400;yvYyH;541;1998;02;55987;1980;923;UliCS;M;08;co;66138;FTEk;MceO;True;9295008
660011040;zsikY;61;1982;08;54525;2013;77;Krher;u;08;GW;62923;qhEn;ACmN;True;9137580
730007275;vQHST;970;2013;03;67881;1979;441;vyWPo;B;06;jk;68588;daUm;ONJq;True;9419516
910010420;xibFM;797;1983;07;3668;2001;850;EYUvh;X;11;yv;10027;MtTD;phta;False;9227716
600007447;vPLQL;489;1960;01;79763;1968;913;Adgpe;C;05;ST;15603;KBAd;FOKl;False;9432416
640004032;GXTxf;460;1973;05;85952;1997;383;UFBrN;Q;12;yJ;96982;GLpR;CZYb;False;9284401
220002216;TAmll;25;1964;05;83348;1979;96;XrHap;t;07;yK;77640;IrNx;ABEQ;True;9386596
350000972;iDNNi;346;2007;08;44124;1976;953;dqsYr;P;01;QR;64562;ooXy;LLpv;False;9407619
860010651;goHqr;694;1962;03;94166;1990;119;UPPYa;F;01;hd;75206;LOmM;nMIO;False;9430601
340007806;rLLad;950;2013;06;96342;1979;47;BnAlu;a;09;HC;80958;gKqh;ITAJ;False;9109862
930015391;FTxuV;214;2015;08;55712;1979;187;syuMZ;k;01;eJ;4728;zMDi;tCzL;True;9337936
330043951;suKkM;157;2004;03;69707;2005;977;Llsen;g;11;Pf;58778;MAcf;UERT;True;9327932
040000929;bftSy;654;2004;02;76830;2002;728;rwUEn;c;03;rH;44765;PSML;lNNb;True;9327783
750017956;EPnnL;966;2013;09;45721;1991;306;RmaQH;B;10;GR;19440;dXBK;LmNh;False;9420494
740002555;crmxU;424;2015;09;45963;1984;941;YWncx;x;08;Xz;89911;ubKD;cPVF;False;9430587
620001297;PHdDD;989;1963;01;31324;2014;360;QPcDx;v;02;Ce;13751;VJVC;PRsg;False;9395106
090782335;nUVdQ;938;2006;09;71271;2003;970;JLTOL;b;05;gK;89366;GPwP;BDWT;False;9290436
010005395;IzdYB;554;2007;11;21857;1998;473;PQZLJ;y;04;Cj;63889;ElkF;ztwf;False;9225918
790001390;tKIQE;510;1995;12;59921;2004;880;pbGOE;Y;12;nC;41684;bWGW;hFJj;True;9297088
950026872;wMgem;524;2009;11;11407;2019;404;SUsap;T;11;zg;50967;FzSr;RckA;False;9239429
400001707;pyltd;804;1988;08;90798;1993;963;pwfPY;e;01;Ue;4566;qsUE;XBYz;False;9219390
590057493;fiPyJ;196;2016;04;70686;1977;437;oAfqO;O;11;uM;75937;FWIY;RaqC;False;9426545
470009309;VFfig;210;1996;02;92178;1993;329;zGTnX;P;11;qs;99385;Dnio;GyOO;True;9274503
910014455;YVMWK;605;1973;05;16963;1998;342;JWjLP;v;11;Vx;99872;njDU;ARpA;False;9239754
300007648;BAMNB;616;2009;05;91967;1963;854;IYaKh;o;12;eV;35769;dLsT;dGne;True;9299489
370009136;TecFN;616;1991;01;99356;2000;923;QqKJt;h;06;Wt;53097;cMVR;ibpp;False;9240013
340025014;dbPat;651;2013;04;43067;1974;313;lOJGM;O;06;hb;81863;DFDI;xfnv;True;9313166
540025004;Gbmus;931;2002;01;25957;1991;73;HuBjt;l;06;fi;37385;qxnY;WGJs;False;9290850
660001983;xvIgQ;888;1990;07;35538;1988;979;CGbGM;y;03;YG;89390;zufA;dBVL;False;9374699
970301396;JOXNQ;954;1990;05;99439;1974;585;uMvUN;c;01;fm;52324;Eywy;ZZYd;True;9087959
540001088;wrFuX;613;2001;04;20358;1972;267;lBqFw;w;03;GA;38995;zwwv;sHCX;False;9393544
340008002;cuoOM;339;1974;06;96264;1965;563;QoSHh;I;06;fM;72962;jSlc;eOqG;False;9134110
910022284;qPGXp;347;1999;04;19624;1978;503;XJWOt;n;01;eN;73395;NTLK;MlKB;False;9186437
760018291;DdgQt;638;1986;03;11601;1972;883;CQSCB;W;07;rv;91919;ncoq;pKIT;False;9415441
950036921;UiQIt;161;1998;05;12685;1978;819;oicdN;F;07;Wt;91491;pCPz;IqYX;True;9383511
240016485;Wpbkr;589;2008;03;57383;1990;720;uiwyU;J;09;NA;40405;Stkp;ZHxa;False;9226496
840010037;obrvl;321;2001;04;78762;1986;794;wjCaE;N;04;br;5017;YbtM;gDVA;False;9380642
830014940;aHziD;156;2011;09;46258;2007;605;LwMCR;E;01;lw;9679;pnwM;hZYK;False;9432422
640004321;lPqhC;346;2016;03;3011;1964;166;wSOyy;Z;01;cY;59653;IIiy;YsCH;True;9303877
460002553;whYcM;956;1979;08;89901;1963;883;DJFfW;P;08;Jy;69060;OfHW;UtXA;False;9308946
630000818;IBqFK;129;1992;11;46810;1981;768;xgZrV;C;07;XS;64543;HUCP;oKrc;False;9426545
570003582;IOSsC;489;2018;12;35210;1974;136;dfMcG;f;05;Lf;35200;vEVC;FdVa;False;9085647
130009632;vXyus;86;1964;11;20370;1971;940;WAuaq;J;03;tp;36083;cpJY;Tlht;True;9417977
130001613;BOyIE;568;2007;06;99385;1986;110;UeMCr;i;04;sx;16446;yedG;pieI;True;9278122
880007992;STTmN;503;1970;05;92204;1973;694;oLfNk;d;10;Ji;55851;OQDg;XSYy;False;9373731
910015080;SxWjp;743;1973;12;1698;1978;591;eVUtC;U;03;PZ;57060;pUYi;zHSm;False;9413614
060001849;lKHDN;322;1990;11;32914;1996;515;hXrMG;z;09;oj;20088;sIre;EBOZ;True;9351830
690798004;DGbsn;360;1980;07;17050;1984;307;QUmdK;A;03;qj;64547;YjLR;qkud;True;9429288
290011543;hLcBg;129;1982;04;79105;1982;237;wWIwN;i;10;ID;88659;wwgJ;PyIM;False;9377137
550004931;DOfQo;901;1963;12;5003;1961;316;tsAGn;w;12;nB;83070;sqfJ;Txvz;False;9241917
560015034;abcaB;103;2004;09;96216;1969;267;ztUnQ;d;06;Pp;61846;OUmB;jHtx;True;9423742
580005536;jGOnf;150;1989;11;69226;1993;344;KABQZ;A;07;mg;40080;FyRk;bHin;True;9411087
810010082;XAgIN;869;2013;02;36293;1985;123;tqlPc;l;11;sU;89197;Oyyd;sult;False;9343411
060002193;HEmRY;171;2009;08;5787;2010;636;JmSLV;w;05;GM;23793;YeVZ;UXaI;False;9294670
970209888;JLrVd;97;2013;09;84041;1979;314;PZbze;s;06;HM;88515;YEZF;uhRO;True;9187939
630006195;aVsJz;686;1982;02;27566;2017;469;foHsK;k;08;vo;97015;hVvz;lQFC;True;9422211
950020875;qGDNa;41;1989;05;65732;1969;865;PpJSk;T;12;ma;65086;eYrM;YYNY;False;9403521
590781902;RiFSt;753;1974;01;15438;2015;128;HjlMT;N;07;ID;46151;VzBx;ReMO;True;9225924
950023440;uaDWn;392;2015;09;11999;1965;804;bsZLV;O;06;zu;40195;nUts;uEnJ;True;9256830
680007135;tMOCj;858;2002;11;83393;1966;471;QkwqQ;G;08;EH;75230;iYKw;JaBy;True;9416104
760003996;LGNyr;306;1969;01;5444;2009;908;zlRFF;Y;07;Ij;37232;fIWc;zRlS;True;9306640
440034924;jgcGQ;668;1966;07;19330;2001;155;obwtP;E;07;Xf;5855;JpvF;RinG;False;9383468
2A0003844;zIgRm;107;2008;04;34194;1999;1;YZpiE;S;04;Tb;82227;YpgP;QAOi;True;9303386
590813226;OcbcS;168;2006;06;1145;1989;412;vLAvy;r;03;MK;27074;NtfI;XcIb;True;9411087
490003555;KopZU;231;2000;04;93186;1988;796;vmYOF;W;01;vQ;32906;tzqg;LBnw;True;9297467
590022265;IRdfy;192;2012;10;99470;1995;996;OCnUo;k;10;cC;73158;RvPK;ysKe;True;9144338
830010914;nWkiz;565;1962;04;11268;1968;893;MiaBF;K;04;OU;90098;Ybmc;Goow;False;9384516
530000652;EhttJ;326;1976;05;74560;2018;156;UVZgM;M;02;Dk;52892;RALq;Alvd;True;9240740
380010546;sFPMw;620;1971;03;70832;2006;877;FrStt;r;05;FQ;1734;pzEF;CkUa;False;9428372
950018358;lPyvL;353;1985;12;71821;1975;724;gfUlT;p;01;JV;19413;yzww;vMiB;False;9434467
520001447;DKCIs;244;1962;09;66671;2001;652;Pbopt;w;12;tZ;80673;Ntvv;Nyqf;False;9363046
970305181;tgFuw;134;1997;01;47037;1980;952;FVjHe;I;10;sX;3671;QpjD;UvMe;True;9384491
660005133;tmPfu;617;1966;09;57336;2014;217;VXYIQ;Z;06;WD;64368;PPpk;nARJ;False;9438778
730012259;HGcCe;122;2005;12;21305;1990;203;aRrMC;O;05;bN;86490;Mvzh;dVCq;True;9362696
270020472;lVkri;974;1960;12;46624;1970;861;jMxEE;E;03;WC;54627;xuAa;YKcv;False;9268276
170009005;tRgem;6;2017;07;31665;1987;445;pNOUW;T;01;yS;77362;vSqy;waMU;True;9325956
350037933;kLquF;934;1972;02;86240;1972;600;IcjFH;l;07;tn;20801;nsSe;VMEM;True;9419108
160003091;YIOpG;17;1960;06;66804;1984;734;rbozg;h;10;xw;48170;IYOG;ZwCK;False;9280030
930015144;TVAOM;376;1985;10;46523;1983;188;yhpVU;X;06;aG;69009;hLvN;rWGB;True;9426841
380004408;EsfrX;937;2006;06;69112;2009;471;ieaBq;c;05;nc;50211;mjnY;ELLV;False;9299207
390783520;juixX;561;2005;10;62062;2004;170;obUpr;z;04;QW;53295;zcfC;FCln;False;9380837
450013727;UQwSw;339;2005;01;3299;1960;259;mGFUV;a;05;Ch;75828;MCbY;qmSH;False;9359346
950803007;YMPAZ;237;1982;08;70647;1996;125;FInCU;m;05;jH;27963;eZZZ;InxT;True;9421915
330058686;TGgYc;362;1984;05;67319;1990;814;fsuXD;t;03;ln;5040;hsVB;uslG;False;9307160
020008058;gMxfu;77;1970;11;31088;2002;732;kIVFN;n;07;Gg;16937;tJza;tzyT;True;9179667
940022387;krbXH;821;1968;05;99130;1962;828;ViRXV;f;09;tK;64620;KVDr;xJoM;True;9343405
410000889;MVNDp;13;1985;08;38984;1988;410;vNRtO;Y;04;hn;97421;VYtG;iCeE;True;9406258
750826422;JLMwP;212;1990;06;46116;1987;339;HFanC;G;05;PG;19587;zxgk;tuQg;True;9397163
320003601;TBdlx;792;1990;07;95508;2014;998;nwbAb;H;09;Qg;30193;ZRLH;UZjx;True;9416676
620025825;vmEiX;629;1976;06;445;2014;739;KnOOz;u;03;Ow;65915;VCRK;oLtO;False;9304457
640002614;TKzkn;114;2003;11;37262;2006;814;YJCWl;P;11;Wu;72581;epog;onrd;True;9309029
560025546;DLRjx;429;2004;08;66505;1985;679;qUsZc;k;06;CL;78188;qpAC;TXkV;True;9360898
530001130;PrpwY;302;2011;02;8377;1960;957;EQnIY;M;08;nx;13755;gFrT;HRNs;False;9200976
350025987;MvTom;999;1973;02;7741;1966;927;EgVSY;P;01;iE;14862;JUcO;wuqo;False;9304457
600003289;czozZ;756;1999;05;14080;1965;632;GprIQ;J;01;QZ;44612;gwbS;cmfJ;False;9284507
060029394;zmoMq;944;2015;06;36583;2017;336;abspL;X;02;EM;52314;irKP;NEpg;True;9259113
750001570;OGeLZ;912;1973;09;91345;2018;521;LfcAN;P;06;WC;69228;CZzq;fsIG;True;9434651
220018766;RjrZH;848;1974;03;19978;1972;111;ZthNN;h;10;fI;64374;oUOv;RtLa;False;9393455
720002658;qBtFX;758;2000;08;26094;1987;816;PUhkz;P;12;uD;89455;HyCx;YDVa;True;9257806
800012759;YEPre;533;1975;12;2562;1970;320;RcfmE;Z;09;jH;89234;WMor;nhTd;True;9206714
930009295;icTTB;49;1983;12;95;2013;416;FxKbF;m;06;hX;82354;Giac;fxtj;False;9413169
2A0000683;TLGbn;185;1961;04;31476;2006;465;fyhTN;p;01;sY;185;kGXc;DSZm;False;9212502
430003970;iNWIX;765;1989;03;86471;1963;203;eWwWX;f;04;nq;18237;bjCC;dQMB;True;9334889
830023693;BMghn;757;1992;10;52825;1995;716;AZULY;x;11;zz;79576;xpuo;RcIz;True;9422843
750025942;gImgg;687;1972;05;56968;1999;674;qkDVk;W;05;WU;9935;qFtO;rtiV;True;9347969
490012457;vznxf;845;2005;09;81437;1967;823;aZrsU;f;06;vi;9750;LWnQ;Plad;False;9304463
900000357;TYOrv;250;1997;12;50667;2017;285;SVtrM;v;12;fR;21266;Lsev;AaZz;True;9299489
570028449;PsmcB;182;1960;09;43644;1980;397;JCARY;O;01;jD;44176;fwVw;YuJk;False;9353059
170805840;Jnajk;804;1980;03;30004;1994;82;FauEc;D;10;ay;3994;WgKU;pioJ;False;9109827
890001985;AiJFD;680;1975;09;37019;2007;210;CesRk;F;07;xm;55802;hnsn;Hbch;True;9436242
300009008;kGdtn;830;1995;06;6160;1992;31;glbuU;s;06;IO;86092;LcKF;dIXW;True;9298254
490007762;uiQYW;703;2010;10;83828;1986;185;HlCbU;S;07;bp;290;pYui;PPEd;False;9281383
940005465;cNmtQ;52;1973;02;14637;1984;994;vBITs;j;10;rQ;43753;HwZB;uKML;False;9430587
790002695;dXTeM;430;1988;05;14796;1979;944;dWOKG;w;08;Pv;24417;eQOv;ZBbj;True;9353071
370012353;zErvp;641;1974;02;67330;2015;924;YsjDm;l;08;eQ;21450;bLfa;lxyD;True;9317276
690014097;VlXlD;851;1971;05;53502;1973;662;fRWsK;B;10;Ef;29586;hdaM;aacA;False;9419806
130804867;zghbv;452;2006;10;65388;1970;931;CllnA;H;09;pU;19526;yVsj;lfaU;True;9285286
930014188;ziaOU;543;1976;04;98467;1982;870;GUUTK;r;03;EK;84554;mHQb;ojdC;True;9350552
750823403;RaTph;133;1994;03;43995;2018;799;nKBxo;u;05;xs;33337;qthg;qVra;True;9261771
840001895;RLdtK;583;2014;01;83241;1979;281;sdkrA;s;08;Zz;96402;QlnP;cYmh;True;9298254
290009851;cstvp;250;1992;01;1005;1973;630;OPWvK;O;08;ST;44591;anry;jFJo;True;9410604
490009222;aRjIO;84;1967;10;98256;1961;573;SzpGN;z;01;UL;21228;PbLZ;XWXY;False;9222647
520003674;zYpGP;135;1995;05;89224;1975;793;nCcxq;z;12;tx;77714;lypW;jVdf;False;9194046
290008747;hgQpD;646;1961;07;45527;1973;942;kAMcc;m;09;UV;50473;XBHG;YeOR;True;9400557
450020805;tqFbW;747;1995;06;19658;1962;256;uFKYJ;Y;01;JT;39132;kvRh;jtIR;True;9435797
130050644;rzgnU;976;1971;07;23627;1979;421;ZjuUW;U;03;jO;41578;HiDu;IHQX;True;9240036
370003246;gFPcm;765;1973;08;89163;1991;697;MDtvJ;w;12;rr;18946;JMAa;sIez;False;9319708
050000546;dkXvV;16;1999;01;93345;2007;714;yEsak;R;12;kZ;60592;isQO;YuZB;True;9419516
120008446;mUJyO;925;2010;03;5627;1988;843;QDDeu;I;09;ts;88192;eufE;VJCu;False;9281147
350046090;AFBDs;708;1993;02;70169;2005;887;BHfMc;W;06;dR;93973;CtYp;TUEU;True;9415429
800019143;nJyRH;246;1966;05;75211;1975;604;qtysd;n;04;aW;31342;SRRi;nKEw;False;9409676
520001215;clBEG;326;2007;06;1013;1975;414;CZllQ;t;10;qC;53939;reRc;MwIg;True;9433114
290008655;sNIWq;681;2012;04;38247;1964;918;khvgQ;F;10;Nw;1571;xymK;XjHz;False;9290301
750052276;Vojzj;192;2008;01;37809;1961;701;MhWIj;N;07;Su;8541;eIvC;YwNI;False;9251235
130042427;PGQuD;193;1977;05;22061;2017;699;JZeoJ;A;08;AA;22410;ScnR;HDWM;False;9280403
010787570;TfHyg;689;1960;11;99164;2004;608;jJwTi;A;03;tF;18125;MSbj;fYMU;False;9314421
130023997;PLdoC;284;2012;09;89024;1990;474;vefRf;V;11;Zu;82256;pICH;gtsy;True;9318896
020013306;hlFos;623;1980;09;74480;2006;290;TKoSK;p;08;bq;41138;VOxn;frmi;True;9210213
760028191;YTiLR;513;2010;12;44092;1960;680;YkrqC;u;08;ce;25182;OpqB;iWgH;True;9347975
490011343;umYwX;610;2013;05;59876;1972;928;GKioV;e;06;Mm;42063;Uylx;Ruao;False;9268052
060009610;EMyFe;428;2004;11;95707;1997;902;AdElz;f;06;RH;61909;nfUJ;OZvw;False;9184467
450019880;KbuPr;354;1990;09;22217;2014;747;AeeQh;h;03;fS;11476;hcCl;dtSQ;True;9382084
420001042;zbtuM;974;2009;05;98508;2009;828;xTCMP;A;04;Lr;13328;UYAQ;CxYe;False;9240013
510010671;clska;627;1980;03;39058;1977;883;ltBWZ;H;08;xG;11744;dozY;uaSU;True;9203957
910020726;qINKr;22;2014;06;69509;2012;718;wRevV;u;08;AH;53134;mktg;bhwc;True;9302286
600011977;kfNEh;440;1986;05;31452;1983;668;aOBCn;G;09;Hc;93335;Hnym;zjBM;False;9281182
750026841;wGPjp;967;1977;11;77398;1990;374;OUqjn;o;12;Br;88241;PTOI;mVJF;True;9405537
670002237;Zsvfx;4;1996;01;75437;1989;826;cLhRk;w;08;SS;46623;RmGQ;dYQN;False;9304463
310000807;ZXeFM;721;2003;12;11840;2019;653;rjkWC;y;04;al;26054;wyNY;ZzaG;False;9437916
480001965;mLtED;623;2018;09;14320;1977;787;ktjEs;v;12;FQ;41586;EuiB;DRTT;False;9240131
130010028;RAYyL;968;2016;03;81585;2013;488;biGGm;o;11;oS;60995;xUeq;IFto;False;9417227
060014669;VwJdf;288;1980;04;92899;1973;121;KRdHJ;r;10;zE;96126;wyyj;XNOE;True;9318896
550000483;RNMyX;276;1975;01;70359;1975;316;VXBHo;v;06;Ec;70131;FxJU;HkjT;False;9387093
950024208;vYxnP;544;1991;07;9606;1983;713;kBjUw;O;12;kE;18128;mGfy;IwXQ;True;9390882
130018385;oKIXc;252;1994;07;47941;1973;452;VbKCs;t;03;Cl;56287;sxEc;mApZ;True;9435774
510001100;yHsBk;116;2017;07;24538;2002;107;rovQm;n;01;fd;23728;FfTr;RFjW;True;9272680
590021911;Pmxtr;341;1964;11;38227;2019;794;btYTl;Y;02;jg;35850;xpzq;cEiL;True;9441728
030001309;uiZkr;56;1986;03;95557;2019;286;NkseS;f;08;dS;25144;qjyJ;QoxS;False;9340973
670000132;Jwewf;390;2001;07;89741;1972;526;aNhnd;t;06;KU;32037;HyLQ;IISD;True;9424061
830004099;Cwwtf;851;1995;07;75555;1977;917;fjsyg;n;09;te;88106;ZlIg;oWqn;True;9210845
610002255;dUQrK;357;2005;08;64878;1997;796;DkNgk;U;05;gG;59019;BuJI;TaTS;False;9390267
440008308;rtFIV;414;2014;09;70839;1966;368;rNjbw;m;02;Bl;21039;YMSd;CznP;False;9275684
330059908;jGeUN;761;1962;06;7520;2001;901;RFfMg;q;06;Gi;17885;YCuD;kwMU;True;9388891
440006849;VEIbf;410;1968;11;89053;1961;892;TyAkD;B;10;bR;77341;geRL;PYap;True;9271551
970111787;smjIi;628;1980;07;45468;1961;408;dikWn;d;06;Bq;44964;gAoC;zchj;True;9351830
840015085;WVrky;843;1972;07;12160;1978;588;qrVFD;P;02;fC;31819;yAKZ;MQAX;False;9285381
180009185;CmknK;514;1960;10;98158;1968;682;eDReY;T;12;yt;10291;yzVu;XMcn;False;9343115
310014121;IktSB;484;1965;04;41878;2018;362;MTybu;X;07;sN;9278;BoHM;JnnZ;False;9374067
970101267;WwyCB;212;1963;10;62198;1971;877;qdwfR;F;06;AU;55359;dGcj;cTyG;False;9182190
510021454;qAEpn;707;1968;08;16990;1988;191;aiOOn;y;11;vP;27749;SLus;DHAr;False;9362733
380791848;yrTIS;343;2007;05;18512;1964;764;xmJet;l;07;qP;76561;vsFP;ZMuK;True;9284370
710004169;LmtsG;336;2009;04;89879;2014;373;pTHSp;H;11;ZA;94034;gbWO;MTTE;False;9352887
440054427;lNLJp;83;1981;05;62076;2012;213;lkhdT;c;05;Zp;14229;YgGK;gyLE;True;9413436
780808929;ClwZs;261;1971;01;89212;1968;804;DohlX;F;10;ep;81265;BFmN;ZUqs;False;9160490
670012327;fLlCs;689;2001;12;32613;2012;254;sTfPp;e;02;aq;97150;uKFf;Dkht;True;9351770
150002954;ZGVvP;777;1962;10;48816;2016;355;fWQUP;N;11;Zb;14449;barO;ePot;False;9353987
690010046;sfAqW;34;1989;03;84503;1982;803;fOhZg;p;11;ur;33254;jzJS;oMMV;False;9339272
060001179;bYrbR;470;1991;03;66769;1999;299;ndBju;S;06;Yl;60694;wEJP;sUzD;False;9399274
610007593;HLrZM;417;1980;10;53387;1978;359;AYCgy;u;04;gr;91613;rfaz;ymWJ;True;9413212
340013556;SOgPF;1;2005;03;84544;2017;130;fKSux;n;10;HD;30356;orNi;exFq;True;9298142
950005793;HnsED;142;1999;06;1322;2009;161;tESeQ;t;02;DK;88601;hroT;NvkS;True;9347863
920005857;VSgQW;316;2013;05;17352;1966;616;toSfq;X;01;WU;6181;WEZi;YdJp;False;9373091
420003501;PByra;832;2006;12;87081;1963;532;eiASe;Y;03;jB;72187;zmue;jEuS;False;9227722
420013591;srnGQ;700;1985;01;7077;2000;740;ITNbo;M;05;zw;66961;ogdu;EgYn;True;9219390
170025589;YXLNF;432;1961;11;88384;1975;116;uGZZv;k;08;jj;78600;gdVb;oWpk;False;9351698
380798074;gILUE;309;1995;12;14739;2006;859;MYMMO;C;11;RO;6187;rapY;eFvB;False;9227685
420001356;tBKkK;994;1973;03;58467;1974;154;rLdeO;h;03;gq;13182;LKIy;ARsx;False;9416127
720000660;alrOg;294;1978;12;69266;1990;170;FoQfY;b;01;Pp;29815;VMzc;jFsw;False;9226473
850016924;kMbIR;284;2000;11;31580;1973;473;HhGqH;e;04;UY;6080;kABC;Gynu;True;9437307
770010239;dUaRz;251;1994;09;18794;2017;738;hoQCZ;X;03;yD;28525;fZMz;ZgSl;False;9274489
870018744;pAQgY;786;1994;10;43345;1969;366;mKIZr;H;03;ye;61315;dqHU;KrYE;True;9280596
700002405;cFyPg;463;2012;03;28378;1965;435;xmSJh;o;04;eP;7113;INeb;ujMV;True;9426976
590022992;Ehhbh;378;1963;04;87871;1981;790;IdHaD;n;12;ky;84979;WyVx;nnfk;True;9412129
640018602;jiTtH;929;2011;06;34809;1990;167;ZhwUx;r;11;hA;24374;SrCV;eSTx;False;9314415
790001523;YWVLP;717;1996;07;38135;2014;97;JyLhS;j;11;Qv;16430;NvHQ;cEfX;False;9368836
340003441;Mjgtz;191;1985;02;36077;1971;282;NMPZE;O;04;uI;30555;NMuK;JCvw;True;9200031
760804369;ErCGb;864;1972;09;17268;1991;685;JlJqn;P;10;Hl;90170;vyOz;CyZY;True;9434243
920030004;tBOxr;661;1996;07;29635;2015;723;bqiNc;k;10;HM;48784;qSzB;KDmO;True;9167411
110788023;LnlUm;938;1971;08;57195;1987;654;tkEEN;g;11;VD;76724;WjNc;kXBs;True;9415292
100009257;CmfxJ;599;1963;02;88257;2011;371;Wxrzr;i;12;iM;81657;eulD;CKgq;True;9362733
060002375;eBbAt;135;2016;10;89335;1997;476;qPyiB;s;01;fT;37239;QcXx;FTES;True;9416713
640011383;kzvaO;977;1977;02;10039;2015;109;JjvRJ;o;04;oj;20109;OJBh;EhkB;False;9438608
100004431;UwnLJ;669;1990;09;51274;1972;519;wEJLW;H;12;mi;18922;yIKe;UAPP;True;9178811
550002802;RApkp;742;1964;12;70402;1971;265;HgQvK;q;05;bE;5132;XwSH;iyCn;True;9233680
460006794;nsZqN;570;1972;03;77498;1997;416;WrVuq;H;11;TR;51463;gfLp;xaVk;False;9225924
570027664;muipZ;752;1967;07;81414;1975;561;Qmuyx;O;05;ez;93816;pRjf;hzDh;True;9281118
800001505;MkHmz;509;2004;09;96176;1967;289;tMTaA;F;10;ov;48612;jriJ;zGfq;False;9302323
260001342;LyrxY;200;2013;07;49332;2010;57;jArqg;I;05;MX;46295;LTAI;LiSy;False;9439281
690007240;Swgcj;426;1962;02;55804;1974;870;xZaYr;L;11;kB;56965;MDyc;dvfO;True;9398412
930011630;FJtnD;74;1984;03;99517;1962;102;zNCCk;g;11;Gh;8161;GxvO;ZEBo;False;9281383
290036664;uXfms;991;2009;01;93589;1988;911;khoPr;T;06;Ok;3551;DZVu;xxis;False;9351830
420004368;tfpRj;131;1982;07;59237;2005;681;xPiru;t;09;Cv;38528;VUyL;KjYv;True;9320060
950039743;uApSW;656;1994;07;69043;1962;665;MoUSj;M;04;GL;61783;ZLVi;LJIy;True;9319737
660001975;kPmBo;173;1977;08;8964;2005;346;xSQLT;N;07;lB;27588;VwVU;FXRI;False;9425511
750813651;weirT;603;1962;02;64351;1967;931;eoUtk;F;09;ee;19084;qMzo;Wdpm;True;9364525
590004529;zzghd;331;1987;10;10188;1968;402;mqEsy;h;12;fQ;92675;MJGU;Nwfr;False;9437916
750028474;BKAcu;227;1973;05;32956;1964;159;gECih;g;09;OS;15228;fKup;IqVv;False;9406235
070002258;ecSXQ;113;1980;07;36671;1999;582;lGnhB;c;08;eq;10222;Ksma;cXKK;True;9202863
420001836;AyQeW;544;1997;10;17533;2008;166;wYFQJ;s;11;Su;15230;ywtx;ZoEO;True;9393515
260000054;kcaTz;994;1972;09;25198;1977;655;jRSnt;b;12;JR;57336;vSEa;zIFG;False;9268052
620006403;KtAMI;428;1969;10;41851;2009;171;JWSLI;X;03;bK;53642;CLUb;HOkB;False;9369014
290001957;kxAMU;147;1986;03;92685;1995;668;zxsRX;d;07;Wd;92876;itLS;hpYS;False;9258088
340011154;RMmfn;935;1964;06;2562;1972;454;jwiVm;k;10;Ou;66329;lDxe;FDFq;False;9407329
910007764;vlmPr;575;2011;04;10957;2009;424;aQXeF;N;07;LJ;21347;uMcH;QDKN;False;9302323
590815924;pIlWF;114;1960;03;60453;2006;841;mxYjP;G;06;tn;8840;NcIm;pLdE;False;9386573
080000664;ludFs;316;1974;05;11978;1999;415;VrkDb;e;08;ow;52643;DdOn;exGv;False;9293564
830002135;AhMNy;384;1975;07;38100;1984;103;yjKGe;E;06;DJ;78549;rOsA;LDWA;False;9224698
350039632;LwqYf;270;1985;11;38838;1988;826;gNDgI;O;05;Lf;35446;jSqU;EAlX;True;9417664
590019642;TDsNm;919;1965;12;23636;1970;312;oiGfy;I;01;Hg;71569;gbeX;KuZq;True;9226786
060018900;GKKEx;530;2010;12;33227;2008;370;fuNze;g;02;CS;20259;dkBV;HnmK;False;9319720
170020549;LbbaV;851;1989;02;46303;1991;771;VFbaR;z;02;FL;95889;qdyM;iqtP;True;9398748
670792464;quQrl;63;1990;07;60329;1979;781;gAVFe;w;05;CX;24257;SKUw;KaBH;True;9351646
590048310;CBoST;502;1999;03;69092;1985;602;SbyKX;H;04;rY;21387;EHQy;gNdI;False;9369008
910020080;VbrRB;923;1994;07;42175;2015;144;qxwRr;X;07;Vw;8542;uwSt;TseG;False;9354053
970304713;OtgKT;492;1966;06;11429;1974;75;WYpjk;S;02;KG;22415;fXDH;nDFT;True;9430392
590780045;urkln;304;1973;06;72163;1986;941;WrZJw;b;10;eW;63600;vXnz;lBqh;False;9228555
150002335;btnhR;685;2002;07;22615;1970;179;GToCm;C;01;jG;70757;wwPP;qDzC;True;9218226
490018496;VnPEY;698;2006;09;83086;1970;651;VLWKP;w;01;Cy;26079;frmf;GmpC;True;9293392
170010979;fxeko;795;2014;07;87851;2012;594;DpWAI;P;08;KH;64203;bdjf;oazL;False;9281124
750038051;bRzWR;146;2001;06;85925;1977;906;CwFix;C;06;AR;37925;ZUuJ;jyjH;True;9352580
900004516;NmgvO;205;1966;07;70084;1980;732;EBEQI;T;10;zF;1130;icLQ;nqhb;False;9398429
