NIR_ANO_17;ETA_NUM_EPMSI;RHAD_NUM;ETA_NUM_GEO;format;vid_hosp_for;ENT_MOI;ENT_ANN;NIR_RET;NAI_RET;SEX_RET;SEJ_RET;FHO_RET;PMS_RET;DAT_RET;COH_NAI_RET;COH_SEX_RET;SEJ_NUM;ENT_DAT;SOR_DAT;EXE_SOI_DTD;EXE_SOI_DTF;EXE_SOI_AMD;EXE_SOI_AMF;RNG_NAI_RET;RNG_BEN_RET;RNG_NAI;RNG_BEN;NUM_DAT_AT_RET;ORG_CPL_NUM_RET;ETA_NUM_RET;NUM_DAT_AT;ORG_CPL_NUM;SEJ_LUN_ANN;SEJ_LUN_MOI;SOR_AM;ETA_NUM_JUR;SOR_ANN;SOR_MOI;ENT_AM;ETA_NUM_TWO
WzaLKmWVyVPvZUkvM;170012967;CXGYV;000000000;duA;pzM;05;1983;True;True;True;True;True;True;True;True;False;pzZoc;01051979;11051979;24/12/1986;25/01/1987;199112;QsbmoL;False;True;Q;pXZ;True;False;True;ADOPVdGBa;KVVuiuvZAH;2002;09;24JUN1976:05:29:44;140020587;1983;05;13Jun1976:05:29:44;000000000
WzaLKmWVyVPvZUkvM;300018785;aHMNI;000000000;YtI;aeQ;11;2003;True;True;True;False;False;False;False;False;True;LesgH;18101978;02111978;28/02/2023;21/03/2023;200205;QjiwNk;False;True;A;zhq;True;True;False;tJfSNeZwG;RwoHLkOSZD;1975;03;14JAN2008:21:41:23;890001332;2003;11;02Jan2008:21:41:23;000000000
WzaLKmWVyVPvZUkvM;150000891;gokSB;000000000;wqD;DLQ;07;1996;False;False;True;False;True;False;True;False;False;SpJhF;19071986;29071986;10/11/1993;13/12/1993;201804;PMWtvJ;False;False;d;IVX;True;True;False;vrDpACHwi;DwQrJMrXRh;1963;11;04JUL1995:18:39:01;630002947;1996;07;25May1995:18:39:01;000000000
WzaLKmWVyVPvZUkvM;830013694;HUHgZ;000000000;XXR;Cvc;12;2001;True;False;False;True;True;False;False;False;True;hQFDj;06091994;18091994;28/08/1973;02/10/1973;202208;AwIdwo;False;True;m;LfZ;True;True;True;hIYGuRmXj;mIncDrZVaF;1981;04;03NOV2008:06:24:19;020007027;2001;01;27Sep2008:06:24:19;000000000
WzaLKmWVyVPvZUkvM;830015400;yvYyH;000000000;woa;EAB;02;1961;False;True;False;True;False;True;True;False;False;WOZMS;02071999;21071999;22/04/2020;27/05/2020;199705;ScUMRt;True;True;K;dqK;False;True;True;faGzrdZuC;RNiomyaYpj;2012;10;23NOV1987:04:02:32;130003924;1961;02;08Oct1987:04:02:32;000000000
WzaLKmWVyVPvZUkvM;660011040;zsikY;000000000;IIZ;TbQ;12;2013;True;True;True;True;True;True;False;False;False;qyPVk;13011972;07021972;09/06/2011;11/07/2011;197505;XNxnmf;False;True;t;ONg;False;False;False;pPdBnUgaP;tpxmYYWsuv;1976;05;22JUL2011:22:55:13;140000423;2013;12;18Jul2011:22:55:13;000000000
WzaLKmWVyVPvZUkvM;730007275;vQHST;000000000;jUG;emG;12;1964;False;True;False;True;True;False;False;False;True;Wsrpu;24041983;03051983;10/11/1987;29/12/1987;198404;qGeoye;True;True;T;dwn;True;True;True;QYezBLOGz;NHkiMXQzGa;2019;10;21JUL1982:22:08:25;910015619;1964;01;11Jul1982:22:08:25;000000000
sBbKuDRTDsvFYNXtL;910010420;xibFM;000000000;jxf;MZY;05;1986;False;True;False;False;False;True;False;True;True;zCFSx;17042018;13052018;08/08/1990;20/08/1990;197801;UNvmrF;False;False;x;mVI;True;True;False;NBfDSWRvu;fQwjhqMGXF;2019;11;03NOV1988:14:18:33;750057119;1986;06;03Oct1988:14:18:33;000000000
sBbKuDRTDsvFYNXtL;600007447;vPLQL;000000000;BvL;JNS;11;1994;False;False;False;False;False;False;True;False;True;TukOa;31102009;17122009;24/05/1975;14/06/1975;199805;ytdrva;True;False;H;hTD;False;False;False;gSBmpwQuF;fZBolHAvlD;1993;10;23JUN2018:14:20:57;840016406;1994;12;06Jun2018:14:20:57;000000000
sBbKuDRTDsvFYNXtL;640004032;GXTxf;000000000;LmQ;ifO;03;1967;False;True;False;True;False;False;True;False;True;VxZBY;18031997;09041997;27/01/1996;29/02/1996;197105;hLeTlf;True;True;y;FoI;True;False;True;oPcDZcZjE;aaQlbpXdrc;1997;01;28MAR2003:13:31:19;130004252;1967;03;15Feb2003:13:31:19;000000000
sBbKuDRTDsvFYNXtL;220002216;TAmll;000000000;TUT;drG;05;1960;False;True;True;True;False;False;False;True;True;RBHRI;22061993;07081993;14/08/2005;22/09/2005;197510;RMNlXB;False;True;y;dRD;False;False;True;HvkfNOWri;GWTbSWcxYC;1963;09;24APR1975:15:21:23;220016281;1960;05;14Mar1975:15:21:23;000000000
sBbKuDRTDsvFYNXtL;350000972;iDNNi;000000000;Xum;ncl;07;1999;False;True;True;True;False;True;True;True;True;uEJlE;19062018;17072018;09/05/2014;22/05/2014;197910;TAToKm;True;False;E;JGt;False;True;True;ehaMrwaXw;EIOUzioqmd;1997;04;16JUL1988:21:45:45;380011593;1999;07;06Jul1988:21:45:45;000000000
sBbKuDRTDsvFYNXtL;860010651;goHqr;000000000;jTZ;NyN;03;1971;True;True;False;False;False;True;False;False;True;YDwYt;24081985;29091985;09/01/2020;24/02/2020;198008;yEezgn;False;True;y;gQS;True;False;False;wjRWGOmho;FovECxcxMd;1961;08;27JUL1999:22:33:59;020012886;1971;03;24Jun1999:22:33:59;000000000
sBbKuDRTDsvFYNXtL;340007806;rLLad;000000000;NiM;QMh;05;1988;True;True;True;True;False;True;True;False;False;lUnkg;06072015;08072015;06/02/1989;10/02/1989;200212;jfONQf;True;False;f;HxN;False;True;True;PTlVxLuJP;pTyjLuZVqg;1999;07;19NOV1994:13:10:42;770008787;1988;06;29Oct1994:13:10:42;000000000
sBbKuDRTDsvFYNXtL;930015391;FTxuV;760797324;ooo;BZv;04;1989;False;False;True;True;False;True;True;True;True;jsLBt;17022019;20032019;23/02/1979;17/03/1979;197010;UuESsy;False;False;J;uqx;True;False;False;FCgsNLPVz;QGpKssXUjM;1986;09;02DEC1998:02:41:58;760803619;1989;05;01Nov1998:02:41:58;760797324
koyuzoOtYoyAAZVik;330043951;suKkM;760024984;qbb;OTi;02;1992;False;False;False;True;False;False;True;False;True;aOTye;04041995;22041995;11/07/2008;17/07/2008;198511;UIyjJR;True;True;H;ZEu;False;True;False;yjUzdbsbj;GNFaUyOkTP;1962;07;22JUL1970:19:37:09;760025106;1992;03;30Jun1970:19:37:09;760024984
koyuzoOtYoyAAZVik;040000929;bftSy;000000000;PVe;Mmg;06;2016;False;True;False;False;False;False;True;False;False;ogJdD;08111982;08121982;21/09/1995;15/10/1995;199110;tdHabr;True;False;C;yGV;False;False;False;gbkxnlGHX;ZxlhGeBykj;1964;08;25MAR1994:05:42:30;910002070;2016;06;17Mar1994:05:42:30;000000000
koyuzoOtYoyAAZVik;750017956;EPnnL;000000000;ZPm;vwl;08;1967;False;False;True;False;True;True;True;True;True;sJeRK;20011975;02021975;08/02/1971;05/03/1971;200305;eQennh;False;True;r;sgP;False;True;False;vjcTgSege;xYIgZegKkb;1985;02;04DEC1993:17:39:32;710008962;1967;08;06Nov1993:17:39:32;000000000
koyuzoOtYoyAAZVik;740002555;crmxU;000000000;Ivv;PDm;09;2009;False;False;False;True;False;False;True;True;True;GdcNb;15052001;27062001;06/06/2017;22/06/2017;198304;PNODMG;True;True;T;cFV;True;False;False;WCZFiGrBm;nyzzYljdYU;1982;01;20NOV1987:12:22:54;590054581;2009;10;23Oct1987:12:22:54;000000000
koyuzoOtYoyAAZVik;620001297;PHdDD;000000000;PAE;WlO;09;2008;True;False;True;True;False;True;False;True;True;YXSAP;20092010;29102010;29/03/1975;10/04/1975;198211;xvFVRq;False;False;c;lfQ;True;True;True;kCDcyDwPg;enERPRyUBK;1963;08;03MAR2018:11:31:20;420001216;2008;09;05Feb2018:11:31:20;000000000
koyuzoOtYoyAAZVik;090782335;nUVdQ;000000000;kUY;hDQ;06;1964;True;False;True;True;False;True;False;False;True;gxiNi;18112020;13122020;08/07/2016;25/07/2016;197104;fPstWx;True;False;S;Lyd;True;False;False;XgIwEHNsg;kKVCkcZerX;1978;04;19SEP2018:05:00:22;260003983;1964;07;13Sep2018:05:00:22;000000000
LuKeTIABWABDTQRbJ;010005395;IzdYB;000000000;mgY;VgK;08;1980;False;False;True;False;False;True;True;False;False;UWEVr;06032003;13032003;06/02/1978;12/03/1978;201509;JkTvhx;False;False;B;dcT;True;True;False;xiHQLUfzD;iwLiZZPOXc;1998;10;24DEC1980:03:38:03;620005249;1980;08;30Nov1980:03:38:03;000000000
LuKeTIABWABDTQRbJ;790001390;tKIQE;000000000;FJY;oYg;07;2002;False;False;False;True;True;True;False;True;False;WFvKq;12011984;27021984;12/11/1982;12/12/1982;201003;plhIMr;False;False;G;FbC;False;True;True;OTQnmfXmN;VJtuOvGRjM;1995;12;14MAR2019:22:42:44;130023864;2002;08;07Feb2019:22:42:44;000000000
LuKeTIABWABDTQRbJ;950026872;wMgem;000000000;qBs;mLx;06;1996;False;False;False;True;False;False;True;True;True;TkHeP;01051975;11051975;02/07/2008;06/07/2008;197602;yiRPkU;False;False;O;uzw;True;False;False;VLgLRHVGn;kwdpPinRBU;1974;05;28SEP2003:08:57:35;130031180;1996;06;21Sep2003:08:57:35;000000000
LuKeTIABWABDTQRbJ;400001707;pyltd;000000000;NDL;VuP;03;1969;False;False;True;False;False;False;True;True;False;tTOlI;03072002;14082002;09/07/2002;28/07/2002;201903;VHcyGl;True;True;R;Fga;False;True;True;tApJVmJxD;HRbGaUbLFu;1964;02;27JUN1986:16:49:52;750009433;1969;04;11Jun1986:16:49:52;000000000
LuKeTIABWABDTQRbJ;590057493;fiPyJ;000000000;mqL;frJ;04;1982;False;True;False;True;True;True;False;False;False;MWcNo;05082000;11082000;12/10/1998;02/11/1998;199601;QwFqYs;True;False;g;YVy;False;True;False;YihzYmqRv;dnJADJcglH;1998;12;04JUL2021:20:33:54;590011714;1982;05;19Jun2021:20:33:54;000000000
LuKeTIABWABDTQRbJ;470009309;VFfig;000000000;svi;xJB;09;1993;True;False;False;False;False;False;True;False;False;gFEXL;30031984;06041984;17/06/1970;02/08/1970;200810;HVfXTr;True;True;W;HTT;True;True;False;UXHVabdhN;FNfcstLnYd;1997;07;01JUN1970:20:18:27;830022026;1993;10;04May1970:20:18:27;000000000
JyFawdCcWdIYjCiEH;910014455;YVMWK;460781768;Vau;ypZ;02;1962;False;True;False;False;False;False;True;True;False;mvhvr;14092007;06102007;03/06/2000;16/06/2000;200003;QjJrRM;True;True;P;qcn;True;True;False;pRFdYAekA;MQeLyeccPm;2002;11;12MAR1990:02:23:10;460784507;1962;02;15Feb1990:02:23:10;460781768
JyFawdCcWdIYjCiEH;300007648;BAMNB;000000000;tdD;tcN;10;2012;False;False;True;False;False;True;True;True;False;Vnfcl;29011976;07031976;05/12/2010;02/01/2011;201509;OhFDbu;True;True;l;Ajr;False;True;True;JYkQTKZaN;sGNnRspCgh;1996;04;05MAR2005:11:08:17;750025249;2012;10;26Feb2005:11:08:17;000000000
JyFawdCcWdIYjCiEH;370009136;TecFN;000000000;pBi;aYO;10;1985;False;False;False;True;True;True;False;False;True;kXIcj;02072021;29072021;17/02/1994;10/03/1994;197110;CucenC;False;True;Q;yXH;True;True;False;JfAyaSHVM;IQXEwEjHOr;1981;05;18JUL1995:01:40:02;370006116;1985;10;04Jun1995:01:40:02;000000000
JyFawdCcWdIYjCiEH;340025014;dbPat;580970135;EeM;GPn;09;1986;True;False;False;False;True;True;True;False;False;ubioj;15062000;20062000;09/05/1992;19/05/1992;198603;ACyypE;True;True;u;RPz;False;False;True;yzVHqXYLP;ZwWFoznEnC;2001;03;19AUG1970:17:31:08;580970887;1986;09;30Jul1970:17:31:08;580970135
JyFawdCcWdIYjCiEH;540025004;Gbmus;000000000;ZzY;oBt;08;1988;True;True;False;False;True;False;True;False;True;GJneC;15051991;02071991;11/08/1983;25/08/1983;197008;IlmPLT;True;True;l;TQY;True;False;False;SEJwkPJqP;yNeKRlRZjc;2017;09;09JAN2003:17:11:20;920035912;1988;08;30Dec2002:17:11:20;000000000
JyFawdCcWdIYjCiEH;660001983;xvIgQ;000000000;qDY;OES;05;1987;False;False;True;False;False;True;False;True;False;kHCgv;05121981;25121981;24/07/2014;06/09/2014;199302;OetsnY;False;True;n;ioO;False;False;True;WncTMNBQz;rOjveprmIi;1962;07;18AUG2009:12:35:26;260010954;1987;05;09Jul2009:12:35:26;000000000
JyFawdCcWdIYjCiEH;970301396;JOXNQ;000000000;mqM;AIl;04;2003;False;True;False;True;False;False;True;False;True;cVivo;25042019;26052019;26/02/1992;03/04/1992;199504;WoKhFR;True;False;c;vcg;True;False;True;cljVYaiSo;ztSlhWEydS;2011;06;12SEP1981:13:40:18;570008318;2003;05;29Aug1981:13:40:18;000000000
JyFawdCcWdIYjCiEH;540001088;wrFuX;000000000;fyM;qDb;08;1974;False;True;False;True;True;False;True;False;False;ySmnD;24041976;11051976;22/10/2022;19/11/2022;201601;dUtYdk;False;False;t;yiP;True;False;False;PbdqHPWsB;TYsxHLkRdP;1982;01;04JAN2001:14:51:08;530001908;1974;08;30Dec2000:14:51:08;000000000
PJyAxiDcrHhuYnCQt;340008002;cuoOM;000000000;bdN;hkO;06;1987;True;False;True;False;False;False;True;False;True;UQxZw;05091985;08101985;31/07/2011;12/09/2011;197502;KRPbym;False;False;O;UCR;False;True;True;cuhrxjCMI;LXPWMsjFgX;1984;11;21DEC1997:11:20:48;170022990;1987;06;02Dec1997:11:20:48;000000000
PJyAxiDcrHhuYnCQt;910022284;qPGXp;000000000;lJa;umT;04;1986;True;True;False;False;False;False;False;True;True;cICQx;30032002;01042002;26/11/1976;12/01/1977;197005;bDgdtv;False;False;B;Ctq;False;True;False;HYSCJIBMN;DJpfGpGaCA;2012;12;10MAR2015:23:17:15;220022925;1986;05;13Feb2015:23:17:15;000000000
PJyAxiDcrHhuYnCQt;760018291;DdgQt;000000000;rvp;PXt;08;2012;False;True;True;True;True;False;True;False;False;vXdJr;15012021;21012021;26/02/2007;18/03/2007;198507;VbCekB;False;True;H;rNF;True;False;True;CgcNzYKjU;FWXzUyWxCz;1985;08;07DEC1999:16:08:45;370007155;2012;08;31Oct1999:16:08:45;000000000
FsougWAIPNAWuqWIQ;950036921;UiQIt;000000000;FUS;miz;06;1962;False;True;False;True;True;False;False;False;True;GlSzM;01091988;25091988;12/08/2017;19/08/2017;200711;iqoMam;False;True;E;ZNs;True;False;True;AUEGQkFvg;JXhhEqBSCA;1994;09;01MAY1977:13:04:59;670003078;1962;06;11Apr1977:13:04:59;000000000
FsougWAIPNAWuqWIQ;240016485;Wpbkr;000000000;Wmm;Mkx;01;1996;True;False;False;False;True;True;True;False;True;JuEfu;24031970;10051970;29/04/1994;18/05/1994;202104;tHqmVo;False;True;s;YaQ;True;False;True;vmvuHGewa;lhkNlrOazz;1986;01;13DEC2016:04:49:39;670007798;1996;01;08Nov2016:04:49:39;000000000
FsougWAIPNAWuqWIQ;840010037;obrvl;000000000;jiV;lrf;04;2019;True;False;True;True;True;True;True;False;True;JnZbg;24061992;13071992;18/03/2018;26/03/2018;199209;AogQhT;True;True;N;QLM;False;True;True;xeTNsaRVT;POQGcwtyuU;1991;10;25NOV1981:15:30:29;300000544;2019;04;17Oct1981:15:30:29;000000000
FsougWAIPNAWuqWIQ;830014940;aHziD;000000000;vRI;kWM;09;2017;True;True;False;False;False;False;True;True;True;UjPsw;14022003;29032003;03/10/1990;01/11/1990;202211;QFeQQB;False;True;v;WIo;True;False;False;YTMbTCOVE;ycfrYUkyCK;1969;09;06JUL1977:21:13:17;100003235;2017;10;26Jun1977:21:13:17;000000000
PEyUrNJzINkmgxwUz;640004321;lPqhC;000000000;Uuy;kyB;12;1963;True;False;True;False;False;True;True;True;False;fZmIS;02112004;21122004;26/08/1993;17/09/1993;200309;FtahCN;False;False;u;Vxo;True;True;True;eKcmOPFve;sjiBtPFjTb;1972;04;15SEP1974:11:31:27;910014620;1963;12;27Aug1974:11:31:27;000000000
PEyUrNJzINkmgxwUz;460002553;whYcM;920021995;RHw;CPa;03;1988;True;False;False;True;False;True;False;True;True;EdejM;26032021;21042021;04/05/1991;04/06/1991;197809;jDYTko;False;False;w;Rec;False;True;True;XgYZOXsRb;fcxVAQYHGk;2004;01;03FEB1971:11:38:37;920802352;1988;03;31Dec1970:11:38:37;920021995
PEyUrNJzINkmgxwUz;630000818;IBqFK;000000000;Tax;eTh;08;1990;True;True;True;False;False;True;False;False;True;rmfPL;12121996;14011997;08/09/1981;14/09/1981;197403;ngmZqk;True;False;B;qQm;False;True;True;pOjDxzROx;dagpwQgHCY;2000;08;18APR1998:10:35:45;670012145;1990;08;16Mar1998:10:35:45;000000000
PEyUrNJzINkmgxwUz;570003582;IOSsC;000000000;jid;Gys;02;2013;False;True;True;True;True;True;True;False;False;HRcBd;09062016;09072016;09/05/2021;10/05/2021;197510;Uirvmp;False;True;T;FDO;True;False;True;UFVSphykT;qZXbqbfTNm;2018;09;19AUG2018:14:47:32;690037148;2013;03;31Jul2018:14:47:32;000000000
PEyUrNJzINkmgxwUz;130009632;vXyus;000000000;iGw;FIi;03;2006;True;False;False;True;True;True;True;True;False;EEFvG;28012024;08032024;09/07/2015;18/08/2015;198709;vtmQUf;False;True;M;jII;False;False;False;oCDoSffbW;WGZbLVVBQO;1982;04;29APR1993:14:59:44;380020420;2006;03;12Mar1993:14:59:44;000000000
PEyUrNJzINkmgxwUz;130001613;BOyIE;000000000;ZlJ;KPo;02;2018;False;False;True;True;True;False;True;True;True;mNAuD;29122002;04012003;17/04/1992;05/05/1992;199104;HdnnEW;False;False;z;TPD;True;False;True;DsbWojVRU;nVvdZKvwnK;1967;09;23JUL2011:04:00:03;850002056;2018;02;10Jun2011:04:00:03;000000000
wncGatZHIojdEqiPo;880007992;STTmN;000000000;arR;wgH;07;1988;True;False;False;False;True;True;False;False;False;LjtYI;18021989;17031989;28/07/1995;04/09/1995;199111;CMcGSO;True;True;D;aKX;False;True;True;Mxvvahygp;UgIpjtfiLA;2007;03;15OCT1983:08:12:32;870013018;1988;07;03Sep1983:08:12:32;000000000
wncGatZHIojdEqiPo;910015080;SxWjp;000000000;dVT;aUN;04;1984;False;True;True;True;True;True;True;True;False;OwijM;09012007;27022007;28/12/2009;18/01/2010;200810;ruYtbs;False;True;l;Euo;True;True;False;uehveEURF;tCTauHQfmo;2009;09;20SEP2007:11:11:27;730012457;1984;04;29Aug2007:11:11:27;000000000
wncGatZHIojdEqiPo;060001849;lKHDN;000000000;PNw;bqG;01;1979;False;False;False;False;True;False;True;False;True;EfMpR;29081973;20091973;28/06/2003;04/07/2003;197006;dqQejn;True;True;T;ilx;True;False;True;kdeIiifFE;nvNHJomuWR;1976;06;28SEP1983:15:23:30;350054441;1979;01;30Aug1983:15:23:30;000000000
wncGatZHIojdEqiPo;690798004;DGbsn;000000000;RJG;giS;07;2008;True;False;True;True;False;True;False;True;True;SUmGv;03122022;21012023;18/11/1974;04/12/1974;201010;VqOkun;False;True;z;qDT;False;True;False;ivgclApff;bkgChltdqm;1993;07;26MAY1999:08:34:06;540016607;2008;08;20May1999:08:34:06;000000000
wncGatZHIojdEqiPo;290011543;hLcBg;580970135;Obo;Dtz;01;2000;True;True;True;False;True;False;True;False;True;QrkXD;19101971;16111971;30/12/1977;11/01/1978;201909;bumIIQ;True;False;x;GVc;False;False;True;HhnRZnpGN;aWCVtxUVpl;2013;11;22OCT1987:15:13:40;580970887;2000;01;10Sep1987:15:13:40;580970135
wncGatZHIojdEqiPo;550004931;DOfQo;000000000;OdC;jpz;07;2000;False;False;True;True;False;True;False;True;False;RxVlZ;28041997;07051997;09/11/1990;28/11/1990;202206;OEZGhw;True;False;N;Ajf;False;True;True;vtRQCpxzx;hQEGwzGhfu;1994;12;16SEP1984:07:29:25;500014139;2000;08;06Sep1984:07:29:25;000000000
wncGatZHIojdEqiPo;560015034;abcaB;000000000;pBz;puQ;12;2016;True;False;False;True;True;True;False;True;True;KeUWW;22071994;30081994;14/08/1971;06/09/1971;197306;fCfqzE;True;False;c;fqQ;True;True;False;jNXPoScqb;mRCgAlxSDp;2016;05;26OCT1974:01:23:25;510019367;2016;12;24Oct1974:01:23:25;000000000
wncGatZHIojdEqiPo;580005536;jGOnf;130030539;hSo;EGg;10;1986;False;True;True;False;False;False;False;False;False;kicRA;02032012;18042012;22/01/1977;03/02/1977;201005;RqqavV;False;False;o;mzs;False;False;True;XGwXKXIXf;dYljevbVRm;1975;09;16JUN1993:00:28:29;130804081;1986;11;29Apr1993:00:28:29;130030539
NdSaIRwgWxoJGjQjb;810010082;XAgIN;000000000;zaR;qkH;12;1983;False;False;True;False;True;True;True;False;False;KcBqV;25042015;13052015;01/07/1991;25/07/1991;200107;ylrjWU;True;True;C;uBx;True;False;False;CijUmaRIF;mDtRTDtEaD;1963;10;03JUL2000:18:02:43;300018108;1983;01;17May2000:18:02:43;000000000
NdSaIRwgWxoJGjQjb;060002193;HEmRY;000000000;HrS;Dup;11;1980;True;False;False;True;False;True;True;True;True;GWNaE;25032007;14042007;27/07/2021;10/09/2021;199601;YvLnaM;True;True;K;HHA;False;False;True;lfwfHwwMi;VaUZnMevSV;1964;07;09FEB1978:17:54:31;130014467;1980;11;26Jan1978:17:54:31;000000000
NdSaIRwgWxoJGjQjb;970209888;JLrVd;000000000;CFm;tCa;04;1962;False;False;False;True;True;False;False;True;False;MjGJt;08041999;22041999;16/05/2012;25/05/2012;202010;qLSQtZ;False;False;o;uND;True;False;True;BotIPrNFy;NTLfhKGihG;2002;08;18MAY1973:10:47:51;890006299;1962;04;18Apr1973:10:47:51;000000000
NdSaIRwgWxoJGjQjb;630006195;aVsJz;000000000;iiB;Qwh;08;1971;False;True;True;False;False;True;False;True;False;JTJAk;02121978;07011979;06/06/2015;24/06/2015;199805;WXZdvY;True;True;g;dBn;True;True;True;ZspFeElrM;hbQpZRgckj;1966;05;16FEB1973:13:49:05;910009513;1971;08;22Jan1973:13:49:05;000000000
NdSaIRwgWxoJGjQjb;950020875;qGDNa;000000000;hph;sGU;09;1984;True;False;True;True;False;False;False;False;False;fwIva;17101979;08111979;09/11/1979;10/12/1979;201405;uwekkO;False;False;y;qrS;False;True;False;qqKrVODvu;kdPQWgbvCu;2013;06;09JAN1982:21:58:29;210780714;1984;10;24Dec1981:21:58:29;000000000
NdSaIRwgWxoJGjQjb;590781902;RiFSt;000000000;szg;zsM;11;1991;True;False;False;False;True;True;True;True;True;RYIkH;12021985;03031985;08/11/2010;27/11/2010;199112;EBEtgR;True;False;e;ZKk;True;False;False;aYiwfNovW;sFRKYJbGso;2017;07;18MAY1980:10:37:19;300014651;1991;12;28Apr1980:10:37:19;000000000
NdSaIRwgWxoJGjQjb;950023440;uaDWn;000000000;vky;YEc;01;1995;True;True;False;False;False;False;True;True;False;EIYyV;13031990;17041990;03/04/2011;12/05/2011;200806;HtXhPe;True;False;x;dMI;False;False;False;spFFyxpYT;lDHxexhmYR;1973;04;14AUG2009:23:14:54;490009693;1995;02;27Jun2009:23:14:54;000000000
NdSaIRwgWxoJGjQjb;680007135;tMOCj;000000000;gWX;GYF;11;1969;False;True;True;True;True;True;True;True;True;MctvZ;01031970;26031970;08/11/2016;02/12/2016;198610;Dwekis;False;True;U;XWI;False;False;True;GXJZwmKJl;kDjlxMdEuT;1962;06;17JUL2011:02:50:04;320000748;1969;11;29Jun2011:02:50:04;000000000
NdSaIRwgWxoJGjQjb;760003996;LGNyr;000000000;Xlj;VhH;10;1967;False;True;True;False;False;False;False;False;False;jkXQi;16102005;09112005;24/11/1979;11/01/1980;201804;OaLKzO;True;False;C;MyY;True;False;True;PTkJqRxsR;AkzSdVRJHD;1980;08;16NOV1980:16:30:24;240011940;1967;11;09Oct1980:16:30:24;000000000
DaptJAVFueIXgWbyN;440034924;jgcGQ;000000000;yhT;yCI;08;1995;False;False;True;True;False;True;False;False;True;Joykn;05021993;21021993;11/03/2005;21/03/2005;201806;fhoQVE;False;True;M;rqB;True;True;False;lBuyMQpry;YEqWyvVEiQ;1996;08;21MAR1978:12:48:54;210001012;1995;09;10Mar1978:12:48:54;000000000
DaptJAVFueIXgWbyN;2A0003844;zIgRm;000000000;fkT;xny;06;2016;True;False;False;False;False;True;False;True;False;wMSDO;06091997;22091997;10/12/2023;21/01/2024;200108;yNdLKO;False;True;B;kmG;False;False;True;xnDvJTwBy;IYXBrbrPsI;2006;11;28DEC1998:00:42:54;370014649;2016;07;16Nov1998:00:42:54;000000000
DaptJAVFueIXgWbyN;590813226;OcbcS;000000000;FDH;UzV;05;2013;False;True;True;True;True;True;True;True;True;XHycH;24031994;01051994;25/08/2016;21/09/2016;199610;NCMBDM;True;False;g;xJL;False;False;True;KdPmiNiAJ;vuCCGlHTqY;1975;11;30JUL1980:03:52:59;950036640;2013;06;16Jun1980:03:52:59;000000000
DaptJAVFueIXgWbyN;490003555;KopZU;690004346;cXM;Ynz;09;2001;False;False;True;False;False;True;False;True;False;XybyX;08041993;17041993;13/02/2010;16/02/2010;201112;dQnDzh;False;False;i;LnC;True;True;True;jzTFtTxlq;LIvgZiFElk;1978;06;27JAN1999:07:23:38;690006101;2001;10;11Jan1999:07:23:38;690004346
DaptJAVFueIXgWbyN;590022265;IRdfy;000000000;IBU;ZPc;10;2009;False;False;False;True;False;False;False;True;False;mkWuI;24062022;30072022;23/06/1977;03/08/1977;197808;DLoYRU;False;True;I;Uxw;True;False;True;IsUucFEjs;eRSANEunYg;2002;08;23JAN2009:13:42:07;120004791;2009;11;12Dec2008:13:42:07;000000000
DaptJAVFueIXgWbyN;830010914;nWkiz;000000000;WPT;Cwt;06;2003;False;False;True;False;False;True;True;True;False;LTAQh;09032023;04042023;01/02/1980;16/02/1980;198710;LyfEjw;True;True;Q;cnU;True;False;True;dfighjHOY;YNiHSqikiz;2011;11;22JUN1976:00:07:10;780009270;2003;07;21Jun1976:00:07:10;000000000
DaptJAVFueIXgWbyN;530000652;EhttJ;220024418;Pjx;qEQ;05;1992;True;False;True;False;False;False;False;True;False;JgQHA;18112005;21122005;06/07/2023;10/07/2023;199108;blWhbW;True;True;X;KoX;True;False;False;ehDuJDYqL;IIzNXJgEqq;2002;04;16MAR1986:05:06:25;350046256;1992;06;27Feb1986:05:06:25;220024418
DaptJAVFueIXgWbyN;380010546;sFPMw;000000000;Ets;UtU;11;1974;True;True;True;True;True;False;True;False;True;WbSIM;11122006;19122006;21/10/2005;14/11/2005;197604;xlVBGa;False;True;z;EeQ;False;False;False;YxWdeKLuf;byvfbPGrIZ;1979;06;03JUL2022:01:01:41;220002463;1974;12;31May2022:01:01:41;000000000
iUSFpSGgMWijbVkMN;950018358;lPyvL;000000000;zrL;bZc;07;1982;False;False;True;True;True;False;True;False;True;fthtq;01022008;26022008;20/04/1997;05/05/1997;197705;TMiaKC;True;False;r;ymk;False;False;True;oDbgLTqAL;lOqsLEHtAP;1972;11;16JUN1982:23:56:56;850000449;1982;08;16May1982:23:56:56;000000000
iUSFpSGgMWijbVkMN;520001447;DKCIs;000000000;JCb;uMW;12;1989;True;False;True;True;False;False;False;False;True;nPpSF;04111975;18111975;04/10/1998;28/10/1998;199205;oMNpOI;True;True;b;saH;False;True;False;ZqafGHxXS;yznDyXibjT;1987;12;13APR2007:23:39:23;060008216;1989;01;21Mar2007:23:39:23;000000000
wlKRdHAoyzVrxtfcJ;970305181;tgFuw;000000000;vJW;NJk;07;1975;True;False;False;True;True;True;False;True;False;nAloo;08102023;11112023;24/11/1988;25/12/1988;197901;XoMKNS;False;False;D;UVN;True;True;False;KyXRuOvjY;iUCrxlfEHh;2004;02;25APR1991:10:13:28;340797794;1975;08;18Apr1991:10:13:28;000000000
wlKRdHAoyzVrxtfcJ;660005133;tmPfu;000000000;cel;QBY;01;2005;False;True;True;True;True;False;False;True;False;jrYJU;12032005;24032005;18/12/2022;24/01/2023;199512;GFhueu;False;True;o;EYc;False;False;False;zOnbraHnP;gjudhtktNc;2010;08;23FEB1977:15:33:39;920020377;2005;01;24Jan1977:15:33:39;000000000
wlKRdHAoyzVrxtfcJ;730012259;HGcCe;000000000;QcN;Jws;05;1990;False;False;False;False;True;False;True;True;True;QIEDs;28062021;29062021;06/08/1971;24/09/1971;198106;yMCsWj;True;False;d;fCZ;True;False;True;dBVVeYRAa;sCliAEDNpi;1964;06;11JUN2009:21:18:54;510000037;1990;05;30May2009:21:18:54;000000000
xKhSbvCzytglDAYBD;270020472;lVkri;000000000;PHb;ZeD;11;1969;False;True;True;True;True;False;False;True;False;yLPsd;03051976;12051976;30/12/1982;14/01/1983;198405;ARUekT;False;True;Z;yIr;False;False;False;qrVsaxTMW;AAtTHpPkrc;2001;05;21SEP1986:14:11:11;750065922;1969;11;12Sep1986:14:11:11;000000000
xKhSbvCzytglDAYBD;170009005;tRgem;000000000;AfS;tJK;10;1987;False;False;False;False;False;False;True;False;False;sIpXz;18092006;27102006;01/02/2016;04/02/2016;201311;gYecTq;False;True;b;hAO;False;True;False;cZvIgeXTc;gXJQCnUNoe;1985;02;30AUG1984:07:36:18;510021934;1987;11;20Jul1984:07:36:18;000000000
xKhSbvCzytglDAYBD;350037933;kLquF;000000000;xKX;mUe;01;1982;True;False;True;True;False;True;False;True;False;RRFLB;24082011;01092011;01/10/1994;11/10/1994;197308;dqNzFV;True;False;U;teo;True;True;True;aqUQLpCOc;yPorqpVhOY;1976;05;19AUG1973:18:22:44;400004248;1982;01;04Aug1973:18:22:44;000000000
xKhSbvCzytglDAYBD;160003091;YIOpG;000000000;Syd;CHA;07;1986;True;True;False;False;True;True;False;True;True;HBpaW;17012010;18012010;18/10/2000;27/11/2000;202108;QxEKWD;False;False;d;ECz;False;False;False;FMJvdBcdT;ekBYuhYitr;1985;05;24FEB2015:05:29:08;310792585;1986;07;18Feb2015:05:29:08;000000000
xKhSbvCzytglDAYBD;930015144;TVAOM;000000000;qWx;tSS;12;2013;False;False;True;True;True;True;True;True;False;haWYB;14062016;23062016;06/10/1983;15/11/1983;202305;pSfDdl;True;False;s;CPo;True;True;False;FWpqAyJSb;DnLgAsVaCB;2017;04;05MAR1995:18:50:56;730001617;2013;12;01Feb1995:18:50:56;000000000
xKhSbvCzytglDAYBD;380004408;EsfrX;000000000;xHq;loa;04;1986;True;True;False;False;True;False;False;False;True;BpTSL;17072004;02082004;30/08/1998;04/10/1998;199607;HtdXYy;False;False;X;ovn;False;False;False;ucraoacKX;jovWXkDEjk;1991;01;15SEP2003:04:32:28;700001639;1986;05;09Sep2003:04:32:28;000000000
xKhSbvCzytglDAYBD;390783520;juixX;000000000;wyk;pdH;05;2019;False;False;False;False;True;False;True;True;False;bPUNU;23091984;06111984;04/07/2000;05/08/2000;200208;UlclkA;True;False;o;xYX;True;True;True;sNNJGdmwx;ksKKlDdHxl;1967;06;05JUL1983:07:36:51;970401725;2019;05;19Jun1983:07:36:51;000000000
cErxxqhzTcWzsQOaf;450013727;UQwSw;000000000;wAM;pPI;09;1981;False;True;True;False;True;False;False;True;False;OFWtm;08102007;15102007;11/05/1983;23/05/1983;200010;RFKOZC;True;True;O;PCe;True;True;False;FwcoasmVf;StdEWOfmgr;1998;12;03FEB1988:04:52:13;130049455;1981;10;22Dec1987:04:52:13;000000000
cErxxqhzTcWzsQOaf;950803007;YMPAZ;000000000;RVE;VFM;06;1988;False;True;False;False;False;True;True;True;True;LXCSs;16081973;29091973;23/03/2000;06/04/2000;197008;TyRFIu;True;True;W;fcr;False;False;False;rveZnXnBW;nzilnnjJYT;1979;01;02APR1979:09:18:12;270020902;1988;07;20Feb1979:09:18:12;000000000
cErxxqhzTcWzsQOaf;330058686;TGgYc;000000000;aOc;vDL;10;2005;False;True;False;True;False;True;False;True;True;PzrWw;28111977;15121977;21/01/1976;06/02/1976;200911;FGkIIz;False;True;R;dkV;False;False;True;PTezubBcW;fqNXJnuZGf;1979;12;19DEC1976:16:57:48;300005352;2005;10;15Dec1976:16:57:48;000000000
cErxxqhzTcWzsQOaf;020008058;gMxfu;070785944;VEp;OtY;05;1989;True;True;True;True;True;True;True;False;False;WtGoA;21032019;18042019;21/09/1975;28/09/1975;200703;GsLQXy;True;True;R;xxD;True;False;True;jozQTnBCj;cWkNjkGtVv;2019;03;15SEP2019:06:11:49;250017415;1989;06;25Aug2019:06:11:49;070785944
cErxxqhzTcWzsQOaf;940022387;krbXH;000000000;ErI;jMR;01;1966;True;True;False;True;False;False;False;True;False;Rtrek;03092021;22092021;30/03/1997;05/05/1997;201906;KEkUxN;True;True;l;aIk;True;True;True;fbQJjJDRg;zzMNfiLXMR;2007;01;24DEC2011:03:44:17;380800821;1966;01;24Nov2011:03:44:17;000000000
cErxxqhzTcWzsQOaf;410000889;MVNDp;000000000;uCd;Ucg;04;1980;False;True;False;False;True;False;True;False;False;MSaQg;31031982;06041982;13/04/1999;31/05/1999;199601;nACwdY;False;True;D;BzP;False;False;True;CNpXHEcrF;COZfCxuvwn;1988;04;10OCT2011:03:17:53;560008088;1980;04;22Aug2011:03:17:53;000000000
cErxxqhzTcWzsQOaf;750826422;JLMwP;000000000;IZB;mYx;01;1989;True;True;True;False;True;True;True;True;True;pFEGH;23101977;20111977;10/09/1992;21/09/1992;201801;QFSuyq;False;False;x;RMD;True;True;False;RwpOAAyUk;poiARDAesw;1975;04;09NOV1978:05:36:59;890001662;1989;02;26Sep1978:05:36:59;000000000
cErxxqhzTcWzsQOaf;320003601;TBdlx;000000000;VYJ;mhL;04;1970;True;True;False;False;True;False;False;False;False;GTAwf;05012021;27012021;09/06/2013;15/07/2013;202111;QUJypQ;False;True;L;ysq;True;False;True;EwIigkFok;PpCcozqNkN;2016;04;09AUG2019:00:16:24;730007275;1970;04;23Jun2019:00:16:24;000000000
cErxxqhzTcWzsQOaf;620025825;vmEiX;000000000;RDJ;pcb;09;2008;True;True;True;False;True;True;True;True;False;gTZuW;02121996;27121996;30/01/1995;16/03/1995;202402;VgtUec;True;True;d;Hcn;False;False;False;LmfYatyfW;ZuzqczONLx;1962;05;18JAN2009:09:20:07;940007941;2008;09;13Jan2009:09:20:07;000000000
tBnhjDEpSZyCHUJja;640002614;TKzkn;000000000;Zlk;okE;02;1978;False;False;True;False;True;False;False;False;True;CezPa;28072012;10082012;11/01/1996;14/01/1996;199003;fdEvhU;True;False;f;fIM;False;False;True;fURQyiJxc;ahApbWoxJS;2002;12;04JUN1997:09:53:24;920034881;1978;03;20May1997:09:53:24;000000000
CFbwCJdOfCHWGJXjr;560025546;DLRjx;000000000;MrX;MaL;12;1981;True;False;True;False;False;True;False;False;False;EOQmp;24092017;23102017;10/11/1982;18/12/1982;201205;NkRxox;False;False;m;HwN;False;True;True;dhfEJubCe;HorpKBIuCz;1984;03;26SEP1976:09:47:37;660001561;1981;12;06Sep1976:09:47:37;000000000
CFbwCJdOfCHWGJXjr;530001130;PrpwY;000000000;ozq;icw;10;1983;False;True;True;True;False;True;True;False;True;dwqqB;18072001;27082001;05/03/1979;07/03/1979;199909;RNTsku;True;False;X;MEO;True;False;True;stdibLFhh;Kaxuucxnob;1974;10;27NOV1992:18:05:42;640016689;1983;10;20Nov1992:18:05:42;000000000
CFbwCJdOfCHWGJXjr;350025987;MvTom;000000000;MLl;UJs;05;1976;True;True;False;True;True;False;True;False;True;uIbQS;24092021;15102021;25/09/1994;02/10/1994;200604;OVpSDP;True;True;i;Nzr;True;True;True;RUXtDSGKb;NFlVbOaQOH;2016;01;02SEP1970:18:08:30;840008510;1976;05;19Jul1970:18:08:30;000000000
CFbwCJdOfCHWGJXjr;600003289;czozZ;000000000;ujJ;GTZ;01;1960;False;True;True;True;True;False;False;True;True;ryBKf;13012001;30012001;17/08/2000;29/08/2000;199409;PEwFyq;True;True;F;zHm;True;False;True;MQJhINZKW;nGKLTMQEjs;2011;05;23DEC2013:22:12:52;310006093;1960;01;07Nov2013:22:12:52;000000000
CFbwCJdOfCHWGJXjr;060029394;zmoMq;000000000;YsR;qiP;12;2002;True;False;False;False;False;True;True;False;False;ttxgd;12011991;30011991;29/03/1988;15/05/1988;199604;wMkBNM;False;False;p;COG;False;False;False;ihmAICAOC;mgGwCYmves;1985;12;04APR1985:10:34:46;040006025;2002;12;02Apr1985:10:34:46;000000000
CFbwCJdOfCHWGJXjr;750001570;OGeLZ;000000000;FWw;VWN;06;2008;True;True;False;False;True;False;False;False;True;sLSqR;15072015;26072015;03/09/1998;07/09/1998;197611;TvUBSv;True;False;b;AmY;True;True;False;lSsgXrheW;rHChTsgZoE;1991;03;07DEC1973:02:49:46;750016578;2008;06;20Oct1973:02:49:46;000000000
CFbwCJdOfCHWGJXjr;220018766;RjrZH;000000000;LFV;GwC;04;1986;False;False;False;False;False;True;True;True;False;olyul;11091980;15091980;19/11/1972;05/01/1973;198302;qzrlWu;False;True;j;oLF;True;False;False;FOPbPzDLP;KlpIHDDZyZ;1963;12;10SEP2010:18:44:54;590031977;1986;04;28Jul2010:18:44:54;000000000
CFbwCJdOfCHWGJXjr;720002658;qBtFX;000000000;acZ;fUB;05;1968;True;True;True;False;False;False;False;False;False;XzXVy;15032023;28042023;20/06/1989;24/06/1989;201712;KaJyaS;True;False;R;lhp;False;True;True;KxEaDUkyZ;nihUxuMABA;1972;08;07FEB1980:14:35:28;310002936;1968;06;20Dec1979:14:35:28;000000000
bmXaBQIwaUMmsHeQi;800012759;YEPre;000000000;dru;AMC;11;1996;True;True;True;False;False;True;True;False;True;iInWU;27102009;28112009;21/12/2010;01/02/2011;199511;XCrHqU;True;True;b;Gon;False;True;False;fIFqpgIPr;uNogZzSRSX;1963;08;09MAR2023:14:16:48;130033665;1996;11;28Jan2023:14:16:48;000000000
bmXaBQIwaUMmsHeQi;930009295;icTTB;300000023;HlE;XTp;07;1982;True;False;True;True;True;False;True;False;True;hYwKm;28061985;14071985;17/11/1986;03/12/1986;197007;hCPeOz;False;True;f;EPf;True;True;True;JpoKMvvGY;KfbUcufLYD;2003;11;19JAN2024:07:47:09;300780046;1982;08;14Jan2024:07:47:09;300000023
bmXaBQIwaUMmsHeQi;2A0000683;TLGbn;000000000;YGO;GZT;09;1999;False;False;True;False;False;False;True;False;False;aJGaK;07031985;09031985;09/10/2008;18/11/2008;201303;QrxDle;True;True;C;QSm;False;False;True;NBqeBMCmf;LNiNSGxpNW;1995;05;07JUL2008:22:19:39;380006494;1999;10;18Jun2008:22:19:39;000000000
bmXaBQIwaUMmsHeQi;430003970;iNWIX;000000000;cmj;lty;01;1994;False;True;True;True;True;True;False;False;False;QUGXc;04032006;24032006;05/05/1991;18/05/1991;199508;RfBzQi;True;False;P;uYW;True;True;False;ReEEiivAq;LHRCygUOfp;1985;01;29APR1978:20:22:36;530001445;1994;01;14Apr1978:20:22:36;000000000
bmXaBQIwaUMmsHeQi;830023693;BMghn;000000000;oTV;Fva;03;1975;False;True;False;False;True;True;False;False;True;qzXKd;03091981;20091981;01/04/1985;10/04/1985;200304;YaoLLO;True;True;b;ZVu;False;False;True;meIijVqsS;MylsCVIYRf;1981;06;05JUN1980:15:17:55;660002155;1975;03;25Apr1980:15:17:55;000000000
bmXaBQIwaUMmsHeQi;750025942;gImgg;000000000;cEa;NUV;04;1967;False;True;True;False;True;True;False;True;True;JLlxt;05072009;22082009;19/03/1998;15/04/1998;197407;zPilLR;True;True;L;pGT;False;False;False;XkaXXFgQO;EFXZZgVMLD;1993;03;16DEC2018:02:52:48;560026320;1967;04;08Nov2018:02:52:48;000000000
bmXaBQIwaUMmsHeQi;490012457;vznxf;000000000;KSZ;rix;01;2008;True;True;True;False;False;True;True;False;False;sRZIa;14122023;01022024;30/05/1983;28/06/1983;197108;LWTSTL;False;True;r;HPe;False;True;False;tsSAgsBFp;kaZzYpEhNz;2014;07;04OCT1997:07:49:30;950017319;2008;02;07Sep1997:07:49:30;000000000
bmXaBQIwaUMmsHeQi;900000357;TYOrv;000000000;VWp;Uhq;03;2003;True;True;True;True;False;False;False;False;False;WbUaL;20012002;16022002;10/06/1981;12/07/1981;202005;rFzsdc;True;False;E;Nup;True;True;True;VXWBMGAny;LpxpfpEAQW;1981;09;30APR2016:23:13:18;140001231;2003;04;20Apr2016:23:13:18;000000000
eGEAhKseIlGlzxUgQ;570028449;PsmcB;000000000;tpS;qzY;01;1968;True;False;True;False;True;False;True;False;False;RhkRR;12011981;21011981;06/05/1979;21/05/1979;198910;kcNnXI;False;True;L;UiB;True;True;True;bgVSTdqOZ;mWcdIKCyZa;1980;08;27SEP1990:05:37:20;290003938;1968;01;16Sep1990:05:37:20;000000000
gOomevtWiUtGgGzjX;170805840;Jnajk;000000000;nCJ;mlU;03;2016;True;False;False;False;True;True;False;False;False;PKbdX;17071995;10081995;29/03/1990;11/05/1990;200009;bSRLuF;True;True;X;QXT;True;False;True;YgfaYcJfn;CQqTLkWnup;2011;06;06AUG1981:18:36:56;780821187;2016;03;18Jul1981:18:36:56;000000000
gOomevtWiUtGgGzjX;890001985;AiJFD;000000000;QQl;RHF;05;1987;False;False;True;True;False;False;False;False;False;mxqFQ;07091990;22091990;26/10/1973;12/12/1973;199012;DhyRfl;False;False;X;ALJ;False;False;True;iWBLaKZpw;WIrnlUKsyX;1979;01;06MAR2020:10:22:04;130018716;1987;05;30Jan2020:10:22:04;000000000
gOomevtWiUtGgGzjX;300009008;kGdtn;050006683;zjg;nqj;07;1981;False;True;False;True;False;True;True;False;True;gkmin;04071998;26071998;17/05/1995;03/06/1995;199508;CbhSzc;False;False;g;dCg;False;True;False;jBUTHbTxh;zzMepMdlTZ;1998;07;29SEP2021:00:59:50;380791061;1981;07;11Sep2021:00:59:50;050006683
gOomevtWiUtGgGzjX;490007762;uiQYW;000000000;KNR;wYq;11;1966;True;True;True;True;False;True;True;True;True;EQZLj;01091989;13101989;27/06/2006;30/07/2006;198102;wlTYmr;False;False;b;Agm;False;False;False;QCmUraARP;jlkOFKrgPJ;2002;10;07OCT1983:04:29:47;400008090;1966;11;15Sep1983:04:29:47;000000000
SIYhFihMxvRVuYifQ;940005465;cNmtQ;260011002;rtn;NWf;06;1974;False;True;True;False;True;True;False;True;True;GUNpJ;19111970;24111970;23/10/2017;01/12/2017;201010;tTYpPA;True;False;f;Iti;False;False;True;TgYHkmInr;EQlxsyxOIS;1983;03;09AUG2020:11:50:21;260011085;1974;06;18Jul2020:11:50:21;260011002
SIYhFihMxvRVuYifQ;790002695;dXTeM;000000000;uHu;FBR;09;1998;True;False;False;False;True;False;True;False;True;AhLYb;15091970;16091970;17/11/1982;25/12/1982;198902;YUvSjR;True;False;U;boQ;True;True;False;PgUbUsAKb;qaUayjHHGh;1960;03;09JUL1986:22:43:23;340012178;1998;10;04Jul1986:22:43:23;000000000
SIYhFihMxvRVuYifQ;370012353;zErvp;000000000;wjt;BMX;02;1977;True;False;True;False;False;True;False;True;False;xdvbE;28051992;04061992;26/12/2019;28/12/2019;197105;PeJdMc;True;False;E;ugN;True;True;True;JtvbCTcLU;NIrEPCElru;2004;06;26DEC1987:05:23:26;940011257;1977;03;23Nov1987:05:23:26;000000000
SIYhFihMxvRVuYifQ;690014097;VlXlD;000000000;Zzt;opv;09;1966;True;False;True;False;False;True;False;True;True;EeduA;21022010;29032010;08/03/2014;03/04/2014;197909;WnSNtQ;False;True;N;LpZ;False;True;False;hAQJeZGJR;VmwQuyRwsL;2001;06;09MAY1996:22:13:57;130026842;1966;10;03May1996:22:13:57;000000000
SIYhFihMxvRVuYifQ;130804867;zghbv;380789347;bzS;BkG;02;1997;True;True;True;False;True;False;True;False;True;bbLIy;02102008;18112008;22/06/2009;10/08/2009;201308;pIFRyE;False;True;J;GBJ;True;True;False;nKcRiQLzK;whRNCWTQAy;1963;11;19NOV1990:03:14:45;380790600;1997;03;08Oct1990:03:14:45;380789347
SIYhFihMxvRVuYifQ;930014188;ziaOU;110003886;ddq;LSz;12;2019;True;False;True;True;False;True;False;False;False;pFAUG;01012016;19022016;10/11/1975;15/11/1975;202306;sCRoTk;True;True;D;KaS;False;False;False;KczSFusRe;uaGrxRNgDL;2007;01;18MAR2010:19:37:58;110788023;2019;12;09Feb2010:19:37:58;110003886
SIYhFihMxvRVuYifQ;750823403;RaTph;000000000;fBZ;eVV;12;1963;True;False;True;False;False;True;False;False;False;VdTag;23022002;27022002;16/10/2008;05/11/2008;201203;ohQMzX;True;False;V;awX;False;True;True;FUBTNsVuE;JRdlNmEWWN;1989;09;22JUL1974:17:32:25;560008211;1963;12;01Jul1974:17:32:25;000000000
SIYhFihMxvRVuYifQ;840001895;RLdtK;000000000;BNC;zUN;05;1960;False;False;False;True;True;True;True;True;True;kkWLG;10041995;18051995;08/04/1979;03/05/1979;197907;HIuTmX;False;False;S;bhA;True;True;False;eEHQtVutK;lnubeQwrSq;1974;08;14JUL1977:11:05:42;910013788;1960;05;10Jul1977:11:05:42;000000000
mcSYRAdsgdNbatrcV;290009851;cstvp;000000000;FrJ;kdl;04;1973;True;False;False;False;True;True;True;False;False;JJWXK;01022018;13032018;28/09/1981;16/10/1981;199909;pSuOvd;False;True;d;pks;False;True;True;HigZyeuWk;SMqVccwnsK;2004;01;15SEP1997:16:15:54;330061011;1973;04;05Aug1997:16:15:54;000000000
mcSYRAdsgdNbatrcV;490009222;aRjIO;000000000;EXU;hmW;03;1976;True;True;False;False;True;True;False;True;True;lXMxx;13032010;02042010;18/06/2002;23/07/2002;197210;ZjOJng;True;True;U;FkB;True;False;True;wRGRJmmVz;utcRfVBGQf;1961;03;29APR1996:06:15:38;010003010;1976;03;29Mar1996:06:15:38;000000000
mcSYRAdsgdNbatrcV;520003674;zYpGP;590046033;HOg;rfy;03;1961;False;True;False;False;True;True;True;False;False;XtGaP;07091973;09101973;30/01/1986;04/02/1986;201402;DJcaiE;True;False;L;Egq;True;False;False;xpWLWsenw;EmvYDXUCZd;1979;12;09FEB1987:04:56:45;590797601;1961;04;29Jan1987:04:56:45;590046033
mcSYRAdsgdNbatrcV;290008747;hgQpD;000000000;QJH;IFl;07;1992;True;True;False;False;False;False;False;False;True;kVOOd;19081997;01101997;14/05/1977;28/05/1977;202204;SOHuGa;False;False;N;mja;False;False;True;xlkSdVdjy;qXzdrrjVFw;2007;02;29MAR1990:19:50:00;500022652;1992;08;16Feb1990:19:50:00;000000000
mcSYRAdsgdNbatrcV;450020805;tqFbW;000000000;wRR;MeS;09;1974;True;False;True;False;True;False;True;False;False;SGXJd;29042004;11062004;19/09/1984;17/10/1984;197508;PKGMZU;True;False;Y;VeA;False;True;False;widygIPrK;SHQjXOIOhG;1987;09;13MAY2000:08:41:19;950042648;1974;09;02May2000:08:41:19;000000000
mcSYRAdsgdNbatrcV;130050644;rzgnU;000000000;Yoo;fOm;03;2015;False;False;True;False;False;True;True;False;False;ktmSp;12051988;15051988;01/10/2003;21/10/2003;202402;vtvmUR;False;False;d;DZM;True;False;False;xFIjoVWdc;iUAfwTzUwN;2019;06;20OCT1985:15:54:55;270002439;2015;03;14Oct1985:15:54:55;000000000
mcSYRAdsgdNbatrcV;370003246;gFPcm;000000000;Qau;FpY;06;2005;True;True;True;False;True;True;False;False;True;vqrjI;23071991;24071991;06/09/2010;28/09/2010;197503;zWZfgb;True;False;Z;JeO;False;False;True;kHeJcRmqm;PPbeSIDjFp;1978;12;24AUG1979:23:36:10;770005684;2005;07;13Aug1979:23:36:10;000000000
mcSYRAdsgdNbatrcV;050000546;dkXvV;000000000;otq;Tzg;09;1973;False;False;False;False;True;False;False;True;False;MEozn;24121994;07011995;16/12/2012;29/01/2013;197011;jrFVsr;False;False;R;Ywq;True;False;False;EEnWXnWzK;lOpjbWlyOF;1972;02;17APR2017:08:22:15;690005368;1973;10;14Mar2017:08:22:15;000000000
XykHLgMDnWqUqzFXl;120008446;mUJyO;000000000;kWC;NjH;12;1969;True;False;True;True;True;False;True;True;True;tENyb;07042007;25052007;06/04/1996;12/05/1996;199305;PNeJLE;True;True;G;ERF;False;True;True;MwhjNyXJG;jJUTNzlcCj;2011;08;12OCT2021:15:53:34;410010177;1969;12;23Sep2021:15:53:34;000000000
XykHLgMDnWqUqzFXl;350046090;AFBDs;000000000;ldU;YZg;08;1996;True;False;False;True;False;False;False;True;False;oWPqT;10101997;08111997;08/08/1976;23/08/1976;197403;bNBPhw;False;True;x;jcL;False;False;False;OsdqwdrzN;ZEzpufMpOS;2003;08;03DEC1977:05:40:56;490006293;1996;09;26Oct1977:05:40:56;000000000
XykHLgMDnWqUqzFXl;800019143;nJyRH;000000000;xzn;lrJ;05;1984;True;True;True;True;False;True;True;False;False;rABXg;21122014;02012015;01/08/1975;13/08/1975;200505;iWDPhY;True;True;w;oSd;False;False;False;MbAoKOXEf;JKojHkkJJt;2000;12;22AUG1996:05:45:31;910019371;1984;05;14Jul1996:05:45:31;000000000
XykHLgMDnWqUqzFXl;520001215;clBEG;600008940;FvB;pYi;03;1986;True;True;True;False;False;True;True;False;True;TCPXR;27082018;15092018;05/03/1985;26/03/1985;202212;hCkPxy;True;True;c;IZH;True;True;True;nknSgEwan;PsqoPGnYLT;1993;04;04MAY2010:10:58:27;600107965;1986;03;18Mar2010:10:58:27;600008940
XykHLgMDnWqUqzFXl;290008655;sNIWq;000000000;WDj;ucz;04;1982;True;True;False;False;True;True;False;False;True;mnNZK;25012014;14022014;23/03/1992;06/04/1992;197905;yOppaM;False;True;t;tCi;False;True;False;oIrLFwJDw;pDHQRaveAQ;1977;10;15MAY1977:20:45:34;640009205;1982;04;12May1977:20:45:34;000000000
KMIJCZdgaQKwEvBhn;750052276;Vojzj;000000000;tsr;zoX;07;1983;False;False;True;True;True;True;True;True;False;bNSxB;10062006;15062006;16/02/2009;10/03/2009;198611;KLmJBG;True;False;A;UgU;False;False;False;kCdxXgmdG;rbGkLfNqZV;2019;05;19NOV1981:16:54:51;2A0022943;1983;07;23Oct1981:16:54:51;000000000
ahKwIVWGKltRBQGwA;130042427;PGQuD;000000000;SVu;CZk;01;1976;True;False;False;False;False;False;True;False;False;QCvkd;05101995;17101995;21/05/2005;04/06/2005;197708;auKllF;True;True;R;VFl;False;False;True;qfitENCzg;mFwWOktgiP;1965;06;10MAY2005:23:06:26;060028024;1976;02;03May2005:23:06:26;000000000
ahKwIVWGKltRBQGwA;010787570;TfHyg;000000000;DYb;Rlu;06;1982;True;False;False;True;True;True;True;False;True;MOjoW;09051977;27061977;11/02/1996;14/02/1996;200302;gxiheT;True;False;T;GBq;False;False;True;wyrOJwpmt;gZIcBuhwpo;1970;07;10JUN2016:05:22:02;060019700;1982;06;22Apr2016:05:22:02;000000000
ahKwIVWGKltRBQGwA;130023997;PLdoC;000000000;CZK;ZLX;04;2011;False;True;False;False;True;True;True;True;False;ILMFU;10111981;06121981;30/03/2017;18/05/2017;199812;gYvmmD;False;False;b;wjH;True;True;True;nezYUcukM;logsOYaEFd;1973;10;27MAR1990:08:30:46;660001983;2011;04;18Feb1990:08:30:46;000000000
ahKwIVWGKltRBQGwA;020013306;hlFos;000000000;uTy;lzC;05;2013;False;True;False;True;False;False;False;True;False;yWzwB;13122013;20012014;18/02/1984;28/03/1984;200307;kmGOXz;True;True;b;xfh;True;True;True;CSKKxvLoD;KWYIMvJYtA;1991;01;17JAN1995:20:34:39;010011583;2013;05;21Dec1994:20:34:39;000000000
ahKwIVWGKltRBQGwA;760028191;YTiLR;000000000;deB;aHd;11;1996;True;False;False;True;False;True;True;True;False;DYLSW;27071999;12091999;14/02/2008;21/02/2008;200606;eBjCaP;False;False;t;Phb;True;False;False;mqOiCdilf;nifiwyWCCG;1990;07;29MAR2023:20:35:30;130009285;1996;11;20Feb2023:20:35:30;000000000
ahKwIVWGKltRBQGwA;490011343;umYwX;000000000;Gkt;Sfw;11;1975;False;False;True;False;True;True;False;True;True;eodXL;16022010;29032010;17/06/1988;02/08/1988;197512;GwzCam;True;True;L;SIC;False;False;True;vqxLsnMFk;FzfpEeWoOu;2013;01;24APR1990:20:45:09;780005450;1975;11;13Mar1990:20:45:09;000000000
MYViSJQlTKDOwQlBV;060009610;EMyFe;380002139;zEb;VCB;06;1968;False;True;True;True;True;False;True;False;False;cbCuf;15092023;10102023;08/06/1996;29/06/1996;199710;nFVLra;True;True;z;ZFL;False;False;False;kOJyJVkMD;dYcAOxQYJc;2000;11;11MAR2009:05:37:19;380799619;1968;07;02Feb2009:05:37:19;380002139
MYViSJQlTKDOwQlBV;450019880;KbuPr;000000000;YPv;adA;03;1984;True;False;False;True;True;False;False;False;False;eCmdl;20101993;22101993;09/08/1987;10/08/1987;201102;MHgRKr;False;False;t;XHa;True;False;True;OVKSFaHjB;tgvKcfGtoB;2002;02;23MAR2012:05:25:59;620007716;1984;03;21Feb2012:05:25:59;000000000
MYViSJQlTKDOwQlBV;420001042;zbtuM;000000000;gCN;nlM;03;1986;False;False;False;False;False;False;False;True;False;bFFrh;21062022;07072022;14/11/2010;23/11/2010;199907;XyjLBS;True;False;E;GhO;False;True;True;DMlqaMoqk;euMFZyZCje;1976;06;12NOV2020:13:22:34;300019619;1986;04;09Nov2020:13:22:34;000000000
EftILCjPgEvzqFcsq;510010671;clska;000000000;GWv;LXq;06;1975;True;False;True;True;False;True;False;True;True;rlOFT;09042011;08052011;04/12/2018;03/01/2019;201909;gfcAnz;True;False;i;MzA;True;True;True;goqYIErnA;JeXUAbaQsd;1968;07;25JUL1975:10:42:00;340000371;1975;07;14Jun1975:10:42:00;000000000
EftILCjPgEvzqFcsq;910020726;qINKr;000000000;WFM;QEt;03;2015;False;False;True;False;True;False;True;False;False;MISZy;07042005;02052005;21/03/1998;08/05/1998;199602;idjrAK;False;False;Q;Nlz;False;False;False;NPNvsfHPb;Jodrpaaujy;1963;02;20JAN1987:18:52:05;900003922;2015;04;10Jan1987:18:52:05;000000000
EftILCjPgEvzqFcsq;600011977;kfNEh;510006844;zCs;QuO;02;1962;False;False;False;True;True;False;False;True;True;GsqNx;27011989;01021989;17/07/2023;28/08/2023;200912;gMpVoF;True;False;K;gnN;True;False;True;nBPYLTyBl;FFKdyBYNbQ;2010;04;25FEB1987:22:38:52;510009756;1962;02;15Feb1987:22:38:52;510006844
EftILCjPgEvzqFcsq;750026841;wGPjp;000000000;Gzf;FUu;10;2009;False;False;True;False;False;False;False;True;False;KWKlZ;27101990;11111990;30/01/2010;01/02/2010;198204;PpbSeh;False;False;p;mAa;False;True;True;dXiegpgZS;qplzMUKDyZ;2005;03;20DEC1970:15:21:25;720003284;2009;10;06Dec1970:15:21:25;000000000
XMrrlDQWwlnyZwrKM;670002237;Zsvfx;000000000;arp;suP;10;1989;True;False;True;False;False;True;True;True;True;StkHm;26061985;30071985;08/09/1979;10/10/1979;201206;EHtdpQ;False;True;i;ZvZ;False;False;True;aQlUALUHc;fBYiMQXOmo;1985;07;29SEP1988:10:25:19;330006180;1989;10;08Sep1988:10:25:19;000000000
XMrrlDQWwlnyZwrKM;310000807;ZXeFM;440000560;lQu;Zem;03;1960;False;True;False;True;False;False;False;False;False;SJwbn;19071993;29071993;31/05/1993;23/06/1993;198908;LUXHkl;False;False;W;cLR;True;True;True;tKPfTTtam;XPHRndKNPw;1983;09;07JUN1971:22:01:56;850009010;1960;04;06Jun1971:22:01:56;440000560
XMrrlDQWwlnyZwrKM;480001965;mLtED;000000000;ayR;HmI;10;1990;True;False;False;True;True;True;True;False;False;AsubI;04031980;18031980;25/05/1981;11/06/1981;197701;uQptaj;False;False;r;RaY;True;False;True;dwfRebeji;KjuSaPuKEf;1977;02;05MAR1974:17:56:45;620014357;1990;10;30Jan1974:17:56:45;000000000
XMrrlDQWwlnyZwrKM;130010028;RAYyL;000000000;wQg;IrI;01;2016;True;True;False;False;False;True;True;False;True;ocTXe;28072022;14082022;19/02/2015;25/02/2015;202108;WCrUuf;True;True;E;Quv;False;False;True;riFaVEpad;wYLnQDJNMU;2000;07;10MAR1970:21:41:19;760019026;2016;02;29Jan1970:21:41:19;000000000
XMrrlDQWwlnyZwrKM;060014669;VwJdf;350023073;BRI;VcQ;09;1961;True;True;False;False;False;True;True;False;False;AnfWU;24102008;30112008;30/09/1989;31/10/1989;201103;OZxxgk;False;True;G;SCv;True;False;False;ldKaBNIiU;QdFGKBOiSK;2004;08;29SEP1996:13:22:07;350033692;1961;10;22Aug1996:13:22:07;350023073
XMrrlDQWwlnyZwrKM;550000483;RNMyX;000000000;BhJ;YhG;10;1981;False;False;True;True;True;True;True;False;False;wcYfc;21092007;03112007;22/11/2001;23/11/2001;199511;avpIKi;False;True;L;jip;True;True;False;lEHAAAIgx;ixpoyKiqUx;1972;12;20MAY1985:03:56:44;310014220;1981;10;16Apr1985:03:56:44;000000000
CQcmMAcrdNiKiEmAc;950024208;vYxnP;690023593;NAa;CTf;09;2016;True;False;False;False;False;False;True;True;False;QYChE;13061986;03071986;28/05/1981;15/06/1981;200508;rfoqOs;True;True;B;BVx;False;False;True;eXKXuvzOC;EwGSKtiKBe;1976;11;02JAN2013:23:55:30;690031000;2016;09;19Nov2012:23:55:30;690023593
CQcmMAcrdNiKiEmAc;130018385;oKIXc;060786357;lbN;iqR;11;1997;False;False;False;True;True;False;True;True;False;lGwvA;01101999;13101999;02/07/2012;06/08/2012;197502;XoGsOp;False;False;J;HZt;False;False;True;WdBUduCYi;qhqjBympyh;2019;12;04DEC2021:15:38:05;060791357;1997;11;13Nov2021:15:38:05;060786357
UByqzuuRfirOKHIof;510001100;yHsBk;000000000;JJT;tOF;09;1963;True;False;True;True;True;True;True;True;True;CSMZY;30031998;17041998;12/03/1983;01/04/1983;199103;apANjn;True;True;r;HTj;True;True;True;CWnDzPZzc;tcuJdTtxfc;2007;07;10MAY2015:08:36:21;420005456;1963;09;04May2015:08:36:21;000000000
UByqzuuRfirOKHIof;590021911;Pmxtr;410006399;JVs;yYo;10;1986;True;False;False;True;True;False;True;True;False;psFRK;04102005;24102005;20/12/2023;29/12/2023;200609;pUqwjE;False;False;I;gDP;False;False;False;CslnMtYJJ;lBsxRzVECL;1981;06;23JAN1985:13:17:51;450002050;1986;10;07Dec1984:13:17:51;410006399
UByqzuuRfirOKHIof;030001309;uiZkr;590035572;SCr;hcf;12;1982;False;True;True;True;False;True;False;False;False;TyARR;17071976;15081976;06/03/1970;19/03/1970;201005;BDOgyB;False;False;K;ywx;False;False;True;IHhiQhGsS;qWwKVjpDnE;1963;01;27MAY2007:14:27:28;590802369;1982;01;19Apr2007:14:27:28;590035572
UByqzuuRfirOKHIof;670000132;Jwewf;000000000;TYo;ZXF;04;1979;False;False;True;False;False;True;False;False;True;wQwDK;11022015;25022015;03/05/2017;30/05/2017;197005;NxTxAt;True;False;W;Txd;False;True;False;EqxiSPuEP;LLEpbOLRyf;1982;09;29AUG1970:12:30:03;930014261;1979;05;08Aug1970:12:30:03;000000000
UByqzuuRfirOKHIof;830004099;Cwwtf;000000000;aYz;QmT;03;1987;True;True;True;False;False;True;True;False;False;TRZfl;12102019;20102019;14/07/1979;25/08/1979;200811;FuiEkj;False;False;p;XwH;False;True;True;ffLiVEsUb;jtsCWZqbcp;2008;08;05MAY1993:14:58:07;560001331;1987;04;25Apr1993:14:58:07;000000000
UByqzuuRfirOKHIof;610002255;dUQrK;000000000;bSm;Oxx;04;1965;False;False;True;False;False;False;True;False;False;XXSUg;29052010;15072010;13/09/2004;21/10/2004;200807;DmrKgT;False;False;k;kkm;True;False;True;xNzyicEcd;PYLvyfjMrE;2007;02;03JAN1971:09:42:19;690038500;1965;04;28Nov1970:09:42:19;000000000
TgpniBNwqcvdbnAAR;440008308;rtFIV;000000000;gZm;CRX;09;2004;True;True;False;False;True;True;True;True;False;HExCQ;05071985;11071985;19/03/1999;06/05/1999;201205;FxrhvC;False;True;i;egX;False;True;False;fIOGQQCOU;DFMDnaQjeJ;1974;07;05MAY2022:08:17:11;310027149;2004;10;29Mar2022:08:17:11;000000000
TgpniBNwqcvdbnAAR;330059908;jGeUN;000000000;Pah;dGO;03;2018;True;True;True;False;False;False;True;False;False;VMzLI;11082008;29082008;15/04/1974;31/05/1974;201605;HGOUPv;True;False;W;Fxs;True;False;True;wuDeroKsb;MsYYYhiwzu;1973;03;17JAN2006:04:07:17;590058657;2018;04;01Dec2005:04:07:17;000000000
TgpniBNwqcvdbnAAR;440006849;VEIbf;000000000;WQW;HXM;07;2010;False;False;False;False;True;True;False;False;False;dddGY;05092008;16102008;21/02/1987;11/04/1987;197706;LJXmtj;False;True;X;rqe;False;True;False;WTJzcRawR;GkhyntPEkQ;1989;02;18OCT1976:22:09:01;420002305;2010;08;29Sep1976:22:09:01;000000000
TgpniBNwqcvdbnAAR;970111787;smjIi;000000000;cxX;kOC;06;1960;False;True;False;False;True;False;True;True;False;Qhznh;15022021;22032021;02/03/2005;15/04/2005;199207;TSYngh;False;True;L;hlC;True;False;True;KDByEBGdm;kUoGqDYkvD;1994;04;19JUL2013:11:21:39;620026815;1960;07;19Jun2013:11:21:39;000000000
TgpniBNwqcvdbnAAR;840015085;WVrky;000000000;vGG;nWI;04;1973;True;True;True;True;True;True;True;False;True;SRzni;26082018;14092018;03/10/1971;10/10/1971;201710;cTWqXJ;False;True;n;vhp;False;False;False;KRaBpGGWY;YUqvVCxzcm;1972;08;19SEP2012:07:30:39;350000824;1973;04;02Aug2012:07:30:39;000000000
xLAscLSRWDRyNYBIG;180009185;CmknK;000000000;viO;qHP;03;1982;False;False;True;False;True;True;False;True;True;ctRee;05081991;27081991;08/07/2008;08/08/2008;200010;GnYhAD;False;True;b;DyN;False;False;True;zwGSxvCrN;YrXBiviinj;1999;12;05FEB1983:09:54:37;340001387;1982;03;25Jan1983:09:54:37;000000000
xLAscLSRWDRyNYBIG;310014121;IktSB;000000000;dXN;sHu;03;2012;False;False;True;False;False;False;True;False;True;OlKmu;05091990;16101990;29/03/1986;05/05/1986;199009;mNycek;True;True;H;Hsb;False;False;False;XNceFiRov;ImMMFswYIp;1997;06;06SEP1995:23:18:26;020015913;2012;03;30Aug1995:23:18:26;000000000
xLAscLSRWDRyNYBIG;970101267;WwyCB;410000061;Liw;OMX;07;2007;True;False;False;False;True;False;False;False;True;ZUTbg;01031982;12031982;20/08/1973;12/09/1973;200506;SctKBD;False;False;O;hmq;True;False;False;NPrInwgfE;GQoyJnEdgH;2006;02;25MAR1996:01:30:02;410009484;2007;08;13Feb1996:01:30:02;410000061
xLAscLSRWDRyNYBIG;510021454;qAEpn;000000000;sQx;HzA;08;1967;False;True;False;False;False;True;True;False;False;DTGUU;14081973;03091973;18/05/2003;21/06/2003;199003;jmRArL;True;True;P;ZFI;True;True;True;iabhjJkNp;mpLUKuqelw;2008;12;19OCT1984:00:09:00;410010789;1967;08;22Sep1984:00:09:00;000000000
xLAscLSRWDRyNYBIG;380791848;yrTIS;000000000;KVK;ecm;04;1985;True;True;False;False;True;False;False;False;True;iWvmv;17081992;11091992;13/04/2020;25/04/2020;198004;aMPuuz;False;True;p;mAy;True;False;False;cgumWuAVK;LFhctmgJhP;1996;12;08APR2002:11:35:57;940006513;1985;04;13Mar2002:11:35:57;000000000
xLAscLSRWDRyNYBIG;710004169;LmtsG;450007174;WVv;ymz;03;1976;False;False;False;False;True;True;False;True;True;qKfLF;16061985;15071985;26/12/2000;13/02/2001;202301;WVNYqH;True;True;k;dml;True;True;True;lkRceTjrd;bzTQSpWfkb;2001;02;25DEC1993:22:49:02;450013107;1976;03;30Nov1993:22:49:02;450007174
xLAscLSRWDRyNYBIG;440054427;lNLJp;090003237;Ecv;myj;06;1960;True;True;True;True;False;False;False;False;False;zxCAz;05021992;25021992;19/08/1973;31/08/1973;198802;VXUxZu;True;False;c;Bwg;True;False;False;XGbBiGhUr;BWdsHwYceP;2004;11;06OCT1981:23:42:40;310001631;1960;07;16Sep1981:23:42:40;090003237
LjPJhApSCUrYnicTw;780808929;ClwZs;000000000;oGu;IGB;12;1997;False;False;False;False;True;False;False;False;False;qNdIl;02111970;15111970;07/02/2003;05/03/2003;197406;Yewjxv;False;True;q;XBE;False;True;False;LHYjfulzw;rkrKzjqfHG;1991;10;21SEP2023:19:47:56;510005945;1997;12;17Sep2023:19:47:56;000000000
RhLuZBxSGsVTCfKJY;670012327;fLlCs;000000000;QeO;cXr;03;1982;True;True;True;True;True;True;True;True;True;hbnKo;01041998;11051998;25/04/2002;15/05/2002;201812;nqqNtL;True;False;M;ZAo;False;False;True;poceTJmFR;OwtzynLaNC;2015;02;16JUN1977:04:31:21;930004940;1982;03;11May1977:04:31:21;000000000
RhLuZBxSGsVTCfKJY;150002954;ZGVvP;000000000;XHC;TWD;04;1984;True;True;True;False;False;False;True;True;True;BMMCo;16112010;17112010;25/01/1971;26/02/1971;199001;VGeQHl;True;True;V;Vpf;False;False;True;JNeRaEsSc;MfPgdiyXzC;2017;06;03AUG1976:15:52:22;780001855;1984;04;07Jul1976:15:52:22;000000000
RhLuZBxSGsVTCfKJY;690010046;sfAqW;450019054;PFa;cCR;06;1984;False;True;False;True;True;True;False;True;False;iqQbg;19061997;14071997;04/05/1988;09/05/1988;199510;dYBVyH;True;False;d;Lxu;True;True;True;ssIyKAMxb;EcstRWWBIQ;2013;04;18NOV2013:00:43:35;920034386;1984;07;15Nov2013:00:43:35;450019054
RhLuZBxSGsVTCfKJY;060001179;bYrbR;750690232;Eyy;wRQ;12;1978;True;False;False;True;False;False;True;True;False;aOinS;20062015;28072015;22/12/1998;30/01/1999;200103;KWYpQT;False;False;S;ekp;True;True;False;DwuIpELsb;dEbHTRpSGm;2012;11;27JAN1998:03:43:00;750720948;1978;01;24Jan1998:03:43:00;750690232
RhLuZBxSGsVTCfKJY;610007593;HLrZM;000000000;OIg;yoB;07;1970;False;True;True;False;True;True;True;False;True;yhoPk;19072004;06092004;03/08/2004;24/08/2004;198607;EAXmfw;False;False;b;JKS;True;False;False;MmHRwctqQ;uNYXNJaIMn;2006;06;13FEB2002:04:52:12;430002311;1970;07;05Feb2002:04:52:12;000000000
RhLuZBxSGsVTCfKJY;340013556;SOgPF;000000000;yHq;aMy;10;2005;False;True;True;False;True;False;True;False;True;FIiOn;24071992;26081992;15/12/2023;17/01/2024;198811;gDDbKP;False;False;w;AeC;False;True;False;lQuZORLZv;iEdjqYHUrU;1997;10;28SEP2012:20:14:55;880003330;2005;10;10Aug2012:20:14:55;000000000
RhLuZBxSGsVTCfKJY;950005793;HnsED;000000000;bDT;oSX;06;2014;False;True;False;False;True;False;False;False;True;fMKZp;24101997;27101997;22/03/1992;07/05/1992;200905;UTNwwA;False;False;M;rhs;False;False;True;tfnjyFKas;fvYSzxbvsG;1967;09;12JUN1979:22:14:26;720003177;2014;07;26Apr1979:22:14:26;000000000
RhLuZBxSGsVTCfKJY;920005857;VSgQW;000000000;OFM;yFk;04;1967;False;True;False;True;True;False;True;False;True;bLQqA;29012003;01032003;26/03/1996;12/04/1996;201811;dbaIEF;False;True;a;eGA;False;True;True;DooNoYaNd;eHZKswgEdz;1977;01;24MAR2014:19:13:11;590012514;1967;04;12Feb2014:19:13:11;000000000
YViDfdLFgVfqtSMWa;420003501;PByra;000000000;IpZ;Ilz;12;2008;False;True;False;True;True;True;False;False;False;okXIU;18062002;05082002;11/06/2003;21/07/2003;198304;lPkNWm;True;True;t;ZAk;False;True;True;siInDWxtN;YDHUsABFzn;1987;01;21JAN1978:11:18:04;620009936;2008;12;17Jan1978:11:18:04;000000000
YViDfdLFgVfqtSMWa;420013591;srnGQ;000000000;Bxf;rJB;06;1996;True;True;True;True;False;True;True;True;False;RBKsM;15091982;08101982;10/02/2002;03/03/2002;198301;hNpdGA;True;False;e;JbF;True;True;False;HSfvDzqaO;yBthaEXVEH;2008;08;22NOV1985:04:48:47;070000559;1996;07;15Oct1985:04:48:47;000000000
YViDfdLFgVfqtSMWa;170025589;YXLNF;000000000;TNW;QTM;04;2014;True;True;False;False;False;False;True;False;True;pExMx;28112002;22122002;21/03/2000;12/04/2000;199104;TxbVAa;True;False;P;QxL;True;False;True;VgtePbGhC;BEaQiAoGRp;1973;10;24FEB2018:02:52:59;760026062;2014;04;06Feb2018:02:52:59;000000000
YViDfdLFgVfqtSMWa;380798074;gILUE;420000093;agr;QHd;04;1979;False;True;True;False;False;False;True;False;True;LGPiw;05051984;15051984;17/02/2004;06/04/2004;197704;Ecncov;False;False;M;usg;True;False;True;tyGBvNJIy;VrzaeeCsWS;2000;06;06DEC2002:16:07:23;420787061;1979;04;22Oct2002:16:07:23;420000093
YViDfdLFgVfqtSMWa;420001356;tBKkK;000000000;qyY;dfE;12;1980;True;True;True;False;True;True;False;False;False;eHCZU;07052013;27052013;23/01/1992;06/03/1992;197403;GvzUnV;False;True;J;SYD;False;True;False;wlXiYVxBb;XLJnVkYvGd;1989;03;18JAN2006:10:55:13;850013657;1980;01;02Jan2006:10:55:13;000000000
YViDfdLFgVfqtSMWa;720000660;alrOg;180004566;cfF;Mgi;04;1993;True;True;False;False;True;False;True;True;True;EiNPn;02082006;21082006;23/06/1992;03/08/1992;200403;mWSzIP;False;True;h;emK;True;True;False;nsZdovzhO;rdtbwQTihc;1988;11;27DEC1999:21:20:22;750811887;1993;05;23Nov1999:21:20:22;180004566
YViDfdLFgVfqtSMWa;850016924;kMbIR;000000000;glj;BCN;06;2012;True;False;True;False;True;True;True;True;False;UBEzD;23011999;07031999;28/06/2022;22/07/2022;200708;tZDDOS;True;True;f;Mwy;True;False;True;BFvdiDHGS;hTyufQkjVx;1995;05;28JUN1981:16:49:42;920018520;2012;06;18Jun1981:16:49:42;000000000
YViDfdLFgVfqtSMWa;770010239;dUaRz;000000000;EnL;aoV;12;2013;True;False;True;True;True;False;False;False;True;aOvwe;16062019;29062019;26/09/2014;11/11/2014;201605;tSoiMQ;True;False;B;QvD;True;True;False;KjVetzZpR;vsxCQDnWaE;1964;04;11SEP2011:05:55:13;910004654;2013;12;30Jul2011:05:55:13;000000000
YuVsrqtDZqSmFLhUf;870018744;pAQgY;000000000;LWH;slN;11;1982;True;True;True;False;False;True;True;False;False;tITQB;23011999;27011999;17/02/2018;24/03/2018;200103;LSrOwW;True;False;V;kqB;False;True;True;TkFqxVuwU;bUnPaVzBZx;1988;12;31JAN1992:07:00:05;870012051;1982;11;27Dec1991:07:00:05;000000000
YuVsrqtDZqSmFLhUf;700002405;cFyPg;660782798;HOP;tOp;06;2007;False;True;False;True;True;True;True;False;False;UsDsQ;18101993;26101993;09/04/1992;12/05/1992;198708;WCvTku;False;False;T;tyv;False;True;True;tdMITcvHU;hBfUpIOMtk;1978;12;24SEP1990:00:53:46;660784679;2007;06;07Sep1990:00:53:46;660782798
ojxdKICLROMnHoZyh;590022992;Ehhbh;660782764;Ckk;lZI;07;1973;True;True;False;False;False;True;True;False;True;diqMn;25111992;29111992;06/02/2007;08/02/2007;200812;tseemQ;True;True;E;yGv;True;False;False;AOXsskjwt;msULCTZSTj;1962;01;01OCT1986:12:12:35;660787813;1973;08;04Sep1986:12:12:35;660782764
USMZsEDABTGNrwiDs;640018602;jiTtH;000000000;PFP;bxQ;07;2018;True;True;True;True;False;True;False;False;True;oMQUh;26081988;07101988;29/10/1996;26/11/1996;198910;fOwRMh;True;False;R;ZRs;True;False;False;xCbrKtLsq;EqIvhTNPXE;2001;04;12MAR1978:22:12:39;840003859;2018;07;03Feb1978:22:12:39;000000000
MXrMiwetGdpBliBgX;790001523;YWVLP;000000000;kBi;VQi;11;2012;True;True;True;True;False;False;False;True;False;CcUwY;09112015;22122015;10/11/2019;24/11/2019;199708;ladRvt;True;False;D;Kfn;False;True;True;TkfOvTNMI;iGveezgMsC;2017;02;01NOV2013:21:34:01;970401832;2012;12;27Sep2013:21:34:01;000000000
MXrMiwetGdpBliBgX;340003441;Mjgtz;000000000;pHF;Kzh;08;2009;True;False;False;False;False;True;False;False;True;BAVph;05021988;06031988;30/04/2010;03/05/2010;198702;qKdavD;False;False;k;zGv;False;True;False;UNeTWdQLN;gchAUscWUr;1983;01;22SEP2010:18:27:28;070008057;2009;09;18Sep2010:18:27:28;000000000
MXrMiwetGdpBliBgX;760804369;ErCGb;000000000;qcc;NLO;07;1963;True;True;False;False;False;False;False;False;True;ScIZL;04061987;12071987;13/05/2011;22/05/2011;199912;Ipiwep;True;False;K;PWo;True;False;True;lbIFoOanv;zNOmCUAxEP;2016;01;04FEB2001:10:34:11;620011973;1963;08;19Jan2001:10:34:11;000000000
MXrMiwetGdpBliBgX;920030004;tBOxr;000000000;Wss;HtA;06;2005;False;True;False;False;True;False;True;False;True;GufwX;15111971;30121971;15/01/1972;21/01/1972;200309;oJkQZG;True;True;P;WLZ;True;False;False;mFbtroocz;aaGEhXvSmH;1988;12;28JUN2007:23:50:07;570013854;2005;06;06Jun2007:23:50:07;000000000
MXrMiwetGdpBliBgX;110788023;LnlUm;000000000;zbL;mUV;10;2008;True;True;False;False;True;False;True;False;True;VzBPQ;30031994;21041994;26/05/1996;04/06/1996;202312;ysCNRk;False;False;P;Bjr;False;False;True;BQQivKkeF;ygMHPRPqis;1990;08;11SEP1981:20:45:28;590031746;2008;10;19Aug1981:20:45:28;000000000
MXrMiwetGdpBliBgX;100009257;CmfxJ;000000000;HAm;gna;04;1976;False;False;True;False;False;False;False;False;False;ZGxmI;24062006;26062006;12/02/2024;12/03/2024;198106;ZXntwz;False;True;j;QUT;False;False;True;gUOeGtfPd;MPrJVAykra;2005;01;12JUL2019:19:58:12;740010467;1976;04;05Jun2019:19:58:12;000000000
ZwcBIlsHJqxtcvJNk;060002375;eBbAt;000000000;nAr;jYP;08;1971;True;False;True;True;True;False;False;False;False;ibsnG;06012003;09022003;02/04/1978;14/05/1978;200010;RXkkeK;True;True;f;vus;True;False;True;zgsoaaRLq;dQsMDnUrvd;1969;03;14JUN2002:10:29:15;360001861;1971;09;16May2002:10:29:15;000000000
MtcSwFMPidLHxbrnH;640011383;kzvaO;000000000;MOp;pKz;12;1967;True;True;True;True;True;False;True;False;True;imjYJ;23042010;14052010;29/11/1989;10/01/1990;200512;pJlrZh;True;True;r;zaR;True;False;False;fIZtfDrPK;nplbGUVcHY;1969;01;07JUN2001:19:50:23;130017460;1967;12;06Jun2001:19:50:23;000000000
MtcSwFMPidLHxbrnH;100004431;UwnLJ;000000000;jdG;CeY;05;1963;False;True;False;True;False;True;False;False;False;tAcSD;04101980;01111980;22/09/1970;04/10/1970;199012;VwyfmP;True;False;C;pIS;False;True;True;IPtOxbaak;RYBKDMPTuX;2012;01;31JAN1996:02:59:36;930009626;1963;05;21Jan1996:02:59:36;000000000
MtcSwFMPidLHxbrnH;550002802;RApkp;000000000;OMo;WLO;07;1965;True;True;True;True;False;False;True;False;False;iXuwb;05062013;15062013;15/08/1993;17/09/1993;200709;UVJyFH;False;False;t;QXA;True;False;True;ouomjRtBZ;AFEkzdOogb;1986;06;09SEP2010:05:04:26;330040379;1965;07;10Aug2010:05:04:26;000000000
MtcSwFMPidLHxbrnH;460006794;nsZqN;310785555;RcM;yjn;04;1991;True;True;True;False;True;True;False;False;True;DjGDD;03042021;18052021;24/11/1972;03/01/1973;200208;dOTLwn;False;False;G;esw;True;False;True;zBkmenmGI;PcFgZNLlDJ;1969;11;12JUL1978:22:41:07;310788963;1991;04;03Jul1978:22:41:07;310785555
MtcSwFMPidLHxbrnH;570027664;muipZ;000000000;hoU;HmY;09;2001;False;False;True;False;True;False;True;True;False;zTreQ;14031989;06041989;20/12/2017;04/01/2018;202204;xIQVut;True;False;d;VIH;False;True;False;ZeiKdbIzO;IowRfQpbvK;1979;06;03AUG2010:01:56:51;300004272;2001;10;19Jul2010:01:56:51;000000000
MtcSwFMPidLHxbrnH;800001505;MkHmz;000000000;Cpv;FVU;06;1989;False;True;True;True;True;True;True;False;False;LzZer;04021997;28021997;30/07/1971;05/08/1971;198108;GGABrZ;False;False;t;fjv;False;False;True;IscErKvNC;MTrLNkbYDR;1970;11;03OCT1999:09:57:28;950017012;1989;06;20Sep1999:09:57:28;000000000
MtcSwFMPidLHxbrnH;260001342;LyrxY;000000000;RUh;jHA;05;2014;False;False;False;True;True;False;True;False;True;qaNAI;06052000;06062000;23/09/2019;29/10/2019;199005;OggGux;True;False;i;dnh;True;True;False;DasbmqCHs;yvNiszGFBC;1977;04;02NOV1978:10:54:46;270020670;2014;06;04Oct1978:10:54:46;000000000
MtcSwFMPidLHxbrnH;690007240;Swgcj;670790328;Azj;tCg;07;2008;True;True;False;False;True;False;False;True;True;Atycg;07031970;01041970;23/04/1974;18/05/1974;200812;JowDIR;False;False;I;vyo;False;True;False;pgedWzVuE;oWhktWgxuq;1998;12;20APR2023:22:03:21;670794791;2008;07;25Mar2023:22:03:21;670790328
ZeEbDpFfltogYoDEr;930011630;FJtnD;000000000;pPN;Yrq;08;2014;True;False;True;False;False;True;False;False;True;RBcKr;11111980;30111980;21/07/1980;29/08/1980;198607;jVoPLY;True;False;w;sFi;True;False;False;UqxUXayRd;QHkhtAeeuF;1981;04;22FEB2021:06:21:20;680015609;2014;08;14Jan2021:06:21:20;000000000
ZeEbDpFfltogYoDEr;290036664;uXfms;000000000;xgR;hKO;06;1978;True;True;False;False;False;True;True;True;False;oMWoM;01042003;27042003;16/08/1998;22/08/1998;201011;AMcOXq;False;False;o;jEY;False;True;True;DKAFvjbsg;hnThgHnyuK;1972;06;31MAR1996:04:12:25;590054649;1978;06;02Mar1996:04:12:25;000000000
ZeEbDpFfltogYoDEr;420004368;tfpRj;000000000;euV;KvR;03;2010;False;False;True;False;True;False;True;True;True;ufqOs;09121986;01011987;03/08/2001;13/08/2001;199908;nPNRlq;True;False;F;nsC;False;False;False;TArSBybqU;ZBOhJAFsaW;1960;11;19JUL1971:02:16:25;830002382;2010;03;14Jul1971:02:16:25;000000000
ZeEbDpFfltogYoDEr;950039743;uApSW;590024139;XLY;CZv;02;1985;False;False;False;True;True;True;False;False;True;pWaOZ;18121978;06011979;16/05/2007;18/05/2007;202108;PAOhSK;True;False;F;XzC;False;True;True;IZmLVPJIp;PPZLkdzNpV;1973;06;24JUN1981:01:32:58;590034427;1985;03;30May1981:01:32:58;590024139
ZeEbDpFfltogYoDEr;660001975;kPmBo;000000000;jfh;pdO;02;2012;False;True;False;False;True;True;True;False;False;dEiQJ;27031992;28041992;28/05/1993;08/06/1993;201202;yuWXSS;True;True;D;FZY;False;True;True;jYMDKCbNa;KDleJeXtEC;1985;12;09DEC2008:04:07:16;340003698;2012;03;21Nov2008:04:07:16;000000000
ZeEbDpFfltogYoDEr;750813651;weirT;140010695;UAN;Ohs;09;2003;False;True;False;True;True;True;True;False;True;VtpjA;02111971;16121971;25/09/1982;22/10/1982;199606;XnIVtB;False;True;F;nHf;True;False;False;VynDOWAnw;veUFAsGZbK;1982;03;30APR1971:07:24:49;140015066;2003;10;21Apr1971:07:24:49;140010695
fzFjSqWAYTkrWUrAM;590004529;zzghd;450000039;UpH;BlJ;11;2012;True;True;True;True;True;False;True;True;True;Rdyxv;12122020;13012021;19/06/1998;07/07/1998;201812;ONCoJC;False;True;I;ywB;True;True;True;rpgdssVvK;SQfCDRwVur;1990;03;21FEB1993:01:00:56;450000658;2012;11;03Jan1993:01:00:56;450000039
fzFjSqWAYTkrWUrAM;750028474;BKAcu;000000000;bxF;hFg;05;1972;True;True;True;False;False;False;False;True;False;qCryE;29062016;22072016;06/01/2009;08/02/2009;197808;KLTuEO;True;False;r;kei;False;True;True;pnIyxzkjc;gndbBtZltD;1968;01;01APR1995:23:39:52;120008347;1972;06;17Mar1995:23:39:52;000000000
fzFjSqWAYTkrWUrAM;070002258;ecSXQ;000000000;Gny;rPR;12;1984;True;True;True;True;True;True;True;False;True;ipYmk;17012017;14022017;20/10/2014;31/10/2014;198107;aucWRC;False;True;H;EvM;False;False;True;OFBYdGqdE;fUVQXwEmCO;1981;07;04JUL2023:18:07:21;760012476;1984;12;26May2023:18:07:21;000000000
fzFjSqWAYTkrWUrAM;420001836;AyQeW;000000000;xwj;Egy;03;1964;True;True;False;True;True;False;True;False;True;urOCF;27021984;01031984;12/11/2001;30/11/2001;197409;ZepXxU;True;False;g;zrq;True;True;True;BEnJebKbq;nLDuKMWaPg;1996;12;11AUG1983:02:37:40;420010365;1964;03;28Jun1983:02:37:40;000000000
QHomRCAOtZIXCfyZj;260000054;kcaTz;000000000;knR;UDM;07;1987;True;True;False;True;False;True;False;True;False;xXNga;04101974;16111974;03/08/1981;04/09/1981;202301;sBvGXD;True;True;O;LBJ;True;True;True;JwatJtmsS;vcjvIlsHzV;1997;06;14APR1988:20:41:03;330047556;1987;07;27Mar1988:20:41:03;000000000
QHomRCAOtZIXCfyZj;620006403;KtAMI;220000194;kYo;RKb;04;1969;False;False;True;False;False;False;True;False;False;sAvJR;19052020;28062020;19/11/2016;21/11/2016;200112;iWJIXG;False;True;b;fnt;True;True;False;hKGMbUDnx;dIXxaUoDIV;1994;12;17JUL1997:07:31:30;560014748;1969;04;17Jun1997:07:31:30;220000194
QHomRCAOtZIXCfyZj;290001957;kxAMU;000000000;SnT;Cqu;07;2016;True;True;True;False;False;True;True;True;False;xJNjq;12111994;13121994;03/07/1982;07/07/1982;198003;UGzrkv;True;True;M;vjk;True;False;True;uhGiCjehQ;LnJeLApdrh;1988;03;05JAN1990:19:54:18;750031593;2016;07;30Dec1989:19:54:18;000000000
QHomRCAOtZIXCfyZj;340011154;RMmfn;000000000;AoV;Qbv;08;1973;True;True;True;True;True;True;False;False;False;erSEC;21102006;10112006;18/05/1998;05/07/1998;198503;QjcMdF;False;False;k;fKw;False;False;True;vEvXJBSrs;WeWMsQhWpJ;1975;11;30MAY2009:05:26:26;130005622;1973;08;06May2009:05:26:26;000000000
QHomRCAOtZIXCfyZj;910007764;vlmPr;000000000;YdR;fEP;11;2010;False;False;False;True;False;True;False;True;False;qxOHB;21121977;22121977;01/03/1986;11/03/1986;201311;HQbWXA;False;True;E;MFm;True;True;True;jjOEhQZtK;fKJXWQMVeF;1985;09;23NOV1998:21:06:07;920005071;2010;12;21Nov1998:21:06:07;000000000
QHomRCAOtZIXCfyZj;590815924;pIlWF;000000000;JLk;MvP;03;1988;True;False;True;False;True;False;False;False;False;rwwPM;16111975;28121975;18/11/2012;08/12/2012;197412;WLcYFg;True;False;u;XYg;False;False;True;rWgJIvsJW;jwCirKgLsA;2015;04;04OCT1984:12:37:23;420001042;1988;03;01Sep1984:12:37:23;000000000
QHomRCAOtZIXCfyZj;080000664;ludFs;000000000;LlM;pmR;12;2013;True;True;False;False;True;False;True;True;False;lNLRr;13051988;15051988;09/04/2012;10/04/2012;202008;HsVGjO;True;False;b;DvJ;False;False;False;jHrRdwsWf;GGVqSyDjLs;1982;06;29JAN1978:06:13:01;570003616;2013;12;25Jan1978:06:13:01;000000000
QHomRCAOtZIXCfyZj;830002135;AhMNy;000000000;xyv;GaY;05;1964;False;False;True;False;True;True;False;True;True;ZCdId;13022020;06032020;25/12/2022;06/01/2023;201908;ygYGQn;False;False;W;ZAV;False;True;False;pCnlTxybI;dMIpJtritO;2012;12;10JUL1977:07:29:06;250018751;1964;06;11Jun1977:07:29:06;000000000
QHomRCAOtZIXCfyZj;350039632;LwqYf;000000000;XWJ;jRT;11;1995;False;True;True;True;True;False;True;True;True;skTeG;18022018;30032018;29/01/1996;06/02/1996;197010;MfNBoi;False;True;K;SoQ;False;False;False;ZENrleZZo;tGCouSsNTN;1966;08;30DEC1970:13:43:03;950039172;1995;11;03Dec1970:13:43:03;000000000
iRKqUTLKJklSaaYID;590019642;TDsNm;000000000;rGY;zJA;10;1994;False;True;True;True;True;True;False;True;True;PUoml;17102022;08112022;24/01/2020;10/02/2020;198001;PHEZYl;False;True;s;PCg;False;True;False;xGjoyXOWL;oqqiuSaXKU;1961;02;24JAN2001:05:27:11;690027198;1994;11;06Dec2000:05:27:11;000000000
iRKqUTLKJklSaaYID;060018900;GKKEx;000000000;RRA;pWb;04;1980;True;False;True;True;True;True;False;True;True;yTXRH;27121990;28121990;31/01/1983;28/02/1983;197207;ZIrCbi;True;False;F;Qgu;False;True;True;tbJpEzEVi;gcCZpDvJoU;1971;07;03JAN2002:09:16:34;350046157;1980;04;16Nov2001:09:16:34;000000000
ZjlbpVRQAkRIbkbQi;170020549;LbbaV;000000000;Sia;zbD;10;1999;True;False;True;True;False;True;True;True;False;MNYsV;11082021;24082021;30/10/2003;02/12/2003;197906;imtBWX;True;True;S;fMc;True;True;False;UENNQyycy;ToiFkvrRro;1973;03;20OCT2014:22:50:26;690002696;1999;11;04Sep2014:22:50:26;000000000
ZjlbpVRQAkRIbkbQi;670792464;quQrl;000000000;FUH;iuw;12;1998;True;False;False;True;True;True;True;True;False;UydaB;22042000;06052000;02/04/1973;15/04/1973;197412;agJNuS;False;True;g;sBR;False;True;True;EEdCrEoHC;NnuYccwLLm;1988;01;12JAN1990:23:53:28;920007754;1998;01;31Dec1989:23:53:28;000000000
vWlVlScecAHZrLKEt;590048310;CBoST;000000000;iFw;DUc;09;1996;False;True;True;False;True;False;False;True;False;kdGnM;04091982;07091982;14/03/2019;31/03/2019;199808;YPOFqo;True;False;u;nyb;True;True;False;raJRllGQN;xVVtJQqLxh;1962;08;19OCT2015:05:40:55;740004403;1996;10;14Sep2015:05:40:55;000000000
WgesqPcePWmfJhYNJ;910020080;VbrRB;000000000;ZMq;cyF;09;1998;False;False;False;False;False;False;False;True;True;PWxmg;22102012;15112012;17/03/2021;22/03/2021;201805;FUGZHe;False;False;v;Aew;False;True;True;wdnRDZseR;lYZMrYoudp;1960;06;16DEC2023:11:58:33;240010025;1998;09;13Dec2023:11:58:33;000000000
MaiiXKLLiPGrHySWH;970304713;OtgKT;800000259;HHX;fqg;01;1966;False;True;True;False;False;False;False;True;True;rqLYd;19072006;31082006;12/06/1985;22/06/1985;197305;PAfqeT;False;False;h;wDE;True;False;True;hlaCrKItR;NyNBZPtUzL;1965;12;12MAY1998:05:30:16;800000671;1966;02;16Apr1998:05:30:16;800000259
MaiiXKLLiPGrHySWH;590780045;urkln;000000000;GZo;iJm;11;2012;True;True;False;False;False;False;False;False;True;yPjjI;29012013;01022013;06/02/2012;14/03/2012;197203;tkboyA;True;True;Q;UYH;True;True;False;ZzXQIEsyM;ySaKZPjYkU;1992;12;01APR1994:08:56:40;590015079;2012;11;17Mar1994:08:56:40;000000000
foNdWYdkqeZWImHLq;150002335;btnhR;120007356;ujP;SKE;01;1970;True;True;True;True;True;False;False;False;False;QueBN;13121991;31011992;10/01/1993;14/02/1993;199303;nMbQal;True;True;k;SAl;True;False;False;RbJGgtRQs;paFnNtgckd;1974;07;11JAN2015:14:35:33;120788161;1970;02;08Jan2015:14:35:33;120007356
foNdWYdkqeZWImHLq;490018496;VnPEY;000000000;LuA;cgt;02;1988;True;False;True;True;True;True;True;True;False;QopaQ;03091989;08101989;13/08/2020;27/09/2020;201608;qxcEdd;False;True;P;QYQ;True;True;False;jUdEFxfIX;QbFRoqnRsc;2000;06;27JAN1979:08:49:26;590044400;1988;02;23Jan1979:08:49:26;000000000
foNdWYdkqeZWImHLq;170010979;fxeko;000000000;IDu;cdh;12;1996;False;False;True;True;False;True;True;True;True;PVTmL;28021993;07041993;01/11/2011;25/11/2011;197607;Xnsirp;True;True;q;hfu;False;False;True;vpjkywHOL;YEvxeeTXNP;1969;03;04JUL1977:20:54:24;690001797;1996;12;11Jun1977:20:54:24;000000000
foNdWYdkqeZWImHLq;750038051;bRzWR;000000000;LXh;DVl;04;1970;True;False;True;False;False;False;False;True;False;HbPNq;08111978;24111978;12/05/1987;06/06/1987;197710;rcTuCz;True;False;X;HPR;True;True;False;fbapfmphE;WWaSliZGgw;1994;10;18MAY2000:07:24:27;140000167;1970;04;07May2000:07:24:27;000000000
foNdWYdkqeZWImHLq;900004516;NmgvO;000000000;WgP;oXF;09;2015;True;False;False;True;False;True;True;False;False;cySJb;22121977;23121977;19/11/1996;07/01/1997;198812;yJzUKF;False;True;i;Yip;False;True;True;FoBuupRqD;ikGdZdgZvV;2005;10;20NOV2017:08:49:17;970107991;2015;10;14Nov2017:08:49:17;000000000
