ETA_NUM_EPMSI;RHAD_NUM;DEL_DAT_ENT;ENT_ANN;ENT_MOI;ETA_NUM_GEO;ETB_NUM;FAC_NUM;SEJ_FIN;SOR_ANN;SOR_MOI;TYP_ART;ETA_NUM_TWO
170012967;CXGYV;982;1971;08;000000000;KpgOPBaawnnIdd;wVPoo;N;1971;08;A;750004483
300018785;aHMNI;885;2004;11;000000000;rtEscinWpUwExv;OsOFp;C;2004;11;P;000000000
150000891;gokSB;520;1983;03;000000000;THdLmkULAIPfYI;asjmm;U;1983;04;A;000000000
830013694;HUHgZ;449;1976;11;000000000;cmzhSHwrDfEFff;hfKaA;z;1976;12;A;000000000
830015400;yvYyH;684;1972;03;000000000;eEzormFCDUiFbN;KwXJc;l;1972;03;H;000000000
660011040;zsikY;226;2011;06;000000000;QRYrqdYfPsqZap;OUVQp;m;2011;06;I;000000000
730007275;vQHST;810;1961;02;840007108;feGjxNTHhRocDC;PZcYA;M;1961;02;B;000000000
910010420;xibFM;650;2015;03;000000000;KOjBxnXXIfVegR;ogXXr;z;2015;03;B;000000000
600007447;vPLQL;600;1973;05;000000000;WvtaELllRQLtcm;whDOj;x;1973;05;X;000000000
640004032;GXTxf;419;2002;10;000000000;cCYfijIHdQhqao;IOQNZ;o;2002;11;M;000000000
220002216;TAmll;765;2018;04;000000000;kAHOVRioHhZbvI;NNaCc;e;2018;04;Y;000000000
350000972;iDNNi;229;1966;06;000000000;vSMcMdlFBwzrMz;elPXR;e;1966;06;M;000000000
860010651;goHqr;726;1997;03;000000000;WUeGxhcSGwJjjD;TCOJV;U;1997;03;Y;000000000
340007806;rLLad;544;1992;01;000000000;WoMwUEKCooZxnu;WLVaY;z;1992;01;B;000000000
930015391;FTxuV;67;1987;05;940803828;qwyoyRTffylArM;POkSH;U;1987;06;P;000000000
330043951;suKkM;902;1982;01;000000000;VSFeWqblstThIK;nrsSb;K;1982;01;C;000000000
040000929;bftSy;944;1968;08;000000000;QfSNlDaYRbTLbZ;NzKvJ;Z;1968;08;C;000000000
750017956;EPnnL;54;2008;11;000000000;ZEVfkJSFLCxzBT;XZtNL;F;2008;12;Y;750690232
740002555;crmxU;85;1966;11;690801816;NBXsfSOetNJwMv;Tmvvu;W;1966;11;M;000000000
620001297;PHdDD;369;2001;03;560009243;ebvdAZheyOLbGw;fKVMf;j;2001;03;Y;000000000
090782335;nUVdQ;52;1978;12;000000000;xAUfzDOaQVFeZQ;kUvKm;b;1978;12;C;000000000
010005395;IzdYB;105;1976;09;000000000;bCgwMJddnxjMBE;ztdmn;S;1976;09;Y;000000000
790001390;tKIQE;507;1977;09;000000000;EcaIsHSrfIyFYF;rQpeY;K;1977;09;P;590034807
950026872;wMgem;63;1981;11;000000000;eKelzSutIwInPX;ziuOM;W;1981;11;C;000000000
400001707;pyltd;56;2007;08;000000000;VgGvepCuJXwlHH;jVoLS;Q;2007;08;X;000000000
590057493;fiPyJ;707;2004;06;000000000;ihgxWemydwnpuQ;CPsFK;P;2004;07;B;000000000
470009309;VFfig;216;1975;02;000000000;cpyimFthVnXaLb;znzni;N;1975;03;B;820007599
910014455;YVMWK;552;2004;05;000000000;iVGwMAuLnaaFov;zSetB;K;2004;06;M;000000000
300007648;BAMNB;814;2002;11;000000000;qNfGXWfjWrnRtA;YlBHU;w;2002;12;M;000000000
370009136;TecFN;809;1966;12;000000000;NOFjvZomsXvrvS;aHaro;H;1966;01;B;000000000
340025014;dbPat;638;2017;06;590006912;zsWTtIVsGmUhkP;ygRba;a;2017;06;A;000000000
540025004;Gbmus;405;1988;12;000000000;aFrmjHEKLZvRxd;UbffK;T;1988;01;H;000000000
660001983;xvIgQ;33;1980;06;000000000;QvBEsMltnaxZzL;Qcsyp;o;1980;07;P;000000000
970301396;JOXNQ;819;1972;07;000000000;LtFYaajiLMbpFI;htmOv;V;1972;07;P;000000000
540001088;wrFuX;592;2012;02;350027793;LcikAayoqrlsqk;zHmSR;w;2012;02;B;570005488
340008002;cuoOM;421;1996;04;000000000;wyVaiXdzovPzxb;wdRsm;K;1996;04;Y;000000000
910022284;qPGXp;300;2015;08;000000000;HKrRNgygKBtgMW;LiQLy;o;2015;08;C;000000000
760018291;DdgQt;848;2000;08;170025472;ftScIsapZZbHCb;NdQGF;n;2000;09;C;000000000
950036921;UiQIt;497;1994;02;000000000;ifPQDZJUdFSnEB;RsZfR;E;1994;03;A;000000000
240016485;Wpbkr;993;1964;01;600006589;eJcvdxQpNBEXYO;BjnMC;L;1964;01;B;000000000
840010037;obrvl;924;2019;09;000000000;svinWNEUZTwARF;JEuqk;K;2019;09;C;000000000
830014940;aHziD;234;1971;11;000000000;fGePIRAspwQfKR;riYLf;z;1971;11;P;000000000
640004321;lPqhC;637;1986;02;000000000;RVmexoMeKHMDcO;tqSHv;q;1986;02;M;000000000
460002553;whYcM;98;1966;04;870003696;xUhNNuVMinVVxP;dlkKw;y;1966;05;H;000000000
630000818;IBqFK;168;1968;06;000000000;HCVYjwxMAHARHI;yGZxr;I;1968;06;M;000000000
570003582;IOSsC;764;2006;07;000000000;GnkgyrTEzEaJHv;nOHTA;g;2006;07;H;000000000
130009632;vXyus;982;1997;03;000000000;NLWSuLhIXjKLTX;nKHWX;n;1997;04;I;000000000
130001613;BOyIE;585;2001;06;760786723;cVDKCulPqeVtTF;YbFBG;A;2001;06;A;000000000
880007992;STTmN;169;1995;12;000000000;mdziygWAPrAXyx;rGpuh;J;1995;12;H;690000567
910015080;SxWjp;826;1962;09;000000000;SGxweCMccDwJyI;irqnd;Q;1962;10;C;710008533
060001849;lKHDN;415;2003;07;000000000;FzUGjpvAvXkhwB;VHxNs;t;2003;08;P;000000000
690798004;DGbsn;110;2019;11;000000000;rkFBCUYluxsdOM;EMenA;M;2019;11;C;000000000
290011543;hLcBg;179;2017;03;000000000;NPJHoBQVGqhvrs;NJmMe;i;2017;03;M;000000000
550004931;DOfQo;527;1969;11;000000000;OPZrMmnfsZjNId;kfrku;c;1969;12;A;000000000
560015034;abcaB;749;1969;12;000000000;mLmmbpavDtHmLh;ZSKch;B;1969;01;Y;000000000
580005536;jGOnf;520;1990;07;000000000;yWVGAmpKYgfoAC;uUKnp;q;1990;08;H;000000000
810010082;XAgIN;43;1993;05;000000000;nLuNMiLeNTzTjT;sAXvN;l;1993;06;C;000000000
060002193;HEmRY;92;1966;06;360004295;heuKeoVHDLYCEz;JRZCD;W;1966;06;B;000000000
970209888;JLrVd;854;1967;10;000000000;freDzgTofKDimM;dRLMd;I;1967;10;H;000000000
630006195;aVsJz;911;1988;05;590006433;NFgimqsPDzviEy;bgpIH;m;1988;05;B;000000000
950020875;qGDNa;740;1979;06;000000000;TfkDMDSzWwcbBj;DdJPJ;p;1979;06;A;000000000
590781902;RiFSt;754;1967;04;000000000;qLqjWNntlnHhJT;AYmRV;t;1967;04;M;000000000
950023440;uaDWn;953;2015;08;000000000;aMdAiRoQYgzidj;iWDUf;r;2015;09;X;000000000
680007135;tMOCj;805;2019;03;000000000;kXIImqQlSAFmUP;RhUlN;M;2019;03;A;000000000
760003996;LGNyr;227;2018;09;000000000;ujHTflBOhXwpFR;zNDJf;j;2018;10;C;000000000
440034924;jgcGQ;304;1989;01;000000000;agFiXKEpbhcxhT;qPMjI;n;1989;02;Y;000000000
2A0003844;zIgRm;255;2004;05;000000000;pDDZumSjvcYWbZ;ewHSg;Z;2004;06;A;000000000
590813226;OcbcS;433;1970;03;000000000;yzPIdTNykXEKcF;hdYsz;g;1970;03;X;540019122
490003555;KopZU;127;2014;12;000000000;JNtNVlOGubccPS;ZEonC;m;2014;01;H;000000000
590022265;IRdfy;571;1963;01;000000000;LSFuJZDVOKTjbS;nMcez;X;1963;01;H;000000000
830010914;nWkiz;493;1962;01;590792842;mbQdvQFJHVExyI;OzVjy;L;1962;02;Y;000000000
530000652;EhttJ;820;2007;08;000000000;aZTyOWIVpMrdfy;KAjog;z;2007;09;P;000000000
380010546;sFPMw;352;1994;12;000000000;nrLuaTTQvMvKyJ;NZZlL;r;1994;01;C;000000000
950018358;lPyvL;986;2006;04;000000000;gvgYwcaIQiddrr;nsTdS;Y;2006;04;M;000000000
520001447;DKCIs;209;1966;03;000000000;WiWBupPxPvSVDv;fFbih;N;1966;03;B;620107029
970305181;tgFuw;784;1989;04;000000000;PgZLMgnYgXryrt;QmooF;L;1989;04;M;000000000
660005133;tmPfu;674;1986;12;590789541;gXfCMdIMlZOwbW;xIXUL;r;1986;12;P;000000000
730012259;HGcCe;601;2017;04;000000000;OTSfbQwzpCyOVk;MwnLI;G;2017;04;M;000000000
270020472;lVkri;283;2006;10;000000000;iKoWlpznxVOYdZ;LmNgm;Q;2006;10;P;000000000
170009005;tRgem;412;1982;07;000000000;NVchaSNcerGrLn;sDkbB;E;1982;08;P;000000000
350037933;kLquF;495;1989;06;000000000;nGfYAYNSTdzWbD;WKgVQ;O;1989;06;M;000000000
160003091;YIOpG;427;1985;07;000000000;HpyhxYiWbUHCUk;BHMeg;J;1985;07;I;000000000
930015144;TVAOM;351;2008;10;000000000;YLUlEVwRjmtwRQ;AljHh;v;2008;11;I;000000000
380004408;EsfrX;488;1967;01;940001993;DErhVeNCAcRmQU;lNalM;C;1967;01;I;000000000
390783520;juixX;42;1988;12;000000000;tVeckaLdkFVhVA;KZDTH;J;1988;01;M;000000000
450013727;UQwSw;648;2002;10;000000000;jIdCgYhUQuLwby;CyoiP;p;2002;10;A;000000000
950803007;YMPAZ;918;2008;03;000000000;DFQhBIMNgRLvnG;LXUta;J;2008;03;X;000000000
330058686;TGgYc;247;1978;08;000000000;QeXjEXeHzUvqFp;KIxDV;R;1978;09;C;000000000
020008058;gMxfu;665;1963;05;670782200;jDuFgWFfkAVIRe;oQfPH;w;1963;06;B;000000000
940022387;krbXH;261;1977;10;290015841;rgeLBYCjDzFwCP;GYyvo;z;1977;11;M;000000000
410000889;MVNDp;677;2013;02;000000000;COhpaWJjAGAGqW;tdjic;n;2013;03;A;000000000
750826422;JLMwP;637;1973;04;000000000;gJXdPdQAzfwwAH;EjhxD;f;1973;05;P;000000000
320003601;TBdlx;599;1987;02;000000000;dqpBjdwzYjQIbj;uCsEu;C;1987;03;H;000000000
620025825;vmEiX;568;1972;11;000000000;NyyIpiwRYLKVki;JmskR;G;1972;12;P;000000000
640002614;TKzkn;968;2014;10;000000000;fFfitIxQVEbYnc;TXddU;h;2014;11;Y;000000000
560025546;DLRjx;938;1964;06;000000000;dvGJrxQPYEyHGd;xLydd;v;1964;06;A;270002801
530001130;PrpwY;518;2003;09;000000000;husVjxDXlquxZg;CkQxr;q;2003;09;Y;000000000
350025987;MvTom;506;1984;08;000000000;gXBiqKHnZrUryP;McPVp;Q;1984;08;I;000000000
600003289;czozZ;167;1981;12;000000000;xuedrZXKohNFlB;OWwaP;T;1981;01;H;000000000
060029394;zmoMq;731;1964;07;000000000;cBrrUorRFMJoZd;cIiPd;I;1964;07;A;000000000
750001570;OGeLZ;402;1974;06;000000000;GuObEyphdGbpjg;JuQAH;A;1974;07;C;000000000
220018766;RjrZH;810;1960;02;000000000;bZGJqrCGWOjule;USKsu;U;1960;03;C;000000000
720002658;qBtFX;964;1965;03;000000000;TAbzxShDZWBKxt;gJRHQ;K;1965;04;B;220000335
800012759;YEPre;318;1998;08;000000000;VFExUKjufEHqJl;tlRyt;P;1998;09;C;000000000
930009295;icTTB;232;1972;08;000000000;HAuQwbhlilBqxv;xOAGQ;M;1972;09;B;000000000
2A0000683;TLGbn;961;1975;01;000000000;hSKnNpZBBhujhx;KVKio;n;1975;02;Y;040782021
430003970;iNWIX;38;1983;04;000000000;UKnBTGvGFCiUvB;kEjRv;J;1983;05;B;000000000
830023693;BMghn;529;1986;03;340009182;MpANEYpxwaLveQ;npYwU;l;1986;03;Y;000000000
750025942;gImgg;21;1960;08;760011551;ZkKLJqScauazzD;Vhrxi;h;1960;08;B;000000000
490012457;vznxf;592;2008;03;000000000;wubyleVuOTyvLo;EZJzC;e;2008;03;X;000000000
900000357;TYOrv;153;2007;09;000000000;FjcJkKSItWOGEg;VnjOs;r;2007;10;I;560012239
570028449;PsmcB;312;2009;09;000000000;IsrqEIvPySjetX;zYezt;e;2009;10;Y;000000000
170805840;Jnajk;911;1995;06;000000000;PEazZvqbznHYmx;oLWcS;H;1995;07;M;000000000
890001985;AiJFD;949;1997;01;000000000;SxvRiNPKrhuoEe;KusXW;s;1997;02;M;000000000
300009008;kGdtn;671;2008;07;000000000;lkNiFVhwIeRLhD;mkpcr;a;2008;07;B;540024718
490007762;uiQYW;150;2004;12;340022912;txlMDRxtnbCXZy;lIRtQ;n;2004;12;P;000000000
940005465;cNmtQ;364;1979;01;340786599;CTggPOtWlkCjFj;iMzFR;B;1979;01;B;000000000
790002695;dXTeM;752;1991;10;000000000;uNnprPGNMxJexQ;BRPEZ;v;1991;10;P;000000000
370012353;zErvp;930;1967;12;000000000;ttfzEtpZZXXcHf;wlskE;P;1967;01;P;000000000
690014097;VlXlD;373;1999;09;000000000;zvirCVBnhZyXRP;vOoOn;I;1999;09;A;000000000
130804867;zghbv;205;2011;08;140006776;hIkLzRSFBhllZz;YmMKV;T;2011;09;A;000000000
930014188;ziaOU;564;2015;12;000000000;xEOaDbDmPXozyv;XGJNn;C;2015;12;B;000000000
750823403;RaTph;61;1977;08;000000000;aqOGfsRORJmajb;mHRor;F;1977;08;Y;000000000
840001895;RLdtK;846;1992;10;000000000;EjxJGzyzOAeTzK;lEgHk;s;1992;10;B;000000000
290009851;cstvp;584;1971;01;540005592;vePUTJkmeIYvdG;SmVvC;f;1971;02;I;000000000
490009222;aRjIO;640;1974;03;000000000;RwcZEOOyVHtTnG;dqgyJ;c;1974;03;X;000000000
520003674;zYpGP;422;1964;01;570000869;SUMVscliHJFZWc;xFZfo;f;1964;01;I;000000000
290008747;hgQpD;301;2017;01;000000000;tnfeJiQqTewgao;yWrZe;v;2017;01;M;000000000
450020805;tqFbW;797;1964;05;000000000;BUqaAoSloRIQWQ;JlktL;H;1964;05;P;000000000
130050644;rzgnU;422;1988;11;000000000;HpUuUrQukIcJAM;Dkwvg;T;1988;12;B;000000000
370003246;gFPcm;154;2019;12;850018193;jQugPWKTmwHdrM;ZNUMf;q;2019;12;B;260002738
050000546;dkXvV;932;2012;04;000000000;TAaDNotcFSQVLn;mWVqY;a;2012;05;B;000000000
120008446;mUJyO;605;1988;12;000000000;hUkukLPCpytymb;TuVfc;W;1988;01;C;000000000
350046090;AFBDs;255;1971;07;240004150;DWqcOhtoZrXCEW;AXyBs;V;1971;08;M;000000000
800019143;nJyRH;57;1969;07;000000000;QHHYUAbgUCKkAr;fiXZZ;J;1969;07;P;000000000
520001215;clBEG;236;1974;02;380789842;pbvhpgJzBCmkDl;SupND;F;1974;03;Y;000000000
290008655;sNIWq;432;1986;07;000000000;AeLJXxfptdCvel;LDUWf;R;1986;07;Y;000000000
750052276;Vojzj;262;2001;04;850008244;PrzLgldqaPOafb;XsimP;D;2001;05;A;540019171
130042427;PGQuD;798;1965;10;000000000;aXLnmOBPTeeVOw;eJcqa;j;1965;10;X;000000000
010787570;TfHyg;173;1982;10;000000000;NkZpiumsgYfIiW;uwGUA;A;1982;11;B;000000000
130023997;PLdoC;51;2012;01;000000000;LexutrtkeYecqO;qBYhU;g;2012;01;C;780022059
020013306;hlFos;998;1990;12;000000000;phkgWvkLokKLie;FlaSO;m;1990;01;H;000000000
760028191;YTiLR;635;1980;02;000000000;RgBaKhRkGEmipL;OgBaf;Z;1980;02;H;000000000
490011343;umYwX;657;1989;09;000000000;KAAfoDLEymRUNT;fUati;l;1989;09;Y;000000000
060009610;EMyFe;525;1974;06;000000000;aAyztGPPkpHMfu;fMIhx;u;1974;06;X;000000000
450019880;KbuPr;676;1969;02;000000000;nDPvfmIojgSnJo;wBsQI;K;1969;03;B;400783452
420001042;zbtuM;70;1974;05;000000000;wVieQwCuwDoYqQ;RPfgM;Q;1974;05;Y;220005599
510010671;clska;60;1991;07;120783113;NWbNNQtXtyubkk;LTuXP;h;1991;07;A;000000000
910020726;qINKr;940;2003;02;000000000;JfjxuRbohVhPph;MLQsn;m;2003;03;C;000000000
600011977;kfNEh;428;1983;03;000000000;ZGZziprZeFWafC;IHBVe;n;1983;04;M;000000000
750026841;wGPjp;93;1968;12;000000000;zhELWRZVMGZcoO;RSxuv;o;1968;01;H;000000000
670002237;Zsvfx;153;2004;04;000000000;OEnKLkdZJFzMAB;EfBmw;M;2004;04;P;000000000
310000807;ZXeFM;467;2006;11;000000000;UWSYpBtXUroLGW;JADXH;M;2006;11;P;000000000
480001965;mLtED;972;1979;02;000000000;sBHKqhminzUGUm;gKWtl;T;1979;02;H;000000000
130010028;RAYyL;659;1960;03;000000000;wXMQzmUZfHzDMh;PYcqX;B;1960;03;A;000000000
060014669;VwJdf;766;1977;06;000000000;PIkLtvvLQXeRAj;nFYZy;b;1977;07;B;000000000
550000483;RNMyX;353;1976;03;000000000;UscMVTzJZAfxBC;EsRVj;T;1976;03;I;000000000
950024208;vYxnP;188;2002;02;000000000;sfCZIFJPJQYPVJ;uLGoL;k;2002;02;P;000000000
130018385;oKIXc;391;1989;04;000000000;BQOPkhYKUamshQ;jgEjI;R;1989;04;P;000000000
510001100;yHsBk;896;1962;08;000000000;cGGiAWDgEfOKAE;yiCOZ;c;1962;09;B;000000000
590021911;Pmxtr;282;2019;12;000000000;ehEYJGoLjyjAFl;jaKNz;L;2019;01;A;000000000
030001309;uiZkr;476;2018;12;000000000;LNRtIpCXGDBzBj;ZgnDh;O;2018;01;H;000000000
670000132;Jwewf;93;2002;11;720004670;KGjtYOUINCseEr;VNKjF;x;2002;12;X;000000000
830004099;Cwwtf;144;1963;03;000000000;LYklYRFajRvBgf;JVSMn;J;1963;03;A;000000000
610002255;dUQrK;115;1985;10;000000000;sseLOxhiIbgoiq;xmkok;F;1985;11;I;750011074
440008308;rtFIV;44;1975;01;000000000;ZMgBWPMGPZSuKr;hhYjc;R;1975;01;X;000000000
330059908;jGeUN;927;1987;01;000000000;KfaoSVkUemqzBL;pVOwX;a;1987;02;A;690789656
440006849;VEIbf;131;1991;09;000000000;CpAgSToHDoXdCz;sBzVE;Z;1991;10;H;000000000
970111787;smjIi;73;2018;06;000000000;yqBcJpqbXWoDpf;WDJcL;i;2018;07;A;710008673
840015085;WVrky;619;2001;03;000000000;QFpxVuznpbwfra;RtITT;b;2001;03;X;000000000
180009185;CmknK;737;1964;04;000000000;jDEhuBDoFbFjQG;sfGAx;w;1964;05;B;000000000
310014121;IktSB;561;2009;09;000000000;EvyNwPPCgDywph;xLZPk;U;2009;09;M;000000000
970101267;WwyCB;827;1966;08;000000000;IkhCLflxOHCOlm;tJPFg;b;1966;09;P;000000000
510021454;qAEpn;290;1990;07;000000000;sIqOoVUFfDsAwe;dkphL;S;1990;07;X;140010760
380791848;yrTIS;309;2011;04;000000000;GHinlXZxktlNFB;oPYJB;V;2011;05;B;000000000
710004169;LmtsG;395;1990;04;000000000;iUQIEZcqwyfmmI;BHleG;z;1990;04;C;000000000
440054427;lNLJp;564;2016;03;000000000;oILOgKhuCvSNsv;nNPyd;x;2016;04;H;290023530
780808929;ClwZs;541;2019;11;000000000;DarfFfurDXhddt;Opaml;u;2019;11;B;000000000
670012327;fLlCs;814;1976;03;000000000;tmHUhnqlUWEwwv;LNoIk;B;1976;04;P;000000000
150002954;ZGVvP;194;2003;10;000000000;MMJOCMYzJLaGwa;OnLYf;Z;2003;10;I;000000000
690010046;sfAqW;856;1966;02;000000000;kdxQpGzonQYQlf;drbXE;d;1966;02;B;000000000
060001179;bYrbR;746;2008;02;000000000;RyYGUMACUYcpWt;uSKbn;H;2008;02;Y;000000000
610007593;HLrZM;179;1990;01;000000000;TSGdCQbFfoVcHi;BVVHo;w;1990;01;P;000000000
340013556;SOgPF;428;2000;11;000000000;fJCmawJMOWIjuv;AWWZl;u;2000;12;I;000000000
950005793;HnsED;922;2006;02;000000000;CIKyKeYcQNwJvE;QUdmI;C;2006;03;H;000000000
920005857;VSgQW;638;1981;05;000000000;OyoWKQfBbsdZsd;fIRYa;D;1981;06;B;000000000
420003501;PByra;136;1999;10;000000000;MYvgEMBYoGllSN;IEsYD;c;1999;11;P;000000000
420013591;srnGQ;807;1998;11;000000000;CEuXXXpNLRioJM;rtCLl;D;1998;11;M;000000000
170025589;YXLNF;542;2012;09;000000000;yPpMjSOqelmvqZ;fiNaZ;h;2012;09;C;000000000
380798074;gILUE;270;2017;03;000000000;OmjYXAavwKQQwC;QSuUX;c;2017;03;Y;510000813
420001356;tBKkK;30;2013;10;000000000;phrOTfGqdUMBMd;ZLoPn;l;2013;10;Y;000000000
720000660;alrOg;11;1989;02;000000000;WhffAyazRzZKLk;nBKGX;p;1989;02;H;000000000
850016924;kMbIR;854;1992;03;000000000;gZWmRfzUSFcZsn;xdhzc;x;1992;04;Y;000000000
770010239;dUaRz;899;1961;05;000000000;sbuNjCujVHObhF;NIyvn;t;1961;05;I;000000000
870018744;pAQgY;197;1990;01;000000000;OpsFagQgBnUkRN;zefwe;o;1990;02;A;770019826
700002405;cFyPg;152;1963;09;000000000;pdLwacIvslEtew;pARak;F;1963;09;B;000000000
590022992;Ehhbh;887;1962;02;000000000;JSGheOGcwMSTsk;DPNVj;Z;1962;02;M;350029310
640018602;jiTtH;318;2007;06;870000643;bKknQptJqnKudL;SZRRi;d;2007;07;I;000000000
790001523;YWVLP;385;1993;05;190005520;TTelCXKvOMAblP;MCQKu;r;1993;06;H;000000000
340003441;Mjgtz;679;2009;06;000000000;GMyaXKEOsOwNyq;dYxvr;Y;2009;06;C;000000000
760804369;ErCGb;230;1963;09;000000000;pnpdzWzVSRCNPX;NCIcu;h;1963;10;Y;930001540
920030004;tBOxr;311;1966;03;000000000;QlcovSxjiRRerS;hOQBg;i;1966;04;Y;000000000
110788023;LnlUm;265;2002;05;000000000;GNqMZPHUbmfdGE;kjltM;M;2002;05;X;000000000
100009257;CmfxJ;236;2017;09;220004618;bfWwkXvXLLcgUp;oNwaG;q;2017;09;I;000000000
060002375;eBbAt;686;1996;12;850006883;stwLjqFKNsKRfu;AZbMn;D;1996;01;I;000000000
640011383;kzvaO;61;2007;08;000000000;BmtGoaJWxkDHoQ;JExvo;m;2007;09;M;270002322
100004431;UwnLJ;421;1983;02;000000000;FCejJXTajAGisZ;BndCc;S;1983;02;H;000000000
550002802;RApkp;830;1972;08;000000000;GAopWhLtCbxieE;aCicf;t;1972;09;Y;000000000
460006794;nsZqN;617;2010;06;000000000;XuNGlzfQpCtEvH;oOslN;X;2010;07;A;000000000
570027664;muipZ;859;1996;04;000000000;ECxfJKkVBcPczi;jBevy;w;1996;05;X;800004608
800001505;MkHmz;845;1978;01;000000000;xiMODVIfbzUlnV;bkpyO;r;1978;01;P;000000000
260001342;LyrxY;377;1979;10;000000000;qVxCHkEEnSLRJW;yuRBU;v;1979;10;C;000000000
690007240;Swgcj;390;1984;11;380799486;ICKGcodhCZWKGb;LHWBN;j;1984;12;I;000000000
930011630;FJtnD;816;1982;09;000000000;sdLakEUuSXcvVw;oVJll;L;1982;09;B;000000000
290036664;uXfms;465;1992;06;950012708;bhRNOxCYjrgUFd;zXTfq;h;1992;07;Y;000000000
420004368;tfpRj;771;2008;09;000000000;aTcXMVPFvMbTIZ;YPxiT;S;2008;10;H;000000000
950039743;uApSW;689;1999;06;000000000;mhHICvSMRXXYlZ;qmzET;z;1999;06;C;000000000
660001975;kPmBo;730;1996;10;000000000;OvbwSmhJFdbWTC;lAhxF;V;1996;10;M;000000000
750813651;weirT;611;1969;11;130785975;BRthilUgMTeKQH;XGZxE;g;1969;11;Y;000000000
590004529;zzghd;994;1978;06;000000000;RDzRXfsJzJGTwP;oRxXs;u;1978;07;B;130787252
750028474;BKAcu;434;1998;01;000000000;zgkyyOweGtxJNr;yfdUp;h;1998;01;X;000000000
070002258;ecSXQ;457;1973;07;090001108;fcSgeXpYvifOUC;ObhWT;S;1973;08;X;000000000
420001836;AyQeW;234;1970;01;000000000;EcGQkMXEcMsUVB;sJBPC;F;1970;02;Y;000000000
260000054;kcaTz;4;1985;08;000000000;FPrPlaAhHcTLQq;DaaiG;n;1985;09;Y;000000000
620006403;KtAMI;125;2004;08;000000000;peVENLwbxafIFb;FHcgd;Y;2004;09;C;000000000
290001957;kxAMU;497;2006;08;000000000;stRhKIsWNIgkYw;LNsIU;R;2006;08;C;000000000
340011154;RMmfn;508;1982;05;000000000;XPndzsiCSCtgbG;xvWpC;Y;1982;06;Y;000000000
910007764;vlmPr;286;1987;06;000000000;OZMpBXBWZMraly;hvIAF;l;1987;07;X;000000000
590815924;pIlWF;545;1973;12;000000000;eQjWwfQeECwpbt;QVxdz;t;1973;01;I;000000000
080000664;ludFs;758;1968;08;130810765;NOTlYhEShlDaVL;igyLq;u;1968;08;X;000000000
830002135;AhMNy;746;2005;01;000000000;xhzppfZaCCfkkz;gpJGP;H;2005;02;Y;000000000
350039632;LwqYf;843;1995;10;000000000;RIKFHVYURaYSyz;PSVhT;t;1995;11;M;000000000
590019642;TDsNm;980;1970;03;780014379;RQaEiDwYgTvSpN;gckpZ;o;1970;03;X;530002542
060018900;GKKEx;901;1982;02;000000000;qtuVisICKiSyRH;VOcZl;T;1982;02;B;000000000
170020549;LbbaV;422;2019;09;180004566;GqbKnaHmkfQaUd;yrHph;P;2019;10;P;000000000
670792464;quQrl;30;2005;12;000000000;CoUMLGeVTNlsmj;VTryL;n;2005;12;P;000000000
590048310;CBoST;663;2016;01;000000000;cYECOwOcxMuyhP;arabU;h;2016;02;B;000000000
910020080;VbrRB;814;1994;09;000000000;BFTBKOMFhOsaQF;kqgEm;W;1994;10;P;000000000
970304713;OtgKT;823;1995;04;380014548;byvBiFYmoJcUBz;jZZzq;i;1995;05;P;000000000
590780045;urkln;357;1969;12;000000000;SennGkjynXBPlc;yhpWq;e;1969;12;Y;000000000
150002335;btnhR;935;2010;08;000000000;EyFMvkUOALkTEh;JHxyY;i;2010;09;M;000000000
490018496;VnPEY;576;1961;06;000000000;LwvFZGUaUNRysb;KZWym;A;1961;07;H;000000000
170010979;fxeko;139;1972;04;000000000;tSavVSpyYLbIgd;yqetw;T;1972;04;Y;000000000
750038051;bRzWR;843;1975;08;000000000;HavvOBHiDbkEBV;QYOEO;q;1975;08;B;000000000
900004516;NmgvO;717;2007;12;000000000;VdxbQqnHcHfWsQ;IbtWL;V;2007;12;X;230000978
