ETA_NUM_EPMSI;MOIS;UCD_COD;ANN;UCD_NBR_TOT;MOY_PRI;FIC_TYP;UCD_NBR_ETH;UCD_UCD_COD;ACH_PRI_DER
170012967;12;ronYkWCEJ;1995;28;310;QuM;74;bSgzZoAXepoKT;114
300018785;02;rpKsTySzG;1961;480;697;byD;354;cfbQPvHwAEAKT;858
150000891;11;AxDogBGUb;1964;497;658;nmY;984;njOoVRkCMLxLA;850
830013694;11;IbEoPwgLW;1985;871;993;zSx;781;mZjrheMwdJlsY;28
830015400;10;CyjSxCHPk;1994;564;134;cAy;291;sYfWCEfZIphRK;831
660011040;07;CzUyePAYp;2017;146;81;mjp;740;rKoWdpUiTNlwY;34
730007275;03;NMbjbPKCF;1971;144;871;Ahx;106;jiRcQnhASsinT;569
910010420;06;jGSvigKrd;1971;420;609;eVW;306;jCMYerxlzHSSx;644
600007447;12;LVYYoXAHw;1966;45;619;DXx;117;pIhIGXQYcedLu;877
640004032;09;aVlefUrTO;1985;738;454;RBI;266;yEjeTJLVLBnGO;535
220002216;09;UvileBxVI;1986;808;631;ABG;456;MChcmZGnGHSSP;168
350000972;02;gTBvsLbVK;1989;159;663;Vdk;975;CucCBnLRpRbsR;90
860010651;04;WibKpaDZg;2011;587;631;nJv;761;KwCJmQDKHCTgL;45
340007806;07;RZKsPSwvU;1978;393;163;gzw;298;wIGhPGjGoTaOV;455
930015391;10;AJRfiVyOa;2013;501;957;jwJ;331;FiEWYDPXRkZol;631
330043951;10;nMhAxATWv;2004;261;799;NKb;520;cJSreHLnvabYR;171
040000929;07;OATUJNQGQ;1966;144;623;SBM;390;LMeKAorFEEgCj;307
750017956;09;pGUlLawKQ;2011;756;521;zUq;546;ITVUZVjfdXsYi;28
740002555;02;IFHkcawgU;1993;224;999;tHv;461;WSmcPaSjErYVf;669
620001297;01;pxLsWoTVN;2009;919;51;CNp;64;PxsPpiNJwwJzZ;109
090782335;02;bQjHBwNKJ;2006;380;492;uaO;761;WrQYvCtJgxmTU;942
010005395;02;ifkHjzJUa;1991;771;32;UFf;826;dCbNTlFFaTdSR;202
790001390;08;eGhwnBoRZ;1980;554;302;ojT;561;sNzhfsovbRrzG;341
950026872;02;ayzAsrulk;2002;893;373;ohj;772;NmVqzHKzMzDsB;454
400001707;08;mPYQBxHKm;2012;351;357;WrL;766;rUdGpgLfUZttj;720
590057493;01;vtqQgnUug;2001;979;243;nBQ;60;CgJraIykKOVyw;734
470009309;03;TXoXCnOKX;1969;957;740;hDS;795;RwbNpflXJbtEF;329
910014455;09;pNZtLAsCM;2004;197;813;TGt;276;OmXKNnSBUazRC;351
300007648;03;WqGChLUza;2018;692;988;Zqy;149;xHxSpTtVlItNW;607
370009136;04;awcmhLPak;1991;689;970;haW;500;qPebsYrMqbGsP;466
340025014;09;YQjnlVpVV;1974;324;698;ulX;951;iiogbnGTERXAF;132
540025004;06;qtiQKeTrj;2018;44;192;KQN;375;jMNrghjTZBhEk;453
660001983;03;VFpTDyWUO;1966;939;131;oNG;766;rRNDRfoHKXFxo;611
970301396;06;FDPcCpEfb;2019;815;912;kCI;92;DvTgBmFXjnolF;413
540001088;01;AgyRWfgIq;1961;594;829;STo;29;THUmjMcJVcOhk;152
340008002;03;BAOKaHiJi;1965;450;258;lFl;190;bTLpcAwDXAmjv;807
910022284;09;uwUqCwcBl;2010;678;69;Drg;260;mIiTKLONFQXVi;81
760018291;05;AxZyJLVfb;1974;223;82;Run;839;IVvXWKKWHEtUV;473
950036921;03;sOTWUzqNB;1961;98;208;tnu;71;vzLItKThPjsvg;254
240016485;01;ffQALiqYy;2013;422;691;yyh;908;AplMEPVVZPyis;870
840010037;09;JMHsTshAP;1961;512;448;Ppk;745;yuvLqqycasCCh;461
830014940;01;IdYhlmHDp;2019;306;690;lxI;130;RWCuZlAHiXOQZ;123
640004321;04;UBNDeMRYX;1994;708;958;Xxr;293;CkBnfXrsEVnKk;851
460002553;03;xsPRaDHSH;1968;488;422;oaw;112;LiBTrTneuvBnh;954
630000818;12;PQhpZrMrC;1981;292;681;hmn;979;ehJnjJtmnkLPK;941
570003582;03;YECRDrRai;1995;983;697;hYE;824;BrRrVTPhGXdvt;504
130009632;12;OskjZcZHf;1988;818;173;sFa;261;CsdrzHSrcLXos;848
130001613;07;GfgnsdsTQ;2000;851;795;wCn;750;yQWlCOflsxqqo;748
880007992;07;msnxsjyab;1993;576;285;fvX;114;bYaiIJlukpDYX;746
910015080;08;vaxZjDeah;2019;743;583;VfT;645;bJfLmUFFRktCt;733
060001849;03;iyZMQXQpM;1997;747;969;Tbb;429;oGnzhYytXVJAs;627
690798004;11;eCnXNsccc;1997;662;766;AtK;440;jaqunThpAJBqm;153
290011543;10;YedQEuoje;1971;260;855;idS;513;VCJtrdsQNaPfh;592
550004931;05;EozXydGWz;2001;980;803;HXr;385;GazUPFmriUbDc;893
560015034;11;DOJNEesbk;2011;896;443;egZ;554;xvrsTHTKJdDxL;963
580005536;02;aFFGRwTRT;2000;943;252;AIY;457;UnqqVOblOWRbP;261
810010082;11;CPoswYnkd;1968;257;478;JAj;931;UzijmDBPBBLMT;451
060002193;04;BSXJbieGR;1965;887;641;cnv;408;VRaIbJvQgFFnr;452
970209888;07;hwzpzuvkB;1962;474;440;KMP;749;nCXfnuriDBxHI;341
630006195;06;asKqWhkoi;2016;829;950;pBR;72;RUvcuYYVtVdeN;792
950020875;03;NHlEztYQy;2017;151;946;zIX;484;vnJHYaBUTIrJE;633
590781902;06;qxsNZNwBZ;1992;526;765;REr;888;hcLUsRzZJJDwT;297
950023440;09;sFaLbktkN;1983;192;279;jUM;103;boUedXmrxnALB;293
680007135;07;YeSRkdmte;1974;310;529;WkN;913;tsijRpyAqlBhl;664
760003996;10;fywuspHth;1972;347;291;lrt;6;HKBBRGnDrihkJ;697
440034924;11;xRgKtyhbI;2005;288;112;FVd;20;XbcvwclTNnBve;588
2A0003844;04;QNgYYbwsh;1961;178;261;Utr;691;KMLBoVJhbYHhr;109
590813226;04;vjUAPsLyg;2002;571;414;xzD;818;ooYbQxTzBzJis;460
490003555;03;MkzgDaNRb;2013;512;496;tmn;1;iRHQOzVmJeFnR;13
590022265;08;PlVKhZTBz;1961;284;62;jOB;642;JqkNcYyzQtUIU;389
830010914;06;xsMmPEdWR;1966;977;822;mGe;731;nTiHBzKGHslQz;292
530000652;06;yguWQZzxs;1985;270;496;Gwj;900;cigoNCWQtwqbJ;883
380010546;10;UUUQQEgfq;2001;580;968;Flo;463;AfTzXezrMCAaV;339
950018358;01;VNEdfOaLd;1984;780;383;CiP;166;vnGdqFwdpnEMl;66
520001447;04;HzBwQaajx;1985;843;434;juK;8;ZPVTywjbvVgRz;972
970305181;10;eUwqnGfei;1963;6;471;mmj;453;KkgOaJWmBvfvb;795
660005133;08;wxUfWWKlX;2004;552;259;Wzh;664;oTsufnSqzOoyK;787
730012259;01;SeDZvTPcD;2000;907;449;MYP;157;rTkNlbIpWCKqS;723
270020472;04;TsOLuraNj;2012;84;191;RVt;215;LkHjIeRUpBYup;568
170009005;12;oBFBkmtFm;2002;361;262;JiT;426;oseivKnNpDpco;643
350037933;07;RLAUjEEnv;2017;962;529;pke;156;qAaJGHeumyAwk;111
160003091;11;cSPfeLLja;1981;986;263;HGP;790;IgDpoWEaFhFtZ;732
930015144;12;bBVxtscfw;2001;177;102;slz;268;ZiZkYJnLBfzlz;5
380004408;08;njUqVgHXe;2015;453;180;egm;894;QAJRiteGNsXrs;419
390783520;06;uOPCAhILq;2002;726;84;Erd;794;UNtfGlMsBXuUP;57
450013727;07;KsqMPatsK;1998;676;181;NSf;122;GOOJbQduDTuLJ;155
950803007;09;JarIKYKgm;2014;229;725;XaV;319;UKLCpHmVNHskx;211
330058686;11;XWLBJqlmz;1989;535;697;Nby;871;qYdfcljNZlpuU;793
020008058;02;rOPFBnhfg;1969;590;508;toy;202;ZWKtWwuigEwfr;812
940022387;07;JXMzITnzG;1976;221;923;GDM;301;pQFjsZfivwcTE;178
410000889;02;cqbzIRWWc;2003;125;454;Tcf;371;SfIVaKtEUXLEm;723
750826422;04;qEaRzivro;2011;128;456;QsB;68;teGxwBkseKgqC;665
320003601;04;rrdwcNBqc;1964;690;912;RMi;388;AfFxjOoljIqJD;123
620025825;12;XgJZmTjJu;1972;969;715;nlo;920;yYMhttzjrqpqD;654
640002614;03;MOBpMPuIP;1972;589;488;iTT;966;dHOQbcpXnZIig;660
560025546;07;tnZLZDNEA;2019;951;903;oCu;823;ObgfHLXQcdtsb;799
530001130;01;xuncJenbv;1993;519;190;bjF;998;xyuaIkCnJfRho;510
350025987;02;cxNDcZvuD;1981;919;241;DaD;88;ihrneFcrxsJKe;508
600003289;01;aRODVUezo;2018;935;164;sXT;949;NnaqosYKHUrel;162
060029394;06;WskQtrOKc;2001;932;441;bCO;680;mGWUOJltcUFHE;70
750001570;08;KHmLkQdlj;1995;289;624;LaV;963;OSIFKHkhsrnNr;110
220018766;02;sVfPYQNvH;1961;256;925;fng;75;nrnTNFfCWlNyY;194
720002658;10;VNfnOQdeo;1976;205;146;WMy;921;PNSkRQrwdLqcC;147
800012759;10;OabxiwjVP;1981;402;203;Wii;940;pmNMUgKAJsQxg;14
930009295;02;pqUKfLvIX;2008;149;386;QMs;34;SLNvIHqYKJdBe;591
2A0000683;03;lAlGjnglZ;2006;86;436;Lbm;361;JojOfSnLFMAsx;822
430003970;06;wsAgwQpvq;2004;783;69;hLA;667;BafkPEAXnmUpW;405
830023693;11;cWZOdUCps;2008;674;767;dtM;344;PaBxkxyDIiFlS;36
750025942;05;MmHGUxyqN;1978;326;179;Ptc;60;dCCSPhZvSsJNz;26
490012457;06;okuZyufwh;1998;675;106;FVd;162;hSmGhskNXOcHa;68
900000357;04;mTScFGaTs;2015;332;588;Yhe;8;IXgofrFkJbcnd;938
570028449;01;HsMBAHKcn;1966;682;693;uOG;891;wwkqYPAVwsWQq;533
170805840;06;GkFddSzWO;1976;206;689;TCY;838;MhAoVbgNoftNr;496
890001985;10;tZslzKstd;1987;1;63;SXn;791;zvlbjcxZgpycb;478
300009008;01;JDLsJFPJp;2002;209;645;lpg;340;ERrXTqBfqUTaX;123
490007762;04;JeXUvMeBk;2018;313;451;kEJ;824;ymwashpPWjULK;38
940005465;03;APjZUaUDZ;1991;173;820;gfr;71;srFjHmsMRtvRS;545
790002695;11;XjaymTNWx;2011;174;59;XQF;92;sXtcIHnAnxWdR;222
370012353;12;iwTpbSlep;1982;17;451;ZkC;980;drrUOFIWEzdZo;204
690014097;10;mlDPoafsw;1971;901;884;kkL;577;JBvloelBYZfDO;264
130804867;06;DkFwZyEsM;2008;441;287;XXz;787;SLGNbOIMrSWxJ;442
930014188;07;iHryKVlLP;1962;866;104;hjG;990;ZRIzUIYFBaGXN;164
750823403;05;ISVuOQJVn;1994;544;649;FoA;964;krHkvCmvhDQvh;478
840001895;07;OomXsRSks;1969;284;24;xxx;80;PFReaHoisrMCB;920
290009851;12;unPyKkxCq;1969;521;316;PxY;159;vEIljlSSwcDAz;547
490009222;07;BBTAbshhz;1969;879;275;QyT;733;ZjZrXmhRjJZsn;903
520003674;02;VtBVspHyb;2002;944;742;aMg;680;hmSKbBaQVHHTo;648
290008747;03;opolfbglA;1990;246;738;sFK;591;eQYQovHTJXzdI;32
450020805;04;MHjXVFOVI;1990;224;300;XUf;762;ETOsvRyHFDFnn;646
130050644;03;FVMqZHOMF;1984;658;326;DOp;89;feBnXWYxvHVBD;80
370003246;09;PzfWTRaAP;2015;832;58;IpB;270;BambGOuNDrrPI;839
050000546;05;rpyPAMkxy;1969;510;810;ceI;142;qqJouBlixanyN;943
120008446;05;UBGRednDO;1971;610;894;gXo;33;TLDthoyJPNIcS;913
350046090;07;GdmiIhLOd;1968;859;900;zBw;495;yjRMQfVTFbAxN;251
800019143;06;qrAcwpvBJ;2003;742;843;GlM;444;UPPMfQbuBrnMJ;681
520001215;04;ZxVlsGjxy;2016;195;682;mux;811;UIcPAewaSRWLW;39
290008655;03;mnbEmjSDe;2008;517;656;Ztn;128;kfWHUBVahnVdS;280
750052276;06;qpCkJICup;1976;137;40;oRH;563;UBttCjcOAcWlR;680
130042427;01;PPCkjYthp;2017;254;949;Yru;993;mMHjqJZTZZwJW;213
010787570;07;zulETnJwq;1971;687;927;LJn;433;MwIWUfCOBqoog;690
130023997;10;XIZAoeXGj;2012;13;782;lhv;377;oKFwMHjYAYVbu;847
020013306;03;qysyIzqVb;2000;131;277;hdb;854;NMJKnjobsRfvc;715
760028191;05;uvThjhTks;1965;737;655;brN;890;yyFlGbPNWGHYL;449
490011343;02;IFYiehmIv;1973;32;283;CsS;888;yxxHYuUUJkjiz;658
060009610;06;HznvZSJer;1972;943;823;MNh;310;AYHvobAvVoLoJ;64
450019880;07;pUWUZUJsw;2004;407;414;NKv;907;fQPFBOuzkxzay;833
420001042;02;ojYXYTbhv;2001;172;774;aNn;746;RAlAraXQlLnxt;22
510010671;07;BKCxkQKfD;2000;63;216;rce;153;LYzpwlrBToUCp;22
910020726;01;OLlzvCHqr;1981;325;813;Uvw;207;ZpVVIAdjcSNDq;778
600011977;02;yLyDaFqMe;2017;662;596;XBG;675;VNYHtJLKPmJBd;46
750026841;05;bNPOfzBpB;2012;349;97;AVr;874;ykUtZOrldPuqz;89
670002237;02;EaTYwadBr;2014;396;43;POf;321;KavWBxEJxqDpZ;570
310000807;10;SQItBFfgk;1989;580;494;JZE;833;McAjynBvQQMHQ;420
480001965;06;FJVTYnlhR;1987;568;213;XoX;172;JntdImRFzfmfh;289
130010028;04;EKjOryzkz;1971;89;718;djg;142;gDsYrbmFCmwXl;153
060014669;10;BzHLkzpgQ;1997;710;740;jLY;864;pmywUSZOJhJgy;49
550000483;12;HEmEHZZMi;1974;653;759;aMJ;773;favqxTbSwJgnJ;333
950024208;06;JUmiXnVRh;1961;689;169;hUp;596;yDJkUrlbvPOVc;150
130018385;02;GKhBfgMki;1977;953;636;tDH;795;qvALktzFVfCiG;10
510001100;09;jYGUxXFou;2014;684;417;rRe;663;KRBLEtrhtXHmk;795
590021911;02;LqEGXTEya;1974;461;24;ith;813;AkQJfdQiUTwvT;969
030001309;04;eMtOXOmTO;1992;59;291;imO;672;KvSlpzkfjLQdU;968
670000132;06;cBWEnOTLE;2019;331;146;znm;14;nlLrMYCZCxLWn;832
830004099;03;nbXZqauRp;1995;579;763;pjp;310;gRVqseAAVmAWx;391
610002255;11;TIdGmoLaL;1998;323;948;Tbz;49;oRiMIcxVOwxaJ;48
440008308;07;ZURqspiwh;1967;499;806;IKs;965;wmiZcarjqBVcy;953
330059908;08;ofCffmqIJ;1976;280;396;ZCY;896;JPOmEsygzVqgV;573
440006849;09;QKJSNfqfr;2013;956;167;Xxd;916;mIMuiAdQbXLOM;386
970111787;08;DZcrTmgYA;1977;946;436;EiR;494;FzypyqVLyqyTG;725
840015085;04;LDJLvhfDj;1999;403;648;RRt;376;cagQUtLruPrZz;101
180009185;01;NQcuSfoOh;2015;741;543;Yxa;384;OqEbYgTJNYmCF;864
310014121;09;NGWnUjHRM;1985;882;670;Uya;128;YhPQmDxweTZia;885
970101267;06;QcpnUIzVX;2006;492;148;Jfe;340;liLYSqsWkHsWP;703
510021454;06;nFNotUpeD;1996;326;674;luN;54;uqGLLZLjmAYjJ;92
380791848;05;Wklixjjkq;2016;631;829;rvN;186;oDhPeRbAyLxQq;99
710004169;10;APSotBWHd;2010;327;92;Ncb;376;YLeceBhKfWZnd;858
440054427;04;UcADFOVgi;1994;912;603;nqi;589;uXbqRPxUdcwtq;497
780808929;02;fMpeKaeiw;2016;348;901;UIF;178;XKnabeYVhbozV;695
670012327;06;vYSFLSFry;2019;651;303;bpt;190;OnprmmfXXhTvX;614
150002954;06;oNDgKBcaC;1989;147;593;gdM;635;AuOmwSKggxELL;789
690010046;06;lKFOdHtYe;1994;253;399;OhT;866;EIXjkThcNuVlq;834
060001179;07;JMDCErYPD;1970;429;53;iwE;792;frfYPYUqJZJtT;789
610007593;04;hSqRpIZEx;1970;547;40;oMD;931;kwBfEWohkDjIy;351
340013556;07;Rfwqtjlov;1982;762;27;Cxu;349;qpHDjgdBoZuTr;824
950005793;05;bYfpYQFhq;1961;980;770;uNZ;941;RQNBEijkvOInp;860
920005857;05;CwHcSGxxd;1965;841;125;kwX;923;BlXhmZYCwKlRi;678
420003501;08;DAaZOLPzF;2001;858;600;DNc;815;GemhzMBibswDw;433
420013591;11;FeNrvBhiU;2007;278;875;Ybr;139;mBSyoSkZHYVos;51
170025589;09;UuYURmzjF;2012;575;612;iLm;540;exySpomOpooKm;247
380798074;05;OmEAWdNmx;2006;520;297;yVC;762;KuKGbduUyHnAy;606
420001356;01;vxqLOLEIh;1985;394;940;JFR;742;PuJkZsDevFkFI;514
720000660;01;HjuDeyywt;2015;103;830;mMy;151;TeQlhsraciwKj;784
850016924;11;CPvwsPzpQ;2015;299;356;VND;390;pFonJTLfQqxaT;919
770010239;05;BEwbRljzD;1988;476;986;ipH;15;dGIlrCSvUybnv;922
870018744;11;MdTPPwPjx;1992;934;868;QLG;853;SKpXtQvYrBPSR;707
700002405;04;fEIHhAFVw;1994;646;466;KZW;923;agYlorhpMHqtm;390
590022992;05;AkFoyROFG;1975;513;899;vqQ;484;XWtDojkLNlrAH;341
640018602;04;OmuJcIBfP;1975;570;81;DXh;50;oIaqpnpBYDgzJ;43
790001523;08;CcHymBivK;2007;30;47;RiQ;884;HhdIuNrwxitqP;546
340003441;12;HEzFojhMk;2011;265;78;qcy;625;loxlXxLgmYIbu;772
760804369;09;KhOnvAwdq;1988;777;618;tdy;233;HcjtROAXtwFZE;8
920030004;01;PSecQoXVi;1967;128;500;Zke;977;tWQcyUfzNgWqh;569
110788023;12;MKnLUUYSo;1998;57;907;vhs;38;fXHfjbYEWkcqj;283
100009257;02;ScUYxKrqz;1980;340;259;aaH;775;pwjPTuURVMGJk;679
060002375;10;OlixEKRUL;2011;604;641;Xjb;80;UxvglFEKxVAOu;383
640011383;01;KOhLoULQJ;2004;987;615;FgE;196;mTzxKxZUMDqgy;602
100004431;01;sSEZiaers;2010;159;717;gqj;67;LtcNNOYTMXrgw;995
550002802;07;ZsbOZNyTs;1971;567;655;Rsd;591;sSzVOhAYgzxsN;781
460006794;06;BLpXfMcFs;1991;983;622;upE;28;snYuaSQtJKOaG;987
570027664;10;xsQrioJor;1962;356;290;Mjf;536;EYbZSHKwaPMhz;591
800001505;07;qadxiYisN;1967;868;625;yon;339;RBdYfGRBpkzTQ;187
260001342;03;MMTGCoySW;2017;452;352;kkk;524;GjOPqlWeKGCXW;906
690007240;05;citRrMOLK;1991;549;796;jzc;359;DfsVbiZyGwQyK;917
930011630;04;gcRvWgCLD;2019;595;651;JXB;591;ZEOJKLPyiRzhr;698
290036664;04;IKCkWIbom;1969;811;184;hWl;882;yFVhZNBwyyHEj;289
420004368;08;eeSroyVMb;1981;329;903;abF;373;thuZTVUqGZaDA;712
950039743;04;nimQrqIbE;1976;26;522;lzg;989;LBKRMHojLikEB;136
660001975;11;lVmeQmHJj;1999;609;484;uPL;138;BlIFbPbDxwqFw;735
750813651;10;cwxzFFFbZ;1982;595;12;OfG;339;vQfGtxcvWLRMi;671
590004529;11;YoiIIBUdj;1973;781;293;GMX;935;PRvIzIpbOFfwn;274
750028474;01;HfIjxISaa;2019;861;914;BnJ;474;XUCTAAHzGPKyD;63
070002258;11;mmArdeRUE;2009;656;301;VPG;824;lGeHCdiDGfAtG;244
420001836;09;TKYvVyUDJ;2003;271;428;ATw;354;qrfRKvplorjFt;280
260000054;05;doAHZIKfd;2007;493;203;sYN;274;yRFvhSaVvKAWc;790
620006403;12;kSadTtTqM;1986;393;790;use;547;BqtONrKNbctPF;552
290001957;07;oodsFTIvc;1962;165;413;Hel;231;CMJMAtcUFIhiV;608
340011154;05;YaUabwBis;1964;976;188;vvA;186;gDLPPYOeViTbC;827
910007764;10;iNEFrtfxm;1982;543;697;kad;407;uImkOMvRHGnFQ;723
590815924;05;EwiazBAao;2003;786;707;Djg;842;vaGnYqJUTeqpJ;742
080000664;08;aVlkDrbXz;1968;939;960;Jqg;983;sZvmgoUjYEleC;871
830002135;12;qRyIuCABm;2008;893;148;aCn;544;dyJoLqjWzCbUJ;39
350039632;06;QHdxKzApu;2007;30;312;iJQ;903;TkDRVsZQUskkY;737
590019642;12;AYnioWOoB;1980;426;346;Abn;113;zDusQJnrdYJyz;182
060018900;04;dGPbginPf;1985;687;130;lfd;740;UPkMlSIVnuFem;288
170020549;07;uFJePxUsO;1974;152;291;nuZ;169;TJEbUmbZFYUIX;542
670792464;10;zUHSaVDYx;1995;666;726;VnB;880;HITaTXPWihvrZ;693
590048310;12;kUQDvmEEU;2001;512;508;pbR;206;kHXBGjDcloXLj;709
910020080;08;ppZNHMTZP;2006;186;849;Byv;320;UBRruSQdGRvtb;922
970304713;03;iKznJhpjI;1974;997;370;AuF;336;cRrbIKKJnrGgH;559
590780045;05;yKzRSxaht;1976;577;217;AWg;798;SdZqslsGPKhpP;39
150002335;11;qdovrMYYX;2007;153;210;Prk;800;cqvoZYtGXctym;561
490018496;11;AjPcnNKZJ;1968;6;851;DSS;579;MsQCxrOUGQAZS;735
170010979;03;irxyoZdnp;1991;933;724;hWp;272;YrSTpjlMdtovv;124
750038051;04;IrgRJeNMs;1990;826;678;qRK;922;VeIyzRikGZHSt;357
900004516;08;ZrNcYADUo;1961;223;981;LBM;875;pmIChUDkxQhWp;358
