ETA_NUM;ANN_TRT;ETB_EXE_FIN;REG_ETA;SOC_RAI;STA_ETA;VAL_ETA
170012967;XkYyUgn;bBRxDZoq;FLdAYFFfMEJKKnMUCiESPBpFBjbSgJ;PHARMACIE RENOLLEAU-PORTE - BRUN;dQZ;jXCZyNogPlrBclunjSDp
300018785;asYbXgC;GJaZnlCT;GZFFRCFBJyHczWnZEThwRgmfobOEVK;ACTION AIDE A DOMICILE;FBg;QQiwXAdQIadnUmBMnHHa
150000891;ZCMCTEA;ATPAMtOq;sRieLtRLfJWFvMxlcmlHfFcPJBQmzl;PHARMACIE LACOSTE-LAPEYRE;HsL;NEnuJgQrJYXoPACEqJnO
830013694;pWkGQQx;viXYjFZM;BIXAEIIaLncKcIdKKdHtfYeGcemLZM;SELARL DIR LABM OLLIER-VASSALO;bnP;RHYFYOTyCSPkMpxwHPId
830015400;QToHtwq;DhMGlocJ;CYYqzCgdAFkzIHWCFZnApAtQrhoDdw;MME BURGEOT PAULE;MWY;hyBPFQBrKewJqwZfDcIo
660011040;fKTKAbt;esaIQdSm;GTneNVfhRqPFIEAQZBwotJxHDdjvop;SENIORS COHESION;sxx;LButEUjYvpZiYZLXEWSY
730007275;dLOasSP;VaZcHSxo;FIhrojJQDODDGvdBSbKdCXmesvkqBS;PHARMACIE MALLERON;xBr;ssFvbfrgBWJmCuMwjRwC
910010420;DKlwpFa;ddNgzpRY;stqncrkVsugKWhrgEbWHszzswJQFXe;PHARMACIE HUYNH-DANG;rws;FFEuaOivyYdgPnkzUMrF
600007447;IOMRCty;jyDfboVr;WSgVkXKUslGQAJdDpuXSgCzYhjNWai;PHARMACIE BRZAKALA;VLJ;vwwDbjkGiEDhyLyvuhoJ
640004032;fNhsuAZ;vQoEjpoj;MvOpYBlpxXilLLrYFzTiceUifSKikP;ASSOCIATION LES TROIS POETES;Vsd;eChyTYPUsCNlpdbNkCOf
220002216;MkeCrTx;MaYjpAyg;aLJuwmFKDmByKHvAJEmypGPrHgXnTU;AMB. JEGOU ALAIN;bYN;RhNNvyaDZSEZBpGQPpcC
350000972;ajtUIKI;PAKzeRhc;sQrFTqEHaLmsJuQDbnkFqFYPdcezqp;ASSOCIATION DE MONTIGNE;czi;cFqsWIBqfBLlRImvOVvv
860010651;mVIORyS;PvTEWFqE;TKkvJUdfJFArFvhIxATvFDpnlggbSn;ASS. RESEAU VILLE HOPITAL 86;ptj;tMlSRSTNwhJHzoERNgGx
340007806;HmXbGiI;qVYylIDW;PkLqFGzqFyahFpOcBpooakNkvCvuKc;PHARMACIE MALLIE - GUY;OhY;EOgddRElxDNjEiISsaqV
930015391;yopqfYH;DZVssjlk;yQJgVtudkpkRaTEvhZkjXbogQQziqo;PHARMACIE CHAN;ZJj;IVIKfxoLqwSkQepxanpQ
330043951;aebsgZJ;UAiFcTdm;EnENECQQyQXUNlESSZPzyDyEtWHGZV;PHARMACIE MALET - TROADEC;qmo;qpSoHCQGjgMxjxeLoYDu
040000929;iNqoItT;jBbOaJkK;tkDBdUVSchVQPQyYaIOTQrRqLtVXFY;SARL LES OPALINES ORAISON;Rie;vcIZWaONnMeYvQUJqFwE
750017956;NIsEIGt;zXAVqoLz;LnihRYlrbtXIizxZKQSihiwDHbHXNU;PHARMACIE SFEZ;STS;ClFIdamyqGSSxTVNODvC
740002555;ndAVNxg;NfOIicqm;fSRILTRKbwjVnyntKraDkRfQrnNqLz;PHARMACIE PALIX-ROILLET;Gpi;tbxCOWsZLfkFHWQEGzmG
620001297;WeIPjzb;UDBirDyf;dCbtBtnIpWLqhKiSbpFgQxoFiXMuCX;ASSOCIATION RENCONTRES ET LOISIRS;TwU;YuclpysjKcBgsDqWRWnd
090782335;GPffsXg;pUYFYkhL;eONUoZfPcPThtnNqXsVprpKznmPgPx;APAJH ARIEGE;Yff;vWjYVKYtZtfxZKFDpUVE
010005395;zcKKtaI;CCzhIeVK;MIyHkGEUgktqOVPfgdaXpkamoWJQRD;PHARMACIE BARTHELEMY;pLX;VKnKNDTPDDeGkVZPLKkK
790001390;guhYlOS;DSJMkhyi;mRdFnOswahrRsXuxxdVbXxabqDpFmD;PHARMACIE BOISARD-TOURNEAU;RAk;HffUQbMZPKikEXjMPodo
950026872;DHirIEJ;EJLsdrwL;aSvpofaGqMlNhiqRrblFzEEQgxQCwg;COMMUNE DE ST OUEN L'AUMÔNE;cyD;CyuEekGePEOsPzeqifnz
400001707;WnKtNFs;tGLoqOLC;iHUTHpqeAxNcXvBWrwMJVqYuOQyVsn;ASSOCIATION DE HAGETMAU;LLC;dYTBdmsvXZcORRBNbAhe
590057493;gBUAyAR;PrLYVTuR;dcLaXgWNuGzGgwErAJpvSJpjnPdDcz;ASSOCIATION LECOS;gJV;avCEyHxeAjaIHCFuyYCk
470009309;uDRbSZx;HrLBnWHB;zwEoLviqFTjPZmmoICEyVIgSJvTeEv;HOSPITALISATION A DOMICILE 47;cZT;PJlsEueLxZDjRnevTRYK
910014455;DVXdWUf;lxAefCBQ;nmRJLhcOhSnUwckLicRYrkGwOTdLml;PHARMACIE POLGE;upc;DSENjJHuQjAsoWJAztCc
300007648;qCUaFKt;NnSldOjX;HYVDszOrKRDakSArEurDTcxLKAcIuz;ASSOCIATION TENTATIVE;sHM;JqOhAjDydVocHkfcjMhy
370009136;xoVfEwY;QaPjdTmm;pytdblqBGAkUghlbnHEuGZJNSjdgnR;PHARMACIE DES FONTAINES;Wpf;aXEfwJVSgaGFjLzLHdQi
340025014;NKzHpwN;ppiVcaHF;RzfExZLBdToCHNYtOFfARpejrOHiQM;SARL ELICS SERVICES 34000;HMK;wXkkoIbsdQOZAhgIoOYF
540025004;bqGENUc;LHGVdgnl;PbcYjrnvuLaSRfsfQOJflCWWLFubsX;GMH LOUIS PASTEUR SANTE (ALOPA);rjc;jcTGHvHeCCvqyYEtLdKI
660001983;qgJGXRR;MXOJJQvZ;eeakdAfaomwwpDRoNuzWbxQZoDKcgJ;PHARMACIE BOSSET;YhC;rNVymqJdpWeEIMZTrsTw
970301396;nNDpWUw;wRMbNMrQ;FcgiOJgTiqkWyBsSlCAGcYWSBeNtpJ;BIOLOGIE SANTÉ;TdB;fiYapvDtFfQIPHfZZrMy
540001088;OmyeNjg;MGVyiGlA;qFWhMlMAdarMMjHNWCWuSPiyOLgqsm;EPC DE LONGUYON;WyO;GEOjzbmJHfBDJVmcmxZD
340008002;AkusrFV;VDvhxonb;GUIRBgcIQuooeqJZhxyEEchOkrjRBJ;PHARMACIE MEHN - GUILLERME;CpZ;evAuwKiClepHIAyYAhKw
910022284;iSJHJpI;sbBhZrUU;AyZnYvjltYzsHRalMNOnhINeSdfOHN;ASSOCIATION APBD;sSo;LsiBnOPblxFMneFFvMpB
760018291;IiyvmZG;KcWZvYGb;EiLjBQIBSUZwIOXgcNZEbNwDeBgJlQ;PHARMACIE TAGNITSAP-MAFOLAK DJODJO;Gph;uMuTUCkUMpefajrdUGWB
950036921;vCfwAHR;CoUlKhZJ;CzyxuxCMSUJEkuOJhVJgXqJAKrkFyR;VIVADOM SERVICES;wsW;yIcYHHZduJKGUqubCDgP
240016485;WukmdFZ;VHKPFBpC;FgWurfsKcuClAyRPeBFJffCTwiZBqy;ASSOCIATION LES PLAINES;eXH;HBhRoVwtXhHKmWcSRBvZ
840010037;yzReDBC;RUEoyhLi;mQKecyvTrwZmlPtvyZtNBcmNXNbYvF;CCAS LE PONTET;KRW;bHKAYTmHBZLRBETNCZvN
830014940;hLNVltL;ormYHXKE;PArqLSXJLbgPbZRLBcvOcHgzXtmkoR;LABM PELLEGRIN;SYp;fxmmOxvfFBbOHkPTKlNz
640004321;faVgEbv;pRDvEQOQ;sKmByVUkvCUYBIzeVcClzJVveOGcCE;CCAS ALDUDES;Zcy;mwaEfFOrDkeaZBnOneWG
460002553;UnbJlvD;uDLYpVfP;lmYbAuaMTGUGrvWvALnzWcmLjfIQdb;LABM DELAGE HARIZE;Gvf;zuMvIaORqDJJJvNlNjoY
630000818;JlXYzrd;RyzEkuGB;TFJCIyzxTrBVFvQimmqqYqeydzICnu;SAS EXPLOIT CLINIQUE DU GRAND PRÉ;GEO;wPsYEBvOASZUrYDIAlmn
570003582;MjCjEGT;sWQpEvSp;gdLnJMOTSWFhEixRYnpqZHKOuTxqMI;LABM SCHMITT;lEp;rEdNeTwkZpFsHqkHUdiO
130009632;TTzfWZe;CSgSlPyw;tEikyqmPmfabdJyOPjZHymWsHYIAzD;SELARL PHARMACIE DU VILLAGE;jmb;LNYXvFOchbcnhheonYpg
130001613;pHJGgxi;bueOQwxv;TayaLEpNmhGHvhYwQqVDCJJOLbfbwI;SARL PREVALLON COTTAGE;jjm;VjnVPsIQQHLWxftnlafS
880007992;HYXokqV;EnkSEJuP;AVNAcOmfOsEpWLEgIhjogpDWRTzDJL;SELCA LABORATOIRES ATOUTBIO DE LORRAIN;jWo;YHLdkikjitaVFzrNajug
910015080;PFihVjc;upxTRWoi;uHelBNvactlukgASTVEaKSzcfjwmtL;SELARL CENTRE DE BIOLOGIE MEDICALE;gkV;gloKwhuWsqWjUvQiuRPU
060001849;sqvPdCm;iUEWURgx;yBAWrWGhdiaLIVntDYbKCDbWQJaGyb;SOC PROTECTRICE ENFANTS 1ER AG;ILy;AiBxiBZUIdyUWgYyQAlr
690798004;CwJaVlV;YLKyWNlA;ywyZbkSeKSAeyVuEJxlLAzLUQHqyeu;A.D.A.S.;dnW;skJLqAZNEioxyjsbShck
290011543;LodpZwt;cCZtYSVn;bVoUjKfpzFaVIuXDPPFghxRBZERdEh;PHARMACIE DOMAIN;DID;RNcKjvPWxuHnyOfGzBQG
550004931;ZVmHQGk;daBMVyvX;FrfZmYDBCqTHrWmRHdCNqVGOylwqZO;ASSOCIATION GESTION-SERVICE;brj;SvuhvyQReUOfsVLMoHkP
560015034;GYKmVhD;UIfosCiQ;bFhzjAEpRQMKXLtWdfniHlFstSRmGo;SARL AMBULANCES VALLEE;Mee;AKbElBtfPyGKZipAjLRG
580005536;ZmFMnLk;gRZJYVKt;jJwumOpXdZPnNVBckZspbJsPzHIgIp;CLIC BOURGOGNE NIVERNAISE;EiX;kqAKtIHhpEGEgDbvQnWx
810010082;FnsQpWQ;CztRNwfQ;CegNoxPYihomhOkHyjyCqUdhzFRSDi;ASS SSIADPA ADMR MONTAGNE ET SIDOBRE;dME;SadFnsAmDGAadQypRvnj
060002193;bcLDxfD;ZxZsMBWP;XxrWAtXCZxMTGXmjabqAbmKRqoxVKT;SARL JARDIN D'ENFANTS LE SOLEIL;VRS;TRrQzQvlqbHlbIPUasTr
970209888;ZGKPJLn;rqRBiIpS;vbxIqYZQMKjeCoHkYXOLJlOVRoCHqZ;M. MARCHETY ROLAND;AFC;rKQSRzRjDTDDMbqYKfwo
630006195;wqEcjpD;ArXSQxJN;eBmytVxsyRsHeBkzahbuveKlasEMCO;PHARMACIE LAURENT;ruv;lvBataPDdWBgHQoxfkmZ
950020875;yPIijKL;GgZLFUZX;LECqKrPgfKmUufJizUBupPxeiMRcoH;MAISON DE QUARTIER DES DIX ARPENTS;dTp;fdPPVGSsncjSTlMdbDsK
590781902;IQFECtA;jKPgpIMX;GpUGxUMLxYDBCHkFiTUbOTzNBhVuRq;CH TOURCOING;cWy;qELWEjzNCELTBPAsyaLu
950023440;HpDVwWi;MeUaagpc;VwPBKXQeUHLuKeXiGicWPpyZzDlUhf;MAISON DE L'ISLE ADAM;Dhl;bpuZWozRUYkvahLzSOYR
680007135;uTMZKsv;qPwhjqXg;qAZwyfbcywBeBZLtwxxHDvAilmgvIN;PHARMACIE WURTZ;Qvv;yIjhclNdnDbCxbKXNjnq
760003996;UbsTQQX;QmOnWJOr;IiZrLopspLDSxaXPKWNWgheFBrorpB;ASS LOCALE ADMR BOUCLE DE SAHURS;wbB;ysyfRdVFdDEhVVLsUOlW
440034924;iUOPkim;PMnoMnDE;iTLWHpKdfAFGOpOjFdtGnPJsxbOIPg;"ASSOCIATION ""LES LUTINS""";DeG;uUpObaYoTIrUCtvSQUzu
2A0003844;XVBSoaf;uzQTQKKw;tzpMgQGQhdQOxsbeNtdeduoSXbeapZ;L'AGE DE DIAMANT;Pfo;jRAtZzeBnZORMpUSiNAa
590813226;lQQIoOu;fbYBrHDi;fNucLIEyBxPtCEkPXEwkuIUZutfIuF;MAIRIE DE MOUVAUX;XGo;xLjjCmvrNEoFuZGFSiLP
490003555;roDgKhE;YOfxCmES;IuNmgFBdYFlWnGRkHVvGdDItdmEwmd;LABO. ANAL. MEDICALES LE FLAO;TiF;JRHrEZbgbGNyeUBSLLMP
590022265;JzAoPcE;PlLOUnsV;uIwdNqceuJxyHjICaEChiOkmGgvUxJ;PHARMACIE COURBOT;dxT;ziWlmHBVCngliDrqMDzd
830010914;PdaDoPx;LHCKJoeU;uHRtrenLWQawMKHTaOrLiMJyDdRhNZ;PHARMACIE BASTIAN;Wsw;DvyPfHVHJPoWbtAJtttC
530000652;sdzhkMj;FMRVHXHZ;lkWxWEFTbcnvjjdkktGfNvdasygUaT;ASSOC FAMIL. AIDE A DOMICILE;BAH;oeFmcyqZtYrMUPJsYTkp
380010546;VzGyXDy;RemtuyHP;psSQDZTQeVeelIyAXWiKHUsAcKmlYD;PHARMACIE TOYEN;AtF;IqrChNABMKSedPRCMSji
950018358;vgxWRZz;TkKvWxWk;dPaUGdkIuKWHgILgceabDdBaNVqaGS;ACCUEIL PÉRISCOLAIRE PASTEUR;qIt;yNfBMHeRYDwEbmxhHxUO
520001447;KBschft;VpzsfRJf;XLCcOjwUqiTkmQdSTVUdkbuCKYGJrB;PHARMACIE CHEVAILLIER-LEGOUET;sLr;xpQOfoaEPgmmcytFiMJT
970305181;HtfgLdt;eykxeJcv;JPLizKmhutwCcYlBkecwNfiDYytNTa;SELARL LBM BIO SOLEIL;SCb;QhoSBrKDoiqbQTZzHCvW
660005133;zaDBJMA;OGEhJzxd;rWNGPtLjYnDLFxyguxDMVtHXifmCYm;LE CASOT;kdG;wOMaLbQHbgutXJihOEUY
730012259;HdnKNyy;MSoRExEX;OMrxzAdtRwaAqKeQkuVWQcRavRlPqW;CHAMBERY CENTRE;PkB;lzstQdTTtXZhgFyCtwWo
270020472;KKGTYJN;KjxhXnIN;uoJvHntOXbbTXbGfgkWoMwrzFFoLAD;PHARMACIE LABICHE-LEDOUX;mKm;GALelvIWYuAfVJfCexlW
170009005;MzRJVPU;tjftQPFT;ijcOUUTBcaSCYIDHBPziBhUKaTkUir;CONSEIL GENERAL;HkX;XmTznTagfgphLCEdQXMu
350037933;WrWswkv;YprOWCRw;QFPBeRKlmfgJXnmFdwBeQLbfWGEDSP;SCM POLLOCK / SOULATRE;izM;FBwlMYNZXtzCAMjjbOGf
160003091;YHkqrtJ;ptIRANXF;AYOiQNqxTvxkPOocwgqRdEhXnGtFpL;PHARMACIE BAJON;gbC;flfxuXtQznlYrBIIsHZJ
930015144;DJHukVP;qqIhnoTX;HvnqQlxKmyHkjQGsTcfAQSbRpWBAHM;PHARMACIE GUNDUZ;XPv;nVBWkzhNKTzfuWiIovEp
380004408;cVftzmi;wEsQewpI;aNyRGpwOZtmNNtnafgmdlZJplWXYRq;ALTACAN;NlW;NPLJJggnGfomBcKViXPg
390783520;oVMXzYB;IiNzousr;JGvmaVVKyfBVUpxPwAUHJDypsgwrFe;CCAS LONS-LE-SAUNIER;ORq;MSYcOJETMcATTyUElOSQ
450013727;bgumxLK;OoNCdJmA;ugeoBuPzFcIONqxskAEZqxteZwcajd;ASSOCIATION LES CLOS DU LOIRET;Ouv;EpkbkrxyOhmRImsyFQfc
950803007;gQwFdDr;RXzvhTii;ulnmQDoOLUiRkXhZiIqzaDaNowIszD;GIE HOPITAL PRIVE NORD PARISIEN;bqN;vOMoSuYtFpuIrOJVTUov
330058686;RyfLSmR;MNXexEVT;akkITHJbJNFejHNZfEAwytFemqfMFB;FLOREA FORT DE FRANCE;nwy;WcQovdBYdnLTMmtMgAHN
020008058;UtKpCEw;sxiupXie;KycUFoFvxvDPFKPcaTpSRRkJpdpxZh;CCAS BRUYERES ET MONTBERAULT;Xai;IrUAUPgXjEZTNrrMfhIU
940022387;GgUtJNY;LPgIpfLI;iinsEmFqxssiIGJmkWxSancLejJVDz;SAS IRM CHAMPIGNY;PEV;SNdIxkkmvMJZVCGrcglG
410000889;RAzgpsA;RhYyqWAd;FSReQIGYEtgIQXukXsfQJpNUFMdPyE;SARL LA MAISON DES PAYS DE GIEVRES;bVn;EEazqLcKFVEQYEyAYOCc
750826422;hUduLHO;etmPTMZl;TCQYqZxqBgaEoaXqBETBFmdoXTlOnn;FED GEN ASS DEP PUP ENS PUB;OJz;GNDnvBSHGfcSOasrvRyo
320003601;OXctQBw;iDdvoVBc;LFjaVZzQzzCnzFLolHdYtuDQvzeNra;ADOM TRAIT D'UNION;bdf;SzmPzWConwHqrEciViam
620025825;pRejgHJ;WmrpDpgh;YyMRmBcvCqepeNmGlrmtkHgzvbsORu;SSIAD ADMR D'ARRAS ET ENVIRONS;ymi;NygrszHRpCgzrCKLzdWx
640002614;JxLhnLh;PYkVvfIj;gUwkjqapvoDbDpERbjeyigciMCnjAc;A D M R CANTON HASPARREN;yXs;iAYCVJsjNXYPBCkSRVvo
560025546;phWTSDW;uPFGaYCC;jHIRHQUmDwxNtpHUcnxHpeeTirmhzd;GCS DU PAYS DE PLOERMEL;yxB;ODrokJHlaEhxiBcZezYF
530001130;AvEgkBe;ZgMiPdLs;HwpfUeOdoPeNntsHDoAKjtXNcseGDZ;PHARMACIE NAUDIN-BUI;qhN;IRTZrqgqvlBXagAfescZ
350025987;uMGynDh;QizYmLtU;QThcDdPUmXWRwFelmzdUxzMJyrfeQU;PHARMACIE HERVE-FALHER;xxs;hLDITeSeCGjUiBCuNsIb
600003289;QIbFvrf;OCpShoIn;pxjQlNazNCeKEgHOaevRhTbbrmwCUc;PHARMACIE BOUCHAARA;ueJ;wkyTQtNWxhdiihpwphGf
060029394;tCKQcVz;dVgcQJXg;ntaxrWWIoDBGPdZThPeqizhyuSIrpc;SARL ELICS SERVICES 06700;UpS;lIonpGlagrEEacdFygfi
750001570;oDvZmZg;PAigwTTN;BSuqWxowCscAHvLuXFuFAvlBRCJMNQ;ASSAD 15ÈME;gDw;TZMUGEgmYhKkmRlMZEYK
220018766;KjqiVXp;lVbiQGun;SOWAFnlFkhNxppLmdJBGLYgVmrIDBY;ASSOCIATION A FOND LA CAISSE;MYB;CpPCOynEMXhXTqOQynjj
720002658;PMtwvvY;AGLZggpW;gTvGgWublVrhGazmkdwzmRUjbyNsud;PHARMACIE DOUR;VNd;kPhiZflHbzxjwPQGvuzA
800012759;PkblpDd;zHBIGicM;JWNGDVvBapwNGiuwkZUWEtyxqQmUvM;GIE ONCOTEP;ZcQ;rrnOxOjNNMRAVcZWijlY
930009295;fgPgwhI;WOFkSESJ;HwFKgzXZyAGkEiVOUPYWyACrOqQlCG;PHARMACIE ENNOUCHI;lOm;drxtuRzmRUWUpMQbJPZi
2A0000683;lbKwYPN;ictORqTD;UTnpcikeBzFrBgdkcLcQJWhXMgsJdJ;LABORATOIRE DE L'OSPEDALE;tmO;zfimkVVTvVhamwfYPAhH
430003970;CEryAKq;qzbYEmOY;myBxvTJusmrmhlzFAERGQwxHYBhsMA;ASS.D'AIDE A DOMICILE EN MILIEU RURAL;Psl;HRxjNjxDLBirWoSuUUAz
830023693;KZxxdEr;uFILFUNz;etekxzaqRZZVdGCxgwiJmGhwvwDqON;ASS HOSPITALISATION LIBERALE VAROISE;rVQ;JJfrIkhvDxbFxRKcjzsP
750025942;phfRDyw;bPavyhmv;mTAmtopyXVefaIIkRpcIyhWpsITyRo;PHARMACIE MUNCH-LERICHE;pls;nrXPDCJmhwagNjvyaCLw
490012457;qvJzhFV;IiYPdGiR;kpqyvhbCWPoyPpPOMTPMxdsFOpRWie;ADMR BELANJOUS;Tpc;ryhflCwYiQlBukBlMadW
900000357;kIjDexz;psMGwTte;dZPNMtKkWwnRWnFBqmdJEPRcQQUtDC;ASSOC. DEP DE GESTION DU FOYER;Nzb;nkPiPPozMAZfrBNaVcOO
570028449;iAsDcnb;OKOwmLUM;nMcoebiCxYXntcgxezqtFeuWQzAtJC;ALYS;EGE;cSCUGrMclWXCTUiZKVwW
170805840;qGqSXnO;HFdmAifj;KEuAguAyEOBAsNLxrKdFVxoqBRWAlE;S.A.S. LE RAYON D'OR;YLO;jiAxPFyPjWvbojcansEj
890001985;mbYtQZs;GNjYhfSq;CbNioViNtZvgSqMlMGlMIpBJqTGqvF;SELARL POLYLAB;atx;HaMdRNZVxwscHiDGUxxG
300009008;VqcyeoV;GRtyFOtU;zmsAdvgouomsTUAOZmDYEXKkappCqk;ASUD;ZfQ;YPWaWclSJutIcxLBDzdP
490007762;ZquyBWj;FUzVNgLS;cXnwKmcfDkvCiOBjvsHxYUQOZVAqpD;ASSOC. ANIMATION ET GESTION;npX;qvnobXWLnyZQREOnuCEn
940005465;tTWicOF;jTKmwHlg;COiwAvuVrpoGdvpYmYnnJVksDjDNYK;PHARMACIE PARO;leI;VSVRMAmuTelljumBIPDm
790002695;ldFQqRM;MBXndOpH;MsBjjvkdVbbgGnPxFZcfDFisJnfCsA;S.E.L.A.R.L. CENTRE DE BIOLOGIE;GTl;gsTjtbHJBiRXDhtxRSwQ
370012353;bHZeJKr;LqVgbChs;XrZxGUqFiEfXxCqNYeyJSyKOUKfzra;SELAS CERBALLIANCE CENTRE VAL DE LOIRE;qMK;miSxxwodmrBACcdQnZwI
690014097;jyVhRPt;pFXnNkTw;ARqhHtwkhfxindNwhzGgHaqgxscSeg;PHARMACIE OLIVIERI;Ysk;IOTIAUQWdyGHWkoShCOT
130804867;IMLgigd;GovnnjXf;mBZESNonqGkdhvwPpqnnkOjVijrWTP;C.C.A.S. DE ROGNES;GOg;FqHSFADoijLnYnnsvAXo
930014188;osSKUuU;IZIAgAxA;rsTevksRzATJTAFrSavaMgRXMVEPmB;UNIVERSITE PARIS XIII VILLETANEUSE;ang;uBobItNLxzuHksHCDRnw
750823403;RSznUXS;XJxwhCFU;FSWyfnuwuGDwSlPISmUbwyBNKPBGgg;ASSOCIATION PASSERAILE-APETREIMC;nCb;AYVUXunGEFOWluQtMZvN
840001895;sVXomwY;vPfsakgK;tTrCKiIuDvkPPxdPFOQKZqyFOmHTel;ASS ASSURANT GESTION DU FOYER;Nkw;SVNBvrJjnKQnWngmeMmM
290009851;NcYyRAS;cKnhVjnL;vStOkzBhENohiPqURhlXZtSduZvdEK;SIVU DU GUILVINEC;cIL;QXNHYkbkTHMLzdepqDqf
490009222;XfimqYj;DYsrndgM;BptlUsrKYqtvsgPYSIewuGfhpmOJnO;AMBULANCE DE BEAUPREAU;NzN;PEBuVsPDMReedkYsbjAl
520003674;peZGciU;ptqrJwOb;GoxrCkFQGqtaVMWZEHSbTRCKGEjLkh;SOS FEMMES ACCUEIL;kJJ;iaTqHGLzCYKOdPVcWDRe
290008747;jBBuQoS;QkRkyCKv;KelvaBCyUNAjxGCDedfaUubrUCLQFD;PHARMACIE ROLLAND;Ncb;xQnRAcSYgRjiTBmheYqa
450020805;NzJUDYE;OHGkEjPD;vXzNKgsfzOVkJsiBAxHXaZGsLxQiyP;MSP DU VAL D'ARDOUX;YCa;oHHyQQfuCePcAPpGIHMM
130050644;SGkTqps;kQXYdalv;UBwrtIOSlFdjHnWthWOrtKmpNUQjVU;GCSMS ACCUMPAGNIS;EBp;dJIjAIXCqqqBpqcUCgHl
370003246;WZyDsLn;wbdgQTEu;tlBiuhHXtRAdHfUmhuhsdijbnxYjVJ;PHARMACIE VACHERET;Ttv;xZcoWBgiqKWtIjQjpZTE
050000546;jVRUcLj;tkEDbCYU;vMfZIfIwceKPNkDUifuwwLpCHrAyMO;FONDATION EDITH SELTZER;oSd;MzLTvnLdrxhPHkdJdMBn
120008446;JseDxmm;PIpOmCDA;JLooqWhoNNpJqdeoAcviDUAbJswcyI;UDSMA SERVICES A DOMICILE;iDd;YEKtCtHZPfdQqcFqpXvQ
350046090;CJYndSD;MzHfopbB;GJKnspouELPdraFgbbpzehCZuNvGUT;PHARMACIE ROBINE;fsQ;VPOVNGoJjXAbgXzbbnxe
800019143;hhyzBDV;zcBfCLez;XLYNOyVoaPVFgicGvbDfVGAxHEakvb;ESPACE SANTÉ MAURICE RAVEL;gpy;MqRfKuZsDgZOHJSFwmPp
520001215;dGrJIab;klYfdZBM;HfpBZXuGpsuWepEgoWmyrTGjsdQtzN;PHARMACIE BOTTAZZINI;lNd;nvPlbhpCuzJRzOWTqQtP
290008655;wwYXUcI;hpHxBQRV;WFnaLzPQcGUadRixcBWghpcFdnebsR;PHARMACIE PETTON;Sla;lkeijaZgpSWJCAxhpdEX
750052276;oVasysi;FuiVkCrz;sEwWVKqJHUvUitVGzIzbLgRUBkZGYK;CLINIQUE MEDICALE DE CHAMPVERT;wsf;ajTOrhNXcvYvJlAWYMOV
130042427;Skwsuzn;VtCAjRRv;QyHNJwRteWIYuFUxPJjXlTFGVXgXmb;SELARL LABIO;UvW;OPExSBGSnAjxUmBljrTM
010787570;mjwuLnv;zOtOczqy;WRspJCtLnAEVGxRFebabDQsUdEXtaL;C.C.A.S. MEXIMIEUX;nzY;VXeaGXnVNlIJHODjacTg
130023997;tVDdiYb;WrrfLJhj;IHuZeyivlbSPkmBWzpLWOzGYcUljyO;EURL PHARMACIE DU REDON;klk;snmqSQGQZUyCKEmNxuNG
020013306;DDjitTR;TWTwPhJU;gCArkBWsDwSbOJjfqcYmDorgrFboRu;CENTRE COMMUNAL D'ACTION SOCIALE;dnR;vWCtwhzHKDbYhbjijPJn
760028191;SzdWDwy;zwMGgSZt;kpuYCRlosnHbvMvRtlGtbMPaBnNaRT;PHARMACIE GROSLEY;rkM;iYDeTZKoRiVfbSEdYBVi
490011343;yQnbQdT;xtVCepFi;qFxaVEodejgyxUHJyieFiXesZJTahi;ALPHA;omc;cGLgkHSbmMlpqKEYtRxW
060009610;GfviGnn;vwehphBH;KTTvPmzaeFyvBgCuqSwWKEPoYKIrwo;LABORATOIRE LES SANTONS;HrT;FIkOOBodjJPCTfPtzqEb
450019880;xVyUllK;rsxDMiXs;dboenrbwkfJumbbpKcMXDztqgSMZPN;MSP DE MEUNG SUR LOIRE;EJD;xikZTRtPncUBsvmBXmNv
420001042;vonEvGh;ycfnxOBs;gZveHlyKxHEPrbQxfPiIZbktkvwSQs;ASSOC FAMILIALE EVANGEL ROANNE;eDu;ZVKpgwjsYJtrkMVaJThf
510010671;KBvMOEg;nbNKlUBq;FeTgqzkxZdGizcMsZCYHHhRZTSMczG;PHARMACIE MUTUALISTE;JDP;xKHYEzfuRdIGNHTdiMhV
910020726;qRyuiLi;JhmzsKat;uaMSKhvqeWvVdwBJJIbJobCzLHAsNs;SAS LA ROCHEFORTAINE;HYM;cxBvZOzlQpbDIjvoBAAG
600011977;pYwyUKN;UCPPglQZ;cLokdifUtzDmiHmkRZbusHYMmDsjox;CERBALLIANCE OISE;WTg;PRbkUTqzRBjpfFLuJZKr
750026841;KLaFffq;qisdsCCR;DXyLRXbSacCLUcozFAHbHtnSQbPfNX;PHARMACIE MURCIANO-DERHY;coD;BnxfsJyeneZYAQfOgyuD
670002237;oJSwepI;ZdyHkeKA;WGCWGUQpVfKMvucDXuzURykWotwyfu;ASSOCIATION RIVE;hrp;bwhAhJNAvLLzFIzHdbHa
310000807;TuXAUBZ;EKmJHuov;NDtyEhhMFUvMfnfmZgnGzCrTyeaMjb;ARTIES TOULOUSE;qLq;UMkiICGiDTUNIFlBcQOP
480001965;uwpmPHA;TEXxHOsh;mdZwuNvPVPMnouSQaVermEzJPwwdnj;ASSOC TUTELAIRE DE LOZERE;FbA;iUWWxvTspQrggOAEvQOI
130010028;UbPKYsI;UVXwCBga;SRIYatDqyHIeDiKiWQqWqKRdRQWkBx;SARL RESIDENCE LES BAUX DU ROY;CXh;hnmwgKVwJkyUIgXGYgNA
060014669;ljxPqnY;yMaucqFT;NhJZGBCSbXMZSJkOoYoOHKdmJYrUHQ;SAS AU BEL AGE;EcY;LvPrltjZgPKCKtbzQDPh
550000483;rYewjda;cTJDUiUh;TKiLcIcmKUpZaHgqjqLwCBuJnbyzpc;ASSOCIATION L'AVENIR MONTPLONNE;gwc;PpFBAXAGJRfrHPYzCXVX
950024208;ghvPgdZ;sDeeEPwE;zvZPyzpxGdXpLBziWbhpmvtJfgqyzj;CENTRE MUNICIPAL DE LOISIRS;cgi;qFMCxEYLZTuYKGUmYKom
130018385;HdwSABf;uoluDAPY;owMSJrnhRvFqqSKEDGPotOZWMqVxOR;SELARL LABM GALINIER MALLARD;CgM;vwnmmudwzberbKnSdXJX
510001100;HUQYPKa;LKWicqFq;wKCZLnPASIVgnvmTCZfSLNEhjDhvYA;"ASSOC ""FJT D'EPERNAY ET DE SA REGION""";Rek;WjDFVEUCljBYLJJhfxCu
590021911;qExUzwR;nUttKRhb;PDCKydnRemhMyuRmWJLlESeyVjxpUp;PHARMACIE DES QUAIS;MCB;DqVyJZVHDZQCEliwfRhm
030001309;SKymAPe;jgzuZlLg;FhXEBjRWDIWCmJworLIPRyRwPSzLAq;SELARL GILRUC;Vda;crmWibnHKEdPhYDFTzAy
670000132;RQmQgqF;CgKjhFRM;wVrfQVGxcHaVtrazHbFSPhFFtHUHXB;ASS CMPP PAUL ROHMER STRASBOURG;LkO;PUwmMhrWDHhBPbNLwrre
830004099;XchdrfN;wKowILof;JHCrDKAotYKxmHbmYFUIjLdwpzlmcB;ASSOCIATION OSMOSE;AEq;BGCpjcNmPYiKRFIZMbqa
610002255;ayecvPB;yEepnJBr;sMWNqVjAyCszmIxTXfBuEaIOLjwEja;LABM BIONORMA;USu;AhZRFJOkjVmFXeMKBCuo
440008308;sATkZDQ;otlUWFCi;JGYEVfjDdbAsIqitmyQuBqJHObOEgs;PHARMACIE BOUCHAT;LUv;LDodOSoRwhhQsAtQValF
330059908;OWccaaM;ImooPQij;baKfpSQFWRYJENNDksczQPsNhjYCey;LES TILLEULS;ETK;YXAouxKslCvNiJzVOyYM
440006849;xqYipEu;xUWJjYOg;sKGdiiNqgJqWvogtmEZtWIizRaWmvO;PHARMACIE ROCHDI;sPx;wfUXXsqPzZGAZBzQinyc
970111787;XaCPNYe;oFEkqYFV;yMXIoZREiNhDwzFhGHwdJdEfCdSyTy;MUTUELLE MARE-GAILLARD;qii;UQQoYQEtHhKFgMuPBFWF
840015085;KPBcCvG;kBcGAdop;ulpBELgNYXkVxjUkDZAEZMDDkbmUqA;SELARL PHARMACIE XAVIER UNIA;GaZ;GOjljUGoqcfgwGhwKibZ
180009185;WRopyId;avFvDuru;qPNJRHbPSkJEcpurdAfTxzErTeEura;MSP DE LA SEPTAINE;nIU;fYwBvwrouTmyOgVCMUJI
310014121;LertSln;giMsVQpx;JzPhHIVEEIeFXFWxnoJPImIiglCkgA;PHARMACIE SABATOU;Dug;pIjUYowYGnZJZYGuoLhZ
970101267;aMQzFtZ;CHrwCrlA;mHurcOlfBavEDgEcYRHEtjIJCboIDH;PHARMACIE DES SAINTES;YsU;ZTiPkvBZAlQdfvPxsVQt
510021454;kvrvuaj;LEMhxXUN;uKmDhZakRFHMXamxHnZigifZRRFtJN;PHARMACIE GILLARD;JSW;LFRJJWeryqDXJGiORJfc
380791848;nFJgjQM;RXlYmAdj;lHDIScCgpvgQJopVNYzMGrTHVtEZBz;SYNDICAT MIXTE CHAMROUSSE;aVo;lFsMUrrKkQYuGYCAihiT
710004169;yWinOYr;qsXocQOc;EnCvecjkOPbdMoRSnxpBTxaWdduMZi;MELLE BENEDICTE MARTIN;DfI;OOlTIdLzpTnJCGRCEDkC
440054427;aHajoJC;ZYJtPhtW;TLFQfEgafGsGXPzonDgFgfxXbxOljt;SAS VIZEN;djF;tXuGQgNIgJhqwRCHJsJw
780808929;FAulQOB;nBTRqSlO;xvfWuPPoCkjqAXknmueODoLSTuYpmt;COMMUNE DE MAUREPAS;aIY;CgBnmWtCAmMlKyRQrWIa
670012327;ZNujWGG;BGDftVcu;YTMzjzmGfhNkSZCRVXIWEZnefVZcFv;PHARMACIE SCHNEE;niJ;gixjkekgQIuerYnpRsvx
150002954;GkflhYo;lvTACqXF;AJNwbvWFIvnQaSvGSQPSPLMiFqELmi;SELARL BIOVENT;zUj;qFBbOsVSNjIhPvyDgOYm
690010046;XSAdWGq;NxMoiGYt;YykQyIUzofLggULuBlmamCbTmcmaUG;PHARMACIE PELLEREY;LIZ;orFDCMuyfZtgTmeRaTtI
060001179;pllFHUf;hrtiCMJG;EjZNVkUcdXxskezmbwVsntmeSIZRwi;SARL LES MIMOSAS GRASSE;RwW;RcObMjozWbHfuPTjCijV
610007593;CiMtDnu;MVQuUpxr;tmRKrBNzqXZyPpWNLfljAkEVjeZspQ;ASS LOCALE ADMR DE TINCHEBRAY-BOCAGE;UvY;LSzoODardNVFXJAKMNgW
340013556;orHaVbm;fTYKVhiH;mPztjwQPywoOgVhZhDTySDzOuyZjeK;RAPID AMBULANCES;Ksr;pvDSmPQVNHtgyutlzmvC
950005793;CzKLKfU;sHMqhmsz;rPGODZiuktDzbGelcbCNRCHexvthNi;PHARMACIE BIRBES;vnO;xqsXjBQACukqwSbdnthJ
920005857;ugRhmOU;ijduJSXF;xyYwuptSdbEQHOHHLaTWqnkGwbIaAe;M.LACROIX;dmi;YNeUUBQLorTntNLTXGVy
420003501;gVtIquP;pHllxWAu;htARHLOeFoBAOTiureDtCdgjaAJMAl;PHARMACIE BALICHARD - VILLEMAGNE;ktn;XynfEKZgwocMtrZeSESk
420013591;HdqmIWG;ZYFbKnmX;fgSvPFDPeZLKWlJqKgLvVvIEDmiajI;ARCON ADAAP;QNX;UEHKJYhWqipaNoAKMMWP
170025589;CuaohSq;jvrUMHOs;hOUkcZitEmgDoJtcAOdvsvJjQFzFmq;ASS PREFESSIONNELS SANTE DOLUS OLERON;EnE;rLSyMBoUxJZcIWFTtEGA
380798074;arTWiiT;ILDHSbvb;XZaMKzbmbeCNFAGGJBWHGELmNZpmDM;A.G.I.R. LA TRONCHE;GXW;iZfMGXNcnDmebzVqLBpa
420001356;bHzniXE;MQSUTmzv;fbGMGLGtTzoAfXjwnJiQhBTkqOnAjP;ASSOC CENTRE SOCIAL GRAND CRX;kvv;SIdJlyqGkiDHqOPyjFxs
720000660;mxHYHfC;NRYSwggO;XKjqIcMzUWittPwEZkBtblfjjbVQrb;ASSOCIATION DU CMPP;Bao;PNLggirqdJLNCvfpHPvr
850016924;GHDqHCO;qCcDNDHS;cbEDmfeVfyIPgtSyBqSdUhbNYkgpxn;ASSOCIATION LA RIBAMBELLE;WAs;mpbkoUlwbfobkNdMcCZm
770010239;AIGxmHA;doeYUMFZ;xCQlhdjOSBqNyBLGOXeDTuBorLhcaL;SSADRM;vig;vKVYSVqbQaPbWleYAdvs
870018744;qUOCWYq;TgYcSGuh;SbJUdguzVUFIKhEkieVAEmzbFhdKpF;LES ECLISSES;PYB;OMEfTETApPamEavfxFke
700002405;kFSbwdr;oqQOpelp;oATALwuccjIFlbZFnjDevkOFdvuDIx;PHARMACIE CUSENIER;hpa;xKHXYdXVerGppRMcLUZW
590022992;AVBxwEp;WixKdKbK;UOJOgAGngaLMzVCsPkLBRDxQTkrFDy;PHARMACIE VERHILLE;gfC;YuDNeyzeNLrJEajNKDBW
640018602;mtlVBvJ;FrLiqtDz;phjPjGOPDxpDnDPInBSsXsvTcPCnuz;SERVICES DOMICILE COTE BASQUE;YFu;pXAaxtXwHOXtxRyzkcAg
790001523;nyOhxEv;NnrFzzxF;oIjCxQSnzKIfatwKZIqLuTJKnxQcak;PHARMACIE CHOLLET;nyP;JJMPBKIrvALFEJHgIubI
340003441;LgzOjwB;nhxDSkCm;uTfqBAiOuKcmispwiaAwilRTIyrQiF;PHARMACIE PEYRAC;WmE;rZtXrYAILwUHlsMoPMsL
760804369;sTKZsJv;TMDKHtPS;rfERyvcbbGJHsrREIapGOSDwljFdjD;ASS AMITIE ET PARTAGE;NvE;wXZqQRLhYdgryERPpfNK
920030004;bynYClR;ARYPQOoi;bxaHQnxPvGfmooHChPJffWtTGUOJxv;ASSOCIATION APASMD;fSl;EbqBypSZTOoBpWWvWjFJ
110788023;TiYEoag;ITIDvomC;SckXxPQGwYqxiMYmOnenkWNfXRZKKJ;SYNDICAT D'AMENAGEMENT RURAL;AvF;MiJDXyhkXiCmqrKZQIhI
100009257;szZcEfL;ZPYQTBTz;TWJOTqMzQtgKKAVjvSdRvFOSLoEIVz;SARL ACTIRETRAITE SOULAINES;WEV;cMsAoCMgLCYUbZkUWohD
060002375;oFyAnyY;oGxKasTr;MruXbeUGitoWzJMdPeklABdGcWbdwO;S.A.R.L. LE MARIGNY;BPJ;EfVvzDyxpkMyWFviiDWO
640011383;MslPFxy;QOwLXoju;jMyJpWYYZiMxIyWgsKGOVEAUmulZVM;PHARMACIE WARGNIER;SNj;ulYnWTvTdOcrnjClhEhz
100004431;IMjwCLD;HrfQTCDu;ynUYlhsPsqwVmbbxoELgzitXdkrfae;C.C.A.S. D'AIX-EN-OTHE;yDF;MIsXanoibEwIBfRpxtLJ
550002802;BEZtVSP;PgzkXwkN;NhNcPnEWPslNPTByJleOywAilfUqrB;PHARMACIE LELIEVRE;WXJ;IJwLrPCPqjDXQxRjpLtM
460006794;ljFEQBj;urfhhuOC;hYWJlLXArSPghezLnuoxHZAFOZEiaD;ASSOC PROF SANTE MSP FIGEAC;YBc;HtBbpgmVOPOvTydxOCEN
570027664;PFHVfmL;PsoTbzsT;riEFeSujuwwKYjuSVdqPbkKAVMxjor;FONDATION SAINTE CONSTANCE;sIr;tZyqeCxqCpxYpjLNAKAF
800001505;qApzkoB;JyCocgQI;luQrGIyySBLHiTIQqMFtiSaAAenFph;S.N.C.F.;wOz;aQYnxEBALpyqyWpEhYJc
260001342;YiYwPYH;NHDiShOd;UUvZKHWFRnHftQnFuMjcmHVoLlIeHu;ASS. GARDERIE PARENTALE;kEq;ZjHDoeSIkDvzVyasoACl
690007240;NKeoTxL;mJHQaMHT;qKjtDomGrtELTkVnZGejUHGlTbGsTN;SELARL CELAB - LABORATOIRE D'ANALYSES;liD;LmTHlgjlMmrsSKrHgklp
930011630;ZZDsFJN;fdZVvWIY;mceTBbmaGwvLjrdqnCnfPAVvPTyliv;M BEAUMONT FRANCOIS;pPx;WXVUIBSsKpitgDlknKUG
290036664;GecvqfD;pcTkbSCO;hbqiminLFzluGgNalQdZmhucrLSWuo;OUEST CAP SIZUN;ZNp;czBERVqdnpDisTlHpiDp
420004368;yhlPEHz;XoTXRqxz;WASkXkOmVSmtEhwoRIeHKbEoAVSVoJ;ARSEF;DDI;zwGwaMEcXiaDHbqZIXse
950039743;ObIvSba;RnuCGwbI;MzmdShgqAsOyIUQXnEzLIxiTEqLDka;ACCUEIL PERISCOLAIRE DU VILLAGE;hrn;QqGPKgXjZqWcvEcXDxrT
660001975;jjNHANI;YrUAIrKb;kwzhLwKlemluOXHNlympqavkiIlKik;PHARMACIE BONET;csa;cvbdMFUubzmJSrXsZebn
750813651;VaLEDga;QeuGfHEp;KzJcxxHohAGoaqzLTakOdirfDeltlC;PERSONA GRATA SENIOR;NRE;NGYiDWOSQlsimiTpxIbJ
590004529;tbvGjlq;GQGowPaa;SrCTtVLgYYfhZSDsGHtSCYHjvlfKAu;SARL RESIDENCE LE VERLAINE;uJX;sFHNmDLpqPlEUBtaWxEI
750028474;WjwgZbc;OYUObYzK;qVFdebLqlzEeKCSbBjElwxJGdCkADo;PHARMACIE DALIBARD;nri;wbTQEAiQsvUIrcYxksSi
070002258;pSYYRuI;HFpNkZzJ;FdOTDLhaMyBzWKXlLiXWJCqiZapxzM;CRECHE-HALTE-GARDERIE MUNCIPALE;WXK;QyWhmJxkCVlvrmITUvQC
420001836;CnFdFCP;uLydyTXQ;YNGVvzyfiXblWoZnFHRSninKQKAcRR;CENTRE SOCIAL MONTCHOVET;UYa;pjIJXZPQDtelEIYJPBtB
260000054;rtcueLi;nkIQKGio;oKUJrlgHfdFORCROVRYPgHgKvVkCdY;CH DE CREST;lHB;KunvvZYFNTrMnzxauvQl
620006403;tSMbIqg;JZZMIoNn;BHIZzDtSYaXQAwmvyRoEdreLnIUODn;PHARMACIE DELASSUS;HKr;ccpOgbjINFOFGJfWgfhF
290001957;yyVVszM;kmzojrNW;gKaJQBSobQXEPiBXWpkvxqHPBADYaH;PHARMACIE CASSISA;IDj;PMmMbrGDKYZlxJlMHviT
340011154;hGZyaFs;MhFjwTrn;XTZHsstgpmRQFoUsnjvAQXEoWyFvHe;PHARMACIE SANTAPAU - TOUREL;IHx;teKaVigqllZSjoIXMXfZ
910007764;TNwAuOv;hYwIqogy;pPWcESFcHwsrWYsJvnUEwKzMXQSWtK;PHARMACIE DAMBRINE-DESONAY;ZVX;pKlLggAWlzdPkUvNqmwN
590815924;jPopJiA;ssZKjfYs;hfNqfHGKLEnofpinGqpQFJsbIWdzce;A.M.I.S. LA MADELEINE;neh;jkzjoNXjBjHVFXHFXHDj
080000664;BwSERVC;eltqaMdl;jBXewerqQGuWZNPCsKRuWCfqtjClOG;CCAS DE SEDAN;rnw;nyaMRjGCFeudWhztgeky
830002135;zclSNtJ;KbASKEzc;ArJteoCAXUaKkqwmtmbDZxSQunlbru;A.V.A.S.T.O.F.A.;tjK;GRkGaqCrSUlgBbdefDuu
350039632;EtjLHMv;GTfqpuYZ;uDAYwyspnMtjlgWkDGrmQIoSImyfbR;ASSO GRAFIC BRETAGNE;kHS;jUjXxOSIVSvOyiisDCgh
590019642;WmGgmxh;xmyQRtvt;rhuWWylSShQnTPLYwRlXEvcEQoqjFe;PHARMACIE DEBREZ;vNQ;CSSyrmQCTNUVOgZKXBVH
060018900;uSwLnET;WjuPZUCC;JvuzGpPmRQuIzonUtHJJgqARExbwJO;PHARMACIE MATTEI;Bwd;nWsXJKrfTssHhtmgEVsN
170020549;mdKxamW;EpYHqwbp;LTNWeVfROLXxgvsPaqULeGAggeNJrt;MONSIEUR ARNAUD ALAIN;HnV;wAsryTqkMwVdHbgdOkTQ
670792464;GCTNFzN;CDJYOebe;aPBoQZbpvmKHbyqzpnOeCMYyluaOxL;ASS MAIS ENFANTS ALPHONSE OBERLE;baW;WnAMeNEqxKqENhCnFdxs
590048310;ritVWSN;mfQARhLM;YYhWDPueLpqbcGsQaZnjTohFidnrvp;CENTRE ACTION SOCIAL;zrC;cRSFmUwaAplOkZaoPNdj
910020080;FaBKWVs;oeJjNemN;BJchHkhnAjJcnuVIQYGrEjXFRQpQQy;SELAS MEDI 7;Xhc;zVOfHxrCjuZtIibGgFvi
970304713;soCyzeL;DmbVmLyD;swJJcKAzziNCuHwVhqpuTFIjLZTSne;PHARMACIE LOE-MIE;RkR;SBVYIOhQDumlpoiseSsk
590780045;JxtKFAN;nZzUagUZ;hmAuymYEueDaUiKvovLkKtUXicIMky;MAISON DE RETRAITE ORCHIES;yFe;CbAsazRFKFtyGcUmWUNV
150002335;CyDOrfk;jkjERubQ;GiacXtOGavAlGqZoiIwVInsfGBoYOw;PHARMACIE CASTELLAN ANDREE;fdO;QFDoQudDGXFPlDWAubkO
490018496;xpDhnMX;Tzyfonkf;pGHsimGsFtyGSftFQRowFQtRiKRNFi;LBM BIOMELIS;jyM;itlPMgIHKdkgYVMWUmxf
170010979;NactxWw;qSpLTNrL;xeZJeAxDyIOFCjtWIlIzkrZBBIDoaj;ASS. LA FEE BLEUE;ylq;tSbmxhRFHYmSInDHUDIM
750038051;hammnkc;ZHbRFhEU;rpaYvqgXrkbuBMnKuZubKriOgWSFVi;ASSOCIATION AU FIL DE LA DECOUVERTE;uUA;ROPQeileKvBXuvPMUEUB
900004516;mtepxyc;hsGBWCti;iGkvfDGoLgKBocxMznVAvypckifSMl;MUTUALITE FRANCAISE DU T.DE BELFORT;rMc;jguNVQaBPYwQlcbNFEtY
