ETA_NUM_EHPA;ETA_NUM_EPMSI;ANN;DAT_DEB_CON;DAT_FIN_CON;ETA_NUM_ESMS;FFT_COD;FIC_TYP;MOI;ETA_TYP_ESMS;MOIS
170012967;380782698;1970;07Jan1980:10:15:13;15FEB1980:10:15:13;MGEjiiVLMLoLluIOsolFOlCSUvdNmQwDgHcfJpKYRRdNqyv;J;JyX;05;Mm;07
300018785;220023162;2015;16Jul1988:07:53:14;01AUG1988:07:53:14;jgOJxmlMFekVfTgHwxHKwEvLlcjtdyczNsakbCqSDtyCkqE;c;qVp;08;la;04
150000891;330053216;1987;07Nov2016:09:26:58;30NOV2016:09:26:58;feJyOqfwFubBKbmrrVrARpKgLbcQyckYWKp;o;Mds;01;UE;08
830013694;320002074;1997;15May2007:02:48:51;26JUN2007:02:48:51;snzrgwqhSjeNdQORCmmlBnEhzF;T;som;06;CX;01
830015400;970105110;1972;10Feb2024:04:38:18;19FEB2024:04:38:18;fcOeBftHitWXziZhGLcMRGpYzZwhyySWDaggBAYmCBxJGbkcRdpC;x;jIC;09;eQ;11
660011040;500002522;2007;23Feb2019:05:35:09;19MAR2019:05:35:09;VgkrBlVDVgJyWIBXSvJywleeiFrkxBuWcWc;Z;rKZ;06;lj;10
730007275;110004843;1961;05Dec1994:20:57:10;13JAN1995:20:57:10;eEJcsiAzo;d;Lhe;07;ha;03
910010420;590027975;1966;04Sep2004:11:28:10;23SEP2004:11:28:10;ZMqrtfZTNQxdrAMRyzfasfJAYL;I;Hxt;02;zr;05
600007447;840020499;1967;28Aug1990:03:31:39;08SEP1990:03:31:39;OpSdsITUEVlgucDQgOmtnLxzkr;T;ZGj;04;sA;03
640004032;460780083;1963;26Feb2022:20:19:04;15APR2022:20:19:04;RrXDBiilzrfvtEUvhwMjRBGSjkCuMlmwMuXNnCXWIwwFKqfh;J;eUZ;12;dc;10
220002216;030006951;2019;12Feb2013:15:58:12;22FEB2013:15:58:12;vCVFaYHlttyKIonnYxUJbOwqQKZQJgEvvOZjcaugMytLEbDDNa;R;zff;11;YA;07
350000972;430002196;2015;25Jun1995:15:06:07;06AUG1995:15:06:07;bHuuIGTFNSfougfUJejOHHyPUMNkk;M;NyZ;08;Iq;08
860010651;410009906;1960;10Jul2013:16:22:31;28AUG2013:16:22:31;GgwjxVsUDQVMtsftCdUGaiWu;J;AZz;05;aM;12
340007806;560005779;1979;31Jan1997:23:47:13;21MAR1997:23:47:13;TUBjXqyK;Z;Nyu;12;iF;06
930015391;410000996;1970;01Sep1970:15:11:50;28SEP1970:15:11:50;PXsqWzzKrK;E;yro;02;An;04
330043951;310000047;2006;17Oct2011:22:08:21;17NOV2011:22:08:21;DgSuLsDMleKihXlwHMhyxGkbg;j;Nff;12;ze;01
040000929;010000339;1995;23Jun1992:03:39:21;24JUN1992:03:39:21;LyhDNxpVMlRfKbaCaUJvqvkLYEofQekMG;V;Moq;12;lS;10
750017956;450016829;1995;23Oct2017:22:05:17;09DEC2017:22:05:17;OUltPjHgzFXQIKpCqJXhw;w;Gdr;03;Yg;02
740002555;930029657;2001;23Jul2002:22:07:45;09AUG2002:22:07:45;LndzAuetCJIsomXAeltsbyHQwZGeh;D;IjQ;09;QJ;02
620001297;280504085;1980;07Mar1984:01:24:10;04APR1984:01:24:10;jAEAfMDeZRjMgWOMnB;m;mKn;02;bB;03
090782335;450020409;1972;26Jul1979:19:21:02;22AUG1979:19:21:02;DLYVFxxLwamAonNJzzCnNjBiaAMNzOsVQUGS;a;keX;09;GN;05
010005395;630001014;2013;16Jun1998:04:10:07;12JUL1998:04:10:07;xumkdkynPFbQwYbzXVXbykJHvIgGDEHmRFnIUIHXmADZH;X;XCF;09;Eb;05
790001390;670012343;1992;23Jan1970:10:51:05;13FEB1970:10:51:05;LzPJEUCSIcJYEeQQVVPVHyYyPmpyzJrGnBtdRYCBUeDGvgJ;f;nKb;08;RQ;06
950026872;130001910;1988;29Jan1970:22:07:58;21FEB1970:22:07:58;kTWkZTRdpNNyUoHBG;z;CJm;02;fP;10
400001707;290020338;2015;19May1979:23:12:58;03JUN1979:23:12:58;OtExMzLYNVXwLZHYLlTWvnQJkXmsFAUQa;X;dfG;06;kG;10
590057493;050001262;1965;19Sep1972:22:39:41;07OCT1972:22:39:41;fwJfQgBntfZNzclyhDzHxbkrZ;U;ngV;09;iQ;01
470009309;750017071;2011;06Sep2003:00:17:01;05OCT2003:00:17:01;xGhWenXbxHMnmnUhhROoBMZFyXDAIO;h;CKx;09;Gh;06
910014455;590034393;1978;26Jan2011:19:49:08;11FEB2011:19:49:08;YqOPwVmDFHPGEbJRbmdbEmrmPT;t;LZO;11;Vc;06
300007648;160003364;2009;01Mar2012:01:12:47;16APR2012:01:12:47;ZshyXMdvMePktnuRFk;z;sqm;04;OI;05
370009136;640012407;1974;23Jan1993:13:16:45;13MAR1993:13:16:45;ALmRSyqNeidVSjOOeqKXQfJLqVDZhnlObDZXCvNozLzVMWzw;Q;AHL;11;AP;02
340025014;720002765;1998;11Jul1998:11:57:08;22JUL1998:11:57:08;hIyJKmqtHQmdgTDasnTGUXmcz;N;UHM;03;NU;11
540025004;750023392;1998;21Jan1975:10:47:27;06MAR1975:10:47:27;rIbzRgMrefaihfvWyLVxknMtNeSjZLmSi;P;sSL;05;CQ;09
660001983;350038485;1992;24Apr1975:09:21:45;13MAY1975:09:21:45;vftFwfjTFNbOJiOzyOkxRQWiLTDxsTKH;i;idP;12;Qf;12
970301396;010002640;2000;09Feb1980:23:32:20;14MAR1980:23:32:20;CIJJeEqZvxRUUeLLASCnUeukcQNNHbhByhVjiXaAvGRUIDBQOWA;S;yKA;09;Qa;06
540001088;600004931;1986;13May1971:06:05:25;27JUN1971:06:05:25;XsBYNHUKoxviiLaSWUnjUxjBfCFdsNCDRfVlLMIh;Z;IfJ;09;lx;02
340008002;440004687;2005;25Nov2009:13:49:42;07JAN2010:13:49:42;dTkKjZnmPMJODJOSRfGrRCYOriYFbzVJDmzFVYlWagsImBE;k;AZl;10;ln;05
910022284;920030863;1964;06May1976:23:33:45;24JUN1976:23:33:45;TOQEjrwQRueFXZPgvYJiXqSMVxVdzYvNIikS;M;Igu;04;gn;02
760018291;690003751;1990;19Mar1982:17:34:19;09APR1982:17:34:19;SZDBmJJ;e;xGm;04;vm;03
950036921;940016967;1986;26Jul2001:14:28:28;05SEP2001:14:28:28;tCzMPxpCWzTPMLxzmfVcHqApdJdsyFHJbcyhXwmYGHCyjKA;k;mNp;10;sC;07
240016485;440050722;1961;06Mar1977:09:41:59;11APR1977:09:41:59;pUDdGnQUBtZMsSdeYaEjenrxSJsRkkQSwJHbR;u;ZWY;02;XS;03
840010037;890000920;1997;07Mar1993:08:54:52;08MAR1993:08:54:52;CRbCQOqDgAAopmIxumzwnwzzhlcmEzvFPdRQYyekDypBmqGZV;p;yCF;04;gD;12
830014940;300012267;1999;14Aug1996:12:02:45;28SEP1996:12:02:45;SVBmNpsZEwpiddcpEg;p;oFa;07;WD;03
640004321;940721426;1967;14Jun1979:03:00:58;08JUL1979:03:00:58;QVMKeepQebiE;Z;RBj;12;vA;08
460002553;760015065;2006;21Feb2004:12:44:25;05APR2004:12:44:25;jsJHxnwjBofNicVvRNkPiGJR;I;TsT;11;yM;05
630000818;250018165;2014;31Jan1983:22:18:16;14FEB1983:22:18:16;HmGrSaVsbTJAtXygbEZtygzAIFPcIavQuUSabY;o;fwJ;02;qC;06
570003582;450005475;1984;28Oct2009:04:05:09;06DEC2009:04:05:09;fx;L;Etk;12;kQ;01
130009632;490007820;2009;07Jul2023:02:51:47;07AUG2023:02:51:47;vTSzsZfsIcgOoiHQlfXyiYcBHSXjAIPVHFgC;e;MOj;06;UF;08
130001613;500003819;1983;15Aug2023:18:03:35;16SEP2023:18:03:35;odJznmXiCLODGyNPwwLlMpkXFpeySDwOcKmbJaVnJDvOi;P;FlU;08;Co;04
880007992;560025611;2003;07Jul2003:21:21:07;23AUG2003:21:21:07;uHICIKViXoVbcgRfEgJNcMwIZPdXOpytM;V;QNk;08;Zn;05
910015080;600007777;2002;08May1988:01:14:55;12JUN1988:01:14:55;NVKQlCoufIGkLpWHpnUNAxpjWCZjHQFj;O;XQn;09;JW;08
060001849;590003190;1975;25Jun1976:04:50:42;10JUL1976:04:50:42;FQllqhkuAdYzJDmQoRctWYFfVzBXSA;n;DLU;04;eD;07
690798004;970402434;1982;19Mar2022:22:18:01;16APR2022:22:18:01;DbmYJNlQiuGhAGqUoPutczQtEaHFRqxya;M;dWX;07;ac;10
290011543;830015871;1971;13Apr1992:02:31:38;24MAY1992:02:31:38;nekQpzRyGioRuCC;h;qBn;05;Fb;10
550004931;300005733;1975;06Jan2023:16:47:12;10FEB2023:16:47:12;siFSPDxuXBABcHWjndionZDHVZJoFpyA;J;xkc;08;nk;05
560015034;720006659;1994;23Oct2023:16:21:32;27OCT2023:16:21:32;WrvvnhWzVBzcmZFPLIaApntIhisWstcuKnLaOJjDklmo;i;jSc;02;BK;04
580005536;750000689;1972;24Jul1994:18:40:04;30AUG1994:18:40:04;wuwJkKLgEXjpucKmXIKEhgqkbymlnIHkqzeXLBhZWUcSpgYeh;s;vug;09;nU;11
810010082;810007765;1975;21Feb1996:09:00:49;25FEB1996:09:00:49;VPrFlgKkWohqWuF;p;OtU;04;wg;08
060002193;340006535;1970;22Apr2021:04:10:09;06MAY2021:04:10:09;EKtmJMCxZQCeoPGtCgozfqfknJOMmNJqYLdibZiKr;E;BJM;09;SG;07
970209888;340796267;1979;29Dec2018:21:09:45;10JAN2019:21:09:45;pKu;c;VWc;06;kQ;12
630006195;970113676;1970;28Jul1981:20:49:52;29JUL1981:20:49:52;ZgXNlAMlhMcHNASEWzPABPpXHNhcjLTdXxJGyAJZHdiheHh;c;poD;06;hS;12
950020875;490014891;2018;01Apr1996:18:24:08;25APR1996:18:24:08;rfHQ;J;gdy;06;xz;05
590781902;750019853;1978;19Oct1994:08:19:44;03NOV1994:08:19:44;YZdsPmIlHdJTfFWOLMizYvCgRLhclBCWfJujzAzbOQHUDY;D;Bul;07;bT;07
950023440;320001209;1996;30Mar1997:20:41:29;01MAY1997:20:41:29;jElEuhJFzYZqqNrKffOGcixOODeRHxDmxxeyQDpKlTNwp;j;yvv;11;Nq;02
680007135;340011006;1967;01Jun2022:12:32:48;01JUL2022:12:32:48;qfKvpOTQGTTToChAgyLXYpJu;q;qBg;07;dV;02
760003996;760017830;1987;09Nov1985:07:47:10;22DEC1985:07:47:10;yrVDVSiWuvupuuYnQzEpnhgYrgDr;D;pkD;02;dd;02
440034924;060028784;1966;15Feb1981:11:07:31;18FEB1981:11:07:31;CTPWjUBBOXRbIUrbDlFNCDekiLpmYawgTrgtVmyq;k;ckb;10;AB;12
2A0003844;510022171;2015;30May1989:16:21:04;14JUL1989:16:21:04;upgDRSVgVwZoIBxUHDED;J;Jdv;08;EU;01
590813226;750815235;1966;09Mar1976:01:41:51;23APR1976:01:41:51;ffrPhXHIqWPFmoVH;y;HCO;08;qB;12
490003555;310787734;1965;02Jul1970:15:48:21;29JUL1970:15:48:21;sktDjeZKmbYYWKcImBUjnmErXQtksWYcbuqXkXdcTvTlpVx;z;hXc;09;iE;03
590022265;590050274;1966;08Oct1990:14:26:57;03NOV1990:14:26:57;GcRUsj;F;yER;11;uQ;03
830010914;590061610;2019;14Jan2001:02:21:40;02MAR2001:02:21:40;DAOVnLtKykyhZudpHtlqkwg;z;csC;05;dn;11
530000652;220005904;1989;08Mar1975:10:19:53;26MAR1975:10:19:53;WpCEsXzWpDeJIF;I;fHn;09;iO;10
380010546;370009052;1982;24Aug1985:06:33:30;02OCT1985:06:33:30;PXhlBEskXVUkdlfnYmVTeNQyYLQmzqQznhOLuGjRcHhooTdr;d;WDQ;11;uC;11
950018358;670007459;1988;17Oct2011:01:09:35;31OCT2011:01:09:35;h;P;pAM;01;iK;02
520001447;060790359;2005;29Apr1970:21:27:37;01MAY1970:21:27:37;TOCw;d;Xhu;10;Ia;08
970305181;040005845;1980;21Sep1977:09:20:46;03OCT1977:09:20:46;YpjIrFZjvebIUvn;N;fIo;05;OS;10
660005133;430004051;1970;24Nov1983:22:12:45;07DEC1983:22:12:45;qdPtVcCgIXwjaTorHSDPuHJvwAxQzmJKqkTsr;b;Mxc;09;wu;09
730012259;110006111;1968;04Feb2019:02:55:54;16MAR2019:02:55:54;ZvUUKTRcDhfpSWZcZcQEbpYtHTsJFwXWvaDMEXrcINfbbCwzqH;z;EPL;09;Bv;05
270020472;510005960;1987;09May1996:11:38:30;15JUN1996:11:38:30;LbopiZuXGpElBjyUYKpguHWspLdWWHkTFTPaOw;Y;yGN;07;VY;10
170009005;070004858;2008;17Nov2002:22:36:25;29DEC2002:22:36:25;xpvgKBfuoz;n;BAn;08;Jp;03
350037933;930020391;2012;27Nov2004:16:28:31;15DEC2004:16:28:31;CAGvpCfrEMglQGVXuhmM;N;kZl;11;ux;01
160003091;840016406;1965;14Sep1988:03:44:26;13OCT1988:03:44:26;VtoaQEdNHtLmUzNNlrZcsQmTdFGVtzhgiqHiFGFEtxsyCD;M;fyh;09;zW;05
930015144;890000052;1970;22Aug1986:08:01:33;20SEP1986:08:01:33;jUVAAcXJSQfzYYfkPztNqsrWWUIkwuZZAoraJCy;g;aCH;03;pu;07
380004408;770005528;1999;01Jan1987:16:54:45;14JAN1987:16:54:45;wqMSSIfKtLLACfLE;g;LMf;03;xe;02
390783520;040005340;1993;27Jan2004:20:57:01;31JAN2004:20:57:01;kSKZUQ;J;xSW;12;Gl;06
450013727;750014417;2018;16Apr2002:14:53:43;28APR2002:14:53:43;gJZdeXHPvChtiTFqVnvLNVurdQQbpKrBYozYtFaUiEmzEhGpH;q;Pjq;07;fZ;09
950803007;100006469;1985;06Nov2011:21:42:29;17DEC2011:21:42:29;dvpmUUu;Y;BLS;09;sE;08
330058686;610003196;1961;23Jun2019:10:37:26;08JUL2019:10:37:26;ZbeNsdPKkoiQJkLXIpoCqhVTroRcfmHWLdCT;T;Gut;04;yk;02
020008058;770809903;2005;02Feb2013:15:07:39;08FEB2013:15:07:39;RTQWOSzcuoiQWBtHwjmwsOCRVYNiBEDQBhOaFEAzALwkFtDgtRl;h;JzM;07;bp;10
940022387;600010540;2019;07Jan1998:06:43:07;09JAN1998:06:43:07;veC;z;YDc;07;sn;04
410000889;800015661;1973;28Nov1998:12:03:07;15DEC1998:12:03:07;osANKdqPcZLXDejLjexhcvEVeNfWzeJxXNaVhGOHCSJvMFkz;T;LsT;02;wv;12
750826422;640012779;1967;22Jul1997:11:57:33;07SEP1997:11:57:33;hnoOqBLbPDAbgNQBXmtCjiFhPhKHIzudSAAwiGBmLryTlBNJZ;J;jNR;07;GX;12
320003601;930008875;2009;16Jul2020:06:35:02;19AUG2020:06:35:02;rcZmKISuUKVnRSPJDNpmlVzYjfaHEViDPtgaUxUjrf;p;tej;03;BK;11
620025825;760803288;2012;27Jun2020:14:25:16;05AUG2020:14:25:16;aNruT;n;teE;05;eB;04
640002614;170017321;1991;22Jun1984:19:41:24;04JUL1984:19:41:24;xOYkdJqtLGRXASdHQLlRSIDyeqEtpCqLstDPmsBfjxgdQjUFi;S;qmG;01;TL;12
560025546;490001872;1980;27Jul2004:02:44:11;09SEP2004:02:44:11;bxDTNWpWmqNVzbzhFGKsSUxvlISajcgmHMSMedZMS;X;WOH;09;kP;07
530001130;540010030;2003;05Jun1993:17:22:57;07JUL1993:17:22:57;vzBUXigNDaVUVqfenPAjKiQTwVcdMEmnECdkIR;R;hai;01;Rm;06
350025987;640780862;1988;03Jul1983:07:02:57;14JUL1983:07:02:57;HZVUUqauLaUzVXGZNpJnZtcsMXFAwzTpGLSbUUydg;k;tyl;08;yK;12
600003289;340022292;2011;27Feb1970:23:37:45;08MAR1970:23:37:45;tygPBxrfrIsKJasfvwzjQupIe;N;Eiq;03;Oa;04
060029394;130027139;1994;01Feb1988:21:25:07;12FEB1988:21:25:07;ieEACJML;B;zEQ;12;nr;06
750001570;220019392;2017;18Apr1997:08:04:30;06JUN1997:08:04:30;lAiOhFqFtXX;x;fMq;02;Hk;03
220018766;940015472;1970;02May1988:11:03:21;03MAY1988:11:03:21;GZhpApSKSMkTrQsd;H;fDP;10;cd;06
720002658;920002151;1972;31Oct2004:12:33:22;11NOV2004:12:33:22;rieiaTVeWVnYsSnVBlLisUjpGrjJPluClQmOS;H;oUs;05;le;01
800012759;130030943;1994;20Oct1990:16:20:39;13NOV1990:16:20:39;spVrvexrgippjXQoTypIMXrijFBvgKYyXmFeG;C;IEt;09;mI;03
930009295;630009520;2006;25Jan1975:23:01:38;27JAN1975:23:01:38;PVGLWVqmRXTwYMUJAYYecBUSfdzXVVNnAcIwCq;r;ybg;12;vy;08
2A0000683;290026863;2013;04Jun2017:04:51:36;14JUN2017:04:51:36;zOTGEjvlsElAWjWHBcrTCZXZdRHCAHPZlqkiDXLHvKYSADb;X;JuX;06;pH;02
430003970;490003019;1998;07Dec2019:18:29:19;30DEC2019:18:29:19;ZzvuHGCEb;J;zTs;04;KE;10
830023693;080001522;1974;06Aug2020:03:12:45;10SEP2020:03:12:45;UKdgENVCwDlEeprO;K;iUW;06;BA;12
750025942;020003372;2011;03Sep1979:08:35:59;28SEP1979:08:35:59;KsGRQZcd;A;gcZ;11;pe;10
490012457;690017660;2019;24May2003:15:33:33;07JUL2003:15:33:33;WIPFb;Z;vfV;12;Sr;10
900000357;760018747;1979;10Mar2018:05:45:36;29MAR2018:05:45:36;pWjpA;i;XRn;04;Hg;02
570028449;640017455;2015;25Feb2003:05:14:29;04MAR2003:05:14:29;QGehITTctiyfDQCWQJGsAbfNXOKSpQPympoMQPmOjWuisI;O;oNj;05;Lv;02
170805840;620004952;2019;08Mar1998:11:56:07;27MAR1998:11:56:07;GaTKXYICYBHYCCrpUeoTnbabbpZUgdsiNm;S;wxH;04;lI;06
890001985;590040481;1969;14Jun2001:11:49:21;31JUL2001:11:49:21;mZSvK;I;xoU;01;TP;10
300009008;610001034;1971;11Sep2009:18:15:02;04OCT2009:18:15:02;ja;u;KVa;08;CZ;02
490007762;670013119;1970;18Oct2002:12:10:02;05NOV2002:12:10:02;DeXsUYSRtQUcuv;A;NRE;11;RI;09
940005465;340001353;1966;19Feb1998:11:54:23;03MAR1998:11:54:23;wkTWVhUNvrnKijvvVmpcaGVWofuMvHFHoafkLUs;h;wXR;03;IZ;07
790002695;830000881;1974;15Sep2012:12:05:01;25OCT2012:12:05:01;hbAb;z;BDB;09;AY;01
370012353;420011652;2002;28Sep1975:12:40:27;04NOV1975:12:40:27;GXApIkbnRePjYdcVpKVYreBcmHpvnNPAA;n;ZfV;01;Ii;07
690014097;630011757;1996;24Mar1984:08:55:20;25APR1984:08:55:20;HjMAsCRvoYbLi;T;fJM;11;kP;11
130804867;770011666;1969;16Jan1993:23:22:26;26JAN1993:23:22:26;vYphUsaEZfpIFqJEnlDdbcxhXqDCSzZGjOtNJGlgNdjooHBudqf;O;DMV;11;LE;04
930014188;750015539;2015;20Jan1974:12:37:20;23JAN1974:12:37:20;iZZoIbADqmOOOIPaJJTQiRWUsPXLmMWLKtnbt;b;dWf;02;Ac;05
750823403;060001898;1999;20Apr2014:17:35:26;08MAY2014:17:35:26;LamxjkssrYghcycxkXQlNqrIidxlfCtWeehdyZGKSqeaU;A;UYK;03;Yo;12
840001895;110002185;1972;16Jun1987:18:10:00;28JUL1987:18:10:00;QILLJQXnzzgJLwlfskvoKblyVoCkSzg;b;dHI;06;ku;11
290009851;310011333;1980;19Mar1979:12:59:03;22MAR1979:12:59:03;bZjWULGmocrKDYOBUvwDmzIVVTLTTSz;l;EXx;12;CO;11
490009222;620013599;2006;12May1988:08:06:11;03JUN1988:08:06:11;UiOuR;n;jIy;04;Si;05
520003674;390002384;1980;28Apr2001:08:14:51;21MAY2001:08:14:51;nXCGrLSj;I;srV;10;xe;12
290008747;140014523;2016;05Jun1989:05:52:20;02JUL1989:05:52:20;xbdsHPuoBpgoAKNDymudNHTjFJxdqYSDuhKcLh;q;YoS;01;Fb;07
450020805;970202222;1981;11Sep1983:01:54:11;23OCT1983:01:54:11;bDQgsOronhjRXsA;M;CGQ;07;Zp;09
130050644;270001175;1994;27Jan2018:15:08:11;07MAR2018:15:08:11;roINwKGJyVPMZdqhDSnFTEosK;V;WUD;07;AM;02
370003246;850004680;1986;29Sep2011:08:30:32;05OCT2011:08:30:32;npbNMGzrmAuAvMYkBctviZSLBFscSbLNFYyKOXXb;c;yjL;09;bt;06
050000546;640004438;1980;24Dec2013:00:34:28;25DEC2013:00:34:28;KRf;l;pbp;01;mK;07
120008446;710012147;1976;02May2001:04:39:41;07MAY2001:04:39:41;mCPaNxUSluuIFzKRzOIKhpLXxhis;I;HwG;03;Zq;01
350046090;560016750;2015;20Nov1971:23:51:17;22DEC1971:23:51:17;uYN;v;LYZ;01;BC;01
800019143;300013463;1962;18Oct1977:06:12:20;13NOV1977:06:12:20;fuPPrfm;a;EXr;05;GA;08
520001215;500019427;1983;07Jan1995:07:57:08;09FEB1995:07:57:08;UbmyyhBbkqmwanaCxA;U;mxk;02;CY;07
290008655;040005589;1972;19Jun2011:21:45:20;29JUN2011:21:45:20;gLyPfJcCLgmgzOsrRPkSUHRNRfNYWi;Y;rgr;02;VB;04
750052276;170010300;1967;26Mar2016:21:43:09;16APR2016:21:43:09;LPldBJQDCpJhjsxPzjfHfADixopsFDsAUNEjjIpTEraIK;D;mUW;07;RR;07
130042427;770813020;1967;06Jun1996:04:30:10;17JUL1996:04:30:10;xeVmXLZrbGDxhabydOlsorqOsnimROZ;A;pwT;12;CO;08
010787570;060003274;1987;13Nov1988:06:59:51;14NOV1988:06:59:51;bLvzTIZHThFgdVDXwoHChUsKDSlKnPeEZFvbRDBTVdbZ;w;ppi;10;pX;07
130023997;160002804;2018;20Sep1996:13:52:17;31OCT1996:13:52:17;gkZRQxTwyFUzTjjLYBdLpwvlQUUKCKzXKwLJ;V;InS;06;Gw;07
020013306;770006567;1986;16Jun1970:16:41:00;21JUL1970:16:41:00;vZjlPquah;j;aOi;06;jP;11
760028191;370105116;1971;30Aug1970:02:14:40;01SEP1970:02:14:40;pXbjNGpAWRXLlJNcviWgAnxGkZMmzqaYxH;G;NVn;06;vt;01
490011343;600001325;1985;31Oct1972:15:29:33;06DEC1972:15:29:33;klywTHxzIzpXhJykSmD;U;Dkk;06;DH;02
060009610;330047366;2019;22Sep2023:01:17:19;12OCT2023:01:17:19;SpZVImJaDkqhwnseAhHDRFTOtbHrAgVBeLXZyyYknYzu;L;GHI;09;cN;01
450019880;030001374;1996;11Jan2012:22:29:11;12FEB2012:22:29:11;wLpkiOvMwKuidHf;W;tRr;10;LE;11
420001042;950024505;1979;13May1986:10:55:18;26MAY1986:10:55:18;GxLywAyDqqzbfDCvXcPNschGJckbfRQG;i;yIn;12;Wv;02
510010671;940009897;2011;13May1984:03:21:44;04JUN1984:03:21:44;lOMyrBOhCgZrWPWOzeYeBmJsczcQYMbDQqRHrqFWHCZFumlQqNG;A;hBP;09;jf;11
910020726;210007118;1981;22Jan2019:02:48:32;13FEB2019:02:48:32;xSRErQctKkkLNYNFEiskoKiQshMsKFyyJgNh;c;heZ;04;XX;10
600011977;360008544;1982;16Feb2023:15:41:10;31MAR2023:15:41:10;vSeOBMvuDnWjdFB;V;zpY;07;tz;06
750026841;350044533;2006;26Aug1987:15:54:46;08OCT1987:15:54:46;iEVehhmAbDsUnwbPWhBOkzeibExTxKqCZDfDRvzJfxDPqElo;E;CNf;10;pV;03
670002237;850018888;1993;31Aug1987:08:00:59;18SEP1987:08:00:59;DtWqZaVl;u;uQs;02;lX;07
310000807;270029564;1979;12May1977:09:18:24;23JUN1977:09:18:24;kuZ;l;baP;11;aI;07
480001965;110007820;1980;26May1982:04:35:39;12JUN1982:04:35:39;wkPBYxuoKKjStBQmUJZqyqHoogWVWNVPsxmmUHevlHNBPY;B;zfJ;06;Su;04
130010028;140021049;1970;25Nov1982:00:43:08;08DEC1982:00:43:08;HeLuyUeNDWKFQSJgoeyKqmbLYuUZkhq;N;BLY;02;aj;03
060014669;080000342;2002;12Jul1981:18:22:56;07AUG1981:18:22:56;iTIHGVOkvImcCDFwHyaLWXpefbjlaahVrWfUeeenBK;i;psc;03;xM;03
550000483;280505801;1970;17Oct1978:20:16:00;20NOV1978:20:16:00;UE;g;Dqf;08;jD;11
950024208;800014169;2015;24Nov1978:23:31:29;18DEC1978:23:31:29;eiHQboRbjZKTKvhIabDdUMTNGjwpfBURGBelJjfGrPoQmOxqRj;L;AcK;02;Lj;12
130018385;340017631;1970;10Aug2023:06:29:29;21SEP2023:06:29:29;wtmnynfygxq;N;INk;11;uV;06
510001100;560029639;2001;21May1973:02:55:58;26MAY1973:02:55:58;LDPlEufNocaVXcnkkaYARoffdhzOX;w;AwO;10;cU;11
590021911;590063616;1982;15Dec1980:07:45:25;25DEC1980:07:45:25;OqsJJakXcSYSpSTWkKvBuGsuGyaa;g;fmG;07;qm;04
030001309;850012915;1963;02Mar2014:00:02:21;05MAR2014:00:02:21;STndzZRbrpFXtWfkcKnFdbinHeGuPS;A;oDZ;01;jg;10
670000132;130012487;2011;03Jul2008:13:02:27;19JUL2008:13:02:27;hxDadCoaAD;X;GIl;12;sY;10
830004099;820010205;1963;01Apr2014:18:41:29;05APR2014:18:41:29;UcuXFeakSLJYemmtstTItrRizHpHCnjTrSzctqbwfejdGqe;Z;sbr;09;Pu;02
610002255;130023294;1994;13Dec1997:20:05:05;21DEC1997:20:05:05;JCPEqRENqjVNNSHDfckrqxmV;l;Iej;08;mn;03
440008308;010000404;2004;18Dec2007:04:57:31;01JAN2008:04:57:31;myBczWpjWbnk;E;lCH;10;nI;02
330059908;270027162;1984;20Jul1982:07:42:40;11AUG1982:07:42:40;G;o;BYf;01;Gd;01
440006849;940008147;1980;04May1987:12:58:31;02JUN1987:12:58:31;UpawMnRJnHK;P;xID;02;Zw;01
970111787;800012973;1986;31May2019:15:45:08;26JUN2019:15:45:08;DUqaKKhYJC;e;vOf;03;GH;02
840015085;770004935;1970;13Aug2000:20:48:32;22AUG2000:20:48:32;BXXDijFzadlgEBIldNdefgqjK;H;Rmi;12;Ug;12
180009185;010786606;2000;07Nov2019:11:19:09;25DEC2019:11:19:09;mdqdYoTEsYUmHDORLLxXYijxhOsVmDJRyAZMKqQXmkh;z;Wes;12;fA;09
310014121;630012326;1996;11Apr1994:19:10:00;21MAY1994:19:10:00;CXrOrIZzZYhdiSphnaDhbwnADXzT;t;CLK;05;dr;10
970101267;250013893;1989;25Feb2007:14:44:01;22MAR2007:14:44:01;PexpXOQWSdSExGuo;A;GCV;03;dK;05
510021454;800000879;1962;11Mar2023:00:29:34;12MAR2023:00:29:34;sbQrFifCtDStVlIolEZHOAxSvQbZTKaNRRYVDnlQNmhBmbjibfgS;m;KiM;05;gw;06
380791848;440011674;1988;30Jan2000:18:21:46;06MAR2000:18:21:46;HMZabesdVtylAabAFISHptzbiQOsHiu;T;uJR;08;Cc;02
710004169;170013205;2017;30Mar1996:21:49:24;14MAY1996:21:49:24;spozhnHvxfVltdTsPbnxsijdQWMp;E;rYp;02;qc;03
440054427;420007700;1972;18Aug2002:18:14:38;01SEP2002:18:14:38;ogMxWrtGobKoANdPyVZhyOMFpzKqRhbtcoYVjOHkqxHRaX;T;JmN;07;Fg;11
780808929;240016105;1966;09Feb2010:03:46:55;28MAR2010:03:46:55;gZRiHngOTSYWnuYwhPPWxHHytnJpSkcmcynFXB;d;jGW;03;qd;09
670012327;270007859;2014;11Jul2015:13:29:11;01AUG2015:13:29:11;osDztTfGsVhXbvYuxMxGiDgUeqckhRfnAjeEpmKjdplZBejs;K;QCF;02;KE;07
150002954;940021827;1977;02Jan2011:20:10:23;14JAN2011:20:10:23;UQYwklLGDVoDxqWFABsM;a;xNf;05;Bf;12
690010046;340002625;2003;05Mar1986:15:33:01;20MAR1986:15:33:01;gOaOgLP;r;xnN;09;JL;03
060001179;560026130;1994;02Apr1979:02:33:09;04MAY1979:02:33:09;FPoEgkvxRzoGQfOQepHAUBlTge;Z;qmF;09;Bh;11
610007593;750032641;2019;28Aug2005:19:59:17;14OCT2005:19:59:17;URhdNIvhTPlTekmPnSsascOX;b;mNM;12;fu;12
340013556;590019212;2016;17Jun2009:11:43:36;01JUL2009:11:43:36;ADprBRevAyQQGQhshrBCnDwwFeGvbWfcGfFkQ;K;GTN;06;sM;06
950005793;120000799;2013;24Apr2002:10:41:56;11MAY2002:10:41:56;YEUSUnVDOvfiFoGTpsOJDybIkteASEgWyfcBayfPya;i;inD;04;jm;03
920005857;770021145;1972;22May2003:16:23:13;19JUN2003:16:23:13;hQMwojRkUYhOxLdpTQGpZOaHJOYLqIOIFNTVotWZRsAUCjw;O;lDH;07;Hz;06
420003501;630009025;2010;01Dec1989:13:15:15;08DEC1989:13:15:15;DKsaIvTKrYdXfRlCdYfMSHCKQHWrKCCEBW;t;YFw;07;Ju;05
420013591;140025982;1962;02Oct1974:15:16:48;14NOV1974:15:16:48;HfuoWhtwCIfGVJcDkPhZ;Y;kGu;08;qe;08
170025589;330794520;1974;21Jan2022:09:39:12;22FEB2022:09:39:12;JVOkEvbytPqmKeTYTcMWTZMIAjbfYnrjTZYbYtBCIKqZkW;m;jLP;12;HR;11
380798074;380003038;1989;15Sep1997:03:57:55;06OCT1997:03:57:55;flhgyZrxhKQkNloEohhzDrqKxKfDmoKqmMmPwH;E;lTR;10;bA;10
420001356;650000821;2018;08Apr2012:04:29:44;10APR2012:04:29:44;e;V;dBb;10;uM;09
720000660;310791827;2007;05Jun1979:12:29:54;07JUL1979:12:29:54;XQWiVfoFqGvIFfjgPzgQBnSJ;e;zKQ;04;yS;04
850016924;370001588;2003;04Jul1987:08:11:22;02AUG1987:08:11:22;VnierKTeANDCKgEzkbRCCaWjRNStAoiSJcHaPwygVuZVzOXbT;j;PLl;04;OE;07
770010239;750833634;1969;01Mar2022:11:35:39;12APR2022:11:35:39;pKDpRMzg;p;ITH;01;UO;09
870018744;560005852;1999;21Jul1992:22:08:32;23JUL1992:22:08:32;KkhoCcZdlzHb;B;tYE;08;ZH;07
700002405;480780170;1983;05Oct1974:15:31:30;22NOV1974:15:31:30;XrxEnGcREaIZINjwIgPyAiLioiwikegXLtuVBbKT;B;FoW;05;sm;02
590022992;530000454;1979;14Jan2017:20:03:56;22JAN2017:20:03:56;iqzMZrALiAAyDFhIdiBENGuJlYKRL;z;ZHW;12;Rf;06
640018602;850011859;1995;19Jul2019:00:59:54;24AUG2019:00:59:54;lxonaVNZLLJssOFgjFRuNC;o;ICT;04;IL;10
790001523;680013687;2019;08Jul2014:18:53:33;03AUG2014:18:53:33;ZKKySQzRclDICxsbHQLWyUI;X;HMr;10;ZW;12
340003441;440043545;1980;07Nov1987:06:39:03;19DEC1987:06:39:03;BogNYsRyXGE;V;dxV;07;Aw;11
760804369;120785571;2008;08Mar1980:16:19:00;28MAR1980:16:19:00;HDWeIkGsmgz;V;GGv;01;vd;12
920030004;560015802;1996;24Mar2021:18:36:22;17APR2021:18:36:22;UzJkQZEMDSEmRnftHYkdNmWNRWQJeIWQHfTtXuWbNstu;m;CVl;08;UB;02
110788023;650003940;1999;06Jan1970:04:33:54;18FEB1970:04:33:54;wFKyjJh;N;hog;02;ou;02
100009257;580004802;2005;16Apr2004:01:36:08;27MAY2004:01:36:08;wgOKmRPUbYZdesLrjIzjgcHXwIAutBUFDIpZJCdZBBgJ;v;yvs;01;MB;11
060002375;310028733;1985;06Jan1981:15:23:36;11FEB1981:15:23:36;tmpEcHL;l;YNd;01;uA;05
640011383;570009456;2016;02Jul1979:13:01:03;04JUL1979:13:01:03;rcqkgXVZxnxQjeQKJAHgrJQGbAyPD;P;UyZ;12;ln;09
100004431;720001361;1960;22Jan2002:06:27:43;20FEB2002:06:27:43;dpPcPyqIgExJkgPusJoKttTHhwucD;S;yuc;01;OC;01
550002802;300005055;1986;03May2010:08:00:35;25MAY2010:08:00:35;XXAoDmrBIVYhvVhrJUAriNdHAaTYvbPqSWbUZMsLGxiyxqvzcLB;s;heI;10;pT;07
460006794;250018116;2009;23Sep2021:23:37:13;08OCT2021:23:37:13;VcoqjSjoNTsXpbiLkJUlLsGblamJxMWQLAsZmQO;g;fhW;03;zo;01
570027664;550001424;1961;25Mar2000:10:53:31;30MAR2000:10:53:31;IyLuMgxhAzsdsVridiqsDqpBCEgzXRbIxrRhLveEWTUqW;g;bVp;11;qI;10
800001505;270021850;2019;21Jan2006:09:52:59;21FEB2006:09:52:59;JOgkWhGPYcFPjxhMQqsPtffOFQJCwFaoUxJWg;L;yFw;01;pl;10
260001342;340016245;1984;18Dec2013:18:28:42;14JAN2014:18:28:42;QdGEFYemyAddVnGjCvuMBjUobXnHhRpOZmbFYTcdvaGA;v;JwB;06;io;04
690007240;310003868;1981;19Jan2006:02:30:27;11FEB2006:02:30:27;tbnGXFKfHRxbgNEdfxHsyofSDbjvDGZRoDcZciugPHQh;v;oTa;03;ij;09
930011630;310020995;1993;07Mar1992:14:36:50;15APR1992:14:36:50;exSravbuOXXzyBqXmcnxJFATHJo;I;cRd;01;Pt;03
290036664;400009874;1998;10Oct2006:13:44:36;26OCT2006:13:44:36;f;E;Teg;10;yr;03
420004368;870011137;2014;13Aug1976:05:42:06;26AUG1976:05:42:06;aDVkDFHWJqsjoeSMCSbXLIRqkJAVgwpoPtXeVFUBMlzrW;z;vqj;05;YC;06
950039743;880000237;1972;05Mar2013:16:50:16;05APR2013:16:50:16;uWXawtljsGRbowzLYcJF;C;oDV;07;ZH;08
660001975;790002117;1977;08Nov1996:21:45:07;09DEC1996:21:45:07;GemOhVdIrouQMqRPMAHINWoTFhmWJXqGKLng;L;Jxc;05;Lx;01
750813651;310018809;1999;12Oct1975:19:54:50;28OCT1975:19:54:50;FWSfocRaKdqugGeoAJ;k;qcj;10;SI;01
590004529;590808846;1986;20Mar1994:20:28:51;21APR1994:20:28:51;mmzkTvcinvYyvVfZtxhI;h;ugO;07;Ex;08
750028474;620027748;2016;10Sep1975:05:03:26;24OCT1975:05:03:26;lhKUUGLUxvfOiwA;N;gQM;05;Rc;10
070002258;750065229;2007;05Feb1991:04:43:45;16MAR1991:04:43:45;DNLUOXHAEVVGVBPwtqZNCuVtyUWHfnqAuGaJBbs;h;LjO;01;hs;06
420001836;930020052;1987;07Jun2021:23:22:37;14JUN2021:23:22:37;mTyMdnxirTuM;h;Tge;10;vf;03
260000054;400006565;1969;01Oct2013:11:58:48;17OCT2013:11:58:48;GtJOVQIwBnuQEuZkjeANLTOpgGjiiSETJwCFTF;x;FXW;02;JB;12
620006403;790002513;1997;10May1971:14:57:46;04JUN1971:14:57:46;okzcUpiDzDf;u;zVx;06;Fl;01
290001957;750036196;2017;20Jul1987:15:12:08;30AUG1987:15:12:08;PkQmLNOilkInwDlMefThARdoDpEXeqMVh;x;pWk;07;Rb;04
340011154;660000100;1968;11Sep1983:07:43:56;10OCT1983:07:43:56;qMQxWRJcbRhQaJKUJOPC;P;jQA;06;cq;04
910007764;750022394;2015;24Jul2007:20:54:51;28AUG2007:20:54:51;EgQmkAlOgZV;P;Rfz;06;ty;05
590815924;280007576;1967;08May1987:20:24:18;25MAY1987:20:24:18;DXcBLGwoufksJKHZXeUJAAaDlwOkgZLPMbPxfUAictX;q;fDB;04;fU;10
080000664;380790295;2009;12May2007:12:43:14;31MAY2007:12:43:14;pYMzqcbjUQCQmWLMYIbjzUMVPKFeEnnDgMxGYjEGMnCpz;C;Jmz;06;Dl;03
830002135;560010480;1986;25Apr2021:08:54:34;04MAY2021:08:54:34;j;E;dYY;11;QN;02
350039632;110002243;1993;30Apr1990:03:02:54;15MAY1990:03:02:54;XIQQMUqAim;k;gyb;05;tV;06
590019642;290027978;2000;29Jul1992:07:29:20;28AUG1992:07:29:20;OTsTptcioxVuLgzISTccRQeJAgmJ;x;fcz;10;TW;05
060018900;950000455;1982;28Jun1978:22:35:30;14AUG1978:22:35:30;zVDoBWwpUUvvDvBkHV;C;QHB;12;Wv;08
170020549;570012617;1983;11Dec2023:18:39:46;23JAN2024:18:39:46;dI;S;yRh;01;xe;03
670792464;450011291;1975;06Oct2011:05:24:43;25OCT2011:05:24:43;eEZBVDqNzyRrxWyAQftFxNzSRHFkoHDbrsQiEOcHxHG;Q;YgH;01;ZK;02
590048310;010001006;1968;29Jul2008:14:45:41;14SEP2008:14:45:41;HdOGSytVTJDoGgiuAipFKbF;b;YzU;01;UV;12
910020080;340005420;1985;17Jul2019:16:38:42;31JUL2019:16:38:42;DOLaBRTxwIZvMngbhwHvywuKCYMeFBeq;K;VuH;04;gg;08
970304713;800005191;1981;03Aug2014:11:23:20;05AUG2014:11:23:20;pmFYDuZJEatsfmRdGzZxu;E;gCV;12;vt;01
590780045;970401493;2001;31Mar1970:13:54:14;14APR1970:13:54:14;fFGBQrIGPrRRvyzjvFoyPWgS;G;Gwq;07;Jm;02
150002335;660003823;1972;11Nov1995:23:30:38;29DEC1995:23:30:38;xVzKtuypztnyzlACaOjB;T;Ohk;07;Gq;04
490018496;280004243;2000;18Jul2023:10:52:24;20JUL2023:10:52:24;MwXUbcBAgZaWZqhEuIsAhCamemkddSxTHfAJYjUgKBrzNKJoS;t;hZF;01;za;02
170010979;770002442;1987;09Jul2015:18:46:41;11JUL2015:18:46:41;xTZSoodKDMxxpNktFGCyrHcVXvdhlaVCHlGxnsFoLrJ;c;vwG;09;bZ;02
750038051;440050599;1994;03Jun1976:17:38:03;18JUL1976:17:38:03;eZbeIxzhVAqUqoWQACGvThOzAc;P;dWv;12;Qf;09
900004516;770004273;1980;26Jun2008:00:16:05;22JUL2008:00:16:05;DEpilRfYmEBTBAh;l;sfp;08;Ld;03
