ETA_NUM_EPMSI;RHAD_NUM;AGE_ANN;AGE_JOU;AVQ_ALI;AVQ_CON;AVQ_CPT;AVQ_HAB;AVQ_LOC;AVQ_REL;BDI_COD;BDI_DEP;COD_CONF;COD_SEX;DEP_COT;DGN_PAL;ENT_MOD;ENT_PRV;ETA_NUM_ESMS;ETA_NUM_GEO;FAC_NUM;FIN_ANN_SEQ;FIN_MOI_SEQ;MOT_NFACT_AM;NBR_ACT;NBR_DGN;NBR_DGN_MPA;NBR_DGN_MPP;PAT_TYP_DOM;PEC_ASS;PEC_MOD_ASSO1;PEC_MOD_ASSO2;PEC_MOD_ASSO3;PEC_MOD_ASSO4;PEC_MOD_ASSO5;PEC_PAL;RAPSS_NUM;SEJ_FACT_AM;SEJ_NBJ;SEQ_DER;SEQ_NBJ;SEQ_NUM;SEQ_SEJ_NBJ;SOR_ANN;SOR_ANN_SSEQ;SOR_DES;SOR_MOD;SOR_MOI;SOR_MOI_SSEQ;SSEQ_NBJ;SSEQ_NUM;SSEQ_SEJ_DER;SSEQ_SEQ_DER;SSEQ_SEQ_NBJ;RPSS_VER;DGN_PAL3;DGN_PAL5;DGN_PAL4;ETA_GRP_VER;SEQ_SEJ;DGN_PAL1;ETA_GRP_RET;ETA_GRP_GHPC;ETA_NUM_EHPA;DGN_PAL6;ETA_NUM_JUR;ETB_TAR_NBR;DGN_PAL7;DGN_PAL2;ETA_NUM_TWO
170012967;CXGYV;587;   ;K;s;w;F;s;O;aNzGM;PY;o;9;ALm;S8220;8;4;kUXRPNaXGGOxjgwRluawUWdKhVvVY;000000000;bIMXR;2004;04;z;40864;52411;38907;98731;Q;1;VR;ul;fK;ya;Ie;25;vkM;A;74326;P;24701;SQLR;99246;1976;2006;2;9;03;05;51444;DjJO;d;c;74467;sJt;UUOmUE;HmkIag;MWrYJG;yf;cs;JwGeYE;False;MVPi;yfEXCmbdx;NMjHBx;300001179;67;iyCxVg;iHtJZY;000000000
300018785;aHMNI;82;   ;A;b;m;O;s;B;Uqdwo;fS;k;1;mTI;F01842;9;6;uKGGirkpoHtSWNQvOoTBTV;000000000;yXFgH;2019;01;b;39858;31066;69861;82222;q;13;Kr;UQ;ly;Hi;yM;9;Vdk;Q;38724;R;70837;fRAL;41212;1982;1983;2;7;02;09;15750;SpxZ;g;B;80799;wgF;oOiIlq;HFQjSi;rNoMcX;Ac;Gm;KtdURm;False;MEZP;iBVjqxNsN;PPAYAc;500019682;543;fUQNBZ;YdmtMx;000000000
150000891;gokSB;383;   ;x;i;Y;Z;F;B;RFUWN;TT;W;9;RLl;M2541;9;2;nwfsAAqKURfNQjkcsjssWVYHTBjzfxmUHK;000000000;vsLIH;1995;04;t;2353;32598;67304;13108;s;7;Kz;lS;bz;Il;hj;15;HAE;G;58582;C;54131;hQnU;80282;2004;1981;0;8;09;06;55139;IQUp;i;X;27605;xeX;thLBAw;rFanZy;NMaLuP;Ej;iJ;DFvbrT;False;xdgp;TTvkYniLZ;IVrlUf;850008905;766;UdUFdM;xfVnaB;000000000
830013694;HUHgZ;454;   ;k;l;P;w;F;y;UtWcW;uR;t;0;JLW;G598;-1;6;duXKNiuAnbFEQTKcWtGuOniqJUTNQwpntUDwxEYlGpzbKBnrz;000000000;nkiVQ;1973;01;A;63756;56035;32894;82255;T;14;dX;cL;ss;nq;zh;5;UFn;K;76428;m;38481;PZBf;88760;1978;1990;7;-2;06;12;44615;jzWQ;g;Y;26747;GTi;sLrVTy;PBKrKV;mVwPIX;Nj;tR;PxgTDi;False;odfx;inhZMoPQT;uXLQks;920033685;228;SnDPIe;TnrsbZ;000000000
830015400;yvYyH;785;   ;B;s;I;h;s;t;TJToI;hb;o;1;fnU;M8190;-2;9;YDLMKwtzcuiEem;000000000;RlvZq;2015;02;R;87700;22164;74654;61152;M;26;Xz;PZ;tS;Jy;BF;9;faJ;U;16525;B;8822;zzTv;77530;1975;2003;0;7;06;10;76084;aDhR;f;W;93687;HMK;iBReoY;RTCuoi;nwLVYL;oL;oY;MGAedu;True;aSgq;zbiKUfgaD;ZVrjzp;350018032;671;eGKovA;ixgZwO;000000000
660011040;zsikY;554;   ;N;i;S;W;x;m;CsVta;Qu;g;9;vjD;T024;9;6;VXICHeArfxZMXlagEwXZJIDLgmpmiMVyqHBIQKzoWkGY;000000000;cwqDt;2005;01;S;9782;73792;27415;49835;e;9;zj;Zj;rd;ed;CT;0;xaD;e;21547;n;44167;hxfi;42512;1981;1992;9;-1;06;06;98810;NEtx;F;R;75677;KiV;ehUCBr;seCQHK;mZVzaa;Fz;Ij;ALLOMu;False;yuWU;kJIviHtpJ;JNSUlj;290027341;413;mIxNlc;TCCuzf;000000000
730007275;vQHST;194;   ;z;w;x;y;d;X;ZnQmf;Bd;a;2;cmm;F00130;8;1;bvImGDosAgJvLLiNCBK;000000000;ZjQkH;2008;04;F;75631;23736;3855;46633;N;22;Mj;ER;df;WI;KC;15;pth;Q;44019;P;87685;KRwP;27361;2010;1990;0;8;12;03;20963;VnME;d;N;54669;Kkd;GlTdHa;YFdCkN;wsjUYz;hd;XT;ArjwFw;True;Pgmf;DyzKERpsC;TnBXaO;170012520;829;anecBJ;nxEemc;000000000
910010420;xibFM;352;   ;p;u;y;d;S;M;FlJKn;ol;Z;2;oPV;A664;0;6;QaJZD;340009398;JbWAP;2006;06;v;89653;76740;213;21374;s;2;mr;qP;wP;Wf;hE;3;rIy;j;62221;l;5427;YauT;8342;2013;1988;5;0;12;02;75825;EzMU;I;k;11783;MCn;upekAP;KRMmsF;tfpNpQ;WX;wv;qpjYrG;True;CWHb;UiAWRaSKZ;rUQCHW;340787589;543;vGcmGc;kddCTz;340009398
600007447;vPLQL;515;   ;R;W;r;H;v;I;OlZdl;Ik;p;9;IfN;M2599;0;1;UZgVLWOxcbqsKXvdxJOxZ;000000000;GuYdQ;1994;12;f;13916;55667;832;43773;Z;8;LH;VA;vC;HI;vk;19;hhu;J;28040;M;37665;fBGN;64575;1989;1961;1;-2;06;03;71027;PrTQ;v;k;92076;Zsk;eUXqEw;qhCkyy;DDLwbz;GT;In;JAetqm;True;VLwc;RTzaszbcy;DfHvVY;560004152;373;EHGPsi;fZMSIB;000000000
640004032;GXTxf;604;   ;d;r;E;p;x;A;MkAJi;tB;u;9;DxS;Z008;8;7;vTRIPYQsPdAElkUoisnvnfJhlTfVSsYOzRjLSOdAFnjHrxENdqda;590006193;psFPA;2013;08;Q;35512;10211;52507;84517;m;1;yn;NH;ii;Gn;sU;12;Kwl;c;75952;n;28493;hoXr;44183;1975;1969;6;0;02;01;35091;tqoJ;q;V;6398;tFS;PAIaOT;NtDkLA;gsZKEY;kX;aE;yxpEhW;False;tgsd;OKvwzuMhV;TytMDj;590800033;21;HVQxMn;cVMGqo;590006193
220002216;TAmll;79;   ;n;p;m;R;A;I;MegvY;wJ;y;2;xdm;E8758;-2;0;TQhKrSJYpUseJQOazjndplWTVbE;000000000;AqrYm;1988;01;Z;29605;69239;92580;29476;W;29;DH;jI;Do;Fv;zR;1;yll;f;29629;o;69611;QDDx;97435;1969;1981;6;8;02;03;83034;HTUt;L;I;77439;XDD;QgCHYe;DLAuGG;PPTjQT;bZ;es;CUuYcB;False;pivF;hsbnohJvL;PqQCrs;380003608;856;jchwcW;BCGwLK;000000000
350000972;iDNNi;843;   ;Y;l;H;D;A;u;TFfGm;Hl;b;2;Jmw;E141;0;1;BMMTOxumFXSAukslIpehsYCCkdIQtemrjoduKckgyznXqNkmVmSy;000000000;rGiEz;1975;07;d;70297;70983;19631;53812;A;1;fh;Na;ST;wL;ob;11;DRE;j;57524;O;15633;YMZM;38484;2000;1996;9;-2;05;12;72014;vKtH;l;H;84622;aee;WZbdJe;CkPEXu;kswgpU;Ex;SL;JoYMcK;False;JOGl;sTvtcjLEi;FvGort;860013077;415;wsAxJd;nZkrMk;000000000
860010651;goHqr;978;   ;F;u;R;i;t;c;yLuKV;OE;g;1;jgR;U831;-1;5;zLW;000000000;pSovX;1964;10;T;99822;70584;76836;94116;x;17;jI;IF;fF;mw;je;15;gQP;H;76093;R;13594;zhLa;13910;2018;1990;9;6;05;08;17086;eKTr;E;J;152;kDU;yMabIy;XYprcv;RPpfcX;IL;wH;yVmbtG;True;WrCG;EbyOWdZBD;bvcAph;890009723;627;jpOErA;BNmlNm;000000000
340007806;rLLad;592;   ;M;d;O;O;Z;S;lbJCV;Zi;T;9;nKL;Y08;6;2;viUXdfXUDRIQYAcTMHeyPGEXjUEgVPMBI;000000000;noukD;1972;07;W;43245;5966;31011;64421;M;14;wu;WJ;xR;eg;Wu;14;jUr;x;34462;O;99335;lqMp;29721;1975;1996;3;0;08;09;36705;MJgS;o;m;18517;xHk;AwSggu;ensZbz;ZSGUmI;wi;tn;rCBqDi;False;dGjQ;ytWAiBBJe;aFQcIb;740003322;678;RLTwoR;RUOadK;000000000
930015391;FTxuV;894;   ;R;I;Y;Z;v;i;NrtMk;ri;J;2;tps;M5483;7;0;KhCLjVEhRAuYwcdTlktoniqp;020003901;yYqly;1971;12;M;97848;94090;14759;67995;a;8;bQ;PO;Xq;uY;fh;9;ilf;N;43885;C;68709;MeYi;1753;2018;1986;5;9;09;10;2593;HyaX;f;T;77610;sRU;HlCEZl;dSdzLy;mdkvVH;NC;CL;AeUkkh;True;ZiKW;uJpfvwWax;tAqKzg;020005260;267;lvPydp;vcyhyR;020003901
330043951;suKkM;751;   ;Q;R;i;F;X;f;ljIuN;av;C;1;Ucm;Z86002;-1;7;LsgLdenhzhHlkWArDDkejGozkWaeEVXbyPebQAgPCO;000000000;xCOki;1988;12;d;46229;85232;9255;67758;B;28;qw;py;SD;kd;kb;0;JJI;u;25050;u;64997;ghlg;42288;1990;1997;2;6;08;09;82681;pNyy;Z;p;21474;pWY;kCjQiE;QvRNXH;YGaihX;PB;QI;lJtBVM;True;CtcZ;uihvKqTLC;Jzxdjv;780013157;7;bpSXNd;ucAhjD;000000000
040000929;bftSy;393;   ;B;p;m;t;A;z;DXIiH;BU;d;2;LbX;I352;-1;3;ttlLQcam;000000000;szjXR;1996;01;D;25208;18105;5185;25230;c;8;qN;pm;dC;Nb;Uo;29;hrb;s;59722;b;26841;CcKV;9892;1983;1983;3;9;10;05;53731;wAJJ;J;N;42413;zrw;slexGl;sFvHiA;MxxPev;YT;Vy;Tfxwhn;True;rTnv;cJefRVvUT;fPJNsH;590054789;842;dbucUB;DUXlrP;000000000
750017956;EPnnL;55;   ;P;R;e;s;P;m;oeIzo;uh;J;9;FTF;N926;7;0;tkoYQARejarklJdajzzrQRPre;000000000;gyqhh;1974;05;B;80357;52461;86458;45339;p;11;sI;SI;Go;Ws;ZM;0;wkG;F;53905;f;90983;bhwt;6672;1984;1975;2;0;01;08;78804;jTxV;m;d;36681;CtE;ecdjDj;OjjcHb;yWbLAU;LF;Bw;EZwkGq;True;AGsF;meVYjMSNo;wlaaOw;160014882;240;SKmpdB;FWVkrF;000000000
740002555;crmxU;320;   ;J;Y;j;C;G;l;eUacL;ve;X;2;CaA;Z752;6;1;kHBGvjmsvzzRmWibbzFnOPHNIjYDjIOiBa;000000000;adkDS;2018;05;P;17376;92921;91977;10628;m;2;pG;JS;xn;xP;NV;26;gNn;q;75034;L;49502;arLR;52636;1993;2002;2;7;07;05;55617;Stdb;M;E;38222;lZI;CUxcjT;fluujQ;RYDDEC;Yw;tJ;pvKddP;False;wSYe;KylZAdQkm;WLutCD;220003271;8;XZYXbP;uHpHsx;000000000
620001297;PHdDD;396;   ;O;i;J;w;Z;x;AzXen;Zp;P;2;ZkP;P741;0;7;RaZIYmDfzsIMmHnVyZLIesgxjUWVCjsi;000000000;ZEPxo;2001;10;B;86546;77866;48638;16258;U;13;qt;VN;pB;JK;Gg;18;eeV;w;25182;N;60781;OzyS;32792;1972;1988;7;6;06;01;74916;bdQf;D;m;80835;RXT;dUcZLC;sIRDLB;KRtnAp;Iv;PA;UAzEDL;False;Ilau;kqfxJfesP;ivKyga;270002645;196;LwRIjP;VvmfMT;000000000
090782335;nUVdQ;329;   ;E;Q;Y;t;W;p;RBVxK;tL;C;2;hLz;N318;-1;2;jzQEULoflspEHrEPDdZiuOmrHCSlosGazgPuETOlUnNX;000000000;mcojH;1989;04;H;86155;4692;14335;80071;D;0;AE;SV;bb;pv;en;11;hfn;Q;46399;d;41743;GKfA;34948;2009;2015;1;9;12;12;25836;BfXP;R;s;56733;hdu;IHdPVb;nCQHZs;UqWPmD;bO;Uk;aYqjDy;False;GsDm;VSDxUjvHy;jhfSIq;030005755;188;VxUnxB;DyFOYu;000000000
010005395;IzdYB;157;   ;G;r;e;z;c;l;ijEaS;jM;x;9;yje;Z653;-2;0;AZHyBgOy;000000000;xqQTS;2019;04;L;33792;89681;16222;52506;z;4;Kr;fS;Qo;Gm;gD;9;fKJ;v;87998;o;94092;tjcw;15881;2002;1963;0;0;09;08;54083;AeGL;n;y;19365;Qmf;PrnSiU;vcThUh;ENGrvX;RN;ME;gDUDCZ;False;xkec;wjNVOvpFn;TAUzLK;880001052;209;DFMORk;kgyXBL;000000000
790001390;tKIQE;991;   ;f;K;J;E;j;K;rPURW;JT;W;2;Edp;I739;8;2;McLP;000000000;SlcmQ;2000;03;c;56014;82369;28953;43992;v;17;XG;Sb;eB;lT;SC;7;YlN;h;11921;L;89198;HsgM;94726;1972;2007;5;9;12;06;41056;IWFd;I;l;68883;qEi;aDVHvg;sWVKUh;HKPqAh;Km;NB;rBGowu;False;GJSg;BUoBvunli;QtCgGv;550001127;351;RawQVD;PxjNMj;000000000
950026872;wMgem;248;   ;u;a;A;w;N;A;eRrFb;tM;S;9;xOT;C403;6;3;jomdYyhOhSruPTReFAhiOQEMkzpPJMwjxAEulzAhsN;000000000;gcJUs;1982;02;O;42325;88613;62352;36938;p;29;sO;zH;pC;mc;td;13;QDz;Z;5410;L;44507;QDzN;39976;2004;1983;1;-2;09;03;42925;lDqD;q;H;69795;xZP;EXyvAY;xXXQTX;aFHbsW;Yq;rH;yqnFiC;True;mMkh;itRuBVhav;zqzgvl;260021217;643;ZPFcmV;xaiNxA;000000000
400001707;pyltd;406;   ;L;U;L;X;E;J;KMgHU;VE;o;2;PPq;S141;7;4;dnRdHRcqTgUdmGNWqfkCcNCsRFAbEXvACoPL;000000000;bkKsU;2014;07;x;48151;77271;99595;60966;y;4;pb;ZW;SE;ER;ih;8;HBX;r;15439;E;94960;uZRi;82663;1988;2019;0;7;05;01;7524;OacJ;U;r;26303;JAA;cndHOl;OJbbUu;HztVgm;dp;iA;lDxpEX;False;pYmM;NSOkKzGSx;snmehj;690044656;804;fmcBOi;EIOeYS;000000000
590057493;fiPyJ;295;   ;g;x;Y;p;X;B;SWoSg;tP;V;1;wtd;H181;6;7;zcrjsZEQluPGqrilex;000000000;ukBnk;2002;06;t;45610;98538;23912;37968;k;17;Ov;rD;qW;Fb;RN;22;zNr;r;52090;n;69392;ojlo;6184;1996;2008;6;6;02;09;71252;CPaE;x;i;38223;EtI;GgYnis;rdWlIA;bGRfUm;RN;YZ;LuGCrE;True;ANHY;JnCKpodeL;CWINkK;950029876;310;tkURlY;pRAYaT;000000000
470009309;VFfig;170;   ;U;Y;C;v;z;F;XwQaC;kI;z;2;FUp;Q139;8;9;JxJXklSVVFTKrBqVnCbAeuWghEpRnaIrucIKejEMyncUZIHU;000000000;GDNXT;2018;08;T;11630;36144;66454;2339;u;8;Bg;PS;OW;MI;Mk;28;XgK;F;38970;p;13129;rWxB;95680;1992;1981;0;0;11;09;21718;UtNC;B;u;28561;bft;eQpHmP;eOVStq;YNkIOU;BM;so;CxHBTO;False;RjzJ;xIlqMSFeJ;GUcHly;070006440;835;gJGQUQ;eMFJYb;000000000
910014455;YVMWK;633;   ;Y;w;j;q;E;U;Aruid;od;n;9;IlY;W884;7;0;XDFAcNjCHGUQdRkGsxWkn;000000000;oLrcb;2007;12;h;25314;57287;58501;26687;z;29;Mi;Nj;GW;OH;OU;12;FHz;C;65968;F;74360;VpeY;70249;1968;2005;1;0;01;03;78769;WHBN;O;n;48829;pVn;yrHKer;ciztTa;aTdcYc;ji;If;DAayqx;True;LBfb;ELmrcwGyT;FFPWWc;750026460;616;YurRiU;QgtpDE;000000000
300007648;BAMNB;777;   ;f;L;P;Y;Q;N;FrONs;ms;T;2;flr;W33;0;2;YgWQgYljlRkvkW;000000000;tUlKd;2001;01;A;87335;65663;81659;33927;y;9;TL;vQ;Px;Xg;id;18;VQd;w;74302;j;49602;oxcR;78910;1962;2003;4;7;08;04;30004;OqEv;y;Q;61727;qxX;fuHgMs;cdrBYN;ukBOTi;tI;Th;efRCxe;False;uAGr;eseaAeIjT;FuIApD;430007989;664;mBivZk;INWqbZ;000000000
370009136;TecFN;71;   ;k;P;H;J;N;U;ZtlzU;Ak;m;2;olr;Z8020;-1;9;RkmYSJwcEfBokSLSGWEMuaAelPZRaAFhcAbvMqEdGFUYYbbvrdZ;000000000;roQuL;1999;06;h;20334;62626;21532;53846;l;29;eU;Ln;Kq;Vn;pK;9;sNb;q;29344;K;35088;xnFK;87822;2005;1966;9;8;10;07;30738;Mejg;O;o;61502;aQp;qkiCqw;jAUCnd;mLlJJg;cS;nI;ukbbnU;True;FuGY;OaNQdTcpa;vrqajr;210005443;590;cgNChX;jjyFqp;000000000
340025014;dbPat;909;   ;S;d;Q;O;S;q;qPCYC;Ov;w;0;MVn;T709;8;4;TU;540002797;VJvhd;2004;02;C;87246;70139;60748;80096;O;19;Kp;ko;Ol;RU;sl;19;CFx;N;7980;p;77932;dHmy;3303;1998;1975;6;0;05;06;68686;rgoG;s;l;92021;omU;BSkxZA;AdSVdD;DQKuib;mc;Fh;bFEWoR;True;zxcx;pqhmBYPKj;hRXlxM;540008869;672;ZuYqSI;nMEqkX;540002797
540025004;Gbmus;197;   ;S;H;n;r;A;i;xWNVi;Ga;l;9;YLN;V862;-1;9;oNfRemBiiYwFTdygQADRoSancEpraiMXOw;000000000;EfhuJ;1965;07;U;4034;8218;68215;65172;j;4;Zs;XQ;oO;JL;wk;19;PCk;z;30622;s;57720;vfos;9456;1969;2009;7;8;08;10;82642;DMIC;p;f;61494;NZP;dENbRg;VWEMen;dvYlMo;xS;QL;PHHAPQ;False;epHr;UWyRjMNPr;jXqDsX;750824062;740;fBiUgI;woEOIm;000000000
660001983;xvIgQ;334;   ;Y;G;y;t;V;w;XIyAa;Uc;A;9;zbe;T622;7;0;DAwLqNGfMlywEYgjIfrToJNiLUExMTTEtZSztISWxZDwr;560004897;pKWnW;1995;02;I;16248;65903;66364;95376;l;24;yW;wi;ih;NQ;st;11;mSm;x;66549;q;55399;XYbm;6622;1979;2009;9;-2;02;09;9732;eTCB;Y;V;30501;IGp;GrolZW;YKhkkM;gthlJJ;bY;Sp;rHQVRH;True;eqJv;dgBGvKGLc;LXGJcK;560005845;19;QthhmE;YyqxrQ;560004897
970301396;JOXNQ;5;   ;n;t;U;l;q;J;hguCb;Yv;P;0;KbZ;U801;0;9;QVrSCpYkuugyXAl;290018993;nClKO;2018;03;n;9266;47951;60903;67523;u;22;FJ;yX;OL;zd;ir;3;GjA;H;6935;C;19583;wiGC;89650;2012;2006;6;8;07;06;29766;ZPxp;y;O;17139;dXs;FKcjlv;QlmoBI;WuEUUv;Mf;KL;HKASlH;False;NwxJ;StgMcOZrA;wvpsOf;290022193;551;KbBEAo;RtkVHc;290018993
540001088;wrFuX;404;   ;T;y;F;h;e;V;xXUPH;LI;K;1;kwi;M0015;8;5;wivHsWrdBdcLVbSskjyseTYpekGbkXYyKAGghBdlALoCmac;000000000;KbeRD;2005;04;N;54845;54624;37661;82192;r;29;UY;Sy;Xs;cz;TM;13;IVN;c;60935;v;59953;NTuV;88615;1975;1973;5;0;01;10;8686;yBvL;R;l;33600;rAZ;nzNDnN;idUYJG;PEPLYd;Sj;cF;slYdZn;True;CIyR;IOLkzIZsx;VLoiCp;080004567;430;svcKoE;EIcsRu;000000000
340008002;cuoOM;884;   ;I;C;Z;g;g;d;athTp;dr;F;2;qaG;M861;7;6;vHNMbZLdwooRYnewqWEQzIZEcpkJFZxMXMKGghGjK;000000000;vnVyd;2005;09;c;56456;7872;81542;77195;l;21;ys;Be;SO;UL;Fv;13;bzE;R;93360;p;42876;hOSV;91205;1978;1994;6;6;06;05;56613;rbKf;i;L;49638;EZs;rvNwtm;XzaeWx;WVVGAq;AL;gB;IZYazt;True;yBXA;yHzLqBCyh;IoCcAv;690005285;141;RmxrPX;jnxWXB;000000000
910022284;qPGXp;835;   ;z;V;o;I;v;e;wRwmD;vl;C;0;pNd;T354;-1;6;aVVbkmmvlhbvRNWJbeJjgMtSwYNZOSAlogCxt;000000000;ejzOa;2015;02;E;69595;10567;77495;42173;V;17;Ty;YI;vA;yL;iE;1;Iby;I;15846;D;39164;nQtu;11757;2007;2003;7;6;06;11;43104;TIIk;x;I;31241;Sdf;IiZwYe;SeOsTN;oEtDVU;wN;VK;PyUwdW;False;WXne;atJDfdjQg;EPwswl;590004222;892;sMyzUt;TIeWqK;000000000
760018291;DdgQt;87;   ;D;w;E;X;Q;b;OyOIg;VP;T;9;jyN;I21400;7;6;wXd;590051587;UzGjr;1992;07;W;54388;15029;66796;1746;R;10;IT;PU;qo;eA;im;12;iJd;j;25554;V;92354;YEIm;72096;2000;2016;1;0;03;02;71455;jVaB;Z;a;79853;XuB;hsqJmc;IwAHBy;ngdmJr;KX;aO;hnOMsu;False;XAHZ;pJwHELIbK;FemVxV;590806782;866;AWtsJZ;ZGPPpv;590051587
950036921;UiQIt;548;   ;j;C;A;i;g;T;uRgvh;BK;I;9;kBa;W232;0;5;PxexcjasVDbjXfLjh;000000000;GooqE;1980;07;D;16517;26272;33769;15731;X;29;Yr;DM;MY;eh;bl;9;nBr;w;28747;Y;67914;LEPU;15056;1978;1986;0;-2;09;11;33616;ANKe;H;j;50425;Dzj;wXVUkK;CKEyss;SCMfvt;nN;Nd;yuEPOh;False;MJdl;RRtSURQjJ;nZOvdN;790019699;122;ppzwDj;obNWon;000000000
240016485;Wpbkr;944;   ;B;U;u;Q;C;j;SqPkD;bu;v;2;ICd;V101;6;1;OPorEateIrsmIZHezZvfxwrdl;000000000;pQzKK;1971;10;U;8421;90090;71127;10097;j;11;qD;RQ;CZ;qR;dL;26;pzl;I;3141;E;10536;CYXj;2753;1964;1979;5;7;10;04;2763;kJiz;T;c;78664;XLg;JjKqIN;KrsYza;ckzwff;Kc;Ox;bYTaBF;True;winU;rXvXOsAFB;rhHrEf;530005909;593;jRIIzK;KgRLWH;000000000
840010037;obrvl;935;   ;J;f;q;P;o;u;OcPnT;bv;N;1;GxJ;X721;-2;6;Cx;220003883;EjkhM;2014;12;l;40009;213;23114;42968;A;27;bL;oM;Vx;LK;eQ;21;JuX;N;4097;V;76128;GHGT;17964;2002;1995;0;9;10;08;50037;POkj;O;c;24065;tLz;INGmbN;xVdfgr;HXuUHZ;wA;rs;ATzirb;False;dpVb;aVLRfGeUm;KHSbsU;220014666;579;fJvZrx;RrPtcO;220003883
830014940;aHziD;886;   ;i;B;f;s;B;y;ZxUEJ;SS;w;1;EAJ;V426;9;7;TkKbSroXEKfqtgIxyeThjPuRpAbfvLjvawqMAmlDQZXBTOsxE;000000000;nskIt;2011;03;y;71117;6312;93404;52206;R;18;Jj;fs;oI;AV;ir;28;WZJ;e;21378;g;9346;FSQi;21513;1967;2008;9;7;02;10;70521;jNtg;M;A;55918;OBJ;VdKXjq;wWGXqr;URHjaZ;nR;Ms;EARbAS;False;ndLc;vsczcuveX;wjGGow;490002078;788;Ikkler;TFacct;000000000
640004321;lPqhC;451;   ;w;Y;v;q;X;F;dHxqV;EI;J;1;BWv;Y290;-1;9;pISjxfHkJxUbIRWtbITtP;000000000;yAEHg;1977;08;w;35988;91394;18962;34203;Z;22;iM;GG;fW;hv;Qo;11;ohp;w;96242;Z;38688;ixyf;42325;1961;1988;5;9;05;04;14497;VBYp;r;h;8399;Ctx;FeXtuf;ORREEJ;BGCpfF;mu;vc;oQqvhm;True;HlAo;vhgoDTjkR;llzqVD;030785380;427;TFCXDW;lYYyCq;000000000
460002553;whYcM;697;   ;S;W;b;I;H;z;jZuXt;qs;a;1;TDQ;S3819;7;7;gelLZirVUsqmHLBitevbFLvtbTtSVysCNCGhvI;260011002;sKlJh;1974;04;u;14637;96646;91904;35374;I;14;IC;wa;jG;HG;KE;10;wlG;d;1357;l;24183;USAU;31147;1977;2004;5;8;07;05;22407;IUvg;g;N;7821;WLb;iVWaJk;FYLyKt;UgCKEI;YS;tz;ZSmoyt;True;mbyc;pifQikHif;tCABYj;260011085;746;VCtjyv;jCnWWS;260011002
630000818;IBqFK;657;   ;v;l;u;u;o;t;HzSuE;ZH;I;0;OTy;W085;8;1;wSfdNxnMAiCfiVNTcovPrfCOAcJDPczhitkqIfwMMOU;000000000;uDZjW;1995;02;n;45176;9722;26802;13506;R;7;Qf;Vj;Eo;Ch;Qw;14;AGa;S;40164;U;6962;MZZU;73954;2002;2014;7;9;08;08;90297;ZcMz;G;U;93773;Uce;GPULWx;OVfpmL;Iaavkc;zH;mE;vAuLyg;False;dgSt;QTBxWklQj;Ohpbcx;440041689;913;BvFqEb;mOreQU;000000000
570003582;IOSsC;354;   ;i;A;b;m;k;P;tlknt;Zd;X;1;zmx;X826;7;5;kFWaGaEvegGgjfZXMAHDUB;440034312;eDPlC;2016;10;T;2726;46799;56070;87313;j;4;Nr;Ui;Ix;HM;Gu;27;tby;s;83628;q;93255;frme;71886;1978;1972;9;0;05;03;76858;JyIX;v;C;8610;enk;QOBjsU;jjICKp;IrcImo;pX;ah;LvsJKo;False;wOuo;NRCjdRmRc;KLhGqS;440040442;95;AsqlQu;YWutyg;440034312
130009632;vXyus;224;   ;c;r;b;q;w;i;pElsa;ta;c;2;oGy;R390;-2;6;yzKAXwRwEDYkVHffyBHxCwuQ;130050818;jdMLg;1964;09;y;87738;71205;78000;97856;W;7;Qj;Xz;li;ha;cm;10;Zik;x;83816;g;94086;TNDq;25426;1982;1992;9;9;03;06;13433;xwrR;V;T;78346;iqk;TMGHvG;pxJfYp;xMteXT;qJ;GF;SeGXXI;False;kTDH;AnsnYQyPn;uLCqIf;940014178;199;CiumKq;DnVchO;130050818
130001613;BOyIE;233;   ;L;L;r;I;E;e;mhzCz;Fe;l;1;cqZ;T348;0;7;Ks;000000000;HmmDD;1998;04;l;8748;21031;13314;59859;s;25;Wg;hu;Hr;wh;pl;14;fcl;W;10115;c;52562;qmHA;14105;2002;1982;1;9;07;05;40907;TDsN;s;W;3251;jUa;FnQQvf;rSVaEF;ZpfVdU;Ig;VK;zmCfBS;True;Kkxn;FptQbavEZ;VVJkUF;680011509;670;ZCpxLK;jQzusv;000000000
880007992;STTmN;160;   ;R;B;h;f;I;D;yWJkp;Ew;i;0;BgZ;K830;6;3;MbGExcziPnJHertUsrq;000000000;JGFzw;2018;07;d;69808;78299;99257;69828;L;3;Xb;Pw;JW;it;VY;18;FZf;w;43053;S;32973;rvtn;94915;2002;2008;5;7;03;02;18803;ILIg;Y;c;10497;VXw;APVIFI;pZDlDM;ujSXdP;Fe;ge;CmITWr;True;NwRL;YIrGcGRXc;SWwzIk;320003445;36;dLgfGc;sNXwTx;000000000
910015080;SxWjp;638;   ;T;s;l;N;r;r;HgdTZ;sx;u;9;XZl;P836;9;0;ShafKLvrdWAvPMftCM;000000000;ySCHU;1974;09;u;28291;93560;99108;5659;g;13;cH;NL;JC;cC;uh;5;Hhm;D;17866;Y;77761;XGrI;13452;1993;1976;6;9;10;09;9401;yrpH;B;V;66766;YRe;UkRByI;GrSRzc;TCMsmw;vh;yL;RVMTAs;True;VKFn;UVHVnPbvC;efttbW;720005560;505;RcYasN;OHtpVn;000000000
060001849;lKHDN;260;   ;C;O;k;J;d;Z;gPGRa;qw;o;9;iAM;X347;-2;7;VFxxdRFmn;000000000;kNpoW;2006;05;o;75718;21832;79380;98090;g;13;qZ;dp;ja;sg;ov;0;zgy;S;54667;Y;95475;vDtK;80590;1992;2000;5;-1;06;04;92723;cUlp;h;b;27766;Sbm;XONIvj;fwArLo;QURPDl;Xl;PY;kXyImj;False;zoWe;RxEaDoplN;peyHTs;590001822;687;EqdbOB;lXKPmm;000000000
690798004;DGbsn;148;   ;f;g;y;A;U;n;nIeFX;Fe;r;0;WAQ;X697;-1;0;eqzFErxFZGyWejCCOhqc;000000000;BBJab;2007;07;h;99691;90602;79810;78665;g;10;yX;xP;wg;Ke;wg;12;iRn;x;17642;E;30971;NBsm;94714;2000;1962;9;8;12;09;85129;kDyV;B;V;30004;rLk;yVcatz;PGCiEP;liEtRO;Vm;Oj;hjEQLM;True;Pqwq;bzzyFInFS;akeaVn;760917963;739;iAzmIQ;YfSoJb;000000000
290011543;hLcBg;560;   ;e;t;o;d;D;o;EaZuY;md;x;1;BZs;P29;6;6;IbrdCUmCDaNZ;000000000;PUaaz;1992;01;U;32780;84514;98400;23470;Q;19;Qp;ag;aR;ds;FY;27;kmI;j;97339;M;55084;YGxb;19065;1999;1971;5;-1;04;06;98723;tulG;R;W;9297;qKP;dFcnrZ;ZalIUo;vIlSjy;yu;UJ;uFitWS;False;jdLm;xMCZkDfgG;ujAVDN;140032947;446;zzbNip;eBNcow;000000000
550004931;DOfQo;301;   ;w;I;x;u;R;m;UxZhF;SB;F;0;Ihl;M2154;8;9;ZUFQuZecWyoiuEeEAYZYxEEEJPaEVPngKwFXiWZkyK;000000000;dBlpm;1972;11;v;37228;22255;75243;37864;u;5;rY;RJ;KA;XB;hX;1;UMs;p;55422;P;34836;eLqX;32512;2010;2019;7;-2;10;02;40201;TaPQ;b;f;13732;wtw;VcrNgk;RwjVUo;HMMAwj;kL;ib;MloIek;False;mWYs;CMewiOxXK;MqoCGA;350017901;341;OhbFqH;bmFnmS;000000000
560015034;abcaB;408;   ;o;D;F;V;l;i;IiEow;rS;O;1;Tzl;F17201;0;4;WmCmFO;000000000;pvIlC;1978;03;J;50976;36357;44642;87388;m;10;km;nF;Sf;lx;SU;18;olR;i;44704;t;59630;WggX;68733;1995;1981;0;8;01;07;6125;owlM;h;K;81032;dBS;LidFYk;cMcuWr;wkYSjc;Fl;FE;tvrXYG;False;dogQ;QuFBVRLcs;ClgsCj;720001502;184;EbLTDF;GNbSqJ;000000000
580005536;jGOnf;159;   ;K;e;a;B;L;g;pHoAq;fH;j;0;yuz;F02840;-1;2;OdqyF;000000000;ZJbkx;1987;01;R;16355;44597;25408;3025;t;13;ek;pT;SK;RE;XZ;10;pds;K;26734;g;67702;hQOg;12521;2016;1978;5;9;12;05;9472;LhHW;I;p;19862;VmF;FQUmqY;VrsVUN;GYtzek;Il;vC;jZfWpi;True;vYPr;ECIGzHOOQ;KcDqzM;300014891;475;IZiHdo;mdYgAN;000000000
810010082;XAgIN;550;   ;v;L;P;s;K;i;IgHTO;Qc;L;1;yOl;D580;8;5;VYEjVQyBHtTRZW;000000000;PsMLn;1971;11;d;31305;61331;63945;26277;a;3;pt;IJ;Up;XL;kC;4;gah;A;95419;n;27427;sXMN;68554;1967;1962;5;-2;02;08;3889;rcTH;w;o;78380;rXl;vymrrG;MlRrpy;JMlWpk;Pb;hi;fbgLWw;False;fGgg;RAVIFaHVw;gqdWic;750019457;360;dPMKQM;ZpkdEI;000000000
060002193;HEmRY;926;   ;C;r;z;y;g;x;LhZWB;ME;q;0;OVE;E561;0;5;QrynnhuRaIRtUxdaPTLsvURKnjywEWWGpfATcciuOlMT;690027818;DByve;1972;09;G;95140;28037;91630;82415;G;19;Tg;ku;dh;cn;pa;5;lWp;N;42867;U;96728;UmaZ;39558;1972;2000;5;0;09;02;220;FNiE;j;p;57349;HfN;VexVdv;TXyZbA;AkJMPn;EJ;mI;xhfNgZ;True;kMGr;tctIjEIbJ;YZPXnQ;690796164;113;gYXVqt;PJsvTo;690027818
970209888;JLrVd;516;   ;u;N;v;x;r;t;aSXLp;TY;v;1;nYn;Z71;-1;0;hhljRbLJWeoiBTAeoPEJSaVQACaDxvsRRBPNqGYWsY;040000077;qqvqV;2010;07;v;78154;3668;88732;99629;Y;17;IG;tH;Np;LH;MC;24;AVN;X;58602;h;43415;OmFb;58431;1962;2002;3;0;03;10;29364;vNli;N;z;87895;tJV;RpqWDy;HWqXEv;uLCjFU;uF;sp;MHvgLP;True;SkXR;FQffIKHOV;nigSlj;040780199;925;WULMYq;wVgvVd;040000077
630006195;aVsJz;273;   ;S;C;t;Y;P;y;MnkBO;Pp;o;0;nto;F2501;-2;7;pvxSGGIQfhzkaCRzNFmpAZUofvNwdEYOIiWXQnMs;000000000;JkPJP;1989;12;T;36155;75077;47933;8722;m;8;Ai;iz;pb;xA;Dy;21;zWC;c;54158;R;35313;DirR;51471;1980;2018;6;0;02;05;12401;urmf;R;s;3026;RCN;xTZGEQ;FzTBOo;guQyxG;UE;Hr;mCvvIz;True;uzdc;omJdNwCna;pGoZbR;330046350;634;QSozzd;iRQAMm;000000000
950020875;qGDNa;29;   ;t;e;b;L;S;q;zABgo;Dm;M;1;YwV;N182;9;7;XkqZFNgMzeLMbqFpuQZKbTClbuvYFw;000000000;rIcZG;1963;05;S;1971;63176;89578;37632;G;3;bA;hN;ca;fU;hq;6;qFS;n;93210;x;79711;zlgO;98639;2013;1979;2;6;09;08;2616;qXaS;z;X;8597;tIt;wxrMOe;cyDiKV;VVIOTd;Py;Nx;GXCOaf;False;foZp;uVSdPsCwn;LfWsRK;400013801;83;ynEUTl;jlUdXr;000000000
590781902;RiFSt;685;   ;k;E;W;g;B;Y;fnjgi;Nk;I;1;VTy;Y06;-2;7;hKvAxzNtScgOPgIMJxhpwQgpyzlYGOxm;060000163;ixmsO;1974;09;x;75753;97706;22109;93282;g;9;ZU;me;jC;er;MM;14;gAF;O;46392;L;32228;iYGI;70684;1989;1966;9;-2;10;05;13421;XWCx;v;G;90176;jGV;XtbJNA;DIxeXJ;TXDysy;qF;ug;FpdHGp;True;rbPG;SMOWrMWXk;PvcbUn;060780327;967;CqfQTT;ZDqDjo;060000163
950023440;uaDWn;826;   ;Y;K;E;m;x;x;tSQcj;Uk;J;2;HAV;N343;-1;1;TjtCRyABmgApOqpfOHtBuYNMfKyVLzLSYwbzcbIXLGAQvRRgpMx;000000000;GgrVx;1997;10;j;48057;29955;63469;37731;u;0;yT;BX;UM;Gk;FM;17;XBZ;I;74664;j;34006;ftBU;37706;2005;2009;2;9;05;08;9514;pEwn;l;B;59713;msS;sEApWe;YizxuM;CIFHzk;qz;iw;VmwhGO;True;OHtk;lltzcjKhr;wAEZeo;250017175;129;LxrIUj;dksdHr;000000000
680007135;tMOCj;786;   ;J;h;t;s;a;V;pixUu;TS;x;9;dhn;G442;-2;2;UifCXqLnpaGRyEVImy;610003204;tuRwG;1992;06;g;90525;46849;58860;63562;Y;26;ko;iz;Gs;LK;EI;2;GgU;H;99521;J;19275;Krnz;32835;1966;1994;9;7;01;08;28823;cPds;U;M;39038;YRT;aYkpZC;tIMBKl;KYfVXK;nM;nL;iLDWvY;True;ywWm;uYLWhKDtS;AKJCYu;610007007;566;BmcIWZ;OXfsNa;610003204
760003996;LGNyr;643;   ;x;v;f;O;Z;u;YQZNg;cb;i;9;ltd;Z103;8;7;ymYOmlNWsGjiTBZkubNTKtaqftZYKvGOVuHstiyVqkHeg;000000000;qzbIi;1996;05;W;43270;60884;41854;97373;h;3;dk;NQ;QK;hD;ab;14;Etw;l;40023;S;52659;Ekyj;69150;1978;2005;1;-1;06;06;12741;JPYN;t;d;73412;Oor;tRnaTH;aUWhZg;lwanbJ;ki;at;HruAcA;False;nFOZ;MmakNNEIS;zskhBZ;760001149;169;HhbTcs;kiNRxF;000000000
440034924;jgcGQ;915;   ;V;B;L;u;f;G;MNBcb;TF;Z;0;kMu;S6240;7;3;afLBmgDntzgHzNisso;000000000;VsjAL;2014;02;j;91719;58349;81919;42356;G;9;uj;Nv;Pv;iJ;DT;21;BJC;a;91533;u;3894;DusS;35116;2007;2014;3;-2;11;04;51089;WRWi;k;V;67680;yJm;OSitdT;HzGvnc;yJHYOT;uc;Qc;IkJJnl;True;qxgp;MvPsrOtTh;QvqEaS;950027912;166;IeYzdo;npYFLX;000000000
2A0003844;zIgRm;126;   ;f;R;S;V;H;L;NtyYO;MG;b;0;KzQ;M8560;6;2;VJXfaxspPbkSyhcCzUKkBzTBc;000000000;ttoVI;1994;08;Y;63538;86559;9925;21693;L;10;rJ;Bh;dH;ZK;yn;2;jJt;h;54393;O;12420;kisK;99236;2018;2006;5;6;10;10;69888;xTFO;n;r;29245;Zpx;qLbAiM;mgkROS;aCXXPC;GB;xp;MMRyLq;True;qAdb;xypXRwmtk;yUMyMn;290002351;697;ppdECy;awbyHF;000000000
590813226;OcbcS;523;   ;A;L;E;K;Z;s;oLZKJ;Nc;V;9;siA;W994;7;9;fiQOdOZUVLPTGbkvMCupdJJZSjcWdiMQBtVjSMv;000000000;doUaT;1994;11;N;82476;47166;30192;16782;K;18;UC;Lf;nu;Kx;VB;10;kQA;F;44040;O;49670;Ucft;79955;1973;2005;9;0;07;12;83940;HYYx;F;E;20106;ELm;VeaWrU;YaBrER;SIlrMJ;ZN;SP;TNXffk;False;PxAB;ObdAcemaO;GpNZgl;140017062;743;QDeBKP;VwJnHv;000000000
490003555;KopZU;37;   ;v;Y;P;J;o;N;uDUFP;Zl;p;2;Zel;I607;-1;3;fwaYzbajjENdIAtZtHgKoBaYgCcxUkX;000000000;BMPnr;2019;02;j;17003;38484;39312;71508;c;4;EI;xD;tH;Yy;Mi;3;XFv;D;3445;O;51263;BGLy;49017;1992;1990;1;6;01;05;62873;Qhus;S;T;28079;XIz;ESsgDy;DDnYUQ;zXdjqp;zA;TS;xecVlR;True;iqkA;DcCuDEFvg;tmFZBP;410000830;534;nixNoc;HemGTZ;000000000
590022265;IRdfy;774;   ;r;J;O;a;z;Y;uqQlM;ey;B;1;Fed;M2517;-1;1;GTzQbaYBvWclnJYTCLtEpTBBUofvbKHJrLfcdZkZIV;000000000;oYJCy;2013;12;I;80499;92100;68716;28356;Y;18;Ka;vA;dm;Sj;Ag;8;XKD;w;13047;G;67268;eHzz;35661;1996;1975;6;-2;01;07;19510;Yhcz;Q;K;7551;Bbs;VshRaG;ccBWkH;dwzPRh;wa;wu;ZeGLXC;False;GimL;nKuXBKNoF;kDmovs;400001459;430;JSHvui;jphmoS;000000000
830010914;nWkiz;977;   ;y;h;i;n;a;z;wWOKA;gm;Y;1;qLg;G255;0;1;jKjZGZ;000000000;tMAXx;1986;04;b;49699;14690;9460;98543;t;12;Ms;KH;GV;Ee;vr;8;wCl;w;94879;w;9825;BrtN;2341;1996;2004;1;8;01;01;87655;MLIN;m;K;11070;gfM;WQhgYb;IrFoWT;zNWAXV;Nn;BX;rcvhda;False;ZZmt;BoefSIowE;EVxnQp;620006536;707;oKvgSp;foqyXt;000000000
530000652;EhttJ;445;   ;I;d;W;l;k;P;oEghX;lx;X;1;MJy;V798;7;0;bZGjfvebeIVCgMguqNF;000000000;SZVqS;2019;04;i;70990;9597;3889;66338;C;8;mD;fA;ki;ov;bI;19;fTg;K;45676;o;98730;wLbs;14853;1986;1990;0;0;05;08;87938;CQpM;s;l;4277;vcW;BbonYd;fvscmc;QPVgdK;Rb;aG;KJoWBl;False;JSzG;YOvERyKlJ;WmWnjI;970102885;256;CPAqQq;WwJVAX;000000000
380010546;sFPMw;955;   ;P;I;w;t;p;I;IsLtC;NH;d;1;lKp;S203;7;6;VeBNEaiLBKGFtYFKIgbSlTRBHzpNiKTKuJWlquKCWrjNXb;000000000;mjNog;2015;07;F;18571;76867;48129;76665;P;26;yx;Jl;Zn;tC;nE;5;Pku;I;62759;f;748;iHbX;57198;1992;1978;4;9;07;11;23705;OGcN;j;X;81466;prb;clVUwT;GreXPw;FvGDMB;za;RO;gMIUTx;True;sPVj;QosqwUhIO;YoDgoQ;250006137;17;ImzmYz;KLBICG;000000000
950018358;lPyvL;224;   ;K;e;f;w;H;S;Ziuqt;TV;R;0;GrG;S400;7;7;FFnXdYzVVKksQvotXhchKthLSjiLndNcoXgwbPa;000000000;EOzyK;2005;02;l;51869;35955;82503;41429;m;19;Rr;jW;Sn;tX;uA;24;mOP;n;67620;h;78954;xttf;81706;2012;1977;0;-2;03;10;94491;JdqH;P;M;41981;pCQ;yAnAwb;pUkaQu;EOUAOH;UE;Hu;semcdV;True;ZukU;jhtTqpkwr;CijTQn;560016586;799;UHtMGg;YVdCVw;000000000
520001447;DKCIs;757;   ;m;b;R;A;M;b;ptbEd;FO;N;2;ney;W090;6;9;IJRmEGxqHwVEOJeBSNsriyj;000000000;umHma;1991;03;L;41050;61142;23725;25695;V;1;kA;Zz;Dk;mS;AM;11;fbH;j;85970;j;28655;hLBz;84301;1991;1978;7;-1;11;10;77409;cFNl;x;S;17713;ENe;yXUWbJ;qPwwYN;dFLfNi;im;Nh;IWdyOc;True;anpG;FhUTDOhHT;rJuOtE;750018582;487;oXWSTi;PMdDUN;000000000
970305181;tgFuw;912;   ;t;o;H;n;i;n;YLIzc;yY;V;2;WVG;V583;7;5;PLXYgmtzpHxpUQTWPaNFKnGJFcyajBpScqtJOYnOcEku;000000000;QcbDW;2003;02;J;38150;79638;40978;12645;H;2;TK;Ox;Km;AZ;ky;24;KMR;r;36574;F;28621;hjig;54166;1967;1968;5;0;01;06;49281;CopJ;Q;D;44708;ROP;Xeakuu;oFMJSj;bdIKBz;rp;oq;hduwqV;True;qYXr;fafxjENSz;zotGjc;970305207;278;KyAgDT;cmPiur;000000000
660005133;tmPfu;741;   ;y;f;I;T;P;y;GBreY;mx;I;0;Csx;Y451;8;0;oARObLofigiNdcZgSspOFslQ;000000000;jSlIE;1969;03;u;26527;92228;44760;19056;Q;1;RQ;py;Ee;Zi;zZ;18;esI;X;65632;p;93942;VcxG;73526;1965;1996;9;-1;11;08;91733;gXzN;d;I;78029;bEE;owcwFk;OqrSUY;nCoZmH;kf;sk;ubEqvy;False;nOLT;TXYdiTFcM;KxxPXs;680022225;501;Rrzmsw;ewBokn;000000000
730012259;HGcCe;403;   ;E;G;p;P;z;K;RZIUd;Xr;C;1;OtG;M8695;9;3;kiHFZalfX;000000000;ByncE;1985;01;B;51138;66353;85267;20773;r;8;eK;Sh;zv;jf;jg;8;XvI;Z;14311;d;76929;Pyuq;23725;1999;1993;4;8;02;09;87568;ojIG;v;A;35313;GRh;VFVlhe;AgEcrI;NLjrLe;Cm;ij;JeNQyk;False;Rdkj;rSzYCddjw;PCoLkd;780025417;488;rSxRUy;FtGUDQ;000000000
270020472;lVkri;268;   ;W;X;E;e;c;s;nJFrL;tm;Y;2;tVP;L51;0;9;KLuxqDzzCiKXDBpGcxBBH;000000000;cNUIu;1988;06;S;39492;16657;69244;48438;E;0;bA;YB;vh;vd;yM;0;iCP;M;12484;a;5275;arFq;90813;2013;1963;0;7;10;10;87026;smSX;G;o;67630;mVq;NUPzbi;oxyCXA;nlstOK;rL;aY;JvtpSS;False;uYYy;YbCQisZsu;FIXFPO;610001505;409;syqBes;pHMVvc;000000000
170009005;tRgem;755;   ;h;A;z;m;n;D;cGYJf;Zo;V;0;Dqb;P012;8;0;oxYvESEddWRdLSzaKTitmnzNkgiTKqHcdeoUv;000000000;Qhvkv;1985;12;B;96696;5585;9028;85817;K;13;SR;cy;sM;Hy;BJ;6;WPc;s;55155;l;97627;NsBX;45797;2018;2019;9;-1;08;06;3757;AwwQ;h;v;62919;viJ;TWdaHc;sDKaFp;bcapcS;aX;qu;ttNJMJ;False;meCT;VDBhmPRoM;BMNyNP;680006632;870;xfRsYV;XbMolu;000000000
350037933;kLquF;16;   ;p;V;l;I;K;s;CKVaB;Fv;H;9;tkT;M8317;9;6;ZyCZeJfwHmokeejFkYhdUItaNbA;000000000;eOLXz;1986;01;W;27620;24415;14629;17606;s;21;Zp;VN;iL;eK;TF;14;ZsN;m;8659;V;4238;wavQ;39994;1989;1976;7;0;11;06;59663;JgpA;N;D;74459;Gkl;PnseLQ;zIWFEH;UywHrB;nL;Nk;hLvTGY;True;gtHL;ussdZgamY;VxhSzi;780004107;33;AenElP;VfYPtc;000000000
160003091;YIOpG;933;   ;u;N;B;i;q;R;cGzDZ;uP;j;1;Bds;P236;-1;1;jumqHfcDdcmgbmETzYQviJqDDKcaHIGmuPaVAVjRZPDGkzqN;000000000;tYFLo;2014;04;o;24281;52900;86213;28109;s;28;zC;QU;ZS;Nc;nG;3;MkE;U;33916;k;69918;qGEN;52677;1998;2002;4;7;04;06;40361;CBjb;R;l;66506;CRp;PYfOkQ;pKDjpu;msnvFW;dd;Gr;OKPYHY;True;xaRN;LqeEOdWgU;QsOWXW;450000740;20;aGAkGt;anrJoR;000000000
930015144;TVAOM;28;   ;A;A;N;p;C;N;ctrPy;TH;a;1;JXX;X386;6;5;andDjSHvqLrqbetxUENtJFQUXaUKELo;000000000;SqYqR;1974;06;Z;97130;78285;93516;61267;u;8;sd;hM;aM;LQ;DG;15;JOH;y;40439;r;58063;QIfD;65562;2004;2014;2;7;09;01;24950;uDyM;Z;i;48742;yoL;RgtEGe;UAncwB;NXjrhA;br;GM;bkqZFX;False;Orth;WTkQznqpW;RGlSra;760003814;652;sdqDNp;sQUwTe;000000000
380004408;EsfrX;359;   ;U;H;n;r;m;R;dpTyI;gz;T;9;IlS;F01142;8;4;BlrLHdpLVqqtHanCGVcqYMrFXHekO;000000000;MKoxJ;1981;07;O;71789;55076;66852;7979;y;27;TL;PW;EP;Qu;Jw;15;AQC;N;68866;Y;74622;HfpN;28802;2006;1995;5;-2;05;07;1617;enmd;g;L;32782;oTW;VZPtNl;nGSBqG;xHpkOs;FK;wV;THjZvX;False;NlVY;LkBVMvDrC;jFWwdA;300004249;410;hoocDS;qIzsMs;000000000
390783520;juixX;367;   ;Z;J;q;R;X;t;LjcKH;DG;I;0;nyk;F233;0;0;mQTUxfnMiXNJNmhwnJW;000000000;QmhXu;1974;09;j;61730;87734;7262;97901;q;4;yM;ar;rO;KD;jN;2;rCT;m;67718;R;57616;qgTS;53508;1966;1982;0;0;04;12;3631;nUTR;D;A;46845;Ckx;vhBfMo;ndWZed;lVdwKm;iw;Wd;kPlVUf;False;ShOU;NmflHRNXo;PtlBNS;570018317;474;mOtjZQ;XtWMst;000000000
450013727;UQwSw;83;   ;K;H;f;x;a;J;iOldt;rB;F;0;RVc;V339;9;5;UcdrRPbCYfGgVlJFkKLUXUi;000000000;LWzUU;1962;02;j;37016;11889;69570;38180;c;15;IG;iC;uB;Yo;ex;3;Pco;C;72511;T;49653;hafq;83760;1999;2004;6;7;01;01;70933;hZSC;x;S;28019;Iww;AbxzIc;fjrnLK;GoMtwN;sR;pF;zWAfDw;True;wAWL;hTWbwidVL;umFZby;130026388;654;FqeqGo;FYPSdH;000000000
950803007;YMPAZ;439;   ;r;b;F;s;W;d;GxhMn;gV;J;1;vut;XXXXXX;-1;1;v;000000000;pyIkI;2002;04;T;54451;36948;63197;82974;F;1;Fc;Sy;af;hc;Wy;18;hmx;W;54273;E;49211;FGbv;91637;1973;1960;4;-1;12;01;51580;rddT;C;i;93098;YUT;kXuIDV;ZNVZvd;awzoPa;Ji;CX;ZvezOF;True;SFjG;OFSdcQUpX;TabLGg;130028491;987;gMvcPt;mcjjvg;000000000
330058686;TGgYc;401;   ;F;B;f;x;A;f;KoKBj;LK;s;0;yDJ;S327;7;9;SpQEvBPXDfnOBEFmUdUTTsIwGQECfQtPxamFXsNaPGpqULjB;000000000;AMlbC;2000;08;T;79577;61797;93939;31549;L;13;lS;kW;FS;zH;qW;29;SgE;U;30088;m;6022;lIPl;1644;2004;1971;7;0;02;11;43370;eMTM;v;b;19161;YtW;wtGwIU;DLpHFU;ieGnOH;vA;TQ;eSmXpU;False;lHZC;sNwCIoHEP;iJitZy;880004981;672;unMvqU;qNxkBV;000000000
020008058;gMxfu;265;   ;Q;Z;R;s;H;d;ZqFyy;Wy;u;0;Ihp;S934;7;7;ZrAZixyevOQvcxEz;000000000;TfqQp;2007;04;a;60389;2372;19579;84431;B;26;pw;aM;IH;qO;lc;28;jSm;Q;49235;c;80809;fJyV;88319;2005;1990;6;8;07;06;43539;CzEP;l;y;41071;HUr;dIOKyE;ynRtVZ;pqUcdY;cb;dv;CotfAK;True;mGBy;IJtYIpsKO;OOkYTA;590054870;797;BZtVoj;easiEe;000000000
940022387;krbXH;287;   ;B;u;d;W;d;d;wlKYJ;DQ;l;0;Fdj;S498;-1;6;B;000000000;JrMQK;2014;01;b;88512;97224;5378;6434;F;13;Ja;GJ;QA;SA;yv;8;WaE;z;76856;u;69095;Gdsb;79755;1970;2011;0;0;02;12;52085;CWqJ;d;R;33662;wDz;XBxLQB;ECsLil;QojdLt;HG;Dw;Sddmme;False;htFr;ZFUVVbdLj;LIKlRW;290036607;451;iOxCIC;ChkKYi;000000000
410000889;MVNDp;446;   ;q;C;u;Y;d;s;hTTby;BM;G;0;AWi;Z805;9;1;sYD;000000000;wzBZc;1996;02;B;28687;34062;58220;61016;k;14;dd;mM;Yq;cT;VS;3;FQP;O;43122;K;13169;nIWB;42956;1966;2017;4;-1;04;02;64885;jAzo;L;Y;52560;kKb;tnGyWV;zQaUAq;uLYaZR;IP;OT;bhkrhu;False;fBYn;rUGnuUhNt;wXlUzw;740003371;682;zfcmny;bYqumx;000000000
750826422;JLMwP;81;   ;r;D;z;Z;n;O;UaBIk;VI;M;0;DDx;Q702;-2;3;ZwFbefLiYhUB;000000000;Trrzm;1979;01;S;14650;39828;31377;50237;n;17;ET;YS;KO;dg;Ku;24;onD;Y;64811;n;60327;CtLD;15155;1965;2009;0;-2;04;09;67854;xICR;T;r;37747;IIO;nnfcGZ;wFRkeC;JXdhbG;eQ;rS;VMPwwk;True;QGvk;PQLYxXZdC;RLvDoj;280506213;447;fIgEZI;rCQbos;000000000
320003601;TBdlx;37;   ;n;R;x;M;O;r;pNkNl;eG;X;1;YNF;L63;-2;6;MJuUkqPsXSPgmAWWZhCLRejrgckjmTinbDpomOayvsaCXIjN;880004288;BFhxe;2019;08;I;54239;52047;56388;15914;k;10;Xc;gC;EY;LB;sC;22;Lpg;x;90663;U;40666;oCNk;78811;2013;2003;2;9;12;01;66881;PKda;s;F;11840;kQx;vjzZAy;cVfdOA;sOJhwQ;ob;HR;Qdpvnr;True;ALsi;kkxskSANY;NlEhyJ;880785431;731;IuOcLO;iDzxdL;880004288
620025825;vmEiX;421;   ;W;e;z;U;E;l;lEVgy;dx;z;9;Oug;M8045;7;4;uWxOwTdisyHAjRnMNHTvmIzjbkazpNZMIGPbXTPhLOqB;000000000;zxJni;1990;09;p;72404;20003;72899;89314;F;5;vb;Zr;hG;qN;lL;0;Ila;E;8949;y;81068;tCVv;66120;2002;2019;3;9;10;09;25814;Tfog;f;j;76939;ofC;DXjhOZ;vsdlik;oipGHj;cR;uo;oFXFuK;True;YynG;yMbJVYASW;iMSdcA;140018755;415;KLlwmu;LzVRie;000000000
640002614;TKzkn;605;   ;G;M;Q;H;v;N;stAbX;Vv;W;1;NWS;W181;9;5;wiAFDtEaEhmAyqKczWaty;000000000;gbVtW;1994;05;L;58792;79303;85339;58391;i;17;YA;EC;UJ;Ny;vy;13;AKX;F;54933;i;6107;LWKo;38351;1979;1999;6;9;03;04;35377;HcqI;X;c;8424;mHc;ajzZcN;VASwmG;ywPISy;cv;fX;rxLvXl;False;VSZo;tZfQDCxrc;weumqQ;110002193;639;otwEYc;BDmses;000000000
560025546;DLRjx;626;   ;Z;Q;o;G;y;u;gYrTb;tI;S;9;hCN;K860;9;5;YjChlZjxVhaZnAK;000000000;nHfVo;1983;06;z;52784;13059;91900;11849;L;17;pX;ND;Xy;Wx;df;3;SGE;K;5673;D;10642;qIdO;21665;1994;2006;0;0;12;01;37681;Jdzt;o;F;25826;QDY;OVTnzn;QZkteK;LBfeXm;RO;yk;EJksTp;True;WDdq;aLVWYEAkf;rIKpJu;470010299;398;Eypiie;xrxrEh;000000000
530001130;PrpwY;760;   ;L;j;Y;Y;k;W;wfHbr;Yr;W;0;xwI;W840;0;2;wnrqjPapWzVehtLRnPOpGaKWbibuGWfuVJognfSYbKGqcCfLQsOy;000000000;TgUzo;2004;06;A;35212;58423;58056;4086;a;9;Lf;Zi;Ag;OZ;XF;27;ANB;V;49258;L;61192;OXkS;77302;2010;1965;7;7;08;04;93528;ZfIf;m;X;61083;wXq;hqqxYn;PqBVdE;qUAxFI;hD;qg;TPwuee;False;KIcZ;XHaEjhiCc;IXQwWk;590041067;423;tkdVfJ;kwVOdY;000000000
350025987;MvTom;582;   ;a;c;M;S;T;t;QJgWu;PI;k;9;lAb;J050;6;2;RD;000000000;QmiDP;1980;01;j;38000;25026;56749;86439;h;12;cP;VJ;Gd;Sd;Ci;4;Ykt;s;5890;b;8619;HxEt;56700;1987;1991;6;0;06;03;41704;Arrq;l;j;89453;RJg;BvgsEW;JXsxrE;atyBkx;xY;gZ;HjOFze;True;HGsg;XVoIgYPmk;QyRMpT;530009463;284;nYodIm;FjfuPk;000000000
600003289;czozZ;155;   ;g;r;A;r;F;D;QQBhF;qc;c;9;nCl;A549;8;2;NKhxSYpIoFxNkokqLlERywbiAbqmHnLdadBYcWWV;000000000;TVcJV;1976;03;V;8863;20659;11047;25210;A;29;Sg;Ge;fb;TA;bQ;12;EFN;l;62629;v;35738;DHfD;25128;1979;2019;0;9;09;02;44637;FCPf;F;q;49376;Lla;OSHspf;kkGSGU;WXXETB;kt;Qo;sNNYEd;True;JNpT;YMKqSAWur;yQAyDA;450004486;843;BiWvHo;pglOiv;000000000
060029394;zmoMq;121;   ;A;M;T;X;M;F;bhBDM;WV;G;0;ysP;A014;7;1;sskxOHcROrwyjmWzjXCfYkXcaoVuACZgJB;000000000;sbMCt;1997;09;J;40051;93060;45455;90026;C;4;KI;rZ;VF;Jz;EA;18;oPr;M;83136;z;49058;JWGy;42592;2016;2014;1;6;07;05;60174;qTxx;G;n;21259;eRF;OFdxyR;FBBHwD;jhSkQw;fn;DB;gSECOv;False;qApS;llUtEAEEB;jFIEug;530000637;949;oVmFbo;faMNbw;000000000
750001570;OGeLZ;550;   ;q;P;m;S;v;i;hkhUD;Rp;c;0;AqH;A23;7;9;b;440031185;prjjZ;1984;10;O;57557;62053;19333;84727;X;17;dT;Ls;wA;XS;vA;12;Gyr;B;15488;L;17418;Odvq;56683;1995;2013;9;9;06;03;17655;TvUb;K;j;64595;qeF;vvBqvc;bSCoCm;bNiGDr;Ol;aZ;vkAijn;False;AVAC;rcFSSvQui;WtboQB;750828394;184;GSaFOI;WjdTju;440031185
220018766;RjrZH;39;   ;c;p;s;S;b;l;NxYBn;vB;B;1;kCj;N484;-2;2;LLXjMIdpkDfAXiIW;000000000;SUMOq;2015;12;V;50139;58675;83459;35165;a;6;Kj;HE;sW;if;Vm;27;NHx;H;4461;k;20292;AakR;5512;2008;1984;4;6;01;09;19523;LUAY;k;Y;48043;nOu;iHzBIh;XQIria;oVXTfk;Xw;bo;GSmvXX;False;Wrgh;dCnZwofJe;auKbwg;490006905;576;HnDUMN;WparcY;000000000
720002658;qBtFX;517;   ;z;D;e;h;m;Z;poMdB;tk;s;2;qIP;T889;6;1;CTqoitfcKVumSlAGhkvYLfIzqnemidJXSMIBBReQhSQhACy;000000000;RwfUz;2013;08;u;26025;72648;1888;97424;B;13;xL;Mr;Wn;Zm;UG;19;LkC;g;33590;W;1309;fZus;52254;1962;1966;4;0;01;09;62486;PjxO;m;j;60817;nbq;iivABr;KTuulb;OboAOQ;Ix;nl;OtDZox;False;cgzO;wLroKASmR;LKcnFF;810099283;54;ICpRAN;oHZtGY;000000000
800012759;YEPre;530;   ;Q;e;y;Z;z;c;VnkhW;UE;e;9;xAX;Q202;7;3;XCOlcKncqGljzveeJMmPQdZMObmnZWBmQagSkHrUeyhhT;000000000;IFaOf;1960;03;E;50977;48555;35593;20541;A;19;gS;Yj;yT;Vq;no;28;gAW;J;67542;T;35636;MzWQ;89251;1983;1961;5;-2;03;05;4988;DmMD;Z;V;73304;WSU;WceqcA;RzreMJ;rqvDYj;oP;aS;piHwUi;False;yShS;KRtxjmSFd;kOcUYg;130011570;112;xYuQGM;HXrGik;000000000
930009295;icTTB;575;   ;b;H;u;M;c;Z;IRyEZ;KQ;b;2;YEH;X57;9;1;cMWRVtizarCxaS;160008868;BlQAQ;1969;12;r;95525;40208;77553;13697;Q;26;EG;uB;Vp;Bk;ry;11;vNU;M;22224;V;45465;WcPK;65080;1961;2002;4;8;04;12;97387;PjNt;t;d;58009;PfQ;GsBKmj;OgmSae;kxMkTU;ID;Nw;IVBBpH;False;uXsb;pOQJFjnDs;xxDEuu;160014627;724;mtBFXw;qbOqEQ;160008868
2A0000683;TLGbn;198;   ;S;F;z;s;M;C;IPQXP;Ad;z;9;ZLm;S721;0;6;pqUwMHibTeiZO;540005105;JirTj;1968;07;d;71961;13180;64988;89635;l;0;cq;nJ;PS;Ls;Pd;17;wju;r;48877;C;61667;LHzX;64530;2001;1990;6;-2;12;12;32038;krIk;x;s;35907;dub;XYwLOc;vyXhZF;jztJSj;dh;DK;oChfrg;False;NFEc;ZbdPiNzfE;LpJQpo;540006913;220;LQTLKq;aibHka;540005105
430003970;iNWIX;890;   ;V;S;M;w;S;J;apdge;lQ;j;0;Phc;S9220;0;1;wemYTIWgrkQPXdEsCkTPRFFEpVLwrAxHvtbvVvtXQlId;000000000;FtRRV;2004;04;F;27234;38297;10176;68413;y;10;vl;pg;Qe;Wj;rt;25;Ajw;t;23363;F;88475;dUQl;85973;1976;2018;0;7;10;01;54324;jbSo;o;y;18176;Iwo;TtIziE;xLBfME;TboHxX;Wq;pX;SLSgxa;True;iVlI;RNNYWkEGe;tctNQL;810008177;751;YBEEyS;LBMOwg;000000000
830023693;BMghn;646;   ;s;v;R;i;W;w;FJdnL;zg;W;2;jdM;F431;7;4;PhATGvhjNSaOwlAMawAGiVbSKzAbQ;000000000;bzXaY;1987;09;V;74316;6860;75297;22676;M;12;xb;Ua;jP;fM;cv;4;FuX;e;80303;D;12447;vdkv;27286;1960;1968;7;7;06;01;78272;YByf;k;W;90872;hPZ;xBIpga;NQfACi;TUQnch;Im;bD;UVwxjA;True;aDEH;obZOJwqtK;IaAehk;130029747;379;zQVkkB;OnGjfB;000000000
750025942;gImgg;964;   ;k;c;c;m;K;u;pqCEu;JI;C;0;dxz;X511;9;4;hwinQvRCMAmQBkTaWERlTWfpNVVfDhopIbtLrksKAlAhYo;000000000;ZoXPa;1987;12;x;42507;88466;18184;41546;t;25;bh;as;Qo;BO;Sb;7;ESK;i;43343;k;31320;shvg;76901;2012;1981;0;6;09;04;16495;cVIw;t;k;60754;wjm;eFslTk;qzqZSM;sOpkmE;uC;MQ;WyWGlg;True;JhvP;TMYLcxhvM;YwoTQc;170805725;389;nvfTqI;lOcqlp;000000000
490012457;vznxf;105;   ;I;u;p;e;T;N;FFRXF;Bt;u;0;FhZ;X504;-1;5;JcSj;000000000;txNWV;1994;04;O;99175;47865;51090;70600;v;27;Bc;PY;DS;aq;IE;22;nds;i;20203;l;51458;teiB;92585;1965;2017;4;8;05;06;72472;ZBiS;R;o;77136;YRA;GEGbmU;xglMpG;AlicZS;Ao;Su;WdIVTO;False;ZmRA;JuCBSEmUe;ajCBoJ;880002498;536;AapiqA;pORbLu;000000000
900000357;TYOrv;583;   ;a;m;G;B;a;S;Bwmzq;pJ;G;1;mqs;M0157;0;1;mVtcmTwdIapAxAfMCYrQUMlvVJIJTpTslisaiwysjJdhZDHNgWK;000000000;sRbwl;1972;01;k;15875;98147;45851;96880;T;25;QA;LC;xR;VB;bt;19;JMT;d;80384;L;8801;SrfR;85328;1992;1968;5;7;04;08;9498;fjIm;d;R;59420;pms;QzFLWH;sjBHLR;AuqhwA;tt;NQ;YjSczJ;True;mbcj;lWNknFuyY;bCevjJ;130014749;612;udeeDr;IJCeft;000000000
570028449;PsmcB;403;   ;p;W;j;r;v;E;ryJoa;PV;g;2;eJk;V300;8;2;WNxkgBmitQxEQdhNAOpwy;000000000;nKQqc;2003;03;V;33223;34829;51593;26993;i;19;hq;bI;eW;js;eJ;22;Tgt;B;65554;c;98214;BOhJ;65833;1995;1998;4;0;11;05;97998;sCfs;E;x;40399;Rkj;cvYEoc;pfZRmZ;VSxrGn;Vq;pK;UnRTRs;False;GVLl;oIWnNGGYF;fCmdxg;440054047;557;gBvnGU;fqbkWb;000000000
170805840;Jnajk;870;   ;i;a;e;M;C;V;rcMYj;zu;K;0;ukj;M4904;8;6;ulZsUOBTWhhCdKHgPpMoPuXLyffFCvsxlMCqo;000000000;NJKCZ;1996;07;B;35248;68447;17891;45391;l;22;CE;Pt;Ah;bR;ha;1;EAa;p;32567;p;56564;lRji;28944;2007;2008;0;9;10;08;44272;UpBl;U;V;30954;KQU;lJzTvM;LlmrLR;sSOcDw;FT;hX;DzYTor;True;vcFP;tPlGrNLni;qYSxbO;290031921;49;yjDUIA;qUTITk;000000000
890001985;AiJFD;586;   ;s;i;m;L;D;v;iWSzs;vX;W;9;iWA;F01310;8;6;khiOIQvpEHayQrEnYxCptaUAEsfsyecFImkjPDDtXukwVvXkpR;000000000;bGMfa;1993;01;D;20369;8638;66129;47910;a;10;St;rb;ZA;YC;hM;27;CQg;R;25391;V;13561;lvrg;19320;1980;1966;5;6;08;11;82951;hLjy;k;P;91954;SfW;ajgDuR;DqbZRg;ISbqZM;Mb;du;JpMFJG;True;nUvB;moqXlZzJB;WcMedz;060001690;13;oIQmNc;pbKmKq;000000000
300009008;kGdtn;844;   ;T;U;e;h;b;W;lNmhC;Ta;E;0;ihB;K602;8;7;rEaUmmAmQmYMScKIWTVvdqXuHRiPgMCmbwWfp;000000000;DCcyV;1992;06;o;78187;75597;52295;76596;Z;26;Co;IR;RB;WT;On;8;uYg;R;31264;e;25075;alhL;43849;2017;2003;1;9;04;01;3247;ivFG;x;f;36619;MTX;MZETAc;IPwCYL;bYHZWH;co;Jb;fVOjTD;True;BaKK;MdyRjxZiw;LVQYJf;710013111;152;MZaTzK;iUqCfV;000000000
490007762;uiQYW;245;   ;R;q;Y;v;r;j;gMHSb;MO;k;0;jQh;P002;-1;2;qMYIpRmqfamNULbHIZWDdvzpqvXpcjSBKYtDmmPOHQRFy;000000000;tBaKq;1965;05;P;89473;87975;43794;75748;h;14;jl;Cj;Yn;kt;fh;14;gZM;T;93659;p;35664;KwhL;35616;1995;2003;5;8;07;04;86404;veXN;B;c;61813;tji;kDbTEw;VkhySc;VWyLTp;nW;kY;RgdYlv;True;eZjx;oKYedowAw;vMKymA;300002011;251;BcyMSv;gozymS;000000000
940005465;cNmtQ;586;   ;O;O;i;E;e;t;ClGbu;Sy;q;9;XAS;I891;7;7;yhPrtdvfcqxEEosHbF;000000000;TdLkZ;2008;05;z;1703;36428;51077;57913;r;24;PX;mp;xH;gk;WA;2;vBS;Z;77488;J;29473;cWrZ;71442;2014;1962;7;8;07;10;36249;Zces;U;N;35416;gDw;oSjoYE;FKJnKJ;pSemsa;HQ;Ti;yioQXh;False;awmZ;NnqDHwIdA;MaMsuD;190007211;937;WQZWlA;VqmHwC;000000000
790002695;dXTeM;821;   ;z;Z;o;M;A;V;hBtZp;gj;E;9;TXq;E012;0;7;axuAqlwDfbmZvFHcElXjGimxXxKvByyyvavqyUbDp;000000000;zRMWU;1974;02;K;65175;50717;28127;95503;a;22;CW;Xv;Py;Mx;OP;14;pbM;C;84305;c;70848;UyIc;15495;1985;1962;6;0;11;08;50003;wiVX;j;c;98921;Txf;Whyfey;bPVldK;nfOhnE;Wu;es;GpgerA;False;IRUH;qqOvsTqTR;vxbBxa;870010782;734;BaSNSI;dlTrSS;000000000
370012353;zErvp;707;   ;a;D;B;n;o;K;Vxqhw;Gi;n;0;hqT;V88;-1;0;IOw;000000000;pchsT;1985;12;S;32129;3889;6448;62165;M;27;Sx;QW;NO;CD;ym;8;lde;b;75295;F;14155;RJPC;92265;1976;2001;2;-1;05;03;26792;HFQD;G;g;23653;qff;fbWndG;CPCjfN;geGUDx;DS;Wf;Nvrgjl;True;LwRg;gyTughYWI;IEwdND;670020262;68;DzFfHO;yuWEwL;000000000
690014097;VlXlD;500;   ;f;X;y;i;U;C;bLOcH;JD;x;2;YJh;Y058;0;2;zzWkKGOuAxP;000000000;vIhYn;1977;05;J;94395;27817;42167;43292;D;2;lj;gj;FU;ia;qE;18;LoO;g;28393;C;80696;taMs;21159;1969;1980;1;8;12;12;82901;xhWf;u;a;3095;hRz;MbiwUn;sJwUul;ZORyBe;oa;KJ;mtVzHy;False;guyg;XcXlVPsVm;OzjdRu;950038992;926;cHZZqi;weTWvf;000000000
130804867;zghbv;932;   ;N;D;A;C;j;Z;LoLpT;By;d;9;IZp;B691;0;2;tRQQOgsMyRkLSCjgfDDgkmMytzucrWlvwPiAWZncOguw;000000000;YFjXT;2011;01;o;75731;61989;96822;27223;V;13;CA;yX;xH;nG;xT;25;RwF;D;7056;p;58654;kzGY;58940;1980;2003;1;6;12;08;10197;LOVw;D;v;46352;kTO;XGfQFL;IYjZos;ZCaWVi;Wq;pE;dZcHFw;False;eclx;wPVkONtrt;yBOnFx;630786291;450;NJZSEa;JBwQnE;000000000
930014188;ziaOU;339;   ;I;L;W;A;B;A;swheD;Sz;I;0;nBF;M6238;9;6;FFMMfGvZzWXVlulFbDfJ;000000000;ZDWdP;1987;03;r;38537;12899;96128;95992;Z;15;ei;DX;Aj;rH;hJ;0;ogx;Z;150;S;6602;oJCg;34385;1978;1972;9;7;05;11;13672;ucxh;C;G;31905;VgT;NAbTYM;PXhhfu;RoLJMK;Mx;cs;cssFOf;False;ksot;qDfGmmSRq;vnxtSZ;970111050;536;zvapTN;fidtjY;000000000
750823403;RaTph;968;   ;D;p;S;Y;b;V;aaJlH;Fs;e;9;AcF;T174;6;7;HDXbTIbxnXAiBxgaoMuVidiqtQvLbsWWkJOnTMDYw;540014263;RWQUN;1998;05;Q;64761;49216;71289;29333;L;3;en;Pk;fU;af;jP;7;hxb;H;92899;n;63257;sygX;69488;1995;1963;0;-1;08;05;96472;mvhH;J;e;2109;hMc;LcGQtr;aIWEkB;EfXAZQ;ER;BG;yAlrdF;True;FDJt;nrQiKjBQP;hisrRa;540020849;854;YIFFhz;lBtWvv;540014263
840001895;RLdtK;581;   ;j;S;K;O;I;P;cvQJM;ND;v;9;VsN;L533;6;2;VBdxYePWGhXcyetLxVUqGfqIZGPoEVQYDyzPaqHgoUS;000000000;GJlfp;1963;12;M;61702;59665;42808;53812;t;28;nD;TX;gd;cm;NW;19;ecc;x;52663;o;28039;MlJV;74710;1968;1989;1;-2;02;04;6821;LaMW;P;F;47865;SEg;nYMsjF;SinkFW;WofBZS;BP;Ex;GGJLKC;False;ymtY;KPuqMWwIQ;aHkiyx;020012746;843;vzXSQn;KhQBwO;000000000
290009851;cstvp;972;   ;X;I;l;T;F;r;pnwHY;hj;j;2;OgF;B487;-2;2;NJrSuUEAfKKEduUGxbLdOViVDciDsnHcBHqEprsWFi;000000000;zeQNn;1978;08;Z;6137;43463;2355;10494;b;21;wd;Wq;YF;gC;Am;5;ILm;B;14709;Q;86368;cEuP;95641;1987;2010;5;0;10;01;70782;rmEc;S;q;57239;rvo;TpXXgA;kMPUTU;XRjAml;hg;Qr;cDhlyt;True;NftD;uDTcUgUkd;ZuCwIq;310001557;285;iWDUie;sDoefD;000000000
490009222;aRjIO;367;   ;W;F;Y;Y;D;r;aOQdf;Oo;Y;1;jYZ;W034;9;0;UVrZeshLSaXyGUNUSpEgyPISNYOiQKirAiPDVugyxSybBuC;000000000;UuvRk;1961;07;Q;31490;6972;72096;41175;I;14;Hw;XG;FH;WD;Im;17;SNt;A;28031;q;40572;pqui;54455;1973;1961;7;-2;02;10;18785;qJJo;l;e;57818;MIj;iOAPlw;nhEbhd;xxsDkK;Ly;Mi;IxvpHH;True;yKdF;rudBLmgEx;JZpfTD;710013566;688;XySnPF;jBnPVJ;000000000
520003674;zYpGP;475;   ;X;O;w;A;w;D;OeLkk;tY;P;2;JkR;M4004;7;6;noYYeVcDuUqpYBNckg;000000000;PAPlI;1997;09;W;76028;21157;45277;23114;k;18;WQ;eh;QZ;YV;yf;17;cns;h;60257;W;66470;zcto;61111;2010;1993;2;8;12;09;59216;hedN;B;F;67107;esi;TOjzYr;yyLSry;hpKGgJ;OA;OX;ekawlN;False;uQLx;jqDyVyZeJ;obQHMu;860003540;622;MJpREB;yqBFVR;000000000
290008747;hgQpD;764;   ;H;a;R;t;g;R;SrmSp;qX;n;0;RFG;E41;-2;9;zEqYccjBAZu;000000000;zwbvH;1961;08;f;86811;7943;71306;15656;G;15;hI;EQ;rU;fX;rX;1;anT;j;73036;G;23519;PVIl;81403;1977;1977;0;8;11;03;5501;ozLC;B;v;86839;NjO;oSppBO;ppBISZ;eLdUig;ul;Zl;qCDnLl;True;wnvB;WlaeXoBsI;JARGil;850017765;140;hUMCDt;EaQzIg;000000000
450020805;tqFbW;152;   ;W;C;J;C;s;O;MzNKG;tR;c;0;iSS;M45+6;8;9;WmjkJfFt;280008293;iOqcx;1992;05;k;71924;22426;92784;74519;V;24;lj;RF;yW;Em;UY;7;FOv;Y;2540;s;91032;mszW;65157;2008;2003;2;-1;01;06;741;fKrk;N;U;37516;KgJ;gazjLD;AXHKmX;TaHURF;TF;pT;BCagRu;False;ELCu;yQpYJXuXc;FRzxrU;450021613;774;TeJUwh;zzMNEg;280008293
130050644;rzgnU;493;   ;G;G;f;P;Z;N;zFppQ;TT;l;9;lGd;S024;8;9;DGsMvlTZpRaxKThTfOlFiBqfyBFmneykLt;000000000;JuarE;2015;11;r;30824;83732;73874;59686;i;24;oo;nE;aK;hX;gy;27;uvt;L;26173;p;32488;PZAc;43952;1988;2007;7;0;10;02;45944;CJPV;W;I;17326;zCi;JqUIwj;PDyCZm;ConCeX;EA;tD;kNvLBA;True;hkjR;JezHyieUt;VWRAhM;710976663;678;maZzBj;CwYcjq;000000000
370003246;gFPcm;760;   ;H;q;d;y;O;d;RSBcy;sN;Z;1;Lia;X912;9;5;XbkgbEQtQtyFf;000000000;fnIJp;2011;03;M;68156;41947;84857;74739;x;26;PJ;rI;iY;eW;TP;28;jRm;L;62319;t;43990;dYxy;81751;1970;1993;1;7;10;09;89092;WFwR;S;F;54669;TPy;qaOVNk;zGPTin;eowIjF;nr;Mx;SXBFkh;True;mcFi;ZdZQAQcmI;MGzAJu;850006297;878;bZNlTW;vHQpGj;000000000
050000546;dkXvV;760;   ;e;H;o;t;t;o;ovBuE;ts;b;9;uVs;T366;0;9;UGsjrjJGiUolfwuJcnDEzjeBJfkROi;000000000;wNzAC;1982;06;l;87203;67716;18179;24280;s;8;nR;cP;YV;cE;tx;24;XQa;d;78492;n;60527;RINv;98390;1980;1981;4;-1;06;10;522;mHmI;Z;H;90157;Gxu;AlyJle;AdUbgp;wVQGog;Uo;Bq;zHUWSY;False;RDDR;zWMFgcYWE;ZVhbeB;220019285;645;Ihetel;OogpDF;000000000
120008446;mUJyO;954;   ;f;u;B;f;K;p;UwFNg;dn;B;2;RfG;J691;-1;0;qZgKSeuZVZuxOSbScHBAojGAOHVQiDmRHWOa;000000000;hfilA;1994;04;z;7985;2169;39192;10915;q;29;em;sF;Ni;OK;JS;17;HAB;Q;99732;X;26245;lbIS;55738;1988;1975;0;0;12;01;88820;ybLi;b;H;3669;eTG;jNIqDe;XPDQHW;IQDdjc;bW;QH;ecQuZW;True;ekOt;LfUQuKvyD;inJKVp;540001997;484;qSTbJn;MbdXFD;000000000
350046090;AFBDs;762;   ;Y;K;M;w;k;x;mNkiq;Zb;s;2;LzT;F232;-1;6;bfjnnlozgBPCqwDkvxBdrIh;000000000;bRrXW;2004;08;e;63706;97851;58310;89673;P;15;Yi;Ls;da;RE;Cp;0;AEI;O;81723;C;65369;Ljfj;70264;2007;1975;2;9;06;09;34886;kHCv;j;p;93515;Ita;iKceeY;HcHLaJ;DgAdyb;wx;gK;jdxqnL;True;dhWy;cyPYgprma;xIGuWb;870011186;547;qlLenV;IroNHo;000000000
800019143;nJyRH;22;   ;G;i;I;q;v;m;UJsqM;xE;F;0;yzS;C681;7;9;cnZAJdnXIQPtjYpKNyfuUjkLWRhC;440027787;QQPjl;2014;01;i;44982;83306;47971;72710;J;21;Ih;oW;eH;km;NC;12;SKF;Q;23539;j;96713;fiaS;69581;2000;2009;7;7;08;04;72570;oLfW;i;D;616;BKR;XoHMwP;auieob;WcxCyY;mY;oQ;RxZsnV;False;UAsz;VrnqwjhkE;WEskYB;440038818;850;LfZPbt;dUUXGw;440027787
520001215;clBEG;818;   ;j;L;w;S;n;Z;mYTtG;Ax;K;1;IRI;S740;0;1;xrFgkkTLVVlJVyURyzOuTHiyp;000000000;noNoh;1987;07;r;61223;24090;25484;57736;F;12;XG;Pg;JR;SA;Mv;4;xFd;u;75706;h;62627;dmHL;59046;1999;2005;4;7;08;01;28080;VIkp;J;m;39693;koM;waTCCd;YxBqrg;HsWbVe;nW;Qn;WWreBM;False;LDSs;igVnTLUgp;wpppTc;590015475;337;PiAJyM;knKFbJ;000000000
290008655;sNIWq;826;   ;p;O;p;n;e;F;KgPSy;GM;f;1;yHM;W058;-1;3;duawIluSxGrnONvHWGnhlztO;000000000;nIGZl;1986;09;I;24285;39363;19693;72521;i;10;MV;Qh;yI;Cc;pz;26;TRH;u;7232;s;15317;MnDE;24879;1964;1990;9;7;05;12;41178;CNpC;y;R;26850;elM;qTBjBJ;fdZEim;vnmPXE;EW;Fw;ukzhDl;True;RhCf;ZCiEPeDVe;mxRCvD;690027495;877;nHjCCY;kixulu;000000000
750052276;Vojzj;784;   ;W;e;t;s;g;O;fZfQe;gK;a;0;esw;Z85803;7;9;QNdklxTTviZhNqePzaqMZublrvGxaPYpNHrRLx;000000000;UrUsr;2007;12;R;67613;80564;97297;74263;o;28;Bg;Uq;xH;lp;Ck;6;DTv;g;9196;t;96377;Nadx;76027;2005;2005;0;6;10;11;60758;VFGc;M;V;18955;hoN;tFvzAe;BhZSMb;pWgOrS;xD;Dp;oFjsTr;False;pYeX;GauJRxGVr;RpTHZs;480783604;79;sxZBIs;MPDsxZ;000000000
130042427;PGQuD;518;   ;p;H;N;w;g;i;efHki;Tm;u;2;neV;M621;-2;2;PToHBDkFDQVNbnQDysYScIJpYAIaOJQ;010006443;vqOME;2016;10;E;33722;13771;21448;38791;n;10;pT;kS;xl;XQ;nc;0;bSp;f;76991;z;31476;GUTh;88405;1996;1965;2;-2;11;04;76001;AiRS;A;D;25994;cqV;GlplCQ;vpSmrU;nXIBOH;yS;Oz;eBCBXk;False;wdWZ;sWhNcEian;jiwswO;010785954;178;GxNJNl;dVtuBi;010006443
010787570;TfHyg;37;   ;r;G;I;h;J;n;jyJIP;qF;W;9;FOB;S245;-1;1;DqVGQlRm;000000000;omzKp;2006;02;Z;43730;49526;60324;79192;z;14;kE;Sg;EJ;mp;Ao;28;zgv;X;94828;o;63630;APPW;51267;1990;1999;6;7;10;04;20195;ybvp;j;Q;50071;vYT;SVjMms;tsqXJP;bdhRVm;QO;SZ;vjuZCp;True;cHOG;ijsECsKmd;QDFjUc;760021865;949;htqVBT;thKobl;000000000
130023997;PLdoC;848;   ;J;R;m;x;E;x;TvzqE;TR;g;0;fmT;E509;0;2;ecZqrJPsEiEEEXpFbeTCMeWnKOjCMVxvFhJerOg;000000000;ndsNN;1989;09;u;54330;73865;91365;21014;u;6;iU;gg;vs;WV;BA;5;hgJ;f;40253;v;26279;Grjb;71061;1999;2007;7;-2;07;12;31687;RbKv;I;y;45672;KFN;RdrLqk;DytEbk;gYeSuU;Gl;fM;elYGUp;True;dMKz;EzgFogWLt;ZfaBCG;720012772;66;Rxakvt;uYjSgD;000000000
020013306;hlFos;635;   ;c;m;d;K;S;D;TDsOU;et;N;2;eel;A839;9;7;DTZSyseVytklSp;000000000;AowMj;1996;03;t;97739;95637;39045;23039;R;21;TK;Gq;Hd;To;Yn;18;dqt;H;10102;j;4154;NyCN;17636;2014;1969;0;-2;12;03;19592;tcYb;t;h;86949;VEI;FRChFQ;WwroIM;vxTaHJ;ag;XP;lydpnb;False;NqYj;yNVcMAsCa;BZjiwi;920021144;584;eIQoJk;ltPNAw;000000000
760028191;YTiLR;153;   ;P;s;G;A;H;l;zYZdA;Ij;A;1;Xwc;K918;6;3;qcRSMbEFrrIN;000000000;KjkKN;1996;05;k;79603;78116;56189;53739;h;25;ay;BU;Mv;qc;hv;8;gOh;Y;41788;d;73460;mebs;14752;1979;1984;4;6;10;01;57618;vLty;z;O;23022;OZA;VZyMcU;reLCHt;ZhyWEK;eT;Rw;ZGOwlC;True;enJc;OCmPIaShF;WOaTTE;940816721;118;GzhLSe;shgvQM;000000000
490011343;umYwX;603;   ;t;E;E;L;n;E;pOKYe;RP;J;0;XJm;Q862;6;4;XbtMWRvhFKSoLBKnOO;000000000;jjYub;2019;03;i;71899;84545;65511;26139;M;7;fw;TS;wL;Wb;QB;29;caw;V;54484;u;60100;mGXv;82429;1975;1979;7;-2;12;09;6687;RgNh;m;e;21251;UNp;qLwhUk;pYEorL;UtFeiw;XQ;Lo;wrTKYw;True;AHZR;lDNdjzaWU;MaCVKP;940009475;182;BWVMys;uxAGZw;000000000
060009610;EMyFe;114;   ;N;b;x;h;l;G;jhXuT;te;V;0;PyV;R18;8;2;ddmMUNkeOhgQSVqlbbKqmjKGegBotSMJtucueVYllf;000000000;DwDEh;1978;05;C;18145;44568;66810;97835;F;4;hL;mK;nS;cW;xD;28;knk;A;56393;m;84353;ennw;29391;1966;1983;9;6;04;03;62547;nPQg;c;e;56546;gxW;hrgmAD;FnNPqD;gAnPZS;ZB;RZ;tJFuUM;False;dnnz;vNeCcTVFU;WVfSwD;220017040;334;phGkfy;MJiwFP;000000000
450019880;KbuPr;252;   ;A;L;Q;O;p;M;AEuvI;ya;s;1;IBY;D181;-2;4;ihLJByyEuaSABIcVPCQJRWNtxuWcXfkbTgiPITBqMF;000000000;kXyNk;2015;11;N;39140;87396;82290;29934;t;11;Wz;ey;SJ;oS;RI;25;gdy;z;50866;G;53770;yrlp;82754;2007;2014;3;-2;05;10;82025;xbpz;i;l;52815;MOl;axnFxu;YCHFSd;BmqrNM;rn;Ag;rXsEOS;True;JQLM;tztwVMYoA;RlhnUM;040005860;197;PXwZNf;efOHfJ;000000000
420001042;zbtuM;790;   ;Q;b;J;K;k;T;EJVGv;TM;m;1;QWY;D121;8;3;FlzIgkdrwVkkFHXhmDUZjaEEvscHRzIaW;000000000;EtXPW;1993;04;o;18700;64076;82093;89236;V;2;ab;RL;hr;Ud;fY;22;WZa;V;65377;o;28566;HIbD;1619;2006;1974;1;9;02;05;69227;geLh;S;q;89046;YiQ;oCMFpX;XOXDXf;gOragU;pk;OZ;BCgrol;True;wHet;AyQfPYORL;ovvKnK;370008005;324;gnHiPU;UbIbBt;000000000
510010671;clska;753;   ;Y;D;E;U;Z;S;zeDkv;dA;H;1;aUn;R012;9;0;aYMnDRUIYnTTiisRgirMlvGNYckd;000000000;vIAPK;1991;03;e;72377;43987;78184;36892;c;5;To;dU;Jp;qd;EL;29;gQH;d;48506;B;68742;IxCC;96968;1963;2011;5;9;10;08;34561;IcdZ;u;E;28012;uLF;qQbsec;WvcSXn;meWflR;QB;pe;oBHAqO;False;tLTS;alzikltNJ;PbDhjd;590063004;372;WwOcvM;CEsuDp;000000000
910020726;qINKr;254;   ;z;t;f;t;a;g;eUcEK;XA;j;2;hAX;S589;9;1;fMCvAXtCVTIbpKxCISRb;000000000;xhLzX;1999;08;A;2952;94685;30241;39289;u;9;ew;Js;Bk;PX;vq;9;wSx;s;40684;R;37110;antH;4194;1964;1976;9;-1;03;08;89174;FXkN;X;z;96744;YZR;cFOgOF;DgzcjH;ySwrdG;nf;rP;hQIWiv;False;Rhot;nMNLbjpea;yUPlXf;950035014;206;LgcYmm;ePiGoo;000000000
600011977;kfNEh;355;   ;O;d;A;s;N;z;KzEDO;Qo;d;9;ybK;Q175;9;7;ZHOHCNXEp;000000000;SUVVF;2012;06;c;6376;67583;16267;26162;X;7;Ab;xu;UK;sP;DY;18;WNZ;e;96949;K;84032;YcZN;44933;1995;1973;3;6;02;05;87368;snQg;g;u;29123;woF;nZKnHu;Uqcmoc;vJGGsF;uG;Zc;PQimfy;True;wqEY;GGibYvpHO;HPFtlW;250018371;362;gSOCgq;ECxmWI;000000000
750026841;wGPjp;114;   ;U;L;d;v;w;A;xPFcz;PN;n;2;BAD;X306;9;7;iJiOOcTjYzBSNTHzWxaoGXVjIcrUjunPZDvasLndfY;000000000;aPDSu;1968;03;s;86702;70564;18974;51274;v;11;Lu;fZ;EO;Qs;GA;25;JkL;M;83078;n;21413;TjDv;99337;1994;1972;9;0;08;11;95912;RSUH;j;e;96810;StX;CPSZGX;mxhtVw;PLqwNQ;Nh;GN;GOCVZj;False;Yfns;wLNIidhFq;jbDHQJ;970402244;718;yjpLRJ;hKXvyy;000000000
670002237;Zsvfx;24;   ;f;s;I;R;z;H;ayOpb;kW;D;0;UKN;W085;-2;3;MvpkeItIioxResFfsRyAxYPGPO;000000000;zUfdI;1992;06;m;71837;62833;75360;34576;w;9;Tt;lt;nA;KV;ww;24;yyp;A;37470;d;47182;axWc;98961;1994;1992;4;-2;08;01;90863;WfLG;m;c;35232;dHW;ARkzHB;qhfoCt;GqUAgS;VT;fU;Fgsmdv;True;vScX;VZLbrupwU;blbOTH;440055846;549;AMjytd;fFiJgz;000000000
310000807;ZXeFM;307;   ;n;E;W;D;v;m;HCvKS;vD;N;0;HXu;W767;7;0;WbnaDTdDQPUBIjeUaBGzevUQGhEdEPiXjjYFbvsskG;000000000;yiyqu;1985;07;M;55791;14060;75631;78110;p;26;qn;sl;Bj;ze;tZ;8;noA;e;30430;x;56136;OxoH;28077;2014;1961;1;0;07;09;19066;mRiv;C;P;13350;tGk;jRmXvE;asCHxj;KRckmQ;LZ;Ut;qrWeeP;False;ntlB;GnhiJmOKv;HLznXm;500001508;281;nyZyFU;UxhiNo;000000000
480001965;mLtED;87;   ;G;b;S;X;b;P;Zvnzh;ID;P;9;SqB;P559;7;4;zVPLKdTTJgDLETxQvlbTHDuyFgGQfOJsFu;000000000;mLzRg;2015;02;H;71985;49835;20103;71696;A;6;HS;RE;BH;tH;Hg;15;YyF;V;16035;O;45164;ZjZM;64496;1989;2003;3;-1;04;08;90687;Fgye;g;C;11939;XrQ;DjGbiK;lBTnyv;UzGFQj;SX;bD;xBUImA;True;zVVl;TRitvtmQi;caLygn;390005866;131;bzGoBa;hvrIzh;000000000
130010028;RAYyL;925;   ;X;j;y;R;W;x;TAWEL;ax;J;1;hlN;B451;6;4;cGdUeCSfMLIrviK;000000000;nDWZZ;1961;02;E;31065;61564;34187;2102;X;18;Gx;pK;Kv;VE;VV;17;eNF;Z;80074;o;32602;dcnp;66942;1992;1987;2;8;08;12;47448;BJpx;N;D;20033;htv;jKGJLL;gxiSoZ;yVNiRh;vm;fp;NkKrLC;False;nGfd;pwDotQtgx;ZtrPgo;740005517;215;NcRwAQ;VtvBCa;000000000
060014669;VwJdf;185;   ;q;F;N;V;r;G;ReJpd;wo;U;0;EoO;L439;0;9;RfAYzJZikyIcrXpmRIXNgwQESqUOOjIOffcRws;000000000;MLXeb;1968;05;I;11267;96273;17712;14422;e;26;MA;us;TM;Wr;zk;2;KZE;A;67664;p;40506;Cgqr;33872;2010;1970;4;-2;06;09;44076;YKTr;M;Y;22629;nJO;NtzHgM;ALduLk;NDuwYI;bL;an;WSytlT;True;kSXB;TrGdsJSoW;WQLKSc;970101671;316;qGlgUG;uQpJqZ;000000000
550000483;RNMyX;815;   ;O;u;s;m;o;B;PJEvw;rs;l;2;rfh;W906;0;3;EQuZQmhaZotXEPSctDcuCgtpfYakHdIfN;000000000;xkxFK;1989;12;b;37389;90403;54569;15438;d;6;ci;bW;Bs;gG;eK;13;LjH;u;50541;j;1160;FScy;76777;1965;1975;4;8;09;08;93471;KBoU;l;i;80901;CJI;OAhLxz;dfDSMU;UxyqsH;zO;LI;cNFjAB;True;VsAJ;MKwrckVJP;GotdjX;940011984;48;tIdzuC;Hdjgwr;000000000
950024208;vYxnP;140;   ;I;X;z;Q;b;f;ykdHg;fG;u;0;BpM;M8888;6;4;SsmuAKMlIcyZKrTSjexFCkfdGbkZRene;000000000;TCzwY;1999;09;K;22132;49074;58437;6784;o;5;xo;FJ;Sb;BX;SC;22;srk;B;35281;t;10967;MSgn;58603;2012;2003;0;9;06;02;21595;gRVU;F;X;85230;Zuo;baSEwm;ZPfDXP;ogzSzs;xY;CJ;dxaYjN;False;xLGT;UWybQJFwt;HemSIq;020006243;843;cSQnrK;sECANq;000000000
130018385;oKIXc;495;   ;H;E;I;M;k;d;VTkTg;yd;J;0;ZpW;T334;0;3;ADrEYNRAJQHhHvAXVsmWeYHOuSmKJyVeyMmEBDOdls;000000000;LWJRr;2018;07;z;78996;50644;29833;88768;r;25;pk;EL;SE;av;fx;17;Yil;M;32260;l;59020;uvid;44485;1967;1998;1;6;05;11;67980;WQbq;l;q;44460;vYE;HutLMO;UZWHsy;mvIell;CA;Xo;AOyanu;True;rkAM;RZoEgIThu;wlIaSR;420012247;2;pOUfEf;agTIPa;000000000
510001100;yHsBk;791;   ;a;f;b;s;z;Y;Gwbqw;oi;r;2;asi;T212;8;3;pyyOrpeYkfYT;220012033;RGxtR;1996;01;o;60738;13249;69069;43027;I;17;lw;fw;aE;Gh;ue;25;lnM;w;49250;p;38359;QkxT;56437;1963;2005;5;-2;01;05;71314;PXmG;s;V;89789;dic;nhNeiE;BWiAsm;nRVdiz;ew;hy;HGmDUC;False;fuvB;aUBvQPhiN;idmgWJ;220013551;923;gconSP;fVtbBf;220012033
590021911;Pmxtr;49;   ;o;y;I;g;m;u;TuXSF;Vo;P;2;tGK;M1199;-2;5;UoysPTQrlxegtyTKdSqWidOhMtKtnLkBNAKMvnVNbXeDwfNju;740007729;QYssU;2013;05;V;46097;46439;65957;24549;L;22;Ur;BI;WR;Vh;Fh;25;hbD;B;95115;y;9675;dJmZ;40335;1979;1993;6;6;04;03;1918;QMTr;i;W;28466;NtI;gFNRgo;lCffti;mBdLsm;Va;UI;RlJJsE;True;NNfF;zGVXQjAJS;DJBBFO;740785498;911;cCdTit;DJyTAD;740007729
030001309;uiZkr;158;   ;p;V;F;g;H;L;ewMCH;uU;K;1;DBW;R520;9;7;cFXhptxwEaOVCpkkUrYqrWadYNGDVZIvRI;000000000;bVcoO;1974;09;y;23483;82225;64929;96214;L;27;SL;Xm;na;Su;Vr;25;oAj;i;25301;K;64090;Vthn;46970;1974;2015;3;8;07;09;83540;YogG;u;k;4756;zXL;TyoNDZ;YtnHsc;cHsWNx;ul;ZG;NENqmy;True;fKZp;WpZLsdqfI;wHzKRq;720001643;903;dtXtCw;JfdoOe;000000000
670000132;Jwewf;81;   ;Q;I;W;K;W;H;AIuoL;Bx;c;0;SGS;V419;8;1;oXyPPRnagTqBtDpZtWGEAUlhGThtHxLxoQxP;000000000;TJOLl;1985;08;j;40969;34490;75808;85410;R;29;Ny;ZV;An;DV;ok;10;oVB;j;48395;Y;47686;NZqS;89124;1982;1961;1;-1;10;07;13825;tVRU;V;J;65168;tQC;pMLTcP;NnGNhC;mmtUEA;dE;tH;cTBBmU;True;DruH;CsJDTocZZ;VyIPyJ;890004476;163;HCfiGA;KLULec;000000000
830004099;Cwwtf;333;   ;Q;K;B;F;O;d;FlrWp;zu;I;9;nvM;T314;0;7;YISEBLAmWVLAaZsiLEXuaNHVKZVcqDS;000000000;snSXf;2000;06;m;82303;98196;629;76141;Q;17;MT;AI;Xu;ls;eJ;3;YZJ;E;18680;r;97164;tfbp;36648;2009;1978;6;6;10;09;95283;TuyY;i;J;99028;wJQ;VdHdWR;SyTDxu;XhYWlZ;lE;Jq;aRqJhK;False;AFvv;ANdAPKkBs;MqRDop;220017768;979;dblFtN;ScewjU;000000000
610002255;dUQrK;170;   ;e;j;Y;A;v;g;DDoeq;xC;T;2;VLz;Q842;6;2;Uy;380021816;pkusH;1995;06;i;54526;15499;72640;69876;V;11;FF;pe;LJ;ww;qc;8;Bpw;f;67862;D;48434;dGvh;39218;2000;1977;9;9;07;03;559;pmlI;e;s;17762;Gzp;HTFbjG;HKsklC;CEWSwi;ok;uM;FeNVdv;False;bFrd;APkqQhtJh;igUAlK;750063653;210;USacuX;qyJvVd;380021816
440008308;rtFIV;972;   ;w;i;J;a;c;F;eGCLU;eV;r;0;GMq;V75;-2;6;pxTFxuYpGqYMsbLMUtPhpKAfeURoDvuHTBZz;000000000;JTAbj;1966;06;u;42501;29297;81165;50354;h;8;Cn;qU;Bh;Us;zX;9;JnS;C;95090;x;70421;owFb;12711;1982;2012;0;7;10;03;45213;jJUM;i;z;8799;Jxm;nuVDym;hQxcth;arKocP;FG;xw;fZPRZx;False;DgAt;vUylZSrhl;cZSJHz;340003540;951;LLsAxr;hMalWa;000000000
330059908;jGeUN;601;   ;m;m;l;W;L;u;XcEpR;kd;S;9;oMH;Q121;6;1;oMlCOXqGPqZbMBkxaHSHnisVx;000000000;EXhFy;1992;09;z;24264;56631;2825;26772;V;3;Pc;Xx;zx;Nf;uL;5;YOL;c;12003;R;24392;qiTX;28025;1993;1997;4;9;05;03;79766;IzDb;n;p;71449;HuU;kpgmUz;UNsDtf;jafBui;pQ;gI;RMMliG;True;JyeO;inMJAOyQP;frkSSK;910700533;24;GyQTSE;MafYYN;000000000
440006849;VEIbf;465;   ;a;K;D;f;T;o;RhIFH;tI;A;1;nCy;K861+0;8;9;KQlRhaCtBkwgLjeWluxsfgQ;000000000;IxCJu;1990;05;O;66049;6654;32952;69378;A;9;Fy;cM;cT;GU;DY;5;YNv;h;56341;y;43773;lgxn;57608;2003;2019;5;9;05;09;50572;oMOD;s;Z;48220;PIX;pXqEkk;zMLJvq;bKsghd;ob;eb;uNCiZp;True;bLOe;XJXAQXtCX;qabHvY;670797547;702;PLdODy;zRdIfF;000000000
970111787;smjIi;19;   ;r;d;Y;k;W;E;SHrvB;fU;c;0;PFi;M6105;7;9;WXinMVDnyVtXKAqrSMROFZuQBLgiSyHsNOJXclgnWytqdEruWumG;000000000;vthFO;1972;12;k;16967;25669;23607;52104;i;11;Dg;SV;mq;qo;CD;26;dsQ;I;24708;r;9245;qREw;69943;1988;1997;2;8;07;08;95066;LEzD;z;l;92113;yKz;degEtN;TDehia;NRHJUi;Lu;qs;LPsxWB;False;acIy;LHisEUqXO;PsCgRF;130004237;311;KmNKxQ;ejulUr;000000000
840015085;WVrky;761;   ;P;L;g;q;i;N;BahTc;bN;K;1;QWx;O662;9;4;HshpekXwgJupktbcJecvuBgWWnmshKDVNYjAKvXaITxfPTF;000000000;LsEhq;1991;09;V;73613;49750;99680;8641;G;28;hN;PN;Tx;ec;XZ;22;ebs;l;14714;Y;49699;rWXD;44797;1995;1970;1;0;10;12;15825;Kmge;x;j;44759;wKQ;JGJpgd;zQoIdP;gzHfpA;uo;fx;LZlqIH;True;EvMn;MKFrmJKoA;peFraL;620019075;82;RrJgKZ;AFbRAg;000000000
180009185;CmknK;206;   ;C;d;t;f;U;S;bqRye;br;C;0;NNp;I260;-2;9;JYcuUNRYBXAZpXqHjfEmlyvgBmEmQOOVongnxFXs;000000000;CJXDx;1980;09;p;49137;54099;24129;53959;J;2;Nz;ll;EP;jR;Rv;17;jXt;q;23443;P;9608;ZzCs;40836;1966;1973;9;7;04;07;78416;ksEI;C;C;64606;xDr;WwRlwy;SLUCyj;PjGWMy;BQ;Hh;vjSPED;False;QfJV;MxJlhMygR;uDkyje;590004982;719;zeiEfU;KiQmrb;000000000
310014121;IktSB;307;   ;K;N;u;G;a;U;ENGHK;TE;I;0;AhU;E877;9;0;pPeNMbjNYuwWEpYlxXbtQphaXsWn;000000000;oJSKR;1994;12;l;69650;56384;98278;54203;f;22;cj;jD;Lj;kv;WK;7;jyG;D;93504;U;36043;Zooi;97806;2017;1991;1;6;06;01;54022;yLiw;U;M;79016;Kqy;fIKEiO;LHFlFE;IzqmZl;Od;UA;CVrach;False;CgNm;WsSUYOnZr;IGCtjd;590039178;274;SXuPiW;hvgOhU;000000000
970101267;WwyCB;429;   ;c;n;G;s;w;h;SUOJb;NQ;y;1;rIv;X286;0;2;QVWlkNLcTMKEpVvpMMhXLdJrvClNntrXtxZrAOujYRAX;110789484;zCzXc;1981;11;T;71816;78437;9348;76698;Y;27;gm;fU;Ot;uQ;il;24;NVT;w;57783;X;60746;jvge;25223;1981;1968;6;7;09;04;49527;oGuZ;n;v;76937;IgX;gMEfVi;oDWhbk;BzeZwq;wQ;Fl;weGOFq;False;xVgW;sVLfzyWdo;BhXGwQ;750061491;497;nqhJqP;nsXnTy;110789484
510021454;qAEpn;831;   ;e;E;z;w;H;Q;QGZRc;Ef;Y;2;kYw;K715;0;7;kAtuMCjnzvBIRASyQeJhih;000000000;aqxyI;1966;07;V;79389;71147;42446;76336;Q;12;jd;yY;nW;MU;sT;21;GHL;x;15878;j;8258;nSsh;87679;1975;2000;9;7;11;08;37496;eSmk;J;n;46840;aFQ;aXFUDz;VrNukB;wEiowb;QL;vc;pANwxv;True;qEuG;KlQQoQvJz;hgjXhB;380017152;39;ATNWhu;FXfmPz;000000000
380791848;yrTIS;123;   ;f;T;x;d;b;x;DIhtF;Bo;c;2;fMU;M990;0;5;sKYbTzjZzKHGXlAA;000000000;cZGUc;1982;05;i;36793;59156;65031;84342;q;26;kR;Uv;or;gX;WM;10;Edj;n;22106;r;46005;ACYJ;36961;2008;2002;9;8;10;07;66741;rxDG;x;y;93242;Iet;zWSpEK;xGBEnR;xMyCDj;cA;dm;qKdKCM;True;pkJj;zglHemoSw;ltWjBX;2B0005995;100;zNqIUv;xwmwMx;000000000
710004169;LmtsG;741;   ;X;O;S;g;x;l;jjXLH;WN;P;0;yuH;M4109;7;3;GJsRAdjapJwziooVtJPKCTBjazPERPDCfSmoOUs;000000000;QKJUx;2002;02;T;90544;57742;7956;15278;n;25;zT;Hd;aW;AJ;Ig;2;EKf;y;84936;T;4376;MZOL;3327;2000;2017;7;7;01;10;85200;iuBc;J;Q;50534;OQt;OuxCwO;WSVSVe;GbNKlv;Tw;ij;zBrcbJ;True;lDeV;dOwAlPZJX;Ilyexy;380002584;600;urgrgH;bzFouE;000000000
440054427;lNLJp;610;   ;Z;K;e;q;l;W;fooib;cB;m;0;iqY;D685;-1;6;ThYAwBjsLdQrkvvgDUQcwsblA;000000000;lqjIJ;2019;01;x;62297;25162;45665;75616;K;2;mj;wx;oY;BB;OZ;6;kyW;h;15696;j;35010;FgbF;92869;2009;2006;2;-2;12;09;46104;BThh;G;g;65270;YEv;PzSYWW;vZEfYK;TzjcLZ;LM;dE;VPoQlA;False;pftF;dzzoYgYZn;rnQHEg;130024714;129;WuozRD;kolbhR;000000000
780808929;ClwZs;379;   ;x;P;X;V;C;Y;BFLaQ;ox;R;0;JDK;M510;-2;5;OVESilWZQBQuoEpSaXcHngCEELdyQAknbqoKMDOtj;000000000;vcmPx;1967;06;w;62129;76773;20361;22069;s;24;vw;aW;hL;pB;rp;25;phc;Q;4650;d;62265;Xndc;31727;2003;1977;7;0;07;02;89093;hDos;S;l;94539;vyw;VbCEIh;prRfhk;GtxOGR;vH;Ee;FkdoZY;False;Wvcp;pjuhLKAFG;CgRQHq;880002480;6;jVkqlM;knSNVD;000000000
670012327;fLlCs;911;   ;w;z;W;e;w;i;FsORs;Up;Q;0;qyQ;O669;9;3;NOTAgyEpTsyRzfxSfbzLOgLvVMZOELvNjjmIzXGvPpPKJZym;000000000;FGJgr;2015;09;L;28689;28694;2952;23273;x;18;lB;pc;Bx;me;Pm;29;EKs;D;4572;G;47141;wPEd;8401;1966;1985;3;6;08;04;29200;UPPG;M;J;72094;WUf;zxNyUc;vEVkCw;pqqevT;fO;JS;dziGye;True;VMkV;lSoiHwiTF;QRdvxD;440020972;793;NYSInC;phdUff;000000000
150002954;ZGVvP;945;   ;S;T;Q;U;D;F;Rpjtq;fn;J;0;eun;N500;9;9;qSNRsclqxqQPKGFmOKnTdscLPlafdUCHuoEeLSLkyvywigG;000000000;HKVYl;1977;03;f;9079;57376;1326;79099;j;7;nB;iN;RM;Aj;lu;7;VMH;n;73403;v;99661;iVMI;19473;2012;1983;1;0;10;08;56336;AAcn;Q;R;78204;RUR;daayDX;GtBOGN;VMsfTe;dx;VJ;PRpfjO;False;hbaa;ckpgnjyhx;LmAHlY;790001333;715;MHJlVH;gXbCWK;000000000
690010046;sfAqW;100;   ;g;b;v;o;U;B;tmEPv;qp;S;9;kLm;E502;7;9;DcmFKINfhclZiztdccDIIYa;000000000;npdba;2014;07;i;50899;32781;42937;37800;K;13;Ay;KW;vD;gm;FR;28;MUm;y;23775;R;478;sJCy;72386;2006;1978;3;-1;01;02;11921;vBQr;C;m;42761;YWM;EFXDVf;cOrzPu;UFPQvD;gr;Hk;KcpFmv;True;HxSx;SjMKSNPsa;bJkigN;940015233;640;wZtSoe;jsRJbu;000000000
060001179;bYrbR;506;   ;i;J;u;w;A;o;izqYd;oo;A;0;ZVY;N071;6;1;eJyUJeMHijozoPwCrrDBjodekcxeyjZsqaJEQya;390784726;KPpKR;1996;08;z;28015;14969;61430;57449;I;9;vu;Fb;Ll;rC;FB;19;MPY;f;5838;L;76342;hYYF;62740;2011;1992;7;0;01;09;19985;UoaP;z;d;51680;bRC;szMIcK;HUzrpp;BObKjX;dR;rV;kObtWH;False;pYey;FmzBWYaZK;CuDidJ;750720633;741;bzYmPM;nYwgZk;390784726
610007593;HLrZM;922;   ;m;O;J;d;v;X;hfmIQ;Nr;Z;0;lZy;Z934;-2;2;oxRNrqXAAglIXLacgBYVNlzayhYbjxGjRnICwL;000000000;OsfNB;1997;05;k;76193;9452;63975;46691;I;21;ve;BW;Xi;sM;Eo;18;Qug;D;46964;v;22220;BnrY;92529;2005;2012;7;7;11;07;19949;JEWN;e;g;28778;eFD;pEtHNe;itQSsG;oRrHLX;Ji;cP;ZwbBLV;True;jivi;qUQMuVBdk;yyRACP;160001525;620;rfGWDy;DPAWZE;000000000
340013556;SOgPF;991;   ;y;y;r;i;o;t;SirXL;bV;N;0;pIR;M4921;-1;5;SWqEk;970301958;oUTeC;2015;10;P;21683;72192;52398;19908;W;29;Zh;bL;iw;uL;PK;3;Wcp;w;85314;c;4253;GYiW;63188;2006;1964;2;-2;09;05;84069;DzLH;b;K;40598;TTp;kepXso;ChGtWx;EAsOsd;JU;UK;pcYYVy;True;bTny;DuFtvBeck;pLjHor;970302220;828;vqViwO;cTpUIH;970301958
950005793;HnsED;807;   ;t;m;Z;J;R;C;xBlpE;lc;F;1;iFX;I342;6;1;iFurNjvUcgSZFxvcCcbLQoEvDR;000000000;UZEmh;2005;04;N;22033;17518;82694;45283;f;14;AZ;jT;gR;Fv;ew;5;Aps;A;29693;X;87842;fpqn;67287;1987;2011;2;-2;02;12;97345;sFpr;W;e;76011;iCO;uXbSqU;rMccXj;MlCYOD;TL;oC;IDPeWE;True;puNw;TuXvPHXCC;yWUkGy;770815157;397;DlhjXN;vZGybH;000000000
920005857;VSgQW;462;   ;Y;R;p;j;K;O;mQtHB;jb;h;9;oBU;L97;9;7;EDnVcvAkGEiJlMwufBdqARgNTPWruSb;000000000;AiHrs;2005;08;Y;48372;78744;95349;91408;d;15;Bj;Ez;WN;vO;zS;19;iuI;x;60363;p;30524;eNfc;47015;1990;2004;9;-1;06;03;43312;yzca;O;L;79045;rDD;QddSnp;TwQWqF;LVZyoT;ID;ht;FBPznH;True;TGpv;XclyWgcIi;eSzkJs;950019711;213;dJZtxb;JJyphW;000000000
420003501;PByra;268;   ;s;a;W;J;s;g;OFKbN;va;Q;2;pIS;E048;8;6;lbjfjpKTbWYJaCpdElwaJQIYzyrAuVlx;000000000;aBYwG;1964;11;u;55272;76928;75936;19424;S;11;wT;KL;tF;Zt;yo;10;CLR;Z;4236;o;86337;oWQl;30736;1988;2016;3;-2;10;04;19344;aytT;U;e;70234;kCK;hTIsbA;tzuIgt;StHOFg;zm;HY;lbnyyq;True;PIdy;gLuFxIpqf;qYtOCS;660008095;597;AniCep;pSRhjW;000000000
420013591;srnGQ;339;   ;K;z;V;t;J;T;khefi;te;k;0;cCU;M1991;6;7;UDHCePAkvzDLHCRfaYgBUKFrKsHHHCtplI;000000000;RzXHW;2006;07;k;80732;6704;87055;85631;i;29;Jx;mF;nq;TW;HN;19;GZw;Y;76209;E;14942;hzlf;40479;2015;1983;2;9;05;05;13573;oLmG;g;M;34337;UkO;aqaSeS;TwAkQt;QpVPIY;XL;Ei;ICoOAT;True;sfDe;wckwaNUqP;kJLVTv;710000910;422;vfmaTc;VCfqMc;000000000
170025589;YXLNF;481;   ;Q;Q;E;v;x;M;fmwom;vO;t;9;UxY;Q046;8;4;KtOaREJfJQIjaZpciPsTuilVcVlqUmqQWjArMNePxgqqLckYdC;000000000;ZPmVV;1981;02;j;39537;78477;20261;65170;w;14;MN;qb;hX;gm;yt;24;HJy;Q;2286;R;83936;rjsM;6531;1972;1987;0;-1;12;03;23738;qngx;h;l;49050;yik;TsPsxR;JBCPde;yLNjbf;bj;xQ;sZABqp;False;eefK;kUlhshtIk;heLoQW;660003393;845;MOisEz;gNLlpd;000000000
380798074;gILUE;858;   ;B;m;A;d;p;b;YXCdX;Vy;T;1;zgd;A222;-2;6;lWUsHCmW;000000000;UQouz;1992;01;b;75316;80416;37543;65638;M;17;vd;xN;aA;iN;lB;5;ZdK;p;91237;b;47260;GDNe;33456;1995;1971;2;9;10;11;35082;ODtj;w;C;30792;rmD;cRAnZB;MQeRiF;PAdNTU;Yg;vr;HIZSkw;True;cpyb;LlnWIqOqf;dEZFjT;430003731;582;tEytWW;yONWwn;000000000
420001356;tBKkK;252;   ;a;n;K;z;k;r;CXyFl;gC;U;9;nQF;M8160;7;6;ZBkTEEKuiAsrSfOGnJRiNUXbwoRhPg;350029708;FTduI;1969;02;v;84124;30118;17562;10144;H;18;cA;rt;CI;Mi;ww;26;CJG;v;4651;n;44950;ojhL;20164;1972;2010;2;8;01;09;32526;edXq;h;P;28517;mfX;bIDXLW;mpVBQr;MMJsNm;hI;If;VBJQwT;False;HauI;QCmuQWXiF;JTDCPI;350038923;560;sImcLl;mLWins;350029708
720000660;alrOg;881;   ;g;i;f;l;K;s;vFTUd;lN;M;9;OFC;V280;-1;4;zRmd;000000000;GEcgO;2006;09;S;43077;37754;21021;43556;Y;27;Ka;NT;Ij;GB;IS;24;gzQ;i;51876;T;60236;COHw;87066;2005;1965;0;9;12;05;72683;NUUh;z;G;37475;Qad;wRrrwI;JBENMD;zIsFWz;jb;Xw;AlGYoV;True;XNtc;SOdTkpTqp;mBkADV;640794608;254;mhHJuf;DcHmsD;000000000
850016924;kMbIR;390;   ;a;s;D;P;g;I;okJAW;Tg;h;0;jBS;D390;-2;2;sMbGrk;000000000;aMcDs;2014;09;J;78214;98502;35554;734;q;0;Ft;fz;Vo;lq;fI;27;OKM;D;98494;N;63728;JBJl;95005;1982;1982;6;6;05;12;67411;AuDy;k;N;31160;ldU;NlHCty;OLbiJc;uGsEGR;hl;Bq;lnufwn;False;ewfk;uNTcUPmnf;LIAPRN;670019033;156;BEqzNk;VFlzNt;000000000
770010239;dUaRz;625;   ;D;G;v;h;A;R;aYsia;NM;J;1;yrf;V611;-2;0;GhVQaNwVMWqxVnNVWbBwsDXiJHwRRfMCVGpGjfTDkKZY;000000000;IwyZU;1961;09;D;94314;27011;14665;98993;m;26;fz;jC;Cl;sA;Vd;5;WlV;L;89521;O;67015;bZPo;26203;1979;1978;4;-2;07;02;4867;gdOx;P;Q;75723;OEs;cGhWbz;GNwhsS;McvgfL;Zs;MY;chnmQt;False;Vxjn;VJcVljmrE;RWnqsm;970201448;60;CNCibU;TklRhM;000000000
870018744;pAQgY;51;   ;W;G;D;K;l;h;TLXmI;PK;C;9;cod;R465;6;9;jMuWkNNXOd;140006370;PUjQQ;1993;01;t;18020;35206;93516;14274;h;25;WX;ZY;zw;IC;Jk;17;eFl;o;51886;Z;14325;sKPB;65239;1985;1980;0;6;04;01;34119;RnDr;s;I;58550;KUD;OBumoh;whvzMi;YvdyuK;TN;pA;XVTELv;False;eOLx;NhuSOzeuh;tumFig;140029851;437;fJwOKR;rKfyrs;140006370
700002405;cFyPg;335;   ;k;d;H;s;p;f;IwdqV;Ng;H;9;gtE;Y232;0;6;MiXvfSdWAfeqLDJIVYQHRMiCVDVcxnSzYnaIXqEpRpumOC;140010281;uuoGN;1961;10;N;13597;16081;81093;27712;S;12;nS;jy;yc;UD;qr;1;XbU;C;97436;P;4572;ezDU;60149;1997;1978;9;-1;12;10;50768;MtxO;T;I;13153;tOH;WmZxia;NxiGCN;icMdZe;IX;Gg;RxFRxo;False;kaNv;ZhKhLSjwo;lymoES;140014580;935;RCYKLA;swQkMR;140010281
590022992;Ehhbh;58;   ;O;z;e;s;O;M;yaAOr;xd;J;1;QKy;D292;7;7;kfvBZwCqOVlAgsUnktAAuKke;940000144;jRMzb;1991;11;R;86261;22661;53248;38549;s;3;dT;iV;qc;tP;rD;19;Udk;h;49162;c;39880;ECBk;48040;1981;1965;2;-2;05;09;65992;ATEW;R;R;89596;NLB;ZSSfhn;TRTrsq;lXSeyv;PV;DY;feAhgx;True;qGaF;RSbJLmlCZ;pYNGYP;940806722;21;BLVwpi;wjoqOu;940000144
640018602;jiTtH;799;   ;i;C;U;S;K;Q;PHnwx;SC;H;9;ezG;I089;7;3;WcjnkJPQaIojpaGPcxAgcPsHitVr;000000000;YcEpl;1979;08;j;62840;92866;49650;65738;Z;15;hO;OA;jI;zP;wo;12;fvq;b;62596;E;40623;vJcP;82200;1983;2015;9;9;11;09;92519;eXDD;I;q;12105;kAs;QkGkje;nXAcVO;wljvYQ;st;Yg;vQLJRy;False;nUPx;JCOTjFFHf;pUrlnc;780003992;77;gqWeiQ;VQxmmL;000000000
790001523;YWVLP;742;   ;z;t;i;m;D;B;HACIn;FS;V;9;vnF;M4115;8;3;NgJVdmxSFREMoNTIPDPRCzNEVXcIEqrWpbL;000000000;uXkvH;2004;10;B;53651;70331;39118;55636;D;24;po;FE;yA;FO;gp;12;deQ;D;84874;O;46931;TmKy;97065;1988;2017;1;-1;12;11;67549;gIdh;s;o;16873;oFD;vYDzWI;NbOcKF;CrzTUo;wl;gS;RUdivt;False;vkjv;WFRUjBkQk;wAcCjH;540015971;185;YIQjUn;AzmgxU;000000000
340003441;Mjgtz;528;   ;d;K;o;o;n;p;hNPEH;ah;K;1;eTA;S23;0;7;tCc;000000000;UAsoH;1988;10;z;53649;11738;18670;81648;h;11;Ie;sX;eS;zd;Qc;21;gyq;m;79299;a;69276;yyDQ;3760;1980;1990;5;0;08;12;86670;UJtU;V;T;95400;knj;FGGzMD;wCFKkj;YNfzCS;pT;qV;GcBCGK;True;tXhD;JhtyxNBxu;fVLzOQ;440044303;224;IFrfNE;pcWnBD;000000000
760804369;ErCGb;842;   ;h;Q;I;m;P;e;mwETA;jw;p;2;Ifb;M8286;-2;2;XLBfm;000000000;uCeqx;1971;01;T;75568;2371;96537;97465;E;17;rS;hb;Fl;zh;Hf;6;HCH;I;85620;r;56054;VLyV;76860;1979;1964;6;0;08;07;67095;AAEb;G;Q;14312;nug;jbuwXs;vgLube;DdILPt;eI;tI;jNbDHy;False;rUKn;weKVQwuBd;fZInZz;270001258;387;BZmdjD;qosznW;000000000
920030004;tBOxr;876;   ;J;n;z;d;J;X;qqPzO;YW;F;0;YDS;M6205;0;7;TbGLFAILErtnwFGdbBRwCQAGokFkePcwXGN;000000000;HOhky;1974;03;l;18096;17481;89772;24957;I;28;ee;Vl;uD;kX;pH;28;zrB;p;9925;h;53787;aKQw;91525;1976;2002;7;6;03;01;45018;ZgnY;o;D;31791;gew;CKlaGe;LmlBEB;IlNOUu;oR;nN;YTOqet;True;CBYD;vQvCzncdQ;PEBEbJ;670000819;365;EXHdfr;ZHXljO;000000000
110788023;LnlUm;424;   ;j;R;l;W;x;h;hhztZ;Li;r;1;sja;Z835;6;0;WzZPbjbhwwk;000000000;SWWIK;2004;04;A;56453;23081;24104;31811;q;15;AQ;MC;km;lE;Wo;25;ZFk;S;73265;u;36145;wOqm;3192;1987;1960;9;-2;03;09;96138;WHTS;E;A;28331;VkA;DgZVQK;YbeaDu;cBHjXT;ZV;DR;xKohoz;True;JCwr;ZLDhYnwgF;DYvtPC;250016508;823;YDfHup;zdmDrg;000000000
100009257;CmfxJ;984;   ;n;r;h;X;a;h;gnhAN;si;x;9;nCJ;M4208;9;2;sdLnmUBgiLLKjWJnePBrUjqDQnVYVTDvLyqHbAcn;000000000;Katpx;2015;05;n;45990;57134;23615;42861;F;19;wF;Ry;Nr;yK;ym;29;nYS;C;68761;K;44720;XKbl;18127;1978;1978;3;6;05;08;81928;ZfTl;g;Q;99769;btt;FOiPLR;fXORvZ;AmTNbE;vL;Zo;SMSzqe;True;PytG;roNCYpwtn;ZXveGl;590012589;987;QhnLZd;yVKuuU;000000000
060002375;eBbAt;625;   ;T;C;h;E;E;s;jneCz;ED;t;0;Twv;I44;6;1;PhkMdZzSyoplBWdmZyypvKkHUFjpU;000000000;eRcHH;2007;04;G;71536;73234;74960;3816;B;24;Wa;Cz;XU;hq;Za;1;xFe;g;38805;y;38929;FZpe;77718;1966;1960;5;8;06;01;36583;wZBs;T;A;20761;kjn;ybjUqf;JXPBBO;Pojtks;Tq;VR;thqHLG;False;ObPD;oUEYCYSID;ymppJI;740012737;406;YuYpmC;bGTbTh;000000000
640011383;kzvaO;958;   ;t;B;H;n;P;y;mWEIs;Ko;Y;2;jRc;Z08;9;2;UqCasAHzaigyVQgBrQaBzlPTOkTQpEllcaBSBRoIaALv;000000000;CEXPC;1998;05;b;89683;90144;1275;79168;c;6;Jy;ix;Lm;KD;TC;5;SqL;s;11715;S;55147;XLjh;62610;1996;1973;2;0;09;06;68109;jOOD;f;C;31904;jYv;vrvkdb;JIYTan;vGftce;Zi;NG;xNQxxB;True;UQQP;QTTklcnwt;voeDfB;920032604;51;VsqxCY;NoAEFr;000000000
100004431;UwnLJ;297;   ;Y;U;y;F;I;G;OQCtx;vp;B;2;yFN;V649;8;7;OkhwVUnlqg;000000000;xQuHB;1985;05;U;3446;14754;11356;99533;S;9;Jv;sh;dX;xB;pf;4;fsY;m;34969;y;61815;enMZ;35182;1964;1966;7;8;02;01;52041;isrz;d;H;15767;FvS;qZTmse;DWXKzS;QgHvPx;Md;HO;ytCBpG;True;XQDw;OOxoqDApX;aDeJXY;010012177;182;wMmBqg;wBcCPu;000000000
550002802;RApkp;787;   ;E;H;N;A;M;v;PGiCa;QP;Z;9;zEt;A482;-1;9;zvtGUToHXnjRZZaxSqXEDhkrPbvsKhbgGKzJsimQccEE;000000000;PxbjF;2019;09;G;37885;8287;46531;83212;p;22;Cm;MO;zV;kb;gC;14;sCM;K;19050;k;91124;rlkc;87984;2009;1962;4;-1;09;01;44161;rAJj;I;z;36222;ASE;tgukIq;vluqZq;MFhWva;Nd;ia;QERUUw;False;LJPq;kxSSerJPD;nphYgp;130010234;727;FyrTpo;vXzoSt;000000000
460006794;nsZqN;904;   ;L;j;z;z;C;C;HavdJ;NB;D;1;elK;Y322;-1;7;KxdNKSqKNGFFxAtpIsgif;000000000;hzrZA;1983;03;o;34903;76265;92769;32761;z;28;tr;Xb;kZ;mF;Hk;29;pmb;a;72216;z;55765;NbmN;1607;1984;1992;0;7;09;09;56818;FRJx;r;c;60078;Nyg;pyWOFu;jUtDPO;nlwmJh;RL;tI;ksmkSw;False;wRmA;tOWPwcaPb;yodtXt;590011631;532;FyDJrn;iBmLAz;000000000
570027664;muipZ;323;   ;W;F;l;s;c;g;lTYaT;IA;z;1;InO;F0204;-2;1;tJVckcdVxuwbrpqpsNZehWZaqNmwCIyJBQcBpILYemWOfsSBJH;250010725;DwVKW;1966;04;L;8267;12420;58087;67838;O;5;Bg;cD;fV;BZ;wR;21;mNs;I;45635;w;36918;OfHd;90314;2008;1961;3;-2;06;03;24375;zXUc;V;Q;49649;Qxr;IZUbXB;odyfEB;KxYjCS;Bm;iq;sRfCKo;True;BkFI;pXELiqUaU;SaJOXv;670794585;928;TEjRlC;IYJGES;250010725
800001505;MkHmz;979;   ;V;V;U;M;V;z;brXth;Hu;I;0;iIt;Q238;8;3;ECsxLgkIpMzpWEJfJvMVeSul;000000000;NkzQY;1993;05;j;44173;10785;26060;70612;G;3;MM;kF;qk;DS;Nw;15;djW;n;95533;I;21301;alqa;34575;1960;1969;9;8;10;12;35644;hucM;U;S;16266;YkX;liloDD;PbWaEA;ayeZDn;zb;Ac;zXFIeI;True;sZpW;zCqvErqWi;tmCjHJ;710012626;854;lZtwmz;YNjgdZ;000000000
260001342;LyrxY;981;   ;e;l;G;U;F;I;eZLQi;xX;k;1;MvW;P131;-1;6;oLkiPuJMqqnigFXIgEQxMousuWiyEwaRYRNWJgEEB;000000000;pWqZr;1999;04;O;87817;22719;28210;32704;W;29;El;ku;jj;uj;AZ;27;hfj;L;24531;o;23399;UqMs;99267;2001;1970;6;7;08;09;55308;vpBi;S;T;62059;cme;OxTbxt;mtfOPG;nzkaHE;zi;KC;ZiczZr;True;gcdA;EchfTyxqY;HDLtKj;830000071;816;jcwuWz;RdMvYT;000000000
690007240;Swgcj;515;   ;k;H;Y;z;q;g;VRWvj;Wo;s;1;ULU;C767;0;2;sCukCztUEBXuOtPBxlqpvdxJjoXBxCilrnrUmRAXjWauSLUD;000000000;pkBaq;1964;08;L;28426;81326;30747;43401;s;7;tL;QN;pW;AQ;jh;0;Aem;y;90442;a;55289;AnnP;85433;1978;1966;4;9;03;07;28163;mxap;l;l;166;Oxs;QtfEhx;LHplWC;VlsWUI;FG;bu;NmkMUx;False;coCq;JSqtKJHBY;oFyVAR;590056883;455;grEHYF;kiNfzc;000000000
930011630;FJtnD;301;   ;m;o;H;P;X;B;DedvM;qn;C;1;Xmj;M6008;-2;3;iBImIkJwNE;000000000;xfJCn;2000;04;S;79791;4914;16375;75090;k;11;Pa;YS;Lc;Eb;rk;4;ZZM;v;30627;W;41359;KECH;93972;1965;2013;9;7;07;06;79845;yUMI;h;T;46171;DDj;rvrhSh;uTpYEi;YVVmUz;pW;KN;kkbnzf;True;SMeD;JJYspPxPK;fFqScB;210008264;432;mCBTmV;mLuSOq;000000000
290036664;uXfms;933;   ;L;T;q;Z;X;t;fhHrL;yF;L;1;ndr;M6192;-2;1;wzSsXwBthxHrlQQfRrsOlXyXVdHyqRZrxXUtOplO;000000000;lxCoF;1981;11;x;91690;70549;13443;88277;l;28;Tl;KM;Qt;qR;qk;4;Rni;e;61571;c;84819;rMyU;14826;1961;2008;0;6;03;02;91552;xNzS;N;K;52754;fUv;Qxxbof;HKwiDM;zEILES;Yj;bY;BzTHlt;False;lBsm;lUXGTzCDp;LFrzIl;890000789;491;qctpmm;EJjbpj;000000000
420004368;tfpRj;696;   ;a;D;q;G;R;i;hpNSN;jE;V;1;UIA;X841;7;6;OzqFRmSMfQRhWdIpdZYXVhFJDlcrrbUlQVd;000000000;MDtDa;1974;08;Y;54638;82585;75150;36720;M;10;oC;jK;xE;Wb;IQ;22;bAX;u;39137;y;27391;gTGg;7412;1981;1981;5;9;09;08;90388;nfUM;b;j;8572;Jip;SQLdRM;tXzFlF;DcOGfZ;NG;QS;ibDNXF;False;HpOg;cLPlSHMpM;ISjJgQ;770014116;781;ytJAHT;IUuQGx;000000000
950039743;uApSW;711;   ;O;V;o;c;u;S;XwXnv;Su;M;0;JoS;X94;6;2;FjxiVrZXBZfTkWvTKEQyPdsIa;000000000;gJGme;1965;04;q;79634;42223;13759;9050;H;1;qp;RC;Ad;pM;oy;28;dGD;B;72842;h;79022;aCOl;69955;1962;2008;5;9;09;12;66951;xvAn;T;Y;46940;EOP;KnCKzf;hLOikm;PUrZFf;sm;Wv;ZELewJ;True;SZGw;hIyyTJpKT;XAyXdQ;640005146;856;bDwYSt;nEgoZT;000000000
660001975;kPmBo;7;   ;h;M;N;H;Y;X;zComG;kE;S;2;LAS;T872;-1;5;GWJkBYXLNoXAEQzyXsbXCL;590039608;wOHFI;2006;07;Y;97016;2489;13429;7330;o;1;zA;hN;jl;cC;Mh;17;bXv;J;44913;s;18953;HaHF;93357;1986;1970;9;6;06;03;77767;rRcC;U;C;80255;siU;krfPeM;gTvrPj;LOAvVm;vp;YM;uYvNMm;True;ASMU;PmFITnUJk;rnNaXV;590804597;929;kpBYfZ;QhAcDv;590039608
750813651;weirT;793;   ;Y;c;r;F;K;D;MmIwE;uo;X;0;SDz;M4352;-2;5;tWubprYygqbGc;000000000;GdnvO;1969;04;O;85187;2338;70291;12676;Y;10;aZ;Ah;vj;cb;HB;19;vPW;o;80689;J;67412;eYvr;57905;1965;1982;9;-2;08;02;1790;ZWOX;F;l;60337;SSW;aaDEnn;DzeASg;JIaJBU;an;AN;kJYqhU;False;HPTM;dIHOGbJRi;bgqwri;160001061;321;MlcKiN;qqYDRI;000000000
590004529;zzghd;411;   ;t;h;o;m;u;G;OeCbG;nf;m;9;beY;D448;0;9;rkzPnHYElhHtVFhRyPhzrSsVtIdvSeprfWxs;000000000;bNEuy;1974;05;z;23787;2608;95516;23615;n;27;kj;RK;Is;mQ;ft;29;kDW;K;95197;T;24637;jFVK;19253;1976;2011;1;0;01;07;64448;fjKP;t;l;24663;AVi;uDcQTO;RXLnUO;rMQDMY;ng;uH;DYFtHj;True;sXxY;WQapPVLjI;AmZItn;440031367;562;BbQwtZ;AvtJlm;000000000
750028474;BKAcu;15;   ;t;I;r;t;W;x;IsHkU;nM;B;0;aft;M014;-1;6;XdffUMRavzJUlrIeGhkcDVCsKKxNYoBHRSbz;000000000;btsET;1996;08;L;20980;96673;99652;21274;p;18;LL;VH;Th;YS;lz;24;vYo;i;65687;t;75023;MPhm;36323;1962;1966;1;8;11;03;94661;zTHd;G;q;9484;aAC;pJlDJU;zzBxVk;thVvwf;Pg;Dq;IRMzHK;True;khEG;fgmbndHPi;vvczfW;650002348;72;oureZa;PUseYd;000000000
070002258;ecSXQ;961;   ;d;e;K;B;z;L;dAPNW;NS;J;9;zod;M8666;0;3;qqDyKXttpChhRIYpyDmuORMVDAqsbRABHBmaLYXwuHMtroCBbYag;000000000;dnPnb;1980;01;G;42191;66792;94794;48577;D;27;zT;ZT;dK;QW;FX;6;Tmg;W;94792;Z;47618;YGtP;87996;2017;2000;9;-2;05;12;12976;ljVl;I;M;75783;TYv;VVLJEz;fEZzkD;fKCMxs;be;pz;HiPLYM;True;tDob;rPmeIosVu;rnhmjF;060027802;566;lRURfO;HWHcWM;000000000
420001836;AyQeW;599;   ;M;s;R;l;N;u;LkkdW;KX;O;9;bim;M6000;-1;2;eZpRhWFcWzVcXpZksbpwwPNRnmupq;000000000;awqpI;1964;10;V;28223;81689;54571;24534;C;29;ku;un;XI;tT;Nv;24;LaF;i;4619;v;36230;eOFA;78654;1997;1963;7;9;09;10;97351;oGsO;s;J;27886;kHN;ERPcPM;THeiGc;xptBSA;vS;NZ;aLPRpN;False;Nexc;hVlPaWEvu;hjXAKK;020005484;993;TKCXyc;ZdpPPH;000000000
260000054;kcaTz;949;   ;W;n;o;c;Y;j;YqzTZ;Fm;r;1;GLN;Z971;6;6;htQwZgbpauwZoczshTl;000000000;Wxlgg;1966;08;R;53629;68775;16616;24363;L;26;dQ;LG;Wl;vZ;NK;22;YGO;r;65183;E;87871;bRPl;72564;1989;1999;7;-2;05;02;47386;CWvg;L;U;29628;CYj;ieZOWR;GMBLVR;wDfiMj;CK;KM;FUUMPx;True;jobi;FJpXeqZbs;LNbaIX;130022577;585;gWUlJw;YNJhuM;000000000
620006403;KtAMI;93;   ;k;n;T;t;h;T;DOROL;YQ;w;0;cmV;D050;9;5;eyM;000000000;wBvdq;1973;05;J;70214;94969;69420;20221;p;12;xF;ge;dq;pQ;ye;15;qJD;L;14313;j;97276;KBSE;84391;1986;2017;4;-2;08;09;11347;YiNu;U;W;81367;YvF;fouCGp;QNRgOR;OjAphY;SM;Yn;FgPoNl;True;nxxM;lSauBIMCG;JcNCra;440002038;170;UtICtK;HFccDO;000000000
290001957;kxAMU;932;   ;y;U;i;H;q;z;mGLyb;MZ;a;9;lHN;F656;9;5;DAwPRmuGKmZkRf;000000000;crFmW;1980;09;F;85214;67143;61434;51402;B;6;KJ;Iq;RT;dp;ma;25;jaN;P;18519;l;11202;jQhr;13101;1991;1988;1;7;02;12;38300;ZniQ;p;R;78547;Rty;JDSQZI;OspIeR;NkFDkZ;Sn;Kf;AKVxSt;False;JZeI;AxjVHiCYY;FVsBXg;750031296;930;JrRjNV;vNcAHE;000000000
340011154;RMmfn;173;   ;b;P;U;W;P;I;EkCsI;Xr;s;1;MBe;C4958;7;1;yhudBY;000000000;TbhYz;2003;06;H;20915;53001;14616;7041;o;15;TS;jj;GG;Qi;zh;12;WAC;E;68658;n;7053;DfKG;21135;1978;2009;5;9;07;11;45846;vsoZ;F;W;13942;Wiw;ouCyWs;rwgidc;zmpNvF;JE;wI;kyDtrJ;False;TOOC;ykRAALJtY;IvRFYQ;640017257;15;DZZYDF;apdTzs;000000000
910007764;vlmPr;523;   ;j;U;L;L;i;h;iqZSZ;pw;W;1;idC;C775;-2;4;UMxeUWugShErFdXsuEEUslDQclwGxxT;000000000;yvdzk;1979;10;o;61172;96411;38200;36391;c;21;vi;Jf;xy;AT;Si;21;iti;P;8881;N;55063;YyLe;89614;2013;2000;5;8;06;06;25389;anwi;c;E;16947;pwY;XlIuNb;BBsnnG;jEzODS;ZT;Ms;scqmAX;False;kswA;DoHgdmezp;UuYUKJ;850001728;145;cZTARV;mqsFei;000000000
590815924;pIlWF;483;   ;z;k;t;E;y;d;KJjnu;YD;w;1;Hkm;P929;0;7;SNilEXQIEXyTGYkrVmKicZYMuyXbWemCtJuZKysYQtSbqjLO;000000000;flnJL;1960;04;X;65998;78825;69455;55160;B;0;EQ;Qc;hS;MW;Hv;5;dbn;C;99412;W;88303;SSZa;69210;2017;2006;4;0;07;02;80487;ZyIf;z;V;9019;syB;upLoqL;jkyuya;cBFoVe;lu;sa;YyRQxv;True;IXtL;hcaSgpXwz;VysDuk;870013273;191;wDBmnf;QeQVrT;000000000
080000664;ludFs;730;   ;D;e;G;O;x;I;bbQXc;Mg;X;1;tzB;F02821;0;3;opCjPXbI;000000000;HHxFm;2016;11;b;79481;64763;1398;20448;E;2;YX;ff;pM;Ca;ma;0;nOJ;u;3041;W;4486;TQUv;75068;2008;1998;6;6;12;07;72000;EMeO;j;Q;94455;RQb;lteEPx;JunQjA;gMStyb;xn;XY;enYWGV;False;tQVA;MzfnJXHrH;NtKbmW;390002772;66;uukpYr;Fanypx;000000000
830002135;AhMNy;76;   ;W;S;Z;e;N;K;jpKtg;mt;W;2;UMG;M918;7;3;MYPheGNbLGEldAVgyluLBdjGgxc;440017523;fdLJn;1965;04;X;28055;8106;68627;99478;u;10;fX;cX;NT;aa;Ye;5;rdh;U;18229;i;70699;ZKXK;55150;1988;1961;3;6;03;03;64804;GrnZ;i;T;94964;sqR;tsCCNW;wFRWyx;oXqkpQ;fo;Lb;EDVcos;False;ZICh;gXarCBllB;ATRPxC;440018364;852;oBBbcI;gTKtzS;440017523
350039632;LwqYf;14;   ;a;p;w;H;E;a;wudnA;jb;s;0;Gmx;Z8372;-2;9;KItIdzmZrEYas;000000000;uCRfM;2005;04;U;96559;68758;74771;13802;T;29;IU;Yc;Of;oY;hT;24;MsU;A;96366;p;54490;EjKY;27694;2019;1969;4;8;07;10;52030;gxKt;E;s;70906;Zcg;LZkCXT;gxNimc;KdsuLj;Il;wL;YhPctd;False;TcbY;BdyCVFzdy;vHFDkH;920002326;362;pFLKAf;uQIzXz;000000000
590019642;TDsNm;417;   ;f;M;q;A;P;H;ZxMrG;Xm;O;1;zVs;X034;0;1;vIagB;000000000;QuWhD;2012;01;H;52135;49618;4942;16730;Q;14;Rv;on;CS;rs;Le;18;OqR;m;74077;J;69336;Axoi;82949;1976;1971;7;-2;03;06;66835;wPVX;F;a;71049;Nmp;stAOnd;NLexJk;DAQjFK;nL;VH;rVLgRU;True;DHQN;SkKAaWvKJ;OHhrga;420016461;449;xhwcLo;zQCCzb;000000000
060018900;GKKEx;223;   ;U;U;E;P;C;f;NJULr;kW;G;2;dtY;Z373;-2;3;TLNrtTrDzhZwjSdCKqThfChXGVhrRctWKF;000000000;vPILK;1976;03;A;51796;22008;50405;65108;L;19;oi;Db;SI;Zg;RM;19;GAq;P;1665;C;11658;CLtL;53014;1966;2004;6;9;09;10;99521;ajBv;E;R;96524;Clx;TPtYjc;EGiGMQ;HlOqyf;qr;Wm;aaRMCc;False;VxzW;pkDJNzdFd;tirgHv;950023184;726;fajTwK;ozYdga;000000000
170020549;LbbaV;514;   ;W;w;h;K;u;Y;TczeD;wc;q;2;aui;I330;-2;5;jgxOOCQAcGdgoFdKaNaEuHHAmoivTTUoljTAbBqyVHnjzRZqoFdU;000000000;KwQRA;2004;03;Q;69552;31496;81808;77803;C;29;fN;yX;UU;HJ;Ym;29;gHJ;O;81180;o;98655;dkzj;77388;2004;1993;2;7;01;11;36281;UcnT;x;R;35906;UNP;JTSzXp;qCqxpq;JATpLH;Df;wT;geLvWe;True;vhvD;ZgREFMdnw;VKFECJ;060001807;913;EAnXZb;KQxtyo;000000000
670792464;quQrl;466;   ;r;m;l;v;g;K;XelaU;fr;P;1;xUW;M439;6;7;WIWblsUmdIDWgDRqnEwgMrcbQP;000000000;hvyMw;1991;10;Q;88637;34227;41657;53759;Z;10;ll;Kg;FL;Eh;eA;3;zBC;X;92517;l;2585;bQJj;34404;1960;1974;9;8;05;10;95358;vfYo;k;A;69699;OQT;bdJFKR;PRiuLn;BfXllc;Lo;cQ;UnqWrP;True;lozI;iqDRFhJAp;cDkzKW;950024505;600;PrCQXC;VhYlJM;000000000
590048310;CBoST;336;   ;T;b;m;o;E;E;wiFOd;aC;D;0;zXk;G312;6;9;vaOQrqIMwpPFmaPfKIQYxqpgiGViSGyuARQAiCnN;000000000;qcUWD;1986;10;Y;82337;48182;38961;90910;D;14;di;gQ;Ki;eJ;gI;6;ZUc;r;95057;G;99692;JeZX;97407;2014;1976;4;-2;10;01;39906;rTWW;u;q;85000;avv;igEEZI;QxbffW;xOTXgP;kf;CS;Mdaama;True;THmw;iuNLrDwdX;EhJOEC;130020282;552;yEkciv;twBzjy;000000000
910020080;VbrRB;979;   ;X;O;K;S;f;v;VdsuN;wo;Z;2;Shj;X802;0;9;RhsbOFBejAKfdGlNwrPhEHGhGSUazfVyJosLqPccCPezEEiy;000000000;rLLDx;2010;04;R;67850;13443;11746;4432;h;28;tY;Nk;VQ;Gw;EK;19;gQF;n;16241;S;18138;JXAi;92467;1989;1965;6;7;11;02;34159;qjTH;N;H;73055;unQ;QypHrX;MjhJuY;xBbJgX;cb;gF;tKrjyD;False;MsSM;wnyFNQMFl;Nnkjkq;590014197;598;deMwcl;oruwZz;000000000
970304713;OtgKT;110;   ;M;y;b;s;u;k;VpIbi;Qt;z;0;mri;Y567;7;5;LYhCQK;000000000;IVZlY;1975;01;e;62368;67807;19000;26890;M;11;wr;PJ;Ch;EJ;lr;18;hdX;V;28080;u;63437;wWQn;27842;2012;1975;6;-2;09;11;33495;CUwe;n;H;84581;rhb;pYGpUi;FDndzy;PenwHM;Xe;Yz;hLdAtT;False;oOEQ;xWcwilzJv;ShbtZK;320002124;71;qzoPhU;zcYChr;000000000
590780045;urkln;352;   ;I;W;Q;J;q;u;ghgDh;lR;T;1;gQW;V945;-1;7;EIYTckEPtTi;000000000;OTxKE;1986;10;Y;10488;85383;2670;87887;A;2;WW;Qt;jS;nt;we;21;lRE;S;23091;g;85210;YmSY;77741;1976;2008;3;6;01;11;28163;dNXh;R;X;77174;UFk;PyqAUZ;oGmCqw;azmUDB;ll;oV;ZVYGfv;False;QGGa;gLOzcCcuz;gnRTQH;160002812;514;jeRaEe;UGHNsY;000000000
150002335;btnhR;325;   ;S;J;c;f;S;J;boyZJ;HV;i;1;uhh;S345;8;5;TrD;000000000;lgsQF;1998;01;S;34009;83958;32295;44711;c;11;Vf;EU;vL;uc;YU;2;OBb;u;2667;S;54093;czDs;38394;1964;1983;5;6;08;12;80076;xBGF;n;s;46745;auS;ahzwms;nleicK;mUidIz;hd;hB;bXrsYV;True;yxqB;nZqhqbPMj;JMiGTv;2B0002224;423;QhaiId;keGtJb;000000000
490018496;VnPEY;224;   ;I;J;i;K;A;K;sZhtM;zY;Y;2;eUO;O348;-2;1;PskThPcGspDPtt;000000000;qbSjk;2003;01;x;85461;55891;36069;55729;G;1;BB;Nt;Ie;lC;tZ;3;OAI;U;25027;d;88913;LcMS;97836;1999;1968;0;9;11;02;20307;Qzes;X;i;12642;KCq;laTBnR;TSzvDZ;WUXTGr;FO;jY;EsTslO;True;CdBr;AUGpcsupe;MuyIfP;260017165;791;vkfjaQ;LVwSAw;000000000
170010979;fxeko;400;   ;o;H;f;Z;z;g;nmUTX;ZY;h;0;iXY;M2312;8;3;wALnNWSkqNbXKNrPBqaEeGyrrthqIcltEDGedBpg;000000000;hgepz;1970;02;A;34733;28442;22430;12667;z;10;gB;MS;kP;bR;jL;25;niv;a;32556;x;66483;paGa;35814;2016;2012;4;9;03;08;81913;bhXF;E;M;80759;bmG;NVcvkg;XeeZuu;LrtmWi;bP;IJ;aWrPjk;False;msOm;LUwbwHkxw;OKjcCz;210000378;32;NomlpV;DOVOXz;000000000
750038051;bRzWR;29;   ;Z;Z;X;H;A;Z;aojHc;kO;W;9;fUK;J9868;-1;4;KwBOW;680008679;NZNGI;1962;08;s;22373;99437;9462;81022;y;28;gs;FI;hN;nk;sf;6;wDO;J;80642;m;30816;OyhT;56501;2008;1970;5;8;02;04;97241;UsGc;z;w;11213;CLq;VPNsEp;NCdwIe;sYOdwx;bK;hi;YVEUNA;True;PMoK;uLJejVuUT;UlCevz;680010626;185;JgCmCz;OJlPxW;680008679
900004516;NmgvO;93;   ;n;b;S;u;z;a;VhHjS;ws;Y;9;MsV;M2527;6;6;TSetbblLyvjxmywcEnEsKYdHPt;060786449;QaapC;2017;04;D;16632;13338;2623;89937;C;15;Hv;Hu;Cv;Tm;sV;22;XEd;s;64562;G;54995;Wezd;79115;2004;1981;7;7;11;06;20772;HWHI;m;T;66261;mys;fkeCdo;rKLwLg;UmXNUr;Cr;eS;GyyWjA;False;jENJ;LZfEwORhI;OfImVA;060791043;293;eUrmyz;KSTIea;060786449
