ETA_NUM_EPMSI;RHAD_NUM;ACT_ANN;ACT_DAT_COMP;ACT_MOI;ACV_ACT;ANP_ACT;CCAM_COD;DEL_DAT_ENT;DENT_NUM_1;DENT_NUM_2;DENT_NUM_3;DENT_NUM_4;DENT_NUM_5;DENT_NUM_6;DENT_NUM_7;DENT_NUM_8;DENT_NUM_9;DENT_NUM_10;DENT_NUM_11;DENT_NUM_12;DENT_NUM_13;DENT_NUM_14;DENT_NUM_15;DENT_NUM_16;DOC_ACT;ETA_NUM_GEO;FAC_NUM;MOD_ACT1;MOD_ACT2;MOD_ACT3;MOD_ACT4;PHA_ACT;PSH_DMT;PSH_MDT;REM_EXP_ACT;TYP_ART;ETA_NUM_TWO
170012967;CXGYV;1984;Q;04;J;d;HHQK484;938;IL;AU;iP;JN;BJ;Wx;Ar;lj;SP;Bd;VF;Mo;Dq;nQ;Fx;jE;L;000000000;CZIhE;p;i;L;C;z;QsJ;IY;Q;I;000000000
300018785;aHMNI;1996;W;10;q;w;JVJF008;984;lW;AY;ur;Tf;Ec;tZ;tl;Tj;Im;uQ;lk;Go;BV;QG;JA;Ag;f;750030439;RpLMO;Z;G;o;z;p;JLQ;qU;i;M;000000000
150000891;gokSB;1977;o;08;v;E;ZZQX188;867;cl;OK;eU;BJ;hj;Wf;wx;rx;pk;gD;bY;fd;qc;uS;Ne;kw;l;000000000;zbqKJ;j;s;E;K;s;UZa;oE;A;H;000000000
830013694;HUHgZ;2014;S;11;Q;G;JVJF008;491;Jf;HW;AY;Jy;zh;vt;bw;jD;lo;Vr;kP;Cs;Hj;zV;zP;Pa;T;000000000;Jcxpg;b;R;U;P;I;EkJ;xO;m;I;000000000
830015400;yvYyH;1984;N;12;T;d;JVJF004;161;Rm;pI;zj;nG;bW;lt;FG;Vf;LU;Vb;jk;Ax;Dt;uB;tV;Hc;j;000000000;pVOGW;E;P;p;f;W;GTv;pr;v;H;000000000
660011040;zsikY;1962;v;11;e;l;YYYY600;629;cd;Ga;kB;UK;MM;nQ;JD;pJ;uJ;DV;gc;vL;TK;vP;Hv;WM;x;000000000;owXYa;U;G;M;H;Z;CMh;XG;s;Y;000000000
730007275;vQHST;2014;C;07;F;m;AHQJ021;240;ao;AD;uq;sL;jr;OH;Hg;wM;YB;ve;OA;dN;QS;mC;hb;UK;y;000000000;ufSCb;P;d;t;K;k;SBU;Cv;O;X;000000000
910010420;xibFM;1987;C;03;N;h;HHFE004;515;JI;qh;cz;jy;dp;ZS;Ig;Uq;MP;Qe;Ee;sc;ta;KV;OE;Gl;w;000000000;okBDQ;q;G;S;i;v;BGX;dv;r;I;000000000
600007447;vPLQL;2012;s;08;o;T;HHQE002;331;di;BO;Dq;kj;xl;go;cj;ma;Wo;St;cw;GB;ns;vY;RJ;oD;a;000000000;yWNwN;L;m;q;y;V;PuX;ax;D;B;000000000
640004032;GXTxf;1999;s;12;S;C;DEQP003;655;AC;qq;za;tH;Mn;dq;bn;pY;KX;Fa;TD;aT;ab;ZL;yT;AG;H;000000000;JUIYT;s;p;K;H;Z;oVG;Pu;i;A;000000000
220002216;TAmll;1977;u;10;q;A;JVJF004;23;pU;SC;Qz;lx;he;Th;Ls;aG;ZV;to;qy;sa;AV;kT;Lq;Hm;N;000000000;ASPHS;r;x;U;E;s;fzC;uv;H;H;000000000
350000972;iDNNi;1983;y;08;d;I;JBQH002;486;vB;SF;Rt;sR;Dz;lH;xn;xD;ml;Rc;Hq;Wx;AK;wl;XY;XY;W;000000000;TOsWM;T;C;O;l;C;FCY;jP;b;A;000000000
860010651;goHqr;1993;f;05;r;Y;ZBQK002;895;kL;IU;vc;Jh;rY;yZ;iV;Ya;Iw;sw;AH;WO;Tk;kf;ii;SA;f;000000000;RAWqF;k;a;O;D;n;fmQ;oo;q;X;000000000
340007806;rLLad;1968;u;09;b;H;ZZNL065;378;To;Ni;kf;RE;jx;LL;QY;jK;be;ar;qx;Je;Dq;Ed;gN;HC;W;000000000;QzrdU;b;a;N;n;V;GJY;ND;J;P;000000000
930015391;FTxuV;1969;U;01;t;M;DEQP007;20;YB;nA;Oa;up;AU;Iv;cl;bG;bu;Nr;oz;WT;WC;FK;Ms;Aj;h;000000000;jKiLP;p;D;Q;z;i;LjZ;rW;p;H;000000000
330043951;suKkM;2016;Y;06;Z;S;YYYY047;679;Ct;ri;Rv;HZ;un;rj;ot;Jx;sW;Xx;kB;Om;zY;Cf;TX;QH;d;000000000;juPxt;Q;M;V;b;F;SQn;LR;E;P;000000000
040000929;bftSy;2014;W;04;d;l;NEKA020;861;cW;RX;mT;hV;vE;NX;wm;lb;Bl;AQ;Md;qe;og;cQ;ri;yC;E;000000000;vFOcz;L;N;f;N;J;nVq;Ja;V;M;380788992
750017956;EPnnL;1969;u;10;o;U;MDCA014;50;xy;iU;Nc;pJ;to;UN;OZ;gD;Pb;kH;DR;Rr;DX;wD;WY;OB;k;000000000;pTyTY;u;X;p;P;p;ZWL;WC;I;H;000000000
740002555;crmxU;2019;j;02;w;r;JJPE001;700;Gm;QG;Xi;iy;Dy;Se;DN;pI;mN;dV;Sm;SU;Rj;hJ;SR;hZ;B;000000000;ghUkN;G;u;T;j;M;jGM;TR;O;I;000000000
620001297;PHdDD;1982;d;08;Q;T;JNJD002;598;mt;Pk;Tx;mI;vJ;se;hg;Jc;Vq;yN;IU;fr;Cq;fs;Ze;ju;V;000000000;OycVO;s;r;y;i;u;gFO;HC;V;C;000000000
090782335;nUVdQ;1972;A;06;N;I;ZZLP008;164;wi;ta;hu;JQ;lZ;Tk;GN;Xn;eE;py;zl;nW;Yh;RR;sE;wb;A;000000000;VaHDJ;X;Z;T;a;I;TwK;eo;Q;B;000000000
010005395;IzdYB;2000;h;09;t;H;GLLP006;134;yt;tW;no;ZP;lb;co;Kv;Wr;Jy;eI;ZC;Da;wD;Bq;XG;ar;Q;000000000;XKTbF;Z;u;x;r;j;UpH;eQ;m;C;000000000
790001390;tKIQE;2008;e;09;C;j;JGFE023;237;rO;We;Yn;pB;mM;Eu;lT;Tz;Cm;fa;hk;BW;XW;KV;Mz;fl;L;000000000;FLTWX;H;S;I;D;G;hSB;gJ;q;Y;000000000
950026872;wMgem;2015;j;02;e;s;LHQK001;563;OZ;aT;Ir;XA;rh;ZQ;qu;Eo;KD;kG;fb;Nv;Zx;XP;NT;RP;i;000000000;mwXYh;W;p;Y;z;Q;SKw;FS;f;A;000000000
400001707;pyltd;1978;c;03;h;B;ZBQK002;450;aS;iK;tN;js;MF;MI;FG;Jt;JR;Bf;Nz;Pw;qP;ps;La;AA;b;000000000;GrmwE;l;k;E;R;m;uDV;Sl;A;H;000000000
590057493;fiPyJ;1998;Q;04;N;w;JVJF004;121;NT;GO;fY;EJ;tI;YI;Cg;zN;AP;Xn;yK;OV;mf;MX;wZ;ZQ;V;000000000;bHodI;r;t;m;m;W;dPz;tj;m;P;000000000
470009309;VFfig;1994;Y;06;d;S;GLLD015;881;bO;ST;bn;QB;lE;nC;Fb;nr;pw;Fd;oa;zQ;Vi;mr;pd;ql;Z;000000000;kJPkQ;Y;N;t;w;X;sib;Xv;G;C;000000000
910014455;YVMWK;1984;y;07;X;q;PAFA010;805;xW;UE;Du;Xj;hR;XP;xn;eC;Gk;Nd;kU;iR;yn;hi;qD;aR;A;000000000;IQaVm;m;e;a;o;Q;Xot;CD;o;I;000000000
300007648;BAMNB;1966;B;05;G;h;ZZQX197;379;pa;Jo;Ac;Py;xm;pk;zw;Mb;Xo;Iy;JS;Ok;Bg;Hr;Ta;qj;o;000000000;gfOTX;k;c;d;H;N;Jwv;Zq;W;C;000000000
370009136;TecFN;1966;e;03;o;C;YYYY600;616;kO;Yp;Oq;GY;lf;gr;kx;nN;zM;PP;NM;rw;JQ;Tj;cp;Cd;a;000000000;oqxyo;B;t;b;h;l;oef;AN;K;A;930810775
340025014;dbPat;1960;u;07;k;p;AHPA009;282;Cz;YM;pc;yt;nx;ni;ql;YA;KP;yQ;hd;Cg;AE;FA;aG;ul;R;000000000;SkQTW;W;l;Z;y;t;jOI;Rk;f;I;000000000
540025004;Gbmus;2004;X;10;X;M;QZMA004;999;Xa;EB;Dl;Xj;yl;Oa;xb;KF;HR;tt;gR;uT;xf;kU;EK;SF;f;000000000;CAahX;b;J;i;o;i;Paj;gp;L;X;000000000
660001983;xvIgQ;1990;G;06;L;n;NFFC003;456;nX;Br;Zt;ju;gz;YV;tA;Ft;CD;Th;Uu;xV;de;qA;zS;Rf;e;000000000;eRKzI;C;J;U;o;q;pbG;zt;m;X;000000000
970301396;JOXNQ;2010;I;08;a;A;ZZLP025;715;LJ;cl;hy;Mb;bK;uB;Td;GJ;tX;Vh;HO;ww;ww;El;fK;Ch;x;770810133;CurKv;a;B;C;n;n;DOu;Rq;F;M;000000000
540001088;wrFuX;2016;I;10;f;l;YYYY600;953;hY;EN;Kt;Uo;fs;uq;JK;My;yG;lA;QJ;Aa;SB;ZY;eM;Bb;G;000000000;Wttul;z;v;v;L;M;emb;uS;H;B;000000000
340008002;cuoOM;1977;o;01;x;W;ZZQX077;431;Cd;rl;He;wi;BY;qd;Nk;eD;Dw;Mf;pt;dq;bv;XU;dT;Fz;v;000000000;kwLGD;m;x;O;T;e;Ukb;CV;H;X;000000000
910022284;qPGXp;1972;T;10;e;a;JVJF004;462;ei;Yc;yN;Cy;CB;nf;hh;bA;ad;da;lH;qR;Ox;wt;UA;XJ;Y;000000000;IWYqo;Q;b;c;T;P;TMY;Ys;s;P;000000000
760018291;DdgQt;2003;m;01;W;X;DZQM006;546;sd;DG;SU;TS;yA;lY;LM;XI;CC;WO;IT;wp;Zo;Zg;vm;SI;W;000000000;PeEVr;F;w;G;D;i;HaS;EP;R;Y;000000000
950036921;UiQIt;1984;U;12;Q;m;JVJF004;354;FL;Tr;ZD;BG;xz;fK;go;hG;Rw;JM;Ry;jx;jD;KQ;XX;Ln;k;000000000;ASZsF;j;d;C;z;N;zRP;wm;F;H;000000000
240016485;Wpbkr;1978;L;11;G;p;JVJF004;665;Vm;sM;HO;yi;sR;Ja;jQ;tv;hz;MT;LG;Cb;uO;xJ;Qt;Li;l;000000000;dAcVj;G;L;z;w;Z;Omc;uX;Y;H;010004729
840010037;obrvl;1994;F;07;B;C;YYYY015;637;TJ;nO;iY;SJ;lv;Fc;AF;Sr;lu;QE;tw;RV;BJ;xL;HA;eD;t;000000000;egTUj;U;r;u;R;V;wTP;CS;c;Y;000000000
830014940;aHziD;1988;Y;01;b;Y;HEQE002;128;mm;fg;Wp;fn;jz;Nw;nE;gO;hv;mB;Wf;xE;wO;XD;JS;km;q;000000000;CRWwp;z;B;q;C;I;noY;Rt;Z;I;000000000
640004321;lPqhC;2002;E;07;h;W;JVJF004;804;zr;Og;kk;ce;ZV;Wf;TZ;Xb;eS;VS;gh;xm;us;Xn;Hh;Jc;O;000000000;ftTSR;W;k;r;l;I;wzY;eg;r;M;000000000
460002553;whYcM;1980;B;10;Z;c;ZZQX081;900;QZ;rS;iE;ur;CM;Zl;zk;Hy;fL;na;TV;vJ;lv;eh;TV;xC;q;000000000;oaaqJ;w;R;S;z;s;jUd;ly;T;I;000000000
630000818;IBqFK;1983;D;05;L;f;JVJF005;783;Wv;oR;Hs;lR;Ev;oL;bG;cl;vp;pL;Vg;pf;cp;ZF;pv;qD;c;000000000;PNHCi;I;j;D;X;t;fiE;Dv;B;A;000000000
570003582;IOSsC;1972;e;07;l;F;JVJF004;438;hP;wo;Ie;jR;az;Rh;BP;eI;Bl;iy;wm;eE;Wy;IJ;NL;MC;F;000000000;HUOKO;c;u;B;w;S;dWX;OO;e;X;000000000
130009632;vXyus;1979;o;08;c;O;ZZML001;921;Rg;te;jN;Vp;je;gM;qD;Bn;Qp;ye;HN;eL;dk;dj;Ti;fu;y;350007548;nuzNx;j;j;r;x;V;kDO;bK;d;B;790003743
130001613;BOyIE;1986;w;09;n;p;HEQE002;208;tH;sp;BF;KQ;EG;uU;Pl;Xt;dn;qz;Fd;VN;Ax;ja;al;XO;R;000000000;YlKVH;e;k;g;j;b;ITF;Aq;W;C;000000000
880007992;STTmN;1971;n;05;j;n;ZZNL065;296;Io;WU;uJ;QR;sL;dP;TP;et;iw;EA;MJ;zV;ZC;aB;Wu;kR;h;000000000;dbmsw;f;k;x;a;V;MZd;LJ;A;A;000000000
910015080;SxWjp;2010;k;01;m;s;JVJF004;30;oH;fH;tg;hM;mP;rj;rt;iP;Sq;Nf;hd;WC;Ka;fw;wG;xe;g;000000000;DJLwX;S;r;U;u;X;bFO;Mu;T;C;000000000
060001849;lKHDN;1966;F;06;X;U;JVJF004;945;Ev;uI;ap;Yu;OB;UG;dV;FL;kb;eP;Eb;Dz;iP;ux;Iz;ov;O;000000000;KbJkl;I;S;z;V;k;qVJ;th;W;X;000000000
690798004;DGbsn;1993;a;12;U;U;HHFE002;425;HH;La;Tp;gw;nm;OR;uq;lW;lw;Ud;EQ;Sz;QW;Ig;zs;XU;N;000000000;pZeBi;y;C;z;e;P;bLi;rV;g;X;000000000
290011543;hLcBg;2003;d;10;U;E;FELF011;339;yF;Hc;rW;iC;Ze;zw;nW;oV;gS;MN;Xp;zC;Uf;gh;VC;bJ;M;000000000;JlJLW;j;O;n;K;y;khs;sN;P;C;000000000
550004931;DOfQo;1996;l;09;O;n;ZZMP015;780;EZ;ZS;VA;Zp;aw;nP;yp;uW;Np;CZ;Le;FK;GO;JK;At;Iy;s;000000000;swvti;l;r;u;q;W;fig;dS;Y;A;000000000
560015034;abcaB;2007;o;05;q;y;DZEA002;272;lh;Un;In;QP;IY;Hv;Qy;dy;oB;gc;ZA;cA;Fa;Uh;FZ;Ji;J;000000000;kyySU;r;T;h;z;A;VMV;dy;y;C;000000000
580005536;jGOnf;2017;H;04;I;o;HSLF003;843;VC;wp;Dx;MJ;An;Hl;KW;mh;YX;JV;Fn;AT;PH;MB;mw;kJ;d;000000000;UAaXn;d;m;g;w;r;crx;XQ;v;A;000000000
810010082;XAgIN;1992;v;12;K;O;ZZML001;953;op;ke;ve;vo;Ef;nd;qa;oT;td;wb;Kv;QC;Hp;PA;NY;Mi;K;000000000;IRwgv;C;o;b;i;y;VTs;Fi;r;I;000000000
060002193;HEmRY;1982;Z;06;u;g;JAQM004;921;HR;vV;Hd;MV;Ul;RT;MT;oR;Ub;BC;wW;Ux;AU;vu;pd;DD;W;780802146;WMlVg;l;O;l;v;o;gkx;AF;V;C;000000000
970209888;JLrVd;1974;m;06;Z;a;JVJF004;422;oK;mL;kV;sO;QS;Uq;zj;FT;uS;Rm;sS;hN;bh;WW;Ab;Nt;S;000000000;TSANJ;r;D;j;R;T;esR;Db;H;Y;000000000
630006195;aVsJz;1972;f;03;m;r;ZZLP025;778;ZT;OE;kA;Kf;yT;Dn;Qd;Vu;Fz;eo;mw;Vb;oW;jX;We;YO;z;000000000;uGhcJ;D;m;A;R;c;dBM;AL;b;H;000000000
950020875;qGDNa;1981;p;07;w;C;GELE004;167;hL;bX;ny;KU;Fr;TI;ZB;dE;kR;fP;GD;VO;iy;kN;kQ;FP;g;000000000;wEZFH;r;w;L;q;d;goo;Sv;b;I;000000000
590781902;RiFSt;1986;v;11;u;B;ZBQK002;271;oG;Hw;Kn;zn;EH;ug;kv;jY;Qy;ho;ag;Ly;HH;ne;lF;Jd;a;000000000;QhdYc;v;O;W;N;I;tOK;vn;i;Y;000000000
950023440;uaDWn;1969;E;01;O;Z;ADPA021;997;re;HU;uC;hH;Ys;vJ;UP;uG;dD;fG;pL;No;vS;Lf;eJ;To;B;580970218;zKtDH;y;p;K;L;C;yuK;mM;n;X;000000000
680007135;tMOCj;1997;b;10;H;U;JVJF004;279;uN;wp;IR;DB;bg;UO;SS;cI;XS;Yt;Uq;NB;av;LB;Ko;Uy;e;000000000;fcNtK;F;r;F;l;W;bAP;IU;B;X;000000000
760003996;LGNyr;1974;b;11;B;a;HEQE002;116;JS;mj;Fr;Ci;gC;ON;AE;PU;Dj;Mg;no;Nw;rL;RO;sC;Uw;C;000000000;tkJLS;P;P;C;D;L;PDr;wl;b;Y;590048732
440034924;jgcGQ;1986;a;04;g;k;NCPA012;461;YQ;rS;Nr;Lg;AT;QK;Hx;vJ;IP;ix;tD;jl;Oq;Bp;SE;DO;r;000000000;FcfCp;C;q;U;g;S;oYV;jz;F;M;000000000
2A0003844;zIgRm;2001;f;07;d;h;YYYY600;957;zG;PX;SJ;cW;zO;jH;Ym;qw;Jx;yS;yt;Sg;na;WN;Wr;Kr;U;000000000;RkMXW;o;X;n;L;z;JjG;gQ;k;B;000000000
590813226;OcbcS;2003;Q;05;e;G;PCLB003;974;tQ;jp;mz;Lr;pN;Tp;UF;Vc;mw;va;Rp;im;ew;nR;gh;aa;R;000000000;IseFF;H;n;V;F;Z;ZRq;Jb;l;X;000000000
490003555;KopZU;1993;d;10;U;M;YYYY600;895;QA;zu;Ou;Kg;kJ;Li;FW;lz;YD;av;we;DU;Zk;kA;pS;Mg;t;000000000;akALt;z;d;r;Q;j;ilv;Ak;h;A;000000000
590022265;IRdfy;2007;P;11;K;G;ZZQK002;349;WF;DC;SA;Zo;VN;Sr;LZ;tg;cL;qC;gJ;PB;dn;kw;rq;hl;A;000000000;TMQHI;S;O;J;g;B;LcO;DR;n;I;450003769
830010914;nWkiz;1973;b;08;G;A;HHQE005;677;Nh;Xx;hx;oO;cA;fP;Uy;yO;qL;fd;AC;Oc;rg;kf;Pg;EA;F;000000000;ivgNf;W;Z;W;f;e;KAX;oL;I;C;000000000
530000652;EhttJ;1961;n;12;x;p;JVJF004;218;Lq;bU;aB;QD;tY;Ga;eL;tV;No;TY;Yi;qd;Kc;dK;np;ra;K;000000000;HyunE;G;s;J;v;l;VsN;qz;U;M;000000000
380010546;sFPMw;2012;D;07;u;G;YYYY002;563;Hn;QS;cR;GP;ma;Ym;tA;oU;Wb;Sh;Kf;Xg;Km;ZM;Rw;Ok;Z;000000000;CehkU;A;x;j;P;o;ubL;sR;h;A;000000000
950018358;lPyvL;2001;d;12;D;r;ALQP003;324;Mz;gv;IW;Hz;sW;gi;DV;Jj;SC;iL;YT;wZ;Zo;gT;FL;li;u;000000000;QnTHx;T;x;Q;u;a;Rea;Aq;G;P;000000000
520001447;DKCIs;1966;B;10;x;O;ZZNL051;355;Mw;Zy;uO;Bs;IL;Jc;Mn;kM;dh;wl;Yw;pJ;wu;JE;iz;kp;E;000000000;KkoAe;d;S;f;h;f;tLQ;ee;d;I;000000000
970305181;tgFuw;1962;n;12;B;g;YYYY049;934;pk;Fb;rd;CC;AM;bQ;ol;Jd;iI;Kw;YR;EY;pc;Ad;sm;uB;p;000000000;WFDGx;b;I;d;f;C;lym;Eg;h;H;000000000
660005133;tmPfu;1960;R;07;W;l;HMQH008;448;fo;vh;wo;ir;Vy;eV;Ko;Kw;JR;HL;iQ;su;Hn;tT;fJ;Vr;p;770809432;UbAFs;F;O;P;n;A;uKv;ZQ;U;A;000000000
730012259;HGcCe;2004;h;01;M;a;GLLD017;709;ap;ox;SW;Fn;uZ;NS;lH;gx;HX;WO;Qs;Lp;bL;ll;sU;jh;y;000000000;ggtiL;T;a;v;F;q;fZs;JK;p;H;100007285
270020472;lVkri;1972;f;05;y;Z;ZBQK002;533;Vl;NR;Do;pr;Ef;PT;Dz;JG;DZ;wo;rw;ZM;IR;VR;Vm;tu;Z;000000000;nWAwB;h;p;d;S;b;mIi;Ay;E;I;000000000
170009005;tRgem;2003;F;12;n;y;ZZQP004;384;jG;To;Dd;Hx;NR;BI;Ly;nF;Am;vj;EP;OS;Ib;qy;pQ;cr;D;000000000;PruEe;v;c;s;W;A;QTA;FJ;i;B;000000000
350037933;kLquF;1984;i;04;L;V;HEQE002;293;fc;QW;Dt;no;QK;Kn;UQ;jI;Ak;qo;gv;BP;dG;mC;SK;HK;Z;000000000;ySaew;t;t;G;r;o;fhs;kq;I;P;000000000
160003091;YIOpG;1967;P;07;p;x;YYYY095;363;iC;aa;ub;Hf;xt;kg;FY;Px;KM;Mg;vQ;cR;Ds;Rq;pK;tR;M;000000000;CHHMk;R;g;b;C;M;FvR;WR;l;C;000000000
930015144;TVAOM;2011;i;04;L;L;JVJF008;74;gh;CL;XK;ev;dL;oL;IK;RO;Ye;zj;uq;qn;fP;DF;Pp;NH;k;000000000;FnYyq;X;t;h;u;k;afv;qK;q;A;000000000
380004408;EsfrX;1995;q;06;h;R;HFCH001;536;dr;Tq;jc;oH;Eh;TB;oS;Ge;df;fN;tE;gI;Zg;Am;wk;YV;M;000000000;aNKOF;x;G;H;m;p;jwM;nA;P;H;000000000
390783520;juixX;1974;E;10;B;e;YYYY009;407;Kw;qI;LS;WF;UU;Ly;KU;wb;EB;OF;hi;yy;dZ;TU;jA;Nh;a;000000000;UwhOY;L;s;I;B;L;UMH;xX;b;P;000000000
450013727;UQwSw;1991;T;05;O;w;ZBQK002;647;MZ;Qn;sx;vm;oe;Yr;wX;kY;lz;xG;hC;Dv;UN;Et;Ti;Ft;W;310012729;ygcAe;c;O;M;G;G;uZG;qm;h;H;000000000
950803007;YMPAZ;2009;S;05;u;d;EQLF003;171;bA;aY;xB;NZ;Yv;DX;cI;gY;wN;xk;Vg;rh;OK;qq;BX;RD;w;000000000;IgqaR;Z;X;W;Y;d;iHQ;Hk;s;C;000000000
330058686;TGgYc;1989;M;01;h;O;ZBQK002;976;un;tG;bt;lx;sZ;Ao;lP;JO;wZ;LW;Fm;tM;Hq;WB;rD;pq;S;000000000;mAgSe;q;Y;Y;N;t;KYS;Vj;M;A;000000000
020008058;gMxfu;2017;G;02;f;c;HJEA001;759;jR;rL;ho;qF;ez;hm;iJ;bE;dS;HI;mX;Dk;yQ;dh;EK;Jr;a;000000000;eNwaZ;M;o;k;b;E;hQb;bK;X;B;470005679
940022387;krbXH;2003;N;12;o;X;ZZNL065;244;ES;gV;xZ;AC;NK;ej;zr;th;BT;WY;XL;MX;Tg;td;mM;xN;g;000000000;RBDOS;a;P;F;p;d;HDE;Vl;I;A;000000000
410000889;MVNDp;2005;k;09;f;I;EAQH002;712;gF;pU;rx;vb;cu;bb;zc;px;wH;NV;oT;MN;FK;ks;Ha;By;V;000000000;Zrlkk;I;m;W;V;D;lVN;ng;v;C;000000000
750826422;JLMwP;2019;g;10;F;k;ZZQP004;501;hs;Pa;MS;tl;tO;nI;tw;Mo;GH;cy;Zd;wQ;of;xM;tb;xV;N;000000000;JXgTc;N;l;m;U;G;KrL;lz;A;A;000000000
320003601;TBdlx;1996;s;07;X;X;JVJF004;40;fc;Qw;ya;He;cC;FW;NX;Wo;Ew;At;Aj;wi;NJ;CV;Jr;uT;r;000000000;jftZo;Q;C;k;n;s;YeF;Vc;N;I;000000000
620025825;vmEiX;1985;Z;05;t;b;YYYY015;482;PW;Lt;bL;KB;rg;KO;qs;ha;xB;qA;Ge;rB;dY;ks;bW;eE;f;000000000;rUdEv;J;H;i;t;Y;vxJ;cJ;H;I;000000000
640002614;TKzkn;2013;n;07;f;I;ZZQK002;205;TV;kG;cw;sb;da;GH;JA;pw;MA;by;hM;Ja;QH;WI;Xi;gu;b;000000000;VyBib;M;B;m;K;o;Gje;ER;a;X;000000000
560025546;DLRjx;2019;c;11;A;D;JVJF008;25;sT;tE;uE;we;Ji;Gs;uv;WT;Wc;AT;za;tr;Ke;JN;IY;bD;p;000000000;QxpiK;G;N;l;l;Y;OkM;Dl;v;I;000000000
530001130;PrpwY;1983;f;09;j;x;HHQX004;227;Ij;bl;UD;OU;YV;uR;RP;UF;fu;RO;nG;EP;Uz;qw;aM;eb;E;000000000;SZXGZ;J;m;t;m;B;gMB;Lp;R;I;000000000
350025987;MvTom;1997;Z;11;z;S;YYYY015;463;cG;dY;cN;Jf;qR;ae;Gi;ex;Jw;Mr;SX;gN;qy;tW;VH;AN;U;000000000;nqdaB;C;J;b;H;x;Fzc;pX;y;I;940003262
600003289;czozZ;1987;p;07;q;R;ZZQP001;61;FY;oL;ZF;ua;ia;Pz;Db;TY;Id;dq;Wg;Sz;Ii;IR;YX;wo;q;000000000;mSIKj;T;P;y;e;A;Jkj;Kr;i;B;000000000
060029394;zmoMq;1962;A;05;y;m;EDQM001;423;AU;Xr;bp;Km;Fb;hs;AF;nY;bh;di;kx;HC;JY;AV;Ps;rD;G;000000000;qYNcj;P;U;a;n;p;VOm;Fg;i;A;170000095
750001570;OGeLZ;2012;u;02;N;d;GEQL001;468;lN;Yw;PI;jP;aC;sJ;JG;MP;hz;wL;vJ;md;BA;vL;Lb;QG;i;000000000;yfKhs;A;s;N;M;w;LDW;iB;R;A;000000000
220018766;RjrZH;1986;l;11;Y;F;ZZNL051;813;kb;ey;EQ;XC;Pg;PM;gR;vl;cc;iF;mM;Mc;xm;Yf;HY;xC;p;000000000;yjjyx;N;C;d;k;p;KXR;yj;l;Y;000000000
720002658;qBtFX;1996;u;06;w;X;YYYY049;820;iz;Tc;KS;CL;Fe;Mg;mb;Fi;xW;dd;Kj;kQ;LE;DV;jq;YO;J;000000000;kWhMj;H;z;f;r;s;KZM;ha;r;C;100001270
800012759;YEPre;1975;Y;11;R;N;JVJF004;286;tL;Fq;Nl;AV;JJ;uC;XJ;Fe;Rn;VY;nJ;gW;Co;SK;SD;bH;i;000000000;QOiLb;d;O;Z;B;N;dDo;qT;Z;X;000000000
930009295;icTTB;1969;T;06;h;l;ZZLP025;195;ca;xf;ML;VZ;aI;Ir;OH;sn;qC;oX;Oi;JY;er;os;bf;sY;o;000000000;JJMMf;H;n;X;D;M;NhZ;LD;h;C;000000000
2A0000683;TLGbn;1960;X;09;V;l;JVJF004;562;xD;eF;Gj;GL;qe;uY;Lw;Bw;Ji;rU;zi;TX;EW;BE;bH;cz;V;000000000;Dqowi;I;v;u;p;I;eLK;KD;o;M;000000000
430003970;iNWIX;1984;K;12;t;C;JVJF008;729;tZ;ie;Dl;UW;gm;yq;lj;SF;jY;Yo;VT;Sn;bM;ci;wY;eH;y;000000000;WuElW;W;x;T;O;r;xNL;nI;G;H;000000000
830023693;BMghn;2003;D;01;f;N;JJJC002;547;eB;Ia;vk;Af;lJ;TU;Sb;dN;OD;cV;Yq;EQ;RK;II;ar;kv;t;000000000;oybLj;v;d;I;F;S;HjJ;zP;M;M;000000000
750025942;gImgg;1996;C;04;u;l;JKND001;401;JK;FM;cQ;zd;pK;mT;eU;Rz;uD;VV;an;MK;YD;Cg;tK;pk;u;000000000;boUsT;x;N;T;r;q;iaK;eh;z;X;000000000
490012457;vznxf;1984;f;01;P;H;ZZQX149;763;Dt;Pa;lU;wf;WB;DV;Cc;hL;vC;Tr;Te;mR;Wh;no;Sp;LK;c;000000000;rcCqb;D;n;P;D;l;DQt;BE;l;H;440027241
900000357;TYOrv;2014;V;01;D;B;YYYY290;930;fO;Cw;Zz;SO;sQ;LL;bI;dc;FJ;jY;UY;kB;Cc;Hg;pL;KO;c;000000000;wpnPa;c;u;f;O;q;Lnl;yG;M;A;000000000
570028449;PsmcB;2008;L;05;j;c;ZZQX077;237;UN;fC;Sd;cf;cM;Ns;pV;we;MP;ao;sF;KG;lf;Ec;lk;bV;i;000000000;mstkH;X;y;u;j;z;tDI;pU;x;P;000000000
170805840;Jnajk;2001;r;12;p;z;JVJF008;714;zr;zU;Cf;iS;qa;ce;JG;ce;HQ;rx;le;mL;Iq;Bt;sF;nG;X;000000000;vilmu;U;g;T;E;l;MlQ;Jn;e;A;000000000
890001985;AiJFD;1973;d;12;a;X;ZZML001;307;Bq;Sx;hn;Yb;js;vF;eB;jY;AB;ho;ZJ;fE;LU;fs;GQ;aJ;P;000000000;jPNac;U;D;n;J;k;Ful;mT;S;H;000000000
300009008;kGdtn;2005;p;04;D;P;HSLD002;78;aW;If;zr;ed;NG;Py;KV;Er;oQ;Hw;kg;Gk;lk;SF;OU;cL;O;000000000;nPVAA;D;d;s;j;I;wqe;Ha;L;C;000000000
490007762;uiQYW;1963;j;03;t;V;ZCQK005;544;Eu;AO;Re;Uk;eM;oy;nf;hm;BV;kj;BO;DU;Gn;FD;vU;eO;h;000000000;jSRWy;i;P;I;s;M;zSj;fY;P;H;000000000
940005465;cNmtQ;1977;Q;11;w;J;JVJF008;338;KD;Xm;yZ;aD;VX;us;Su;Iy;SO;VE;du;xm;tX;hV;FO;Na;O;260012737;Bvopi;g;j;V;l;R;zGI;yq;v;Y;000000000
790002695;dXTeM;1983;l;05;F;d;YYYY600;699;kA;cN;ki;aF;nl;CY;Gq;ZA;jt;Bm;Ma;pv;Tb;tp;iJ;ES;k;830018560;wZwno;X;R;S;c;z;rwm;YU;l;A;000000000
370012353;zErvp;2008;B;08;n;q;YYYY600;59;zY;QP;HB;Qc;pK;NA;Xx;dQ;Lj;AZ;gL;gZ;Or;qh;bX;bJ;F;000000000;UktTr;D;G;m;y;P;ZNI;rY;a;M;000000000
690014097;VlXlD;2018;T;05;f;l;HHQE002;368;XK;WI;Az;IC;ra;ye;gN;wb;sV;Bl;Ih;CJ;ZW;rb;MF;eI;Q;000000000;zrzen;t;j;b;x;I;Jih;qP;r;B;000000000
130804867;zghbv;1991;z;11;w;L;GLLD017;24;PX;uk;cz;Kg;VR;Nw;bl;NY;gs;ie;Lj;lO;wI;Tk;Ad;Mb;Q;000000000;hAaDN;n;g;s;s;Q;qJo;bW;D;B;000000000
930014188;ziaOU;1969;b;06;W;j;EJSF466;417;zw;ty;EI;sh;LD;TL;of;py;tl;Il;xR;Qi;FW;Js;Rv;WH;S;000000000;EFcWK;n;O;M;z;K;XNP;ee;x;C;000000000
750823403;RaTph;1970;R;12;C;Q;GELD005;816;QG;kF;CC;eo;Yh;cl;dr;el;dN;ol;ml;mW;KJ;Ts;sy;Qb;J;000000000;qGkPK;B;M;y;c;H;lsD;EF;O;X;000000000
840001895;RLdtK;1998;Q;10;s;W;GEQE007;290;QF;Za;Fg;Xa;nB;Ef;Lv;Rm;MW;Zs;vv;Sc;ii;dt;lF;WA;t;000000000;WPhAX;G;d;Z;b;e;naH;MX;c;M;000000000
290009851;cstvp;1970;L;08;S;h;DEQP003;997;dH;eW;QG;Ia;aR;ZN;hK;fq;Cx;dp;xQ;Gz;YD;QB;nK;uf;e;000000000;sqyLB;Q;V;q;F;g;lqu;YS;m;C;000000000
490009222;aRjIO;2005;N;09;U;L;QBFA001;545;YS;pN;fb;EJ;Sk;vR;eD;eX;xq;Qc;iD;so;fx;aE;LN;ze;s;760038273;grGWr;y;a;S;U;L;LvY;eg;f;C;000000000
520003674;zYpGP;1987;k;04;M;v;JQGD012;427;zw;nD;sU;np;SF;is;lI;Dk;PY;iZ;Tl;lg;jN;Lz;zx;mx;F;000000000;fkxVq;y;K;q;H;e;cip;JA;R;B;000000000
290008747;hgQpD;1993;s;02;o;c;MAQK003;491;LQ;Fd;SG;VD;fQ;fM;Pw;ZI;Ug;vT;zo;ru;yW;qO;fP;Fl;z;000000000;tLBYo;m;g;m;e;B;GUf;bV;s;I;000000000
450020805;tqFbW;2011;o;12;p;Y;EBQM002;112;EO;sT;dd;Qc;ev;cc;mM;fD;HC;oq;sq;Wg;ym;Qh;gL;YL;H;770006641;QCdiO;E;s;O;V;i;RVI;Zk;u;M;000000000
130050644;rzgnU;2002;R;09;v;L;GLHF001;11;UL;bs;pK;pR;aC;eh;Vn;YL;dG;GF;Jc;Wg;ak;Ic;iU;uY;e;000000000;UfUYZ;z;M;H;E;U;jxq;QL;W;Y;000000000
370003246;gFPcm;1983;F;11;d;S;ZBQK002;316;nN;vh;Pg;DM;Lh;tJ;Ff;GK;Nw;bt;lv;or;TP;cX;Wu;yR;H;000000000;LPRGp;l;i;v;s;X;wSg;Qj;J;M;000000000
050000546;dkXvV;2003;L;10;a;K;NFQK001;984;SI;qv;ck;Gg;ZN;Yy;Vp;VC;wj;dz;pN;SJ;uK;Cu;EW;Iq;G;000000000;NuHyz;Z;S;p;K;d;sxJ;rN;D;Y;000000000
120008446;mUJyO;1965;Q;11;F;U;DEQP007;41;Zs;MW;tU;Yi;gN;fI;pV;CY;sW;Od;yJ;sH;dF;nE;KV;QM;w;000000000;KxZvw;z;O;t;Y;F;qte;JE;S;Y;000000000
350046090;AFBDs;1965;y;09;U;G;AFLB010;392;XC;Rn;mC;gn;SU;QG;Iw;Ak;qU;vS;wL;qR;eD;bF;Ak;hN;j;580002780;elIqA;Z;N;I;A;b;kpG;CF;d;C;000000000
800019143;nJyRH;1999;Q;12;m;G;ECSA002;290;Jb;Np;Qz;Qb;CA;iA;xP;QE;Jv;TY;aU;aZ;pI;ka;xT;SK;w;000000000;lofKx;B;u;F;Y;X;uQx;XP;M;M;290005909
520001215;clBEG;1984;Z;12;j;S;JVJF004;545;tz;GF;Ip;ph;yF;ns;dK;eD;tU;Km;Vc;mm;XE;yK;md;zL;U;000000000;ZDYOj;e;z;Z;Z;z;SBj;Rc;C;B;000000000
290008655;sNIWq;2000;i;06;Q;x;YYYY108;528;lb;Xv;mA;Tc;Gs;dA;dQ;iH;lS;yc;bL;zM;iZ;gD;De;wx;b;000000000;CKyaw;j;v;x;n;B;uWK;Qt;r;C;000000000
750052276;Vojzj;1966;k;06;G;Y;ZZQX081;818;TM;wk;gh;pn;Gi;zb;OI;up;wU;vF;FR;VS;Ok;fy;Yv;Oj;A;000000000;NIfcl;v;I;F;V;d;WaD;nZ;t;I;780020665
130042427;PGQuD;2001;F;05;q;t;JQGD009;504;vu;cp;Bp;ll;ME;ve;Bk;yD;Ad;wQ;Ok;FO;Ij;gK;uK;yK;h;000000000;coGBb;k;p;i;L;V;aGo;dL;l;H;000000000
010787570;TfHyg;2002;r;07;y;R;DZQM006;202;Pu;qx;zL;WS;oN;AD;qZ;jX;Yw;Tt;Nt;AI;Ag;LV;aO;MU;c;000000000;yWfmj;n;g;F;U;J;Hwq;sN;J;C;000000000
130023997;PLdoC;2018;I;05;J;i;HEQE002;366;yE;ho;Gx;xE;lj;WZ;nE;vI;aV;Ht;Np;ac;TI;zZ;gv;gE;t;000000000;hUuGX;D;t;h;S;B;CVH;yr;O;H;000000000
020013306;hlFos;1978;B;05;c;z;GLLD017;828;YQ;oK;DZ;sA;Fa;pz;bk;yI;XK;eu;gQ;hJ;xM;gz;XL;IL;O;000000000;vPGbm;a;M;s;x;G;XZY;DH;E;P;000000000
760028191;YTiLR;1962;g;12;c;b;ZCQK004;319;IK;GU;oV;td;pP;iL;Uz;ao;dE;oD;py;Uh;yP;az;Md;Vw;S;000000000;YWJDX;O;k;h;D;X;QnT;EM;G;I;350006953
490011343;umYwX;1974;a;04;a;S;JVJF008;244;lQ;ID;FD;ZS;ij;pP;RJ;Ei;Se;oS;kE;jv;Hu;ju;zj;PZ;Y;000000000;lwpvG;n;P;e;l;W;urO;Nd;Z;P;000000000
060009610;EMyFe;1969;M;09;H;F;YYYY600;451;WM;Do;TO;od;uF;Kj;PH;WV;cC;eV;Wz;qL;Xt;oR;ED;gF;m;000000000;fENUY;x;J;s;H;E;VMl;Ou;z;Y;490010642
450019880;KbuPr;1968;y;09;y;v;JVJF008;425;xP;CL;YX;DV;OP;px;Mu;UB;DS;ms;OG;On;Ro;Ao;QT;Cr;T;000000000;nQlBQ;U;O;E;W;F;zII;wf;M;B;350029567
420001042;zbtuM;2007;q;09;V;g;ZCQH001;388;tR;FN;Re;aA;PQ;GD;zg;JG;fY;rk;rM;NE;BZ;CX;Ty;hs;v;000000000;EkrGE;A;Y;D;a;C;khV;NO;J;A;000000000
510010671;clska;1960;U;07;N;C;JVJF004;353;dB;th;Yn;aY;Ue;TS;OV;ni;WI;sT;xB;CB;AE;On;Lx;zQ;e;000000000;pGDal;h;l;V;l;y;MVe;ij;b;I;000000000
910020726;qINKr;2002;u;08;x;p;JVJF008;679;Lk;bp;OF;xU;Hf;Pp;Gn;hy;fR;xu;To;FD;vx;bW;NQ;QP;l;000000000;xWxiI;J;D;M;X;Q;LnA;NQ;V;X;000000000
600011977;kfNEh;2018;X;07;o;b;YYYY197;693;Ta;nK;qt;eZ;cS;ZA;un;lg;Uu;nB;jX;wG;Ua;Ri;ro;Vm;u;000000000;gxvdZ;a;w;V;j;d;iiw;Ep;W;B;000000000
750026841;wGPjp;1999;q;08;i;z;MJPA011;473;JT;pd;cX;zp;JS;yN;aN;dx;IF;VX;Cn;Hs;cS;Wj;sD;qG;T;000000000;KTVpB;p;Q;H;P;U;Sbw;jz;X;M;000000000
670002237;Zsvfx;2000;B;01;p;s;QZMA005;552;gK;Uq;SU;lt;nX;Hh;GN;UC;pB;ge;iE;qt;Wf;BL;gR;mZ;g;120008123;ngPaM;a;r;G;x;J;VkB;xc;v;C;000000000
310000807;ZXeFM;2015;V;10;u;u;YYYY020;948;mV;TP;ev;WP;bM;NB;Aw;Zn;es;Cw;kl;FN;qE;JN;dy;sW;P;000000000;QbqBR;w;N;t;z;f;SLB;Ec;j;X;000000000
480001965;mLtED;2013;o;08;n;Z;HSLD002;686;Ca;qQ;oI;Xd;TE;WO;sf;wP;oM;IA;TW;Xq;eD;pN;DS;qs;z;760037671;JHoFa;p;e;V;o;T;GLJ;vU;y;A;750003428
130010028;RAYyL;1974;Z;08;s;X;ZZNL063;365;kz;UQ;Yb;Ta;LJ;eU;fl;di;VU;RU;gk;Lf;Qs;Bh;Qa;GH;S;000000000;WFFur;i;I;k;d;z;AqO;ry;y;C;000000000
060014669;VwJdf;2011;v;02;s;S;DEQP007;864;EI;sz;aw;cY;mz;oo;IK;Ip;EY;cc;fW;cc;Tf;XY;rm;Ic;l;970205688;HyIFI;a;N;B;e;V;Iwm;Ef;d;B;000000000
550000483;RNMyX;2019;Y;06;E;O;JVJF004;33;Qe;jR;Ka;ee;hS;AT;iM;AE;jH;fe;Ag;jG;lx;ZT;my;aW;H;000000000;uPdll;G;I;n;m;Q;Gnd;Rq;a;C;000000000
950024208;vYxnP;2001;t;04;T;T;JVJF004;222;km;ZA;Gk;ZX;fV;SF;eA;Ne;nj;He;zD;TZ;Kl;tf;ab;mq;c;000000000;DZrjh;g;y;m;r;B;ZLi;Pe;h;C;000000000
130018385;oKIXc;2003;r;09;L;o;JVJF008;878;jR;iR;en;Sr;su;SC;yZ;cf;bA;yX;sm;Bz;Vz;kZ;pj;qa;s;000000000;IbAAE;m;I;r;B;e;nKI;DW;x;C;000000000
510001100;yHsBk;1991;d;02;B;m;GEQX002;152;QB;rx;Tg;nI;vs;WH;KJ;TB;rV;vy;cH;iB;Pb;Ar;dO;mU;y;000000000;rLrAg;m;s;U;A;e;Iau;FP;H;P;780805875
590021911;Pmxtr;2017;Q;06;X;w;CEQP005;992;KB;Ss;qg;ci;ty;Ih;iD;cY;is;HE;lQ;if;ac;ej;Dh;gh;I;000000000;OxqHp;Z;s;G;c;O;vks;Sc;P;Y;000000000
030001309;uiZkr;1991;A;01;O;m;DEQP003;889;Pu;Gp;BU;Zg;WE;IA;cc;nJ;Ud;FT;an;hq;RT;eJ;eu;jL;S;610005290;POPQl;F;W;p;F;c;oGc;My;e;A;000000000
670000132;Jwewf;2014;J;05;d;X;YYYY015;673;Fu;Qn;Be;xX;jL;Wu;Dz;fT;LY;Oo;pr;dw;jP;gv;XZ;mw;g;000000000;eCdlu;L;H;K;k;O;nyV;hT;H;M;000000000
830004099;Cwwtf;1970;o;07;o;U;ZZQX170;649;Pq;zB;KA;mh;iD;wn;ey;rV;sK;CY;DW;LE;gs;ps;Do;CV;X;930025945;nlnZo;u;A;I;K;J;gnI;hS;A;X;000000000
610002255;dUQrK;1984;d;09;g;b;ZZQN002;353;PA;gc;Zi;Im;nq;EG;AE;Ap;ir;Jq;Cu;hS;OH;pW;Wh;bo;b;000000000;qBDeY;L;w;m;k;H;AKk;Ak;f;I;000000000
440008308;rtFIV;2008;a;11;y;v;ZBQK002;449;mz;aJ;TT;XI;wE;ZQ;kB;Zc;xN;Qs;fB;nk;cH;hD;bI;Jk;X;000000000;JGKwp;l;u;T;K;N;qmp;Qt;T;Y;000000000
330059908;jGeUN;1981;P;02;D;x;CDQP012;971;nI;Vg;EP;Al;YT;AW;ml;Ee;bK;Rc;wm;nU;ro;po;YJ;If;k;000000000;DLXCB;v;c;l;u;x;lPQ;Tk;a;P;000000000
440006849;VEIbf;2011;K;04;O;T;JVJF008;236;oq;Fs;ou;xk;wN;uA;pM;Bu;UV;Rd;Np;Ro;KI;ox;bA;hu;b;000000000;UyZPx;l;J;O;N;p;uFj;GX;v;A;000000000
970111787;smjIi;1981;n;06;y;k;HEQE002;356;DY;Jh;be;RU;nD;TJ;QN;IO;Ln;iC;my;jX;EI;sK;TI;ON;l;000000000;kUesk;U;t;v;g;z;QNt;jD;N;H;000000000
840015085;WVrky;1983;z;08;T;U;JVJF008;712;dQ;av;nu;vs;Wa;Oy;eE;rz;iE;Ew;ZX;xI;Su;yV;PW;eM;Q;000000000;evfSG;h;l;B;z;A;XIV;Xr;I;Y;000000000
180009185;CmknK;1969;e;02;b;o;EJGA002;15;qZ;VY;mc;Ph;dP;VO;RG;nG;YV;sX;Cr;ll;Bm;QA;ow;JI;n;000000000;adBFt;g;i;v;N;q;JVe;YS;s;M;000000000
310014121;IktSB;1974;g;10;L;v;JVJF004;765;PI;FK;mW;cD;Sy;bo;im;Jc;vh;FH;Jz;mJ;LM;Kk;Yl;Ja;C;000000000;IplbY;g;h;y;l;H;eyh;EX;v;Y;000000000
970101267;WwyCB;1996;j;12;k;d;YYYY015;650;vm;bc;oW;Pb;UZ;Fx;xr;Hm;wA;SP;RX;zS;lC;hJ;Vd;Pn;M;870005683;LkPPW;B;L;p;H;p;KjU;Xu;E;X;000000000
510021454;qAEpn;1962;w;03;x;w;GLQP003;644;hY;xH;FS;IU;yX;Cq;RT;eL;us;nK;bF;TE;uy;to;JV;AB;L;000000000;lRxJd;n;Z;k;R;K;UYY;IE;x;A;000000000
380791848;yrTIS;1997;h;08;Q;x;HEQE002;285;Ae;Mv;hN;DQ;HK;eX;BZ;tj;Ey;RP;EM;Pc;HW;Zu;cA;Yf;F;000000000;CsPhe;H;v;F;D;Q;SDe;um;z;A;140006180
710004169;LmtsG;2011;q;08;I;U;JVJF008;204;nn;SK;GB;mu;hW;VT;nl;hp;Xr;WX;Ez;WO;ra;Mc;TY;gx;Z;000000000;dRXCM;j;f;I;o;K;ETX;hA;x;C;000000000
440054427;lNLJp;1966;R;06;E;D;JQGD010;598;Sw;Ib;hH;GF;Pz;Xh;ou;Ew;yF;Lx;oF;VR;Zm;hc;TJ;Lz;M;000000000;OBFdc;c;w;U;s;H;qqZ;vW;i;C;000000000
780808929;ClwZs;1992;R;08;k;h;JVJF004;815;TT;Le;rH;zD;RX;hC;JO;Ui;aR;dk;vC;BP;zP;wU;Wr;DV;V;000000000;reZly;t;f;l;W;G;gfh;AZ;B;H;000000000
670012327;fLlCs;1982;N;05;u;e;JVJF004;19;we;Pj;HW;BT;tT;te;zp;Yp;fS;Ka;gD;oS;kz;Ca;aS;wi;g;640006078;nPYZl;c;N;K;E;I;wYQ;cW;T;H;000000000
150002954;ZGVvP;2005;M;03;B;I;AAQP012;18;lr;DV;rR;Ty;uT;Dw;tQ;Yo;TL;Jz;XO;qt;XG;Sz;xQ;WZ;Y;000000000;dQrRO;u;w;m;v;B;IuY;gx;q;P;000000000
690010046;sfAqW;1989;r;05;o;u;DEQP007;730;Fo;cn;Ul;kw;wf;SV;Ai;me;yM;Gz;Ug;SO;MA;NF;vV;iE;q;000000000;WHlCS;B;o;o;f;t;OPk;zH;O;Y;000000000
060001179;bYrbR;1983;i;02;W;N;ZZML001;543;nK;vM;qD;gw;jx;Yr;zB;rt;ia;oQ;mZ;PX;AM;zW;eJ;CG;D;000000000;Goyxi;A;U;O;p;N;cpN;gn;y;C;000000000
610007593;HLrZM;2002;c;09;c;t;ZZQM004;808;Ea;ux;ye;cz;St;BM;ES;wZ;gp;HA;xn;xF;qc;lO;DG;XW;L;000000000;IhMDI;s;A;e;p;y;tFC;Jj;Z;I;000000000
340013556;SOgPF;2017;B;04;k;C;JVJF004;147;sX;tv;iv;Qx;nQ;Pm;No;ai;sG;qm;LP;SG;XU;or;an;Yl;q;000000000;NDbCj;k;b;x;M;e;gNa;Ar;d;H;000000000
950005793;HnsED;1975;Z;06;y;S;ZZNL063;233;oZ;zz;nw;CM;Sx;Mt;We;nA;oZ;Vm;ig;Ad;bS;Hy;OQ;XP;e;000000000;lSHTc;O;K;k;i;y;wpj;BV;c;A;000000000
920005857;VSgQW;1980;B;04;l;C;ZZNL065;63;SV;ou;Sd;kz;bp;JI;IH;pT;sz;mu;AU;cU;cf;kc;sz;MA;u;350022687;TgOVf;m;T;q;N;v;ZsN;DN;u;Y;000000000
420003501;PByra;1968;d;10;a;E;ZZNL060;134;OL;UA;OI;Mb;kD;Vx;yl;Kv;Oc;lP;Yo;Jj;sk;Bw;LM;Ge;L;000000000;VhYJE;s;X;V;e;E;DXn;QU;G;B;000000000
420013591;srnGQ;1991;e;10;r;z;ZZLF900;918;xW;DN;Qe;cg;AE;aM;Gt;mD;Lo;LC;Xp;tm;QL;yV;yY;bi;z;290020932;aObhq;G;q;Y;t;J;HQK;oB;r;X;000000000
170025589;YXLNF;1992;a;06;N;N;BGQP007;201;Dh;HT;uI;aW;ki;hf;nD;fV;EC;bo;CM;BD;Du;ip;Xv;FD;i;410009518;KNCwd;y;v;s;T;l;nZR;NS;t;M;000000000
380798074;gILUE;1979;i;01;g;t;DEQP007;605;AU;Rd;si;Pp;OV;Zz;VI;sP;ct;bh;GU;ZH;hg;Gf;aC;uu;Q;000000000;AvuCE;b;F;B;N;X;AFy;LM;Z;I;000000000
420001356;tBKkK;1970;Z;12;E;i;ZZQX147;241;Qz;gn;rM;Ip;oD;OL;GO;YB;XM;Jy;Sg;ox;Kv;XK;od;SS;n;000000000;jyItW;U;f;Y;P;n;wXG;xm;Y;C;000000000
720000660;alrOg;1972;k;01;J;k;YYYY260;408;AS;HI;xo;Yw;fn;ma;FI;cF;Og;ec;OL;le;ic;FU;tL;oy;Z;000000000;oPYzV;r;O;K;i;I;pvb;ZW;O;A;820000040
850016924;kMbIR;2018;U;05;S;G;JLCA007;227;Os;ge;hv;lo;XF;mx;nW;bJ;QX;uw;sU;Ky;aF;Xj;Bd;iH;s;570005728;JfMuW;E;e;z;W;n;bQB;FY;s;A;000000000
770010239;dUaRz;2007;y;06;d;Y;JKDC001;376;De;SV;aC;lT;NY;wf;ew;sI;ae;Ul;cY;wh;yW;GV;FF;NA;E;000000000;INbNu;k;e;N;U;U;CSn;Sz;P;X;000000000
870018744;pAQgY;2019;c;12;Q;x;ZZNL063;335;jH;aT;GB;iv;OX;Rf;Qr;kM;hH;Zj;Ro;Ur;Ra;CW;rk;WG;F;000000000;Lxida;F;D;z;r;r;sUy;aI;K;I;000000000
700002405;cFyPg;2002;z;04;v;w;JVJF004;818;zj;xb;QA;Da;Uc;Ff;vA;ro;yZ;ZU;bI;IG;KW;Au;DQ;jf;x;600004006;JyuJS;V;m;l;p;Y;bra;TH;W;I;000000000
590022992;Ehhbh;1989;j;09;j;b;JVJF008;498;PP;GY;iR;iN;CK;Pq;ML;jW;uR;Je;Vn;pK;hI;ze;lr;vG;Z;000000000;UmizM;C;m;g;r;N;rhO;KR;x;M;690781943
640018602;jiTtH;1963;R;09;G;l;ZCQJ004;637;gq;xe;jk;kz;hq;uW;RZ;ji;Yl;ng;Ke;PP;Ey;ne;IL;AU;v;000000000;NAFxU;A;R;b;o;L;fAg;cv;f;A;000000000
790001523;YWVLP;1995;i;12;K;I;ZZJJ004;934;gE;JT;vB;GS;YQ;xv;MW;qO;hW;BN;QW;PM;XQ;La;dm;hj;r;260007547;XEKEr;B;H;c;W;u;BGA;No;E;P;000000000
340003441;Mjgtz;1971;I;12;V;T;YYYY405;925;Av;Lr;bo;MU;Em;jr;Vp;zI;Xl;bG;yR;JT;yR;og;dX;oD;g;000000000;yQFIZ;a;X;H;X;Y;WgS;Tu;I;C;000000000
760804369;ErCGb;2015;E;06;H;X;JVJF008;312;Ro;cH;Sb;JH;iY;wB;wK;HF;vq;QA;Ez;XB;LW;yr;CJ;DA;J;300002821;FxbJI;w;T;B;G;Z;RnG;Gu;D;C;000000000
920030004;tBOxr;1992;J;12;z;h;JKFA015;278;OR;BP;eQ;De;ZD;zj;ok;UF;cV;pc;xN;qk;Gh;pi;sd;yY;f;000000000;KBgUX;E;b;R;p;y;lZq;bz;D;Y;000000000
110788023;LnlUm;1976;B;12;j;j;GLQP004;326;sp;Na;Qn;fL;dw;bK;fd;PO;Iq;aT;ls;ef;gX;xx;gp;Sw;w;000000000;qSSGO;b;C;n;y;T;Zrl;PO;h;H;000000000
100009257;CmfxJ;1968;G;04;w;R;YYYY481;9;Em;gd;oY;Xi;lG;gL;Zl;jA;rJ;db;hB;gd;Lc;Kq;iK;im;B;000000000;wPGYZ;p;G;e;g;i;vxL;BI;j;Y;590044103
060002375;eBbAt;2004;w;09;Z;C;ZZQM004;995;vL;ow;rE;aN;wk;PJ;eS;AU;uP;fQ;ni;jH;nf;mg;kb;XF;w;000000000;NPIjK;O;I;n;t;J;XHN;tC;Z;B;000000000
640011383;kzvaO;1963;B;01;m;R;NEQK010;130;Mf;vN;Zb;XP;YB;zM;dE;Tq;Ld;PV;vO;kj;BL;bE;OI;Ia;l;000000000;SEsHI;d;e;S;h;v;hgy;Xr;d;Y;000000000
100004431;UwnLJ;1970;q;01;I;u;ZZNL051;69;ZB;YL;Gb;zj;dW;ND;Ud;kw;hH;OT;kK;nc;pH;SZ;zd;iF;p;000000000;LfJlP;y;X;u;O;F;nde;Hy;A;A;000000000
550002802;RApkp;2001;y;12;U;H;ZZQX069;139;LA;os;Vj;nS;fG;up;DP;Ef;aa;Dj;Sb;tq;wQ;xB;EP;tE;s;610002743;dfeUp;U;X;c;d;l;DwS;Xh;l;A;780000386
460006794;nsZqN;2018;g;01;q;x;AAQP011;948;IL;AX;th;Uk;Kq;RC;Tz;OB;Mu;Eh;TI;ly;vb;qN;eO;pC;u;000000000;cgAkl;u;y;k;H;e;PcL;Zr;I;H;000000000
570027664;muipZ;1967;r;01;Z;p;DEQP003;463;vK;iy;pJ;hn;wl;Kq;lm;YS;jq;Vw;Eu;mE;ev;Mt;dS;eT;Y;440032431;dYycR;x;X;O;Q;D;jkS;tT;g;B;000000000
800001505;MkHmz;1991;i;12;t;d;QZHA001;17;PI;Ka;kQ;PS;Ak;OZ;em;Lt;gJ;WK;nJ;Lk;rA;xn;UQ;Sw;U;000000000;jHwpk;H;b;v;t;i;Jsn;Dm;a;C;000000000
260001342;LyrxY;2013;O;11;K;f;JVJF008;916;Su;cX;Yl;kQ;gX;ey;CZ;cS;fc;hM;lo;YU;Yc;SV;GN;cc;H;000000000;DpOkf;J;w;n;S;S;NkI;ue;s;P;670003268
690007240;Swgcj;2005;x;05;y;r;PCLB002;728;Jc;EH;IB;nl;LD;Jq;Ji;pW;At;yW;Ce;Xi;lw;UB;dN;MY;n;350022133;PHtrP;h;C;k;v;g;FAA;Ct;r;P;000000000
930011630;FJtnD;1979;A;05;Z;t;YYYY128;392;Rd;Ar;YQ;Yv;vB;Oz;Fg;pj;Dz;JU;yd;Yj;uN;qq;nA;GS;i;000000000;qGfXW;B;h;X;L;G;mKF;JT;X;M;870003886
290036664;uXfms;1987;f;10;u;q;YYYY300;223;Rr;PC;hy;DC;Aa;JE;VN;jK;wC;VG;WY;qV;wJ;gg;aW;Gd;M;000000000;ARrcC;C;v;S;S;X;vmo;RE;T;M;000000000
420004368;tfpRj;2006;i;09;c;m;BGNP003;492;ou;bs;IH;IF;sW;zJ;xb;od;xK;Kh;Be;ms;iB;sw;Ie;uL;Z;000000000;WzuKf;f;U;c;s;p;tSD;iz;f;I;000000000
950039743;uApSW;1968;n;02;K;m;DEMP002;152;En;Cg;HP;Zc;xU;jC;jV;GN;Zh;hD;er;kE;OV;tS;iD;sn;o;140004904;wpcvn;z;m;p;j;B;MgV;rj;y;M;000000000
660001975;kPmBo;1995;k;12;o;l;ZBQK002;742;rw;YD;jM;Kz;AK;wb;Eq;LV;uo;jy;Tn;Mt;xu;Ov;ao;IG;t;000000000;NbXyA;K;J;h;Q;w;Kmg;NJ;S;H;000000000
750813651;weirT;1975;E;10;q;r;GLLD017;567;FS;ns;mF;uR;mL;BJ;xj;Lg;jh;oK;Bb;If;Hz;oJ;ob;zF;x;000000000;xplRE;K;e;G;N;l;vzH;VO;V;H;000000000
590004529;zzghd;2000;e;01;E;p;HBLD101;205;Yh;fL;UE;cb;ds;uz;Tt;cY;ve;Le;sq;CF;tn;EW;cJ;Zh;p;000000000;wtDFb;a;D;a;V;L;iOK;ES;e;X;000000000
750028474;BKAcu;1984;Z;03;b;C;JVJF008;78;Mh;fS;Yg;pP;jz;PF;AD;mU;vm;SQ;Ii;JT;bf;iO;dq;ei;k;000000000;PSCpf;j;W;D;K;y;noA;zA;n;I;000000000
070002258;ecSXQ;1988;P;12;i;Y;GLLD017;276;lR;lv;FB;tj;mw;Sg;IB;gw;tm;py;uY;EQ;ey;nL;rh;De;M;000000000;iMnsm;z;t;K;E;q;RrX;Ix;M;P;000000000
420001836;AyQeW;2017;w;01;B;w;JQGD009;317;kK;jw;Kw;ZR;bt;UA;tz;eA;Wg;kp;Nt;Vp;iY;pf;mk;Md;Y;000000000;ftzKd;e;x;S;F;I;Rgi;qE;M;C;000000000
260000054;kcaTz;2003;h;04;b;H;JVJF004;968;YC;rw;FK;aX;pU;Qu;oh;ZH;Zy;QJ;ux;ow;Uw;wD;ih;Tf;Z;000000000;pcFvS;p;h;o;q;A;YXt;vb;S;Y;000000000
620006403;KtAMI;1979;E;04;a;c;JVJF004;876;wG;cV;UF;Cf;GS;WK;vE;rO;fn;Ao;xZ;wz;SA;qG;Wd;hY;s;000000000;yYsqa;L;l;r;Q;f;Jen;ND;N;P;000000000
290001957;kxAMU;1984;W;06;K;c;EJQM001;217;MI;lO;zL;Wr;of;HQ;Zh;Nh;cG;zy;qH;Sa;Rf;RM;Ox;Wa;o;000000000;CSkvc;B;n;D;v;D;hNN;Zv;r;I;000000000
340011154;RMmfn;1970;v;05;F;Q;GLHF001;161;AR;bz;bs;um;DW;gO;Zu;gV;sL;RB;fX;wl;Cy;QV;aq;NB;m;000000000;IvoAr;p;u;m;e;P;AIz;vW;z;A;000000000
910007764;vlmPr;1973;i;05;j;c;YYYY600;726;gz;Vu;en;Ek;MY;Qp;xJ;ZH;AP;se;EJ;lL;jz;Ah;Uc;WX;j;000000000;jqIMe;m;f;g;l;k;jtF;tO;E;M;580001360
590815924;pIlWF;2009;x;02;O;J;DZQM006;350;vl;Fe;Pt;hX;fk;Qy;bZ;kv;IN;SV;Yd;Lr;eU;ct;ag;Ti;N;000000000;jKdxV;Q;X;y;O;G;jRU;oR;l;B;000000000
080000664;ludFs;1994;R;10;i;l;LDPA010;639;OF;FA;WS;Ih;Yr;AE;Jh;QD;Yx;HA;qT;fL;XW;ep;yj;KW;I;000000000;gxepT;m;Y;l;G;g;bLl;we;q;M;000000000
830002135;AhMNy;2018;D;08;n;U;ZZQX122;483;dn;Pj;sb;mm;gX;zK;Fq;XA;xP;qn;KD;vg;gV;dI;Ty;Db;Z;000000000;CytCt;J;K;m;x;b;mct;aq;r;A;000000000
350039632;LwqYf;2014;I;04;a;K;HAMA011;382;wj;hq;TL;Qv;nM;gy;Nv;Re;pK;Gp;Ji;wD;iS;zM;qQ;ZS;o;000000000;bwKtM;R;K;f;h;Y;LyI;uN;D;H;000000000
590019642;TDsNm;2019;B;10;S;i;JVJF005;789;sp;Kp;CU;JB;TC;CW;PF;Ca;GK;hA;nE;yr;iZ;OB;UP;xp;h;750064172;dVHLm;e;j;h;y;I;Lzx;Oc;B;M;000000000
060018900;GKKEx;2006;O;03;w;Z;YYYY015;902;QN;eD;zr;QJ;Ax;RF;BK;CX;Ai;LR;Ia;fM;wX;iy;Ja;YY;m;000000000;PtZnX;o;F;C;o;n;nre;sY;x;C;000000000
170020549;LbbaV;2017;H;05;Y;G;JVJF008;567;iS;WJ;SN;Pc;mL;Im;Tv;zO;ck;Vk;kr;XO;hF;lq;KW;eL;U;000000000;Mwbkq;c;c;M;j;H;Qaz;eL;D;I;000000000
670792464;quQrl;1968;Z;01;o;g;BGPP002;906;QO;yj;PL;cW;yg;ZO;UD;tI;Cy;xH;fu;yK;ek;Kr;gv;On;l;000000000;MXCcZ;a;L;a;b;P;fbi;Wz;I;Y;000000000
590048310;CBoST;1984;Z;03;i;R;YYYY152;441;gY;gL;PL;gq;Tu;MX;go;Qm;rV;Xe;at;hd;MR;iC;wC;TY;s;000000000;aRvRl;m;L;T;f;d;kyM;kQ;F;A;780001566
910020080;VbrRB;1976;c;05;y;a;MGQK001;347;tM;qi;AX;QD;ya;oi;Of;fq;tz;Bp;Ll;jW;GU;Tc;aL;ud;E;000000000;tdCAN;y;C;l;X;O;ZXF;LF;d;A;000000000
970304713;OtgKT;2009;g;03;Y;E;JVJF004;155;wV;yg;di;wL;DC;qa;Lv;gr;aB;vO;iN;mE;GL;OF;pW;Cy;W;000000000;NudKl;y;U;K;z;r;vIl;nx;H;B;000000000
590780045;urkln;1960;H;04;p;A;HBGD038;918;EE;pt;oe;BM;Zd;pC;Wt;mS;Lr;ON;QZ;iu;jn;HX;Nx;zV;H;000000000;kucuf;o;g;Y;U;B;WnZ;Nj;w;A;000000000
150002335;btnhR;2000;M;02;N;i;JVJF008;605;hD;Oq;HS;Ff;pq;ow;LD;ue;pn;FI;Me;cg;fq;GF;Ns;Ip;A;080002090;sZRZp;t;V;S;w;h;fgu;Pq;u;P;000000000
490018496;VnPEY;1974;C;01;p;U;EBQM001;109;fU;fe;kA;za;Kb;ou;JR;jx;DC;ul;ds;UZ;gK;VG;XP;Sr;K;690041694;lxNWW;N;s;Y;b;K;Iiq;Sf;o;Y;000000000
170010979;fxeko;2010;o;12;x;v;JVJF004;635;Al;Dt;Tc;MS;Vr;rd;KL;Dn;IQ;Do;Xt;Bp;tI;VK;zE;Ez;P;000000000;ouOrM;y;U;x;Y;X;hMO;Oh;P;H;000000000
750038051;bRzWR;1991;o;04;B;e;JVJF008;63;Xj;lX;DK;km;oq;gb;Us;lr;qu;TY;iB;Ak;SL;iv;De;kP;r;770002228;PIxDC;E;p;S;p;i;TFV;pQ;R;P;000000000
900004516;NmgvO;2011;t;12;T;V;DEQP007;551;Cx;SC;jm;xn;wL;uY;RS;Xy;uS;Tb;tn;RJ;ow;bs;pA;oL;E;000000000;OXQdO;i;W;D;J;u;OWF;dN;G;C;000000000
