ETA_NUM;RSA_NUM;ETE_GHS_NUM;GHM_NUM;GHS_NUM;GHS_THEO
880001052;1716304685;2568;PciRmf;UdTJ;ScNb
920014503;8147421652;643;WUZskZ;mDkN;vBwy
660007469;9739786668;3437;TiCCdp;TQmk;TwYB
720017292;8625790623;8854;MKIKgF;NdmC;TiTK
440010742;2945320926;8999;mVgaZM;OQpB;PAka
780825634;2097101881;7319;IoHDDs;vokf;PEmZ
170014237;9070708361;4156;nMWZqD;jHZt;fnHc
640796231;4698629456;62;fqeCgq;cAEL;TugQ
140031485;3199971684;4695;rgzUXM;veGE;kmYl
950000281;2150642934;7521;vebgqT;Ecsp;kEYs
420014862;1898118829;416;IoWjKZ;dFHo;lGxp
730000346;8614034056;6565;jnHfNs;htcT;InRy
360002620;8146608882;4123;DLvoHX;McGY;VLKr
970400263;7940053675;7428;ANfbHm;FzCT;pLyx
760017624;2292006005;5831;iLWEUu;eXwl;MlYK
380801167;3320964094;4501;KwXDIF;jIev;VArg
620013300;9517132963;9423;XJHBbB;uPcD;KgxZ
390003333;8021066634;4222;tqJABK;kVeu;jrny
780015889;6075993044;7447;qvaqFD;Gzev;mRGa
330011719;9863293206;6189;IqXrQV;ZRfW;gMhg
490010386;2344712436;797;xJVnbY;GfBw;uhyC
950010728;4844666093;285;UieXDQ;jTVI;DNLz
750063976;3229538629;6089;mfJSxA;QhAv;UHIF
780806881;3811388931;952;xVgvPC;yZDK;uqZc
850002577;2708610446;7685;OAeOqO;PKkd;bbVv
570012294;9356894004;8350;EUKPxx;QFUt;EVtl
510023005;9882186078;2188;vneMOM;rvNM;avVa
950013086;2986029297;2123;uoFdiD;dNph;uJfn
230001224;9779684765;134;yvKNAW;gRFS;RoZC
970209052;6679099569;6617;zcArDG;FdbO;XdDI
670008226;3802039958;5417;RSgFyt;gaLe;wHkv
100010966;6654983647;6888;RfkTyo;XNHk;Dpok
070001276;9694744465;4292;XAhjYp;hEkF;eNub
600006910;4942929610;3599;qKHAaK;mlFo;Wugm
020001582;4750139193;9063;AVstlz;xLnF;thGe
520784398;9630984644;8146;skOYIR;VNCq;BvuR
580000131;4132869392;3176;RSPqhF;QozQ;Cqpp
770008167;9343452292;8648;AGOVtZ;xQle;TCIm
560029639;1944933520;2284;bgfqPH;llAc;mDKA
240001438;3924993936;9606;ZHSzWX;cwCA;HPsh
970206546;2246470967;7844;KKPiCl;wDuX;aEHc
610006934;4757660155;4754;MEVzYb;yado;xuBk
640004966;2634543265;8663;eorCnB;BAej;fgGi
930028170;6323208424;2697;XLwvRw;FwyQ;WNPN
210011961;3571026253;2210;adpQQu;Rzrf;HGCe
440046266;6956007676;1966;MUjUtS;paHs;qEnt
830021036;9093617392;682;KllCJI;OFwX;rPPp
940806409;8084357559;4861;Wesrhu;Gchp;gupJ
490004363;9611018554;8542;ITcRzl;uEAM;bLig
310028584;4194582974;212;BzWRIy;dlmy;hRRz
750007759;1266995457;7744;fHbyWH;YIIJ;JLWy
590014940;9159686670;3168;lRUvzM;Qwlq;gUYU
920016656;1062132475;6906;UPArjD;mpVh;QhKj
060013406;1669311540;1825;kupzdE;frso;wdQq
360007678;4011930975;6503;nODDuw;AifT;UWBm
660003443;1374280258;2029;CcLgzk;MtBK;AEQx
440028223;7650658872;3730;bLmzLW;CJod;qhUW
830000253;9982414405;6521;BhueUF;fKgG;tjgC
250018561;3399091680;1323;oCdhyN;cIKL;kAHg
130002009;6604422362;2850;hCFqOX;TGZZ;DcKc
590016242;4382307295;7697;CoKRaq;wkOj;LrsJ
180001927;3517247657;2036;JRjYLX;iVVk;cxcZ
760807289;7075418220;1371;uRVKjI;bTlu;Wdpn
740007877;5038171814;2387;RACvOc;QYLW;zQfb
720017813;7761679192;6552;mehrBJ;Dvki;eukX
560015380;4565604403;2242;cUkQJY;wiPx;AFAG
290003326;8457782981;520;BEStCJ;cvft;Zpph
130804768;6644887369;683;SxJnvI;RQtd;aSzh
760780056;5852455617;7216;CAvLPt;DjuF;PSFp
090004441;6614201521;9963;NfhRfW;iWkb;SHyT
970103180;1421911481;2317;hrVcOY;cFhj;GDdy
390000685;1895334279;3191;qimRtp;aHDs;teWt
570026476;6572510638;6151;eyYWXG;GPBl;aoUk
860006477;7678962596;9115;emEfmd;JyQP;YpfD
560020836;9023268427;7284;srgnZz;KtIQ;owjd
350003760;4934650325;2972;vvzKVR;luXI;kwfr
330059544;4235239931;4197;WAObbx;xajV;BHPh
310001615;1702041638;6806;nbwTvS;xLys;RiSs
370009540;4821570756;854;cEsmKC;jQNx;yyQY
330055542;2337657031;7567;mVWnPw;PxeT;YQjr
600009500;6966303570;5272;cZudNi;GJBm;QEMI
380002964;2508201329;5506;nPgYAB;ISIU;nZdL
780005666;9975352056;9415;WvKvmY;Lxkv;GAIP
750013005;1335884378;7417;AKuhey;ljFw;Ucgh
750004095;1204025441;9501;NSoneD;hSRr;JubW
210013231;1304170447;354;lxugfN;bNFM;RMis
130004252;5718948806;6845;DkaUXe;lftO;IdoH
710012634;9654981944;3569;xvjRcl;PSCn;JwQo
330047887;9678884360;9498;tLAazH;vcOj;kMDO
770017044;8946854042;9486;SwAvUQ;hoaC;CPyV
470003211;6390975627;3940;Gwzdmr;xCCv;pDBz
340010875;6408828500;2010;zSximf;EVob;GbjU
720014117;2084015049;8855;DdOMus;rLoA;ozjT
740004437;3381405760;6076;yiYouc;sDqB;cZUF
780807673;7783457361;9450;nnWXMk;BQAh;peJU
630790111;5335592576;5153;eUdDJf;XGZG;ZxFo
240000844;9676163804;7500;jDXlgm;VgkS;eKxB
310001458;6648327252;3858;BNLRFq;GVOM;pSGr
940008394;7874141846;4540;MgQxOU;asWA;OUNA
820003432;1016962685;1286;XYKwun;Kryb;urZq
540021482;2021708964;2616;DrqfrM;FJYe;EINk
470013046;5033891129;1064;wLlcOD;bgSa;sFTx
970409330;8349368558;2814;wgyRFZ;sJWJ;xIyT
740002357;4392314900;6798;nFwmqa;AeUu;WdGL
660011149;9540219335;6879;cOFeCh;WajG;Riqh
660790056;1925794360;5455;AatyCB;pAPq;bejB
560020109;9560156797;8878;wikUPz;nbsF;PmcV
490020112;7318471454;5107;kltIHb;WIpu;StHT
280004292;7386051485;1942;cYgpgK;fBum;xDwI
630786788;8683604822;1303;vAPrII;DBee;HJEB
570008508;2263380680;8762;iTCBWc;EASh;JtCB
180003774;2811961410;6771;WGyoLf;PWkK;ZnKM
450001318;9190636977;6535;HxJwfA;zCGJ;FeaL
060017050;5878757351;8405;qCtjrk;kFSf;SKef
590027215;4152048412;2122;yjECAv;RlgP;rgfK
810100982;5204330066;7112;YpEmIn;FrEK;uxPS
930023254;2490270248;9683;VReUGR;MZQL;frUV
970201323;6140028003;3738;xkWJVk;AFEN;rgzM
530007244;3987612072;1172;gSSsht;QxMv;xedN
280004631;6739444677;5907;PXRwUj;zcBE;NocK
340002690;6464835350;1973;QDYSKU;TNkv;sunH
600002877;3747103589;3630;GlgtbZ;neZD;Hyip
630006138;7451791650;1750;RdrydK;WflH;NoPE
790001705;7622113008;7982;UbMIqb;sjkP;cUqM
580004323;3492848839;3365;nlCTRC;lmaW;neKy
650000649;6989572375;7519;JPGwDu;atMB;OxaU
850028556;7837250984;9370;MTGfUY;qGUz;EZiC
290034206;5518412681;7489;pcyFCI;RqYa;eXGq
780809174;2111483802;9567;DGuiiw;exUJ;SJCP
560021420;1566756135;9127;axeMxA;cwPL;sjvd
480002328;9303094663;2241;qLyYFg;JZdf;cywB
330046087;4666808217;257;RaIaMs;UZoa;zcOy
770011948;6227347123;8765;ZHBKtw;DCIc;yWaE
340005248;3494583706;3628;lELqHO;hzzz;PAHV
760022764;2243962186;6567;iLwDib;usJR;kuiX
750031031;9866924557;7369;MJsduT;dBEP;jeiA
630787448;4753531225;3574;yTNmIl;DGId;SJzb
220001978;8772115207;5956;nrYIYL;IWxh;WZtq
790019012;9598277863;9221;FiPvUR;tAcd;lisC
680006517;5842794187;5118;oZvydN;NDlq;XUlL
850002585;9245952643;7818;SGfBfx;KtxY;gkKK
630008290;5913182687;1344;DlzMYt;DzBC;CnkY
680016706;3534030554;5369;nXiBrC;VRZK;yUgW
140007998;7622442069;1249;fVJycL;hJWm;IYdA
130005721;9846788950;6125;PFTnkp;bovE;CELc
070000914;7369533427;2431;avUQDj;BXkQ;gayy
940012685;5472076577;4149;XzMsFG;HWkP;pdgg
930028394;4323623562;1903;mynLYb;rCat;FlGX
590052767;1062013996;473;npMlHU;tvaJ;PlUi
350004560;9050757157;8568;JHMbnn;rQOW;whAp
490021631;3927469614;8591;yoOJbO;awPD;QUes
590003497;3126071829;9954;UpdBRA;oqcr;byDd
910009992;8212144448;2336;Yvytfp;RMbQ;ZuCK
330794876;9517896370;712;krXKPC;IJLe;bBIh
760018978;9074867589;4554;biGRcs;ZTQB;ALvD
910003615;6436299505;2676;tqFdxZ;YxBJ;dUyW
710977836;9326542574;5714;tMoxqo;JQqR;PUkI
350039947;6172139711;6109;kplzzq;xhPO;sxOS
620007401;8510261180;7936;CXnYEf;Aklz;GxEt
720000660;2405035866;6901;mTVQwG;dUdY;fjnm
630006674;6822643319;5814;yMXnsr;OeBH;vWng
130025711;1852070574;3694;lGkAqJ;vgxG;QpRJ
070784244;7775903937;1077;PRyZUy;NkQo;Qjay
510013303;9263262408;7968;zxklJE;AQPL;eFWH
340005461;8985103636;3979;IrvEZs;rfxQ;rVpv
120000021;6848946082;2905;WErJAG;LmSx;smLl
520004516;4888262234;4853;ZnKbSm;vDiu;GSzH
370015224;3439817959;2016;lJEtpx;KNQn;Qfom
680019528;7379884395;6707;ZLrjpT;bJfk;rytW
180002354;7731127790;6602;BgVJJU;ToCA;MBov
240011908;9323608082;5118;ZyzhGv;mBXQ;hZMj
840003123;1142270872;2944;iUCYfL;ZjhS;ilOB
800000804;3614410322;3893;AcAQYe;rIZW;lqQy
280004789;4881345480;7987;GtUQTQ;IRTl;hgNU
780001574;4727018786;8078;xYDgXJ;gdkm;vUks
850001058;2565203087;5002;UEciZy;RtbB;jxkq
330050832;9223293820;6436;anwIRs;oIpg;tZCr
300013257;3643108352;1736;qLtTdC;LLHR;SvxJ
130804354;5830004888;157;soGKgj;zHbi;JkCT
560024960;3515202081;3402;LrnTxt;Ytqx;vxFD
330060328;1549673110;7815;bdeewY;enyq;ZZFW
400008694;7509703623;5054;uNTtPu;QEQB;ualz
410004543;2527773150;8727;mNlhZK;iIXN;ChJR
340020973;6911474553;1358;YIxVaL;Fxao;nBJk
130036825;6141271470;3741;svQGTD;ZedD;cDUY
330046459;1346238979;8444;AWHyuL;Ipwh;ETCU
340025477;3281935777;3914;DJzZgx;fVRE;Eftz
220002497;6069665083;5990;iUrhbb;Tlrn;tJfI
950011866;1296885190;8879;mtEQSj;uOxT;DRlx
770016640;1666292599;9522;CYRXnz;TRoC;ZcTO
660009010;9086383465;538;hygMWP;SELt;qBQJ
620026500;6421387373;5567;GBsVys;AdOj;tUZU
920017837;4159779398;5289;TjgeLc;GhHU;fNfr
940019235;7623212277;3839;mOSWos;UZQF;cWVH
110008026;8013448775;6454;PGigeA;KeMu;YMou
250009321;4920129341;2113;ChmseX;FYUC;WnBB
620009217;8931420792;2674;cdLvKe;NWtv;ggMP
830002663;7717363574;4957;OvqqOv;sIxT;rfiz
940023401;3302403634;7977;HEjBfY;SUtG;nRCm
900000472;6074991617;7674;NyEOEZ;qjMm;ZisP
120004486;6175281581;6528;OOKihb;idCJ;nWNU
360002273;1015585192;2951;cHvwoN;KWMe;rnwA
500001896;1005844575;3330;AglpAh;EQmv;zqVY
330041922;2678860059;7472;PZDtFh;NRqm;sQlo
620002493;6351038601;6368;NrqEgf;cbBk;sPyD
010012144;2742532728;6270;AviWns;RYSe;KJVh
120002787;5827438859;4566;qfLyhj;VCPb;Bnik
350013033;2847540540;4883;RHmysw;PUPG;DAAx
920016821;9412612009;17;wrUHdA;XopH;rGxh
680002748;8983772211;1273;EUUIgz;OHkl;cnmP
060003274;8945140966;7761;ZNPVRN;ruEY;UWwx
880007232;6632726682;2884;Xnzshy;OqrT;Bxlj
770008118;7747882218;9425;xWJLJQ;CYeS;PoTs
380012427;1606100828;4172;ytASUI;hxFu;XIjl
600011092;4284880818;2970;tvqHcq;WgJu;TDBA
870014800;3801213555;7238;dqPWts;qZYx;vxxy
630003911;5501711260;8117;ErtvVq;jRrb;yNXA
670015882;8644228853;1778;ANoJKC;CslH;lmkr
840016810;4106555613;9789;eyBBOC;glgE;zquR
640792248;4599488734;9299;XKxKNR;CpBo;aLOZ
640797395;9226209687;2120;DqHmQJ;ELXn;Egpk
750033243;3398775565;4930;tiqZun;svvz;DOzG
510020704;7522166405;4117;akaMOF;uhsR;YxGp
620021618;4161850460;1721;RzTHcS;FbtU;qLCt
640002713;3469012982;4237;PNhsGC;woLg;caXz
420008203;4888468417;983;PhQYAX;aodV;uDhe
920025087;5917813236;7799;CaoWvz;fUlQ;bYkm
420010365;6332361380;9658;ZnqbPB;qpLJ;jsDO
690020490;9308934026;188;VeBBGP;DCyQ;pldE
580003614;2257029036;7251;HuQMZI;Cgcm;SzHM
230003675;1893226104;3455;FIrevo;oKYT;SOAP
740785605;5208698518;5057;nBJvQl;dNLX;KkhQ
770006617;4807040524;1930;jsApkN;CmvM;vKiQ
030005334;1604370573;2133;ZXpboK;KUfI;oniW
300009222;6726246217;3129;LeQkVA;LRtT;gfgq
800011041;4020202063;9555;NDmeVO;Vzje;nLAM
330795139;6214988177;5364;csxSNV;MIyP;GmDI
540025285;9790427864;7239;LnVhlu;HyLr;neqC
750060238;7041395596;8877;YaHfRg;zwVM;PIcx
380000802;7290968894;8421;DwInuR;zyFF;Dmlm
060026069;8213277794;4115;ryhZOH;henF;xMvJ
440010668;1813030111;9302;yyXiZz;nfmy;elCB
700002900;4884653198;5283;snEJDh;sMoY;wxbf
720022169;5821109074;8083;DRKvVv;rJcP;Sona
850006115;2372488729;7461;Iywwfe;kigc;Gsuw
750035891;6261318422;395;jIBoVR;kwbQ;rRzI
060002474;1134284649;9496;CxfTip;xdVt;BMzZ
850019092;8152021205;4800;TvKfbc;uSeN;xIdW
510001035;8206706176;1954;XqypKN;PYKe;RwYJ
630000701;8632201551;3602;RTYbzv;axNW;jEol
950009415;6392135929;5207;qPURzm;Alfq;YXZH
