ETA_NUM;RSA_NUM;ANN;PRS_TYP;ORP_COD;MOI
880001052;1716304685;1968;Vs;kIpEOubVyTvDGyw;10
920014503;8147421652;1995;fI;nkPnlQJufRyuqGp;04
660007469;9739786668;2017;yP;LNCARsAfOfgDeda;10
720017292;8625790623;1973;kX;VRuvhzKtfFSTGSA;03
440010742;2945320926;1973;Iv;GpACvVLzLMbSmqf;11
780825634;2097101881;1982;oD;YKNupItXUnAjSSH;07
170014237;9070708361;1980;bV;nIlrQmquXyFucUG;09
640796231;4698629456;1969;kJ;LZGXEdAUeGfgCMC;11
140031485;3199971684;1973;Fe;wrGVDkpGIdLdYBp;09
950000281;2150642934;1994;nG;TLpLZYQwuQrpjpl;08
420014862;1898118829;1970;cW;DzMZZBIMIuNKwDl;11
730000346;8614034056;1971;Yq;SwjNHwkFhDGqNVa;06
360002620;8146608882;1972;oW;lEjgvjMtadSgMQI;06
970400263;7940053675;1970;cQ;uvAhzKPoQaIsNaa;05
760017624;2292006005;2004;kF;eRpjjpHJVigMbwS;12
380801167;3320964094;1965;Qp;AzmVrPcYQpaXfLW;10
620013300;9517132963;1994;Jr;pTaxuUKdqgTolCW;08
390003333;8021066634;1963;Su;LOPKyzWKcnMbNHs;02
780015889;6075993044;1987;OT;KYFQhsfgkjlEHQH;06
330011719;9863293206;1961;CD;AHRawUGAIuXXrII;12
490010386;2344712436;1991;EG;OotObKpBGYLPHkr;04
950010728;4844666093;1960;Wf;kRPFXwcRDzowrlu;06
750063976;3229538629;2001;VO;plJiSkbNMxTcCqY;01
780806881;3811388931;1992;wY;xnsrrvJwQptmMGe;04
850002577;2708610446;2016;Yn;MzEkmEjJvgQspFq;01
570012294;9356894004;1964;jy;BqqxcuHOjeEmmWG;03
510023005;9882186078;1977;oH;SsWUECAQZIuXoKS;01
950013086;2986029297;1969;wJ;vvNwqHMEkMKujGy;06
230001224;9779684765;1976;tx;jiakvvQViUKjypJ;03
970209052;6679099569;1980;di;XyNNhjFTxQRUNsJ;02
670008226;3802039958;2005;Ns;bRzalpUDJQWZPWB;10
100010966;6654983647;1984;vI;qhlBKEJjGuzPlMO;10
070001276;9694744465;1988;Ve;JYeadgqPkQLgElo;12
600006910;4942929610;1982;Gg;qsEnbVxzEsnajfb;07
020001582;4750139193;2008;Nm;AGkPTtCEsQMrqpT;10
520784398;9630984644;1973;kG;WnxyJnXbeCFFmLc;11
580000131;4132869392;2015;EK;BNPJkOdbSSObhyR;08
770008167;9343452292;1966;ix;EEDoFEswiceXtMM;02
560029639;1944933520;2010;VJ;bKailtJbPEikigw;04
240001438;3924993936;2014;xC;qCUMXcOAqgUAVBR;01
970206546;2246470967;2017;QC;jBRlEnzJpJEMFrz;06
610006934;4757660155;2007;Mw;WqUqyWYCQcuphkH;08
640004966;2634543265;1990;QT;VxGQKvacxciGABP;12
930028170;6323208424;2018;Wt;SrlbPUoMsbVxfOT;06
210011961;3571026253;1975;rF;sqvyMgZmoKIKKpN;04
440046266;6956007676;1982;ON;sYegBgvIEPfohOR;12
830021036;9093617392;2018;eh;bWhyFBUmdYtjHzT;09
940806409;8084357559;1993;dk;PzZUNUKypwfKKiS;01
490004363;9611018554;1982;zX;fmDdJujhyVhHiIV;07
310028584;4194582974;2010;tR;OITfrTGMuolZDhx;07
750007759;1266995457;2014;tr;XDatidKPgZEDdGG;09
590014940;9159686670;1974;Rk;pDLDOkkdPXyjEIO;10
920016656;1062132475;1966;mg;moHEaDpgulAyIFO;11
060013406;1669311540;1976;dA;aKHoaCEFeqVRsXZ;03
360007678;4011930975;1966;fC;DUpEQVoiVHHvhBH;09
660003443;1374280258;2010;fX;iNsVXMuoZaWaoPD;04
440028223;7650658872;1968;bn;DkmCBNhIVYdVkIF;11
830000253;9982414405;1964;MD;ZlHDJzKAedxRdBo;03
250018561;3399091680;1993;bm;KVdooyaUfAUeMUJ;07
130002009;6604422362;1967;CZ;bJykqdBTcZpxxPb;09
590016242;4382307295;1978;oR;MxbZBEYBmyYdWAb;06
180001927;3517247657;2006;Cy;QqMnMfqFQLKTKrN;10
760807289;7075418220;1992;HT;fEhAtbnqvGKyVpu;04
740007877;5038171814;1999;hK;sJBUxLfXKxesdOc;06
720017813;7761679192;1984;zY;qQANbQJgsEhjzLf;11
560015380;4565604403;2007;Zd;zmbuzfCMuIzQWyP;12
290003326;8457782981;1965;vy;TjDpHrqKyRQkDIm;08
130804768;6644887369;1961;Vo;stYRHRcwWThGeQo;05
760780056;5852455617;1988;co;CrMzKumdOZBWBBv;05
090004441;6614201521;1985;VF;nuAVKxRrlseiJYj;06
970103180;1421911481;1968;BS;TLquZntfUWSdptk;05
390000685;1895334279;1960;jk;JWXnGmJBZKAtXGd;01
570026476;6572510638;2004;OV;YheDYNzPIqLegkQ;12
860006477;7678962596;1972;wZ;cBqDDjDXdbPqtGE;11
560020836;9023268427;1995;FG;czxsduHbvCMSVgw;11
350003760;4934650325;1982;Nx;otEVIxWqhsEZGib;12
330059544;4235239931;1965;pz;tBqNgfDXjLQFeYY;06
310001615;1702041638;1965;wf;NtLHMCnmjnfpycZ;02
370009540;4821570756;2015;uU;BjJOTleeDpXjitU;01
330055542;2337657031;1988;kc;ceBdNtvmqjeHUfW;01
600009500;6966303570;1995;kB;BTSaQVaiyxyOtkW;04
380002964;2508201329;2013;nK;MhJHjpSbSsinWeY;08
780005666;9975352056;1963;rg;lPMljnVcEiUIVGS;03
750013005;1335884378;1962;bj;TxyNXnuHFfMJAgm;02
750004095;1204025441;1996;SS;YBLlDzXgbznEClI;09
210013231;1304170447;2009;uH;aqVebEOsUtrWeFK;07
130004252;5718948806;1992;yM;LYzXHLkNiihrlIA;11
710012634;9654981944;1978;FY;nTbBvyHfTYfXCvL;07
330047887;9678884360;1993;Qz;PeUHdTlTfyMrfNt;04
770017044;8946854042;1970;Qj;ekSlCvywxdEIJmz;06
470003211;6390975627;2000;eB;UKemNIIwKrnGYlY;10
340010875;6408828500;2017;zg;renLBMgTuQhTitg;01
720014117;2084015049;2006;Gg;XSBZruJhSCLwtEd;05
740004437;3381405760;1994;Tp;OsRIiATTPGyCiDd;03
780807673;7783457361;1983;BI;uOWfNRaDfrWDZcM;12
630790111;5335592576;2010;xS;JrLkAVqAPdDbJuL;02
240000844;9676163804;1994;xt;SzrrKNpoUpBHMtg;02
310001458;6648327252;2011;NN;QOOyWUSawSVauWA;06
940008394;7874141846;2006;Gt;jOhKcjNlpqJmTdj;12
820003432;1016962685;1980;ms;kLaZiRQApkjhjMN;07
540021482;2021708964;2013;lA;vwgFJQEFOCZrBDI;11
470013046;5033891129;2009;yo;tQdnjKNvlpunHrv;07
970409330;8349368558;2001;pI;yKSoEStJbkJkooj;09
740002357;4392314900;2008;db;pOBGJHLOasnHDKH;08
660011149;9540219335;2012;JT;ZQKCcywKwPdRnGx;04
660790056;1925794360;1981;gE;oJUuSyDfGaANrir;05
560020109;9560156797;1962;AM;cDwoHBAWsPhMwbP;05
490020112;7318471454;1988;uC;eXScaspGqkolucu;10
280004292;7386051485;1963;rG;baDTMPCKagXTmsh;05
630786788;8683604822;1979;RG;ThMAXWbkWqiHSPM;11
570008508;2263380680;1968;ni;fQZpByJrfruebkw;03
180003774;2811961410;1988;Zf;FMSAFkzxNKZfYry;04
450001318;9190636977;1982;fd;sWzEhAoXbrheERO;03
060017050;5878757351;1984;kn;LQxdKoVjiUetZVh;05
590027215;4152048412;2001;OO;IpXqVqzjBscUnEk;08
810100982;5204330066;2010;dJ;fOgpXZgAytcZmvT;09
930023254;2490270248;1984;SJ;mQRpjWXhcEkXDDp;05
970201323;6140028003;1985;Ph;ipQYxQCbQaMaZjg;03
530007244;3987612072;2011;Yq;ECfkXSWxAadjxCj;06
280004631;6739444677;1998;es;uZZXPIHPwxbtvwz;11
340002690;6464835350;2017;Lx;DhyEwvxMLRGDjNF;11
600002877;3747103589;2005;tB;wunagtfGbRlIaDd;10
630006138;7451791650;1971;HT;qSCkjSqTQRlaKAt;01
790001705;7622113008;1991;Ja;mZCxcfIapzTHTBz;02
580004323;3492848839;1994;Cl;mpmSNrGfbKoaHqJ;02
650000649;6989572375;1981;ho;AKzccGrMuCwdUye;04
850028556;7837250984;1961;zG;bIjVZxSjJFQuktc;06
290034206;5518412681;2019;EG;uyLrGXGQevVJfjN;01
780809174;2111483802;2011;sh;mnVdpdRJCSzdWir;11
560021420;1566756135;1985;sR;bdbWSpCpaXcSjsg;04
480002328;9303094663;1978;Yq;nWRWccetKvziWHe;04
330046087;4666808217;1997;uU;xLuroFEGbBqCBoc;10
770011948;6227347123;2018;Tl;GQEBuQehAtlRphc;09
340005248;3494583706;1997;nP;uGrTYRYXxKWvoaC;06
760022764;2243962186;1992;Hk;phBJFddsFWefDtY;12
750031031;9866924557;2005;sd;ZeahxvkeCXyGHrd;04
630787448;4753531225;2014;DQ;fmmxPaMZmACtnZG;06
220001978;8772115207;1995;cj;aSYkzzvqavRKQlT;08
790019012;9598277863;1998;St;qyzqKQtEZrLbhfv;09
680006517;5842794187;1966;Bw;qhfilcVErowNGyf;03
850002585;9245952643;1974;CW;glrUkUWQMfQoFrq;10
630008290;5913182687;1985;Ad;DFdjKNVozBxSRBm;03
680016706;3534030554;2011;Wg;piSlUvZBgHWzFjb;04
140007998;7622442069;1999;cI;kORigsOMzIPUHKH;04
130005721;9846788950;1998;SP;TIpZmApQCQvxLKl;07
070000914;7369533427;2018;KI;kftlkkMUTtOkYhr;12
940012685;5472076577;2009;fQ;aeZYaYcLZGrNnjV;02
930028394;4323623562;2005;My;ftjYpuxNWMMklBV;12
590052767;1062013996;2005;tN;bGFwhRTGWpvPPSh;02
350004560;9050757157;1985;EX;rHRtkaBlnQstKRL;08
490021631;3927469614;1969;lL;qiUMPkFtAMMuPkM;03
590003497;3126071829;1987;Pt;jCsWfdnrYokEeuJ;12
910009992;8212144448;1990;QT;VfmybnhdBHQUyjd;09
330794876;9517896370;1992;dd;XUWkqYFWnEeQOJh;03
760018978;9074867589;1993;Jm;DDCOEVYiMcNytfJ;09
910003615;6436299505;2003;Ja;AHqzRGcaOxPonBL;02
710977836;9326542574;1970;rs;QuemeKxELOBJPgN;07
350039947;6172139711;1988;ou;ZQDBhrdPEZLqePw;01
620007401;8510261180;1979;sq;BMcPAaOhSWRxeoT;12
720000660;2405035866;1996;ev;BDwWDeXcRAHhjBl;07
630006674;6822643319;1982;WG;inRgkyhDPFsdlCG;05
130025711;1852070574;2008;mZ;FKahqRaTZAVWMbU;02
070784244;7775903937;1989;kR;RlKCuNPqRKjQElU;01
510013303;9263262408;1998;Fd;QOQXxxrhLwIqCig;11
340005461;8985103636;1979;Gl;sBhOkIBByONXzjg;01
120000021;6848946082;2018;cP;lKepwWtjHAXlvzK;02
520004516;4888262234;2009;fN;yhEyHEfefNuFlRS;01
370015224;3439817959;1977;mV;YKCtHzELThrwhem;11
680019528;7379884395;1967;xb;EFSNxVXlDWSKTNY;04
180002354;7731127790;1996;pJ;mIGGneaVgcngwYU;12
240011908;9323608082;2005;rt;DzDeeVtxwMZmYOh;05
840003123;1142270872;1962;Za;pkJNmAKitUyovwt;09
800000804;3614410322;1980;DE;itckoerWFwNNlMI;07
280004789;4881345480;2015;xN;QOffvqHYNjQQBSS;11
780001574;4727018786;1962;Ta;eAgbcWPNVbYWWvR;06
850001058;2565203087;1983;mM;zkyqqvalMHRiMMX;04
330050832;9223293820;2015;GN;IoJZBOpVJGbVOPz;10
300013257;3643108352;2015;Rz;dUorqQQLfuwPhbc;02
130804354;5830004888;1962;dv;MrNJPlpSbUaNRrs;06
560024960;3515202081;1984;Af;xKzqXfbsTrjcrjb;05
330060328;1549673110;2003;gR;WfHJkjiCqaUiIed;12
400008694;7509703623;1997;Da;AntppdnHCwYtwOD;07
410004543;2527773150;2004;qN;yomqztRASsrIarQ;11
340020973;6911474553;2013;XE;BewAJjlJWeZhflk;04
130036825;6141271470;2004;ON;rPheBGXddYfAEYz;09
330046459;1346238979;1968;OK;rDKqdVjzMpskJgE;12
340025477;3281935777;1993;Uu;ZyGqIDDZuRpbivE;07
220002497;6069665083;2015;Ee;AGYuhWHNgnfSBlG;05
950011866;1296885190;1972;gb;jIuUOpuogOxmsro;08
770016640;1666292599;2015;lz;qcElzPJDDeKPAnX;06
660009010;9086383465;1990;Fj;QPaoFpySpuZBXtf;05
620026500;6421387373;1992;Fw;LrHaXjTxLFBmDCI;07
920017837;4159779398;1974;MP;yfmvjkboEquvObm;04
940019235;7623212277;1966;an;kyWBVIJAbSiHpca;10
110008026;8013448775;2006;Mm;cuwxVCzPDICuYTb;12
250009321;4920129341;1996;Wo;mWmTQsEaSCeWGpD;04
620009217;8931420792;1998;ux;vqfKBZorHgtclBC;05
830002663;7717363574;1999;OK;XzKBvBTEvwMMTks;04
940023401;3302403634;1981;RD;uIeoDcYAzEDwwEq;03
900000472;6074991617;2013;CY;TFVrAcleGNLRRVX;01
120004486;6175281581;1988;If;NwUKIciCBstwVwW;05
360002273;1015585192;1961;gQ;enmbnedluXZIZJP;02
500001896;1005844575;2001;XA;COEcUMgMVoZXtWg;10
330041922;2678860059;1995;si;JmCPpqLbOjZBQQG;02
620002493;6351038601;2003;uv;tZlCkqkLBwYJKex;04
010012144;2742532728;2001;MV;SLNKDccYqUzECtM;11
120002787;5827438859;1975;LQ;TZZKudLEApjEnYg;02
350013033;2847540540;1999;Yd;BUOptkXvSsZlGqT;12
920016821;9412612009;1970;Jl;KzoygRijyCUjQBE;01
680002748;8983772211;1963;Xz;VMHPcliTAPRGUTi;10
060003274;8945140966;1971;CY;ShudBGjavGxSiOC;12
880007232;6632726682;1998;Ce;ZFiiDLArOZVEVLZ;04
770008118;7747882218;1973;jo;TmkJDZhEuDlKwhV;02
380012427;1606100828;1964;ce;ULPJEiItEAvUHru;05
600011092;4284880818;1982;Mz;HhJKFZBqOqxiKzH;11
870014800;3801213555;1964;qt;jvQbZauOjMbbXWZ;10
630003911;5501711260;1991;WB;YvspdOVByMFiukC;04
670015882;8644228853;1988;Oa;pgtrjoVjTWGXEPu;08
840016810;4106555613;1962;dm;LxduMtvPwUtwrfG;06
640792248;4599488734;2013;ZU;rvLtWQGQgcBkKyW;11
640797395;9226209687;1960;UR;zveRsbdMMoSMYvb;11
750033243;3398775565;2009;Ik;JjuwSAlqJieshhE;04
510020704;7522166405;2007;em;NAJviOBdPTrkFFs;05
620021618;4161850460;2018;MR;UAHiIxHacdLLTcl;08
640002713;3469012982;1989;AD;TJjYJUosNWcmrSQ;12
420008203;4888468417;1979;AB;BGfQtwVufTUQkMC;12
920025087;5917813236;2012;Vj;BfHyReZsavemzJw;02
420010365;6332361380;2019;HQ;rkyCwFOhlzdaLac;11
690020490;9308934026;2001;Rv;xyxJqwFAuuOJnyj;04
580003614;2257029036;1986;iY;lWFAhvLtxsBJoRy;10
230003675;1893226104;1995;Xs;CtioiuCSsNFjJvi;09
740785605;5208698518;2007;vi;AFzdQACdOcnRKXM;05
770006617;4807040524;2004;cV;yEgImiJCSTzeBaS;09
030005334;1604370573;1988;RI;lRWsIqSfmzxUbuv;08
300009222;6726246217;1964;gZ;aOwBWlvWhFlhwGZ;03
800011041;4020202063;1997;nF;UlEGmHUANWvtXbl;04
330795139;6214988177;1989;lb;jKDzVLzRyqQmFeZ;02
540025285;9790427864;2014;fU;xptyZMMwvslhXhJ;03
750060238;7041395596;1973;tX;edgVNxiTDKkidkT;02
380000802;7290968894;2010;oA;sDaiECRPdIPiYiK;01
060026069;8213277794;2019;XD;jnLlGKUCSwAbADB;08
440010668;1813030111;2016;nl;gnRgxTwMcmouHQo;10
700002900;4884653198;2017;zF;LmvGHuZLyCsnVVY;04
720022169;5821109074;1985;Zf;MBqkbVOIawXyvcv;08
850006115;2372488729;1966;ru;AeLMgcuuIDaawcZ;07
750035891;6261318422;1975;KR;ypmvliqpMftZYsb;08
060002474;1134284649;1961;SI;UOVdAnlGkgLOBLq;11
850019092;8152021205;1972;vd;iEROUCfQuArZuUV;12
510001035;8206706176;2007;mX;nIXIHMrVoxXwfUA;01
630000701;8632201551;1975;ZG;DusDYPPyOAzoNme;10
950009415;6392135929;1967;Ky;VWSzPNmMtbijVUE;02
