ETA_NUM;ANN_TRT;ETB_EXE_FIN;REG_ETA;SOC_RAI;STA_ETA;VAL_ETA
810008276;SJsrwyU;ByJxzxMO;SYHFLnNDxSrCBlpWNvhmpyNAxZZGxiViIuylBxIj;ASSOCIATION LOCALE ADMR - MURAT;qcS;PsKuskCZrNVRlyPEgPsj
390783637;nnZfoRx;ePFZYlSs;jwKdsnohgrwQuGEbxVKWtjtKZqQSNJxstdWplOcd;COMM. DE COMMUNES LA BLETTERANOISE;sdg;mgrJnAQfpjSCuEhcexIg
780808853;YeXQblm;sIAVqFNM;nmwpKDDGeKkvKaubEREAPGshjiURwXMJPTMIXYwN;COMMUNE DE JOUY-EN-JOSAS;uSc;syrjIvdVWtiCmOxBOipj
800009276;TKlYDSd;jerRssoc;dhVVAxFEsDbXHMtkDNtEfkLIZwWRaHCpgQFDGeaj;PHARMACIE DELANCHY;WrC;yJNnWAiimpiEVpuOsqCu
920021011;KJKJyrP;dvwdbtEe;RIuplgGlvXthiNFbUGDkjOuYQpoUOsPXiPsfZiWY;PHARMACIE PAGET;acQ;SIDKYmCrrmiZEXUKqtUI
540012226;arMpbXy;iumllfWR;nuinKpfCqQOEycpvtCLRajyXekIGSFplJaxFOlMU;"ASSO ""LA RECRE""";IFp;bPSltMkpXhmjTLWqkxBV
620110676;OImHRYK;vjDiQGXl;KqBmemfhDJmfXoxxeVzbWNUmCimGXxoJMvpaEYQV;ASSO APEI DE SAINT OMER;gAW;nOfPnEbZtplurqMSaJXA
300000908;LUOfljc;ZzFhaZVT;tBdQMkzwuhFdzSWMmqukVvYSxOhpaJeFvBGwpOpT;ENTRAIDE GARDOISE;OFA;sUPxGiKKaFaOdNkPiptc
570016337;mfWNRZz;GErdcxhH;iFhUJOdgoYKCjgWafBVbtaJfiohFrmUdNJNbihou;PHARMACIE BESCH;eCQ;nelDtIzPaMZcrprTDirg
180005878;VHjbRqj;LJTwSZIe;rfzJVYSbiOwTfjwZxJIBOtLNckJdwOtlkheiymfM;ASSOCIATION LE TREMPLIN;gFA;ieAptssjdxnadseTMWAm
920014438;xpMMDsw;NUizswBo;unWGMROLENyOdKqgQMOOteFKvGQlyeFrYRsoOEmW;ASSOCIATION MEDECINE URGENCE;YlZ;RbbGJGIRsqbKSQnCUuHO
480001247;DtXFFNn;goZrxqJy;wnDhmHCIUemGcteKYDGhMMnCstKOjZuBubrpkRmJ;CIAS DE FOURNELS;QPO;LpgIdIqmZqTnUtmZmHEO
880002415;TaYYlph;knfnvwFv;HDpmjrDiKRQQZqXnAWZzsqGVvjXyUuWTelGemHBJ;PHARMACIE GRIMAUD - BODIER;FZs;DsEuTdYsEOktEivgQSXl
130000383;kbZJEmr;lyuiFRwn;HKdNVEeOBRIzBkwLMXWcbzMjWvhDuSDsrSJVesoP;SOEURS ST-THOMAS VILLENEUVE;MxV;jWbWWbdzkqGnHiYgJHnS
640010773;iirZvYd;vVXdpxlz;FGivMuDXmqdssBqgawRBdJwetLEMGWfHWyxcBiNc;PHARMACIE BARREYAT;iQv;MERwqaUASJAXxDjEmGNr
310018759;REbMnOo;sdBJeBSF;OzCRsPfjNqEGpMYXyEbFqyXAShsLdlSqPYqKKnXI;CCAS CAPENS;gVH;lKNDqKmqCFzvHuAhEAek
860013507;qyVRMFD;TAFBVXsK;wTSrSshGBoyXLhUYLimsLRMjQGVrtJuZLgHJnfZX;SARL HOGEPI;eEl;XfzOhmekoTVCfBYeENDM
330006578;OmFMVVl;jGGPHfGL;vfrNJAxulonsRBhxDLojTZDmVnzoNRsCNUZIGZiv;C C A S LACANAU;SsK;PRxHmnJTyayXmacktPHD
970212320;NZuQXPE;IfognLvw;yxWvQyvlztmOIdjasSkQzYfnnrmnBGtqLgMQwzrq;LES MARMOUSETS;TJA;nMZySowaNqfgeFibVNiF
110008828;MCIaTLT;UaxPsiDb;weVNlgvWYldtJhyuFgbDGeUwVedIDRNPOyfBCOLI;MAIRIE DE COUIZA;Qgb;adJZcwAJDIobmPiiTxUp
010002004;lnQTZxb;aRczDHpS;UrPPFNrNiOZnXeeDkUjwlgyFMgduzsQlzvGHZQWM;LABM SCP DELPON & ACHINO-FLORIN;WvL;cexTgWStslBKvALPCWkA
850027582;YSHmQhW;ORcslgrv;lLjhmmLZPPYfcJoIyrbagWtWejbQKGVfAOuMYrAn;CCAS;tzh;WLoonwXZjwSAyxInowMT
380005595;CqAbRIV;YYtkFJlB;iWKjNoOtZosYnlgfncnZKHBnkYkFVxqSKfNQbtWQ;PHARMACIE HOSTACHE;vbt;uzFPLEgRwpQPNnuczsSi
850025958;TpAmDSv;QQRbGaqB;HkyJsIctVeQFjKiOueffsUslwAleDBLEXlrWYVRx;GCS BIOLOGIE 85;AIx;sleLbbYaNxEzYUuzmXOu
750053126;kwUZLbO;tQgkhceZ;IOifgIJGjLwKPrvxehUkJSWwsESRvacCXSWiuKyE;ASSOCIATION METRAMÔMES;xyO;mTJVbBXWtMdydCTxJrcj
240006478;SDllMYH;GbYUWPUp;DXMdSKFVrAYhxMOIIYwFMbGAkHkFLFOzPBRabzBD;ADSEA 24;tTg;BZzwTAilLYgcOXexCZol
740001086;GlbYmen;yFgiijon;vtykxLsERSJRVjErSNjnhlpinSAgwoEuUIXkzMBb;MFV LE BEROUZE;eVs;MyAXMqUywwEPppKauPGt
620006973;VBBxWxM;yWrStcXS;RTxBvFhbcwRxIcXFfpkLVVOcctsgDAEufxrutAOn;PHARMACIE COURTOT;YuY;sdMdGexxFGTPHweNZkOM
440025104;EDxdbzD;omAaCrmB;ROZNThpKUHEJBturjqKxyveehqnPyhdxQBSdHVtG;SARL AMBULANCES DE L'ETOILE;asG;qVwZUmoZyELnAEtBEwpP
350012456;huEnMlV;rWUdUvNF;oKAHlHzwZyJSDFAMuICpASOQKwMvCuQjqJxXOxMs;CCAS SAINT BRIAC SUR MER;woO;SzZfiqMyEzCPIKVicBBX
640795613;vaVTYYD;bXKEhmyG;hBzpkLbvAGoNRXEPyxeyWrSdtpwcBcHpewdhxcsq;ASS GEST MDR DU HAUT D'OSSAU;QIC;zSfUWpZAWugffbfphRAB
840009559;owuCvJs;GtIiISIO;WYqYfUMmbTrRrfhhkymvMVyCNJOWcvEjEBLiYvYv;SEGUIN;JQd;bjHGSxPqwjOKuDUuriLg
720019447;HrJdhWq;wyzYiigE;hJVBwMgNZxTfbMVxgyuXRxeLOfnjHQRhOZHmVWPx;ASSOCIATION CLIC VALLEE DE LA SARTHE;CQh;iemEsTzGrRaRRVmrpaEz
310025192;uWDEYFe;FxxdCJVZ;HdVmAwxrUtBOxmTHdAfefVKrkTCrrgwgnsdqnQPG;ASSOCIATION ALBATROS;xIZ;oIXaaepVvRacGemgZLSO
440008639;GHRqaJs;roKARfZe;QCZqaFQtSfKqztThIAFbztrMQuRbYZjimFHGlGvE;PHARMACIE DROUIN;kTH;UJNDCnjxilmCpVbWEhGe
390005809;shurcxG;scFKhEYO;AVibIbjqcFBAZxcxNvDwQUGLNfqcHTfJpsbuXzmp;ETABLISSEMENT PUBLIC MEDICO SOCIAL;BkE;XKeTJULiFhpgMBPLdcAv
920005683;TUiAeCa;GZThixaz;RotwBhhQBXNmkoNzkmbZVWyUhsJvuUjmhEkOfQya;S.C.P FEUGIER LEMAITRE;hRS;uXJavwxPPjoLvjdoqPXP
400001939;xxpijiu;dASQSMsh;IjtQiAdtdWzrwAetAKGKcdLxchgFsnJfJVBFssHQ;SERV AIDE MENAGERE A DOMICILE;FUS;ujoWAYtoHkNIuwjfLThf
130022627;DURBwLv;ANGzabCx;lKnIZJKcoHILLTMJTKmmoaEyJnVaVmDgEvcAjyxo;SELARL PHIE DES NOUVEAUX CHARTREUX;yBh;cRcgSFCmegnJdXucmRbJ
350000709;URqZiEE;oVTwNZTJ;mjAxNMNBXTnXPFzUreqHSGZddlDRnOguJwrsSvDi;MOUV. FRANCAIS PLANNING FAMILI.;zzC;vYYnocGANTgVoKhhhxme
050008390;fDgOLei;lJlYBBcj;bhJpGqvEdTWLbtFaldctFYFYYQRPFeFentBHzdtO;AD SENIORS DURANCE;yWH;MlkOWnFXJSfaYssnYMHc
400002671;udwMVsg;cGqglCFc;crQHeDmETdHqnUhyhkcfTMiLvmFBugOpHRCdiHnr;CCAS VIEILLE SOUBIRAN;Ehz;ibeSvZhRZJGGLkEGqidk
810006577;ZeuIVad;FjhCduGd;naecbpIOuikniTpTLwURGFktWUCuLqXVTHqSzuQm;PHARMACIE CORGNE;cBM;tpiSsyYmVzOZfDsKGWmP
920035714;eEUzNXh;yCTsfICF;SXvgjVsxDFaetnqayDmCACppfqHQBTxYDxOwsuiU;PRO SENIORS;NBx;eVJCPJOHNmxmraUMnRIh
380010793;lLhGhgE;yANjBEac;HtihzSpnMStyBStZPxtJsaOezFpijALDmmUIUUmq;PHARMACIE BOEHM-LE ROY;IKN;cKaGeOgZnoCGgstVFtbX
620003921;ANhlVLo;prRTJnct;wuzEOvqgNFckMkryPPykkwZEiTNKqLTYEnzTHrMl;ASSOCIATION ESPACE FORT;dqd;yPKBDyUUOdScPHXzmtPD
560021966;RtTXLwl;AFUjXhPc;WzlbAfsqirEXzKMhOPZZILlUvZMGbObAljXmuhVv;PHARMACIE SAINTE ANNE;RsF;SetxcaAWWUZVYXHSdvNh
400002572;VETmWLv;nQoDLKRA;ormCQfJZYcRgubAuMSOLFzeoGvjRakEDZDCiudUM;CCAS;RwV;yfifNuCfHOQeWYQqnEKI
2B0003685;yEbmtej;MxeffuOK;UCnPadNwSJzBYVsCogwNbRqmqHEjLLGUfnjHBbAh;UGRM DE HAUTE CORSE;IPN;wXhXIdygMMSUpJuvzevV
220009500;BguBpzD;NxjSlpvN;bCWtlLoCboECrGuDwYCUjkdVSsZdUuYnBDUYcZvq;C.C.A.S. PLAINTEL;PeO;DRlgymUpDHPjZOhJGWUP
750002982;okjZgfr;EGBPKQXe;YWyZJadthsNgNprKiekhFlCDvVoxInYRrTBBONnC;INST NATIONAL SPORT EXPERT PERFORMANCE;KWz;nPAhwQmsCQwXmBzjpVhQ
220021711;dntKHiH;VmBEjpDF;krCDxoHdrgVXILKoJJSseOjqKbFMFHopKNIUgWtE;LE REBOND;bYE;HgCDggGHOzslJWfrlDZE
030003487;uwCHmYD;eGvSXODh;zyGDKlxFYMNIbBdmpZXAJshtxcrIpgAIWuythcmJ;PHARMACIE BLOIS;fyr;yOguSFqOcBPjyrSPxUTN
920019833;MFKcHAX;GDphFtnN;CITHgxvURQLokZdAyYDNuifOQRCvEuuJaawBSYDa;PHARMACIE GUILLET-CATUSSE;WDW;WdxMlRJGPewNsDvpeYro
370010985;INUAuGG;OHyXkWtQ;WwBdfMYdwNAXxSrlktWLAelemLlKeZinRqwaQbQs;ASSAD AUTOMNE PAISIBLE DU RICHELAIS;cDL;HYjnNkPUqwhrhULUjAiJ
580006492;hrXHGOa;kPmHkmIY;EXPXLmoeRwqiIMmcnAkJjjtbgQZOvFUXzeRJXrJo;MAISON DE SANTE TANNAYSIENNE;VoA;vilKzCOuzNewZxrQkVFu
800002784;cRzCxLP;hdlqXcxZ;LCkJVBdHWwXIzNmZYSRGKWLQfPtefiLLUGSWvRee;ASSOC.CANTONALE DES 3E ET 4E AG;kyK;WbjpTWRVPaXPqogwsccO
330047408;fILnOZt;ngXWQkup;JNTkObuCQEBQkpUpiSfebCnlXCAOCkKlcXVdEyZM;ASSOCIATION POUR LA PETITE ENFANCE;bZE;YNNoDrOuSUEhwepMIZTT
870011020;pWnTgEk;jxGGVKWz;IpkHaDPoiRiVTZBszwxgDmMUTWMIuDoMsYWCNMef;PHARMACIE JOYE;UNf;nnWpsxDhseIOWkMeeptE
060014271;eqPjScf;MIlznxtA;HwqcVRXlDfmTIxUKdpyARaywCUefPopSfOwUYMaO;PHARMACIE GIANAZZA;BSy;bNDRhDqpmdCkfYTYBOgI
750823130;mevuwCZ;BfvdyIIw;zkKVapMitFuHYUFNtygtdMzAHtxuUKXjSAUOvgvj;ASSOCIATION L'ANNONCIATION;vwd;ntUoAJGcekeEqZXLTQNo
140003336;qWjTYSY;xtpKLTUc;ptWkunCHIRoKBOYGVFeEmIFDUqsgsFonTFnNTvrN;ASSOCIATION GALIPETTE-BRETTEVILLE/ODON;Qrd;zhnnPTicBOOjVaDjgLnJ
730012739;vkJYFfP;qmoPLCtd;PljPwgSjEyEqInfcUpXcuqFysvMMhUMekRBLJWmN;FOL DE SAVOIE;sDY;TQBHBubqeAULIjYpDWTx
580002970;FViNSnb;uwgUhWdC;peEMtEozfvingBkFyQhATNzMAQaKBZeaKsrNXmRM;PHARMACIE BARAUT - KOHLMULLER;xdI;lDOlqkyVQjdMJgWADtKW
330043316;oigOjWj;tLJVxTGC;PrpgLWdNTHWydZXQcoEanBRAJFIguGCyJFrpvmwo;PHARMACIE DE LESCOMBES;WAs;FYQOccUkoXKjUHJEEqCj
380790287;UshrCFg;QfugIYgf;DSLEdguCeQwZbaiRTHyDWTovyVqhcCrGstTkUnWp;COMMUNE D'ECHIROLLES;cDc;iaUzhIAbcLmcciceNwQm
570021170;upeYNlI;PvmuQYol;jPGvQGUvPmKRowjSuvNSJgScgTLVoTRCpsmyPzWG;PHARMACIE ROY - MAYER;NXf;AdcmcUAUIdGysmDcoGJe
030003099;MwdxPKp;tWMEtvvi;RBURMwQabhoUIJnHrCqtJQXKNuncyHJZBPkZwPbY;AIDE A DOMICILE CENTRES SOCIAUX ALLIER;bMM;dIypfnAviSapkQsCpJrJ
780008207;GTHHEhE;QRuJIAmU;aljJsNVdOJRCZWhiOXeLICsNfegAiMktSFweIBtv;PHARMACIE DU PONT DU ROUTOIR;mBu;ilIqqjGfpHMPqcMygZlS
770011948;rVZndHe;jcfbfSrW;zZmvRijIxuspJSUvAkrWjkzJIiJSqbLnFDNZLCia;PHARMACIE COHEN SOLAL;BiL;gUqJwCaKxphkdCOsIeMu
590060299;XUfNyhj;JwEpwTcS;HAUSSCBIUAfcJDfdUeGYoLnKdxeDUYsLRKtbbyAP;CS DENTAIRE;tSt;idxXZMjnpyffATgNlxdH
760921445;YirDXlO;tgAnhoIG;gGFLIeQehAPIZxcRjWNLTSesGnzDmqrnsyEFhoiS;SCM CENTRE DE RADIOTHERAPIE;Ayw;RpkfRWrtKINNSAxUZXUJ
380019455;wpwtVdF;nfkKUFyv;JYNtvuPsQhZkWvNsxqGoXmPWgnbrRqBySVFoIKsf;L'AURORE;aqe;yldJFUwOyRPbWYrqSYky
590020319;EarnXXU;ZReQFZxE;NwGpKuakiXPyiYFwQycvioHYPPpcVltMFpwbkqVW;PHARMACIE COURTOIS;HhI;XEwrIAQoKJpUlHHXbymz
300000429;HCbifvX;CiDPRPzv;YeAnrcDIQrTqPhfeoROJxdpFhQuWtMkfUvlmgNPY;ASSOC. VIGANAISE D'INSERTION SOCIALE;Fgv;RwjCMTgYguFrmEoicmoA
740787965;AmsLMEz;LtGRlBnu;SqeZZGsvFFXTAcvvyhWLHoxLMaFMbHyOLgOcUNhJ;SECOURS CATHOLIQUE;fpK;IEXInfmHftIrfujtflrX
020015707;HTKKMKr;qSrropOq;wbCPLSlKWYlSOgDhwCYGuuRRtNKepjsIqrQGRhBo;MÉDICAL BEL AIR;UtR;BGfsqyCmZZFdHcLdbCtk
970305132;ziapuKC;uKUPaqAj;FSIlBjDhcJJLslSBwlanaYFTTYhPeGTYSNiahCXq;SELAS EUROFINS LABAZUR GUYANE;fqX;TajpmgQRamoVopuOvcEg
490005519;TnKiDUQ;FURCjjEG;PWhFxNjzJEuCaWwwhjSAUAifhFjhkTgEoTewvDBZ;PHARMACIE DE L'HYROME;ZAk;FOzZFJIohioyFoKyPGDm
750016750;EijNaGB;isdOOrLj;oqmJkLOjDNZxgkVlBeJOrQvDwEiYLBzTFYMtbqMs;PHARMACIE HERPIN-MARIANI;hNA;nmHwzJKdGiuBgduFLIiI
270002793;AjECBhW;qERhEHQG;dYpyQuhRNZlgPpRNPROkFbjHzHHMLTGhfZOBcFCo;LA CROIX D'OR DE L'EURE;ugY;HxaKwKvzaGyIhBLIpGUN
910008259;DoGTxMZ;brXMHhhh;RzQFlBCDUsIbqMeSrIYkOwqQcCzVtHDkqKPiFQkk;SAS CTRE DE DIALYSE D'ATHIS MONS;kbq;HPnpMcsXNqqJBRKxKPsO
780027454;rJdEHQx;vmKLRiUo;bXLvayYmRdQDKdoAnbUrwFzdeIgrrOLHOefcXuhv;SELAS LBM CADENET AMARA;ZoA;DlKTGqHKYNwieQWwMfgf
620030882;aYrwLVq;FEubiXFC;zIPopHwCtmMxkbcYcmgvimzdYOHafQprZfQTXcfc;ASSO ADMR RICHEBOURG;MWP;SIyjuMkyIyHkpyxlDtQz
900000225;pDlDGxr;HlDuYXKI;xnlUfnMKclCrPBJouifnDJhfyECJHfNFmueogQCD;ASSOC AIDE PERSONNES AGEES;vWK;pOMPtlncZpjNLHLXrNSe
830210076;EsOEduF;RYwLiLDN;BQVpNdwXVuXcBwMsMqQKtODWcrupNKrEDfZXTKLS;ASSOCIATION LES LUTINS;Ewr;GHlzXpUprfSAigTwbgEk
430007799;IujqoZQ;qJySzyDr;nyDAvuqcxjAQtQmyjHRbhGzqtgtvfGQpduNOlBHC;ASSOCIATION FAMILIALE RURALE;zLo;oEaxVLVGvdKVdjPbmOeZ
750041998;AREKnMw;vqpbHtJk;EsiAPFlHFEkHiLMtXfbtQFmlEjrKAKGNDFoRCrMA;ASSOCIATION DES OEUVRES DE MERE TERESA;Qva;BdVHDManjoWKZTAqrGxD
840018022;WEERfpE;bXoRcWhi;uWSoCkPHJmRnbahWelotkanXWVGYohFpZBQwokQR;MAEVAT;WYk;YNDjtdIUejjPsqRuZpju
810100032;OueTzAr;FGWLsyrv;GXuTvmyEsbltQYkUmXvcWKYQiCKFaWIcQFoRopAW;ASSOCIATION GALIBERT FERRET;DOG;HFEOgpyRLvhxsSPIIWkO
160002382;RwHeNCL;ghqhvsoN;KVNRmnJexichpfZRWjeLIiVvMYLoSnWrUAvaNWgn;PHARMACIE BOISDON;ryW;jVArHTGsoctNlHzurvtb
420003758;dzeUAoh;kDrVowrw;ggtcAJjDvYmKKaoPqhSbdnpbEKkMBJXRatWHsRmo;ASSOCIATION ALOESS;zVO;uRQsbbWzKxRLYcklrdgo
670007665;lCbjqUY;YwIndzdP;ESahuhMIwDVuaNjCnlGtKkVNNkvOgpSrJzXypnvc;PHARMACIE LEMOUZY;nQk;MhMSnhUujczdQVHBcIII
340016831;RoKfJER;hhQffyas;gSHNuvYOPubGUWvrDILzkOrhfpqmhuzaQDoFbpsY;ASSOCIATION LES GARRIGAIRES;wDN;PcfxAAstqPtiUfGONCce
210983227;ZgpmVXL;tLzawTWL;VZEivIGQzMaIQvPtVmIuZkyTjShVMJBwjbXETQTH;COMMUNE DE FONTAINE LES DIJON;TiH;yHLhIwMEPErsLEUsGCmh
690010111;IzZgvcV;ujAhBLVM;YMsrNfZSMdxeqtcjPjIQaJXdKaVQookftNlcbaxb;SELARL COQUILLE ET CIE;etZ;WFpHmLGNdKRrUCpBEfCX
060021235;zGlFBob;VVoCkZVI;zaQjNqfGYJXODTkaZLMXtLwwGroUuHvElubWcazs;AMEAM;cqJ;uhVjLLGkBxdhDgdEVOIE
010008464;kQTxHMu;ZpNpmpMD;gXmANvQuTedrEecvCEWRwBHtDfHGsznqtIQGEtam;LES AMIS DU GRAND SEMINAIRE;kGS;LPPEEqsWXynchmMzNPGB
490001229;aNnSbMN;ZTTsJZKN;AZEblkZgIzyJFnFTTMgFxLotMAbobWnsaxdriTiP;EHPAD LES TROENES;viB;PIDzgXWfTXBdUNbVLaoV
310017371;hWQDKPl;fTLxaFQQ;SypqkCiSrkQolmjUrloBDOANXjVveDIyFGscJhLH;AIDE AUX PERSONNES A DOMICILE - APD;zzX;NXbjPqwTHOwgBssBIExc
500013917;jVoGVvi;DYbhaDfp;cktkNvTFLLSSgoiURAJJVXzzNDtemGLBUwjvRmiS;CCAS GAVRAY;mxR;BPcevfjdhCpZiNGUnCPZ
060024155;ccpGhHs;mmOVAuyf;JfUTlmOzPsRZdjFuSklZyDDVpJlnQuPQZgMVLGpL;MSP NICE LES MOULINS;Pkd;MVQQsUYJVqmBXxDOBTFA
590000667;YJgUPfA;wbaNbHSU;WvjIueyfHhoKflBuRRfFdJiujDuqjXPIuohXhCja;SA CLINIQUE SAINT-ROCH VILLARS;TWZ;OXBkukTNsAGHgttQSKmu
780010435;lcenQjm;jXDwoIuO;SXervIbVkqxpbHptiiVqGJYqUTrOqyXBDiZvarpT;SELAS PHARMACIE BLEUE;SFP;JfLYfntFbwhqGHiiHVdh
830015335;rJlzTbq;zEvtvkpb;LmjciUjtNPgGBmFATksorYzbzAmaQnoTNDpKMnhm;MME VILLE ISABELLE;tPu;lMbgIXSdeIZDWyOvtbBe
750033193;Cnwqjqp;UWUtjndj;SgrdKHNYVxppSHSAIxQbXOeyEeBHBjULObaoGQIv;PHARMACIE DE LA PORTE D'AUBERVILLIERS;ozG;lQpoXeVQwbZppUltkDFJ
270000839;sRIMtJH;WTQhxmCH;esDeAjibJnwtMDaAANURxAByZewRVUbOgctQTLJz;ASS LA RONCE;zSz;WpHUgOiBJKDoAiYOpCQl
770002053;KwMWKcB;yXsDpToo;kaWTogkUDcyibyNJDhaOEfqUZRBYafYMTEaXWxsz;SCM SCANNER DE TOURNAN;oir;dbkNSbJipVwJWzplxLrA
130002769;nKIFmHh;VUuCamxu;SjDmhlaLDCbQPwwskzokfKBbNJpKNZHvVVIrCKWu;ASSOC HOSPITALITE POUR LES FEMMES;BLQ;EIKblIbyGZzuyWlaTOwV
590031464;BskmPEJ;AkaaDqVb;ILeIHmkkxBEfQThfxFfBaVirXpfBBvUQgtJkLNMj;SELARL PHARMA SAINT-WAAST;LEC;afIDMJCbKuQHLULKLAjQ
700005028;hVlxOJC;psjlhZeg;IsDlsNqluwmBZkDCiSIKKVOhkOkEJyVcehtzMrxD;SISA LUPEENNE;CJW;MifvVCwyhsssHYFbGNVF
130003452;nSoHFsC;MfSWUEHr;OEtBiUFpxEgJAnUSKHRnfmeQXcshzjIFZZURdWuD;OEUVRE CRECHES VILLE MARSEILLE;lZO;JwgzWrkXJHftjnmPXotJ
2A0004230;Ynrxdvt;wBfAycLs;gAvggJGukWEPPFTtfEFRHXfKkOgsenQqAyGLZkOY;SAS NOI INDE VOI;Roq;ybdOiTSwsnEdNzdGGHaj
750053464;RdrVdaN;bPXyTEdZ;lCRGScgJvLGnxQrpTgzAUkjhCPAJfbLvQeGRAtBq;ASSOCIATION ABC PUÉRICULTURE;sTS;oHeDZDLbVnsNXNFfOGGI
310009873;TYGlYum;gpyxBHZV;yFzoEehHOXpinHsLeVqTIohzjYKhFCyqWeJabqwO;PHARMACIE SYLVIE DE GRAEVE;fmT;wvZAPbJIQqhtbaNpaeaf
440010544;NiGgbgh;DgtMLRDc;MCAjjRunVdMFwxSDjnLbBkaZtjiGZsdDWZAQXvbn;PHARMACIE LAQUEUILLE;IHK;WEtwOSHmgvUSDsXRMeCm
910014554;heGiXur;uxupbgMl;QZMHMloPSKEBliHRxexzRvWJIDIoAsravBSYGwhN;PHARMACIE BERENGUER-VERMERSCH;CKg;qPmcTVUoOlAHkchPJrSe
800018905;qTblSuy;eJeSKqkc;ZuwhlsTyoeQqgcsDLlxYHYoVrBTDjkRAQEaClSBE;OXEEDREAM;yrg;ESiFvfxHNucSbhkdvRpT
590003562;UmPkiUP;PppFJpzj;NqtoNkDLjIVwOMvyryVtgwziUKqcHNXWVyyTpEKk;SCP CORBISIER DERAM;TTH;AviUxBoZFTIoxMkTTidx
770002277;UcTXcHp;fiQxlnvm;aJxMJjJwUkbMWswcPRyIftxotxovCRLELpWsoGHp;"LABORATOIRE MULTI-SITES SELAS ""VALBIO""";pXC;GEOhNjSxyLQBfTpivWKt
750001190;qrMxkix;FJhAimaq;jucuXRDKepbEAGdrespfjdxqPzAgfktPoOakBAnf;ASS F-E MINKOWSKI SANTE MENTALE;RUi;mlgFPpHwExJyPiBxIbqc
130049497;tIpCNRX;nhuPooXP;ApKWwLWtHgftKApzlCZNTAryYyzzKsFZJTKhrbKx;ET APRES SERVICES;FPQ;xJDtdxAMBsqgYEkhQBec
330056409;lHJAddl;GmQVLkYN;hrQyIsvYxMsVvuLfolrjpNtPhFqwnTatRanoslcX;MSP DU CANTON DE VILLANDRAUT;TZo;vIPCurTcwOTegmyvVKwE
380803684;cnsAWgr;njYffGbD;UlROSCnJINGVDwkYCEiJuyAmAKgqSxRHMeLsUggF;UNION DAUPH. DES CENTRES VAC.;dMW;XOSZWcwivQMqkeePIfnJ
280001223;eUJegsm;eViTZoGw;KoiCfPMrHqaDOEAyZQyCszKlIhlXtGmCHdDaeblz;ADMR;IcC;LPnksTkBijtIeeLxyXAu
600005441;udbrZWK;kzrPHFcY;RYpkovNYksPhilTniXNcorTRmmxSpjRuAxdkrkbu;PHIE MAKHOUL JOSEPH;nDh;oKpVSLBjJVwndQEfwPSu
140022138;hDgxpFW;tRhLKTBG;gsAzeRQGIkvarjUWDmUQJrhPFJlLUfhXpkUfUkda;DOCTEUR HERVE HARANG;cJQ;kCvPmmLjGUCeDQMSbsGm
830005682;gvlcdRG;ItLNnrNU;BCOPpHendLuRAStOvDAHkGPRabvuQhljxpePZwPa;EURL PHARMACIE SAINT JAUME;xSu;sHlzpRvllWuowOVxHZWZ
010007987;OskPcuv;aVUZimiY;nRKkQCXJNyuBTtQsLwVnFXUWoYaLcHpditxmeLvQ;CH PUBLIC HAUTEVILLE;Fru;JTBkcyCyOWtVhRXDHcaX
460005028;dxolsAL;SRshqKkz;wjBDNvROkhsgoJAfuLHkHVRtOeErDqAeQUlRswVh;CIAS LOT-CELE;xxr;cLlrBtlCkcFkKWEvvNLr
130015621;YxPPWDg;AOhuGuHu;ijuyPLxcYzMICEQpBwOWwPdRjDtbdPlaBBgQSOvC;SELCA ANALYSES BIOLOGIE MEDICALE;BFV;bIRRPtnPYHWUEHdeOLef
120003033;ZvzeViJ;prvnAmxo;WSUUifwfLSbfFuTXJWEdsMXxfwgKLEKVdmCHnUHy;PHARMACIE DE SAN PAU;sUV;OpgoItIKuEgrEbbXtJoz
140031600;yfDIyaP;CGngZEgb;UhMoNbHdbLROnfnGtsuxqeWMqToHAOyWofkokGbC;EPMS DU CHATEAU DE VAUX;qdn;JRRmrHyiCZTdiaHwraRF
010012144;TGgjttL;wLqcBSSz;jznzfwnQfsMVzfgJgGhIGHdeykGCcddjmqMhKZRF;OXYGENE HOME SERVICE;GFl;rotMrJGnVPQTkSfbxCMv
540020476;iUhdpvk;krESfCIL;UalxpbDocKiDppsXMTPiJVOZDLfNbEcNDkKmLxkr;AGAFTP;dlX;OMjNeNsbrfFZdTkYRgbJ
220020531;vUHZlnv;poJHNJXv;VlcfnciGKZnzukhxIrAVKDqSzbSzlBhAMOdgvBmO;MUTUALITE FRANCAISE COTES D'ARMOR;aPd;INNdMQNdjUjJSNeTMCjK
660005349;xYIjaow;ROoeCAGP;YmueMCpnbPNkEcIhOGvKvPBTsIwCwqDXOUOZbUpO;ASSOC PIA AGLY;DkE;liBDcTCKWReVHFYQwfzS
050005677;wekGLWU;GDdALzIz;thDJmopcuKZFCAlIQwqRCFJXazRIddBivJBxYlfb;"ASSOCIATION POUR L'ENFANCE ""L'ETERLOU""";eHH;UgPwxogZuFqsnEfDxsuy
770016533;ZbIpTcG;LsCQrANn;GYArCrWztowxzUACwwWtZIvJtLqABaaKHmIjuNxl;SAS QUIETUDE CHARTRETTES;WTM;AMVhKwmcUXylhNywmqFD
740016829;RWUXcBR;MSQrMPXr;yrYCielpgJzTlxbdWoynQtCefuORhbTypEjTDryQ;ADHAP SERVICES;ORB;UypvQcBbnGLlFztzqBjJ
750022691;zbAdSBH;PUDwgkPV;odPuoDaGzcsrNBKKFEzGEAocbOpyKqIRQBinJKJx;PHARMACIE LY;UlD;qmwQMIwUgOTHsOveQEgL
620012484;AhFYnCS;rjIjKzPx;BZhZbAHuuaqIpNOVREAuhHnmcWguoapfEYRyyvAP;PHARMACIE DESLIERS;NEK;iSmwqFiGygPMCGFilqre
810000356;hAulmgt;hnyOAYdi;pLGxREOxFzvIcoWNrjpRMpMYcgRosBIfohtDQQVg;ANPAA 81;nie;crRoIfthTMOqarlxLyUd
810006643;qeuwfdl;mIQeReyj;ssDxuqmyWZdcklbuMpgEzEvLlmRZwnzPevIYpKZS;PHARMACIE LANGLOIS-TROUILLET;OqY;VfpVLsbGQLxLDsODdKXy
440049641;utwZjln;GFBjXMKy;ZPxxzzplSEEofrUICQnVjEwbSdvUqgAoJcIebKmU;LBM SUD LOIRE BIOLOGIE;IoA;yEMPfafIQBsqWJIETLPO
840000905;yXEtWer;ijTUJLir;bpDchNZFxPEVERumeVEkvetDghFWagbDHBlFnkYz;ASSOC. MAISON D'ENFANTS;IKy;VlieKQoRIZYKedrTFsmK
590005351;dVgSNHF;JJmiPuUb;DXHRteYadfFonHscvztiWSbbDAqDuDnZALUfuOSv;ASSOC. INTERCLUB DU 3EME AGE;xQa;nWvUeVpCjNErHUOmYpIB
890002082;SHKVrZQ;MutTYIJQ;FacVNmWHPreJbgrrUNkwepmmsyBsRkuJpWaDLHXF;CROIX ROUGE FRANCAISE;LGS;idDlPgIswmmzhsvFhasZ
560000416;HznIrGu;gThqzgon;LOBFVAarUYRYDJZgWtZRrAffkDTOaNCNIsAADoNe;S.A CLINIQUE DU GOLFE;msX;TQIXiCETalXZrxlUUdRd
540023207;QZkKGfh;WgCtTVqy;xwMddIaZKZvtGAiWHeAJjpLzflOlGGGBdYrIbkaD;"GCSMS "" RAPH 54 """;ySE;gXWnfcpglvxHPzqdoBla
620000612;noTRCwl;vZtwQbta;JGTTmEOIFsQDnMQFOpPGHsUrdgxDiTjBkcsqBPss;CONG SOEUR DITES DU BON SECOURS;mlq;fsjQgoePXuRwjHVmPcnn
950029975;LZEgAPb;LeDTArOk;buNiyoeDtuylWGndLpchlfWGQigcYGFeLYRRYIqY;C.A CERGY PONTOISE;PUc;ZczjDdvIXKiIIxZmRbeI
350051231;EMrRgFo;mhyeIzEv;DyxtKleKBSfiJERiOxhLyyNPVCniRPDXWKoOGvdy;HABITAT ET HUMANISME;foI;YGjilYTuJgdUaGpezkAf
420004723;RlffbMj;hWjdaPqk;AZmGxKpVWheRjrYzPjpneTteodjmymijYCAYZVHj;PHARMACIE DELORME - MOINE;gQG;MbrqpUsOKGirYSfTfXlE
450021068;InpbFCb;nDQEVVBb;YfEnTHkuaqMaAIuuKYFFNkyvcUMuksrYkGDGGgdM;BG SERVICES;kaY;RHsdcxtAmAdJWNeIoqmB
350032249;ULWkMZu;QADXVxIq;comNkaVvaLNHXsnJzWCfNyhLWMgsUzgwpkkItrEl;ASSOCIATION APESAD RENNES;lsc;GhoXtSgAppOCqivWngTo
930110028;HqtfnYx;LFeqTQwq;hCFrJkPbYnfNxFNXwTLxVruBVQaUsuIaIUxhYDAQ;"CENTRE GERIATRIQUE ""LES ORMES""";ikK;gxnUuPEwSAJGpvhQulwk
560008708;FwBfCRO;DqQCSSaZ;CVykypsCRnivEsPOagEmLdExuXZMNFQoyXHLEbqc;CCAS BREHAN;yLX;YBxaDjZOnJfDvIdTHOPO
110001476;voCtkJo;vlJhEsZC;lcrcfzKQuotTnzlaJpwCXZfokGbZKCmKwlGmURyF;PHARMACIE MILLARET - DEDIEU;IsM;AWKstSnAvkacoEbZANLp
590022760;CKGOArs;DwlQHGCr;UxOJswEtqyqOXvNJxchcPJMhejexJIdYiYPIHrtj;PHARMACIE MEURILLON - VENANT;tYv;clBlaUEYIRvejrHgdlpE
970305413;PliLlXZ;lYYfGlUC;uMgDHMttBZmGMEKmGONRGqAsaouljbigSEkrrfno;COMMUNAUTE DES COMMUNES DES SAVANES;syK;NNSuYRPRYPyMIGjUKvao
830004131;AgKMjKQ;OMbBCcUm;FKwjCNqyoQPTVrNCMcXNOvrcbEBjdgWeqfJyRTSf;"ASSOCIATION ""LES CANAILLOUX""";zur;QpVcvscpYkEPvPsgXIrr
2A0000519;LuZNyAs;FvmfEMUw;PGEjMoRagTnfWozXDajCsJAaDYgVtfXvvGHfqNpK;ASSOCIATION I CAPI BIANCHI;vPI;TwVXJjYSmDeXCbnBfgHh
290002435;weKSCEb;SWrDrhCy;fuQsNQfgHYuXLosIvXgIkYZWjntkWyJcTaNLkJju;PHARMACIE BARRET;UsR;EqRQwSvJFHzYpkghRcJX
030000194;GjKwdQJ;vmdbcZoz;KRiMaAyMmogtgKMqSfhrqQQrEMDraSVKsaupfXgg;POLYCLINIQUE LA PERGOLA (SA);chh;pdcPqRhZYumYePysmsme
310001755;drRntnU;hCoPDYOZ;HwbtJlaarJHzZiUVSxQTgjZIEDtOwHeCPIbbbjun;ASS. CHATEAU DE LA GRAVETTE;HDH;BpsCMWkyhJlYXMdsiPgC
750059271;tfuFWwf;rhHmMXzo;XWCjOqaOdwbyHPGGFotsidVAknmKZULDQxzbcjdl;FRATERNITE TUTELLE;QhZ;lAhyftjOFrQUSCJUcfiY
250016672;qMMDoWv;brhkAiuf;nvpTuGZvzkvAVlUaTNeAUhTJksWRpxoDYcqGKoPz;ASS SSIAD PAYS DE MOUTHE ET ALENTOURS;zEQ;TKEGGIsgWKyfYBnjXfkx
070780382;WjJROvK;ONJVYhKo;ChVSfdGqniqWiudYQMSIcgLebAeuYqVdsRVMcrWf;CH DE SAINT FELICIEN;TNF;opVevYwPsbebgPOCtAyu
450001508;HOFknbF;MdNzAqkp;UdZrnkdihaqbqhRToCGZmCetcEbltUnexFaXCTkC;ASSOCIATION DE PREFONTAINES;iVS;YhryUMMOEVzGtwHpDrED
730007093;ZxyLORQ;hWzMMLtM;BIWOcoxoDMUJRjCgCcPhmyglvJnZOKMPwkNDWmWZ;SELARL PHARMACIE DE LA CHAMBRE;GAc;uHJKjvRGxRwVCfGTQMjf
290027895;BcuZtAb;FLIznMYN;jUMlFXbXpqUHhoWPvtPyLsrGsRTBJvZkfDOYfiPg;ADMR DE MELLAC;tKp;FNoyzlbgHNxGDSGkWTcp
060000908;QAXAFnr;nqPwOLqz;dpkZpBaVFrohjnuTiqjcInAUlmsSQOvFpmcRBfkK;MAISON DE RETRAITE PUBLIQUE DE SAORGE;udh;erwumPNTCRyVMlDUCgBj
380000422;SyHrkzl;yLrwYamx;LdLprGKlVccURPdJsdaDMhdzmurhrlLGjNokxJdM;EHPAD VICTOR HUGO A VIENNE;paW;wvQUDTLlxdQVIXTHxrPo
340004597;htWpqDN;sABjjvtd;OLuuqokSKdsvvqBIkOFqtVGPSNkdkSeutPAdiaYx;PHARMACIE DIDILLON;cFV;fGqsBAzliquHoLfkjOSw
060000213;rJTqSUO;ZecwmkLP;ykSKQTRSYDSqCYRfnLmhUPTkHJnAhmGIFDACCNRZ;LUSEBOR CLINIQUE SAINT FRANCOIS;nsg;WcrAxefraImdMgTOMOwc
970403846;RxzjiNl;EKeJszxH;DsdKWUxijrDBxxaSjrRwvRNBtcBWnwvlflINvxBZ;SAS CRF JEANNE D'ARC;VPE;JLWbFfhbNtwrBwXqrPrp
830013991;HHOYGEz;QJNGOMYv;JQMQFwZpUbPZwhaXmNPDPKgZvvYeLqVrIHGsgIsS;M. ALAIN KERFRIDIN;AEc;cwjlyvBPUqNUcnHCoDCS
600006696;RQbzquz;cHiCJBqy;OveCRGULLfnojteiXzCPQOCbDcqtWHybZbTxNblM;PHARMACIE DUBEDAT-COLAS;jzE;FZRwCnMxBuCLdNbePypf
030003784;BkScuwR;mXGctChH;vLfSTDIESkNQViUJsKHzJGvBxkoFeBpmkRxzfUSe;PHARMACIE DE LA PLACE FERRANDON;NFV;NqWYJorxsomsyfuvObnd
010003911;dOrENlr;GktHSZUW;AojWkoLlgMOphayUugptSDjwcYRYCrVFPMLtrtcu;PHARMACIE LEFEVRE;gpt;duxmDMYfxcawIiLTlgaX
950025841;JxoCnzO;FkhZTLhu;pAYJZSPTRrRmWEfISMrlvpsGextWNyYIaaxheStr;COMMUNE DE PONTOISE;nhO;TQWAIGeTmrXpUMGaKwJC
080010028;jjTgNhY;mPDzfRJN;BXNgmWouUapCjzTypKQovzdismWUljyTMOkpyhSi;COLLECTIF ASSOCIATIF LE LIEN;veH;iafmERZUrpZtwiAyYVKq
710006750;YAlBYhY;rmQOSATA;QqUFeGiJLLnXKjopvHPFTwOgOzznbKPuKxFTihlP;SELARL DES FILAOS;ZQM;OzeHmWWxwJRrrPWZzWUw
690009741;bJOXfau;ckspaYzg;EykPhSXBllLXjVfVOWervXdJGEKpVFiKxdcFffoQ;PHARMACIE MANCIAUX-SALIN;gDp;ttHYPljyHEjIhpThzewF
060003308;geFKmVD;caQjahvh;uiqoxqFnjGuuRQjwYLYezeYGXNowDhToCdHQOFOf;ASSOCIATION AUTISME FRANCE;rnL;BAnWPSkniWHfqnxLxtrd
690014345;wzGDgRW;QoLsGgQn;dHXSjfQZPvenCdoBJGLnevBvOkHvhrWvXMqzjbva;PHARMACIE ROBIN;AoD;QIuHvboOJhEgCROWyMvc
160000493;AUxbyzB;trVzxdJk;dpaUixvAjQdytmgAtzlwLnheMWxyffKrEMtcoCzU;CENTRE HOSPITALIER DE RUFFEC;bqv;RZpahBmwdSBtHYrfCkoO
940003791;QzdOWvy;mkRuRAnm;JXtvWWQMdlhIeFEXVbXRjmAnnFfkLrTRdAALNWVN;MME BASTARD;xbu;vbHSDeZxlaQIbOEJZRhT
420004202;XRzaSpZ;bYSmODfD;fgiyTMziQTsHQTUgZEwqpqVVaVbkRsiVkWfJCDYY;PHARMACIE CAMAILLE;cfJ;pAHsVJZGqFywbxKsWlqD
040780124;VcgvHtZ;NzMhdrTt;AWVubMcVsFSlDtIOxnUbzgRZCImGCDFCuXpRQQOh;DIEUDONNE COLLOMP DE BANON;qRA;iVglgpDYIycDVJMPpoXD
910812007;jdJQPof;bCbqLpmF;ajcnlhnPHihBorAzhOTmldrofaaEQCfMyzzgpcFw;COMMUNE DE MAROLLES-EN-HUREPOIX;UgA;tRHPrGZlKuvnETVVfFAs
760022731;KqKxoeu;xEcXLFjn;jQCeHacPJiziovnqKxRSsvjkbVjzSvMmNvkCZrDF;PHARMACIE VIEREN;zZR;lXBlOhrsoqWKTaYKUqtd
940011653;NUiNVdm;CvlFAXsP;sBXefLiUvQIquIeKBCZiokIKObglhUSIPQycLIcF;PHARMACIE DE MANDRES;FXl;WfXHoteVrCAbOiXZXzKY
270026115;vSSGIcg;PNArrBwa;btSjEmxxIBVstjwgIFgfblCuySypRkPExPmIzubR;SARL SAD;Oql;fHNSqwGIACDySFrOswmE
130804198;zECyYkv;HvxDyLjr;HpOdHUYUTrlrlQrPAstOplbbfNJBbWmvDbZYSTTH;CCAS D'ARLES;qHm;JowFtvMolgiWhdZExEPZ
890000227;Yaeevwg;zxkZZOeC;YeFEoOmJWeJeGAbSMTMTjLbJiHnKpllzCSBfpQcn;ASS CHATEAU DE LA GREVE;tHM;citCbpubFiAzgYTZkSzs
130030893;JFhKyRi;LSVDeJVA;nJmMUZVlAkbADcPbjkicMpCQayDlJlUtgbycOHbF;PHARMACIE POYET-RETALI;jsl;IGTassCWaDFgcckEeWIj
110786662;zMCIDgO;fBcpbpmP;JFjEoDmTTAWcFTtDnubpOPkdmkiucrrvyGalNwWO;COMMUNAUTE COMMUNES PIEDMONT D'ALARIC;tqY;feSUKNIiSOpHvtUMMldS
570023283;ulfiWoC;nrSnXCuj;SerCRMAHFmLXnCEczaETjFmZFEcrUDiiltyVueqD;ASSOC. SANTE MENTALE DES ADOLESCENTS;uoV;cOHWotFocKBQqldEPqZG
380011395;UpeBqTE;tmTezGCm;RbBDHAXJiAonfMIIDbKqdZSRoiMYxUpmDFHoXagS;SELARL PHARMACIE DE VALENCIN;lpP;rjHtBGFUyGjOpYNItzcK
450016886;FrIzAqg;GulllLlP;ehfbXwQPesDgCvqwnHPhXWKFnekWPBzOhEgLpPLn;PHARMACIE BONNICI - ROGER;vsE;BcyFefSabfpEtAcMcKhX
810099200;eWEiNSP;kOPUOYlE;WrKMTdRruxeLozaozrjOADkekFUTRXXyMFCIhFXr;ASS. AIDE FAMILIALE POPULAIRE;EpP;hDWuZTDsuivsJVOAEfCu
760915231;FqpwoYG;YgIHVDEn;rjSuKLietkMVjMntHpkkEgvzlOOUIFngHnbZNCUd;ASS HAVRAISE ENFANCE ET ADO DIFFICULTE;ybh;cbfNsOzuuKZVIrqzuQJm
940010390;cMlSBdk;qZmndJBD;fiYbhjZyxPJnhIKpEsSukSXgzxMlETLzlKcFDbPa;PHARMACIE DUBREUIL;llU;ZldNLjFmSORmyzInbvqO
770001121;BwaeEZa;OmwvogDB;ywupMfEbyDKkwHWHhDuErYbiOAzHxviqgLmstsek;"S.A.R.L. ""MARIE VERONIQUE""";GZq;WvUzxfhPrypPrEjXGgJs
240012914;LqNxpSi;QdCMyTWw;OhvqaIeYNoHfOPvMwCIsDsnGkhIRHVsCbPgSLBjB;BARRAND DOMINIQUE;wxI;EYweLbObdBBrDPfMsnmH
640003547;CclpnCb;cZtvxNaM;dwZXGogiohJcMuZpyoFlDrUmJYKBoqBddrYRkGly;ASS SEST TER NOM DISTRICT BAB;naz;spvarSMVGUNYNOBJOElh
800002909;WZPaTxx;JzBtdLpo;AeRtawdUsCnfOyxrzxEMoIsuOnQRmqqHFWOyQyUu;LABORATOIRE LAMARCK;UZW;VLZBunFbxzkqQKbssekI
640019758;TGEROKE;YopBcojg;zVMtoOkAoRbbXlovCtbPEKYQuWZpUHXXstSIaEss;ASS DU CENTRE DE SANTE POLYVALENT;fmj;SIAohFpBXPMnCohpBUKl
330010778;UGKEPSp;sYrHbxTK;zIsXPPaSfgLsslwkYzmeGOLRdeoIhKIBeYqewlvt;ASSOCIATION POUR L'AUTONOMIE DES AINES;iHx;mwbLtwXAvQPKyDWvpYbx
290015635;SyvEorx;CtsthHVi;FtLlxiMnAQuwWBNRScydgNhJSmynjzzjlZhvBEFm;S.C.P. D'INFIRMIERS (17);VWz;DxeDEEpLhjvEAGGZRaTi
580970929;KKwKepK;qhwVKQZW;ilbSAbwFYbHpazWqiBPDBAUgxdgSzGVZiBeybToF;COMMUNE DE LA CHARITE S/LOIRE;HIb;PRtdMirOgXQDHLQicJDG
880003710;dnMUEUZ;vHeRCskf;YMQuHqjTaimiDsDpgorRZfGWbnwGsZSVjegOUOxw;PHARMACIE PALOT;IgQ;CjJTMftBFQrDRgLWEsYb
130006992;qKUyGDb;UpBlnjxy;zHhuCmgKiaPRoCoroRHNUXqqtWHdwRnQeTFFNcxf;ASSOCIATION LE MAS DE VILLEVIEILLE;eGx;PLENPSUVzmtNxuyqyevu
130038607;gIrcicN;PXEonDQN;WBJVzDOguJaDkCaTHAcUcohJPMAfhcdtNdMwwVaD;MCM WULFRAN PUGET;rGc;lwxrrHGgJdTvlIqrWWuG
100002401;WBuviWb;vuhVGtMg;ycoyYPINRowsNXoJWUrZNPOHLpRrCKHkQdjunzLC;PHARMACIE MAUVIGNANT PHARMACIE NOUVELL;uat;uAPVbuliQsSquOmCaimY
320002694;xqSsMjC;fWABGvRu;EwYgAGBQKKHfkHFIPgOezmEEavFfoVRBPzfinBcj;SELARL PHARMACIE DE LA PLACE;nCP;bEowsNlemcylORkVGhiS
880780341;tqDRIsW;sXtyKROL;fvlNRznJwORsBIXQAdfuBBktSuVKnpMAcJwIgEqF;HOPITAL LOCAL DE RAMBERVILLERS;fvR;UpMNqxwiZcbAPvmXHebp
210003596;pLHvZxD;ZBriuPGp;bVoFgawZOpFsoaMpAvVlIyectcjdPFuBzgdCgJRj;PHARMACIE SCHMIT - CHAUMONNOT -;isj;bDmAVMOAZFWDvSUodpxe
280504085;MwvMFOo;ysQvKVfW;bmvpYaqujMRgNKuQFfLNqdaWvalsskBSYOuhoyEZ;COMMUNE;VzG;agNzLXjlRnZugJzHJAVD
270000763;pVmSiLu;zQaFVXHc;KRBJZEXMmpDJuDopYpZyEwjfXvcdfAByqqSJGRkd;CLINIQUE DU PARC EVREUX;xQy;gnjFVRnSzDqGVxZmwXYK
710780040;XKqOeQC;cGHBKkkZ;OHRTeVEFaPeePKLuaQgWSbMaEscjcvlPlwhNesPF;HOPITAL LOCAL DIGOIN;GYb;sEUqQbymrCmetXYoBvtS
020011078;JBOLVus;vizpgrDD;rQYxnnpJnfkOmtBJVVRREeIxPNseyUlcpDeeSKib;CCAS;jAq;aXhRimMNBNaDlhdYVcgG
340004811;uTvTfoq;jVRsSWel;XjlTUxmLOMHGfVPgwvsblyHYNFiLLRhAThcRbIlg;PHARMACIE BASTIDE - THERON;wau;vmPREGHUMPMcpGrvxlMU
670007699;WlMRvPi;kbScNWcT;ZadGCBIBIudoPosLWzsaivMRcLeADqqQZnFBbSFT;COMMUINAUTÉ COMMUNES PAYS NIEDERBRONN;MJO;LDIOKbQtRTccCpkzBSEH
750013435;xIWwLRa;qwfQgyPi;ogjvCwXbtAtpjhIZYIoBfCRLbgnUErPkeVrppLYK;PHARMACIE AMAR-RIAHI;pPR;JZNYPbLBwoOTiAttcIOo
330049735;WkzboPX;iGtHuvXO;vJFMZEZJWtoXltTTKCGjWKnDkWRqkiLNulIVvhMJ;PHARMACIE DESORMEAUX;qnS;DomPloQcEOErQSeaBnuX
310028006;iGBIccT;bNYJvoUk;cgGUzvWzUQIubQxtJTBVxgEjTSQcLYVBkjnXCbow;CONFORT CHEZ SOI;TpP;gThIbRVFacfuYlKeEKiO
930014592;ZFIAtkv;PMalnFqM;VZfMDaDUQqFlzsGdLXVivNjFzVJfVWChMrGzdDub;PHARMACIE CHIKLI-KHAYAT;SeR;IjgsBMjuysYevqIUNNeQ
870006632;bZSVzqM;RgWiHIVe;orGFvSOXPIrdJUeVXfOtsaIOqnVLocWfPbCUYxPP;FEDERATION DES OEUVRES LAIQUES;kLU;tXWOVsGbocvsPafRGmPU
060019544;NmknxgG;dSQJHDul;EdiFhfCyFWaaMczkMPkEoCqossloLXexCNQfPnqk;SELARL CTRE IMAG NUC SITE HP TZANCK;UeU;mSPUKYevbhaxdYsQZYcn
300014776;qHsXSLq;ADAdPtTi;LUvToVTgYJSeobQDEbvYRQPpCfzZiSVQJdhWYddE;SARL AMBULANCES BENZOUAOUI FRERES;OVC;gfuzWQnDQeKmqAPdcgeW
930006861;XjIqWaa;anBHzZEW;SVtyFNCWMsQxLYcAYYZyuIUlgAzBGaQzjLGoPHYv;PHARMACIE SOUFFIR;jWw;PcDJREnrkwrcXVxhCAtp
220024608;WFyQvcG;beXNqkXi;MgHErzkWODoDYdbGrqKvvninKsoFsqNXFZyiUtRK;COMMUNE DE PLERIN;UMr;wNouveqvfJIdqJCmpiXW
810009258;nuATQTZ;SCvKyksb;NqpZDVGgsmJpqivriajEWJVwJSDrDJjCnpJkDBou;ASSOCIATION EHPAD SAINTE GERMAINE;vWb;gttUaUpVuBJzpgfUzQrR
860008879;tyKJsbk;BkqEzXrw;pqNrqIVUJYtsGJgDqOkjyBLHbprJSVKYZWBeTjKw;SAS HAD DE POITIERS;dSp;zeLeuOJCJqTdgOojgJcj
810000794;BushNza;bUQMDxGb;dAmKeMirCsEUojWPLcUYSnidJfxuzshHDTJDWCzN;ASSOCIATION LE ROC;vgW;AHUlZynByqBJPDcpHNmi
130021843;CZdWmJu;PztwREyA;hBHyPlHoPhhDLpAnseNfQJjHTgrqhDlMyQYGaBYv;PHARMACIE GONNET;BsH;GtVmcHYrgIHEuxwMRnqG
920006657;ESBwyke;cqUpsYWJ;TmOxPCocBOLlVITybHgBDJZwzJAIRTFRCtSnzoqY;SELAS RS BIO;sxs;mBlFdqGxjgMPEhqEIGhJ
920804465;GnMgSLj;TtOEuWnU;dkNmoEdeHbZJRXKoqYhOwHNoZgKKtDVhYURoZCVQ;ETAB.PUBLIC DE SANTE ERASME;kwJ;rjQdKadEEZaWfOYxDjAi
360003172;jqUXApu;xYOtierm;kHZIZholKvsCWTLBPepWLzZgytIaNDUooYlXuCOA;SELARL PHARMACIE GALTOISE;PZg;dkZHzGMmlJqsZbYfHSWT
660001512;DwzNCBB;kmGDgwZJ;XljwXxDwhufjrtJsJpZdaOdkWqwdZZScOsvOrFkb;LABM DU MARCHE;YjX;PKTdUIYxSOFixqSmrVjD
330005059;OCXByRg;HvRLmLzh;fsYeIEiXksZQaAiopWSjejposuHbscelQzCeIQZq;ASS. FAMILIALE RURALE DE CERONS;gfw;mNmACbJEuSJhQUMxRior
690017843;rRRpOQm;nDBUsSrS;AJujamvtpbICrPvalJEhDINsaqPFTrFbegcHDcIH;PHARMACIE MOULINES-GODARD;unP;gJymRNBtyruOGlqUvmGj
310029947;XyOEIoq;TgaLsSbz;THHSCnpyepSKfGLCLcggHqAnOqPrOabFZCjKqMBB;MIEUX VIVRE CHEZ VOUS;kdK;RLgnfNUtZzVhqQNbLPWK
570002238;ldMdbrv;GhePPVnK;QxgReuoUCqPWrmfPatbtMBpLSWwzpdPWVPXMyNJe;"SELAS N° 01 - ""PAX""";YSr;LYtiwcVoeXIJONjFpdFJ
750048308;DkxFrmY;jJDLQhvw;GuzeokoPgZWvIcXEGmxeIymSkiObGCeajzNWtMsB;SELAS LABORATOIRE SAINT FERDINAND;gyC;SQbslTqMLrqvYDorPPTc
940007941;HYvKVcd;AncBLiPj;OsXesjfmxFxKtiqUmXIATqlUJNOHEdhJjCaUyfUZ;PHARMACIE SATOCK GARKA;skZ;hhmmrgGkXansdgLhJBCM
890974900;lEmCHha;gTIsidMk;CUQAkaTztEkXeXWVlLKuExWuyArLLVzAmIzrPFVD;ASSOCIATION ADMR - M BARRIL J;FJT;JmNugQhjAqaIlmvVfpqf
620017509;peyIObo;ClehsFNF;JhEoGbPoZEeDEbSbPiloPJgcTjVtWBZdzrIkWAyU;ASSOCIATION ARTOIS DOM;zre;zgRakuqcRpebVNzcihTW
380004911;KZjSFQw;MONCbNfW;oVodTRIcuNzwuKaeVQJAaknkXOuTIEaVmDKcvfCe;PHARMACIE LACHCAR;dxp;gMvjgyhNumgtMkDwnkTS
680011780;IrWaxWV;nvrkXlEN;fRpVfMZotlANcWchdNAfQgYRwxcczJuSfjlDUbFM;CARMI EST;yHj;ZppGSgjiMZEcrnzKVHvy
430000315;iVsRRyh;RQWxbPbe;CFaGFpudbdiuLfzGYmEOrxmtJlPvNcpJxKqlhbqE;MAISON DE RETRAITE;MpO;XxihwNISsllWwhNgMQwZ
060788460;VYcKUCY;mIELHoeu;KVBmJsmqalMfvVTtIZQXsOlFEdcKXEmKmobfNYHd;ASSOC CENTRE MATERNEL ET INFANTILE;jJx;FlRGfxaFXrdUaMalGxAd
