NIR_ANO_17;ETA_NUM;RSA_NUM;COH_NAI_RET;COH_SEX_RET;DAT_RET;ENT_DAT;ETA_NUM_RET;EXE_SOI_AMD;EXE_SOI_AMF;EXE_SOI_DTD;EXE_SOI_DTF;FHO_RET;FOR_NUM;HOS_NN_MAM;HOS_NNE_RET;HOS_ORG_RET;HOS_PLO;NAI_RET;NIR_ANO_MAM;NIR_RET;NUM_DAT_AT;NUM_DAT_AT_RET;ORG_CPL_NUM;ORG_CPL_NUM_RET;PMS_RET;RNG_BEN;RNG_BEN_RET;RNG_NAI;RNG_NAI_RET;SEJ_MER_RET;SEJ_NUM;SEJ_RET;SEX_RET;SOR_ANN;SOR_DAT;SOR_MOI;VID_HOSP_FOR;ENT_AM;SOR_AM
WzaLKmWVyVPvZUkvM;880001052;1716304685;False;True;C;09032023;True;198612;198612;13/02/2005;06/03/2005;True;eZX;True;False;True;False;m;oeRltpGexOJYQuDmhIOaIELWZBkDJljF;False;599565154;False;URUUBFDasm;True;False;wZq;False;1;True;True;45021;True;True;1989;18042023;08;692;199101;199101
WzaLKmWVyVPvZUkvM;920014503;8147421652;False;True;D;18052018;True;199804;199805;22/03/1998;30/03/1998;True;Uur;False;True;False;False;L;MRbPzqBERUaOzPDdgyumKEPFBVtZoCcK;True;977664477;False;sKzQwykLqc;False;True;Rpv;False;9;False;False;54934;True;True;1968;26062018;09;864;197502;197502
sBbKuDRTDsvFYNXtL;660007469;9739786668;True;True;Z;15022015;False;202305;202306;05/08/2016;11/08/2016;False;vQR;True;True;True;True;d;jJQvTnDsBAvQWnRGwSqlcSWwZmtVvANF;False;103656222;True;qjzuQJMoVk;True;True;hTH;False;9;False;False;12209;True;True;1996;02042015;08;406;202205;202205
sBbKuDRTDsvFYNXtL;720017292;8625790623;True;False;O;03072002;False;198305;198305;09/10/1973;05/11/1973;False;hxi;False;False;True;True;x;UaPpBNEmuKrRAmiIBnCKnLKhSgNPmYVi;True;879181503;False;CMqDnqlAdy;True;True;oFN;True;7;True;True;36393;False;False;2009;20082002;07;611;201101;201102
sBbKuDRTDsvFYNXtL;440010742;2945320926;False;False;N;06092001;True;201112;201112;24/03/1975;22/04/1975;False;qJA;True;True;False;False;v;QjrYvqYaoeRdYRrqTDgiAMIbbflRUjlg;True;855149802;False;AJVCkIWmdI;False;False;XHE;False;2;False;True;71383;False;True;2013;12102001;04;121;198608;198609
sBbKuDRTDsvFYNXtL;780825634;2097101881;False;True;C;30031992;True;198311;198312;16/10/2023;30/11/2023;False;pWS;False;True;False;True;T;XeISZlktoAEDwjsAqQsIIjjHgKrJaasF;True;795330660;True;MYrTzajHKy;True;False;mrN;False;1;False;False;81571;True;True;1993;04051992;06;237;198610;198611
sBbKuDRTDsvFYNXtL;170014237;9070708361;False;False;C;08082007;False;198702;198703;28/10/2022;17/11/2022;False;GiR;True;True;False;True;R;UvwyOTQIazNGMGlQFhppQVRbNasFXOEW;False;630654745;False;YmOkJrSqxi;False;True;Bsl;False;4;True;True;74960;False;False;1970;22082007;11;715;198607;198607
sBbKuDRTDsvFYNXtL;640796231;4698629456;False;False;Z;30041996;True;199609;199609;28/04/2007;29/05/2007;True;Xxv;True;False;False;True;v;ValWNTftWmXgwGZFmeQDzOHmfClSWFcx;False;479141045;True;WJkRqCObyS;True;False;LeZ;True;6;True;False;55246;True;False;2008;09051996;04;726;199712;199801
koyuzoOtYoyAAZVik;140031485;3199971684;True;False;t;03031987;True;197101;197101;06/05/1970;10/05/1970;True;lnu;True;True;True;True;i;pqEaGQuQvfbNwNJbwOCsizmPYXhjZRgS;False;455605817;True;ofYGcdEjyU;True;False;KdS;True;8;False;False;42219;False;True;2016;04041987;09;351;198008;198009
koyuzoOtYoyAAZVik;950000281;2150642934;False;False;n;10032012;True;198102;198102;19/09/2016;31/10/2016;True;JwO;False;True;True;True;E;iEKKSNoWrKQafZgQkNTYXdUexDwMrOnm;True;459592006;True;lkqAVcYRyw;False;True;jOF;True;5;True;False;82920;False;True;2002;28042012;07;641;200009;200009
koyuzoOtYoyAAZVik;420014862;1898118829;False;True;Q;27121971;True;199805;199805;16/11/1998;31/12/1998;True;PTv;True;False;False;False;T;UewCmemNmHowwbunZddDWZJqjBChTrYN;True;960509078;True;gpoLfRneHi;True;True;oLd;True;8;True;True;70764;True;True;1992;30011972;10;602;197707;197707
koyuzoOtYoyAAZVik;730000346;8614034056;False;False;S;09051979;False;198802;198802;13/11/1989;21/11/1989;True;jHk;False;True;False;True;s;zBZboaTRpSdrrWJYYlEMHyIxPhxLdtYV;True;185403027;False;nSLRjuIMMH;True;True;IrD;True;4;True;False;74384;False;False;1964;20061979;04;181;200109;200110
koyuzoOtYoyAAZVik;360002620;8146608882;False;False;S;01012016;False;200411;200412;14/03/2011;20/04/2011;False;LKs;True;True;False;False;O;cJfmssWqUwQMlMRBeRupPpAXnGzYEOiL;True;985576641;False;nmKoEeYnVE;False;True;Abr;True;2;False;True;45452;False;True;1989;04012016;08;402;200705;200705
LuKeTIABWABDTQRbJ;970400263;7940053675;True;False;o;28011971;True;199712;199801;02/03/1986;15/03/1986;False;Mrl;False;True;False;False;I;ituteBrBSZDTwYvccoFVxnlitbsgrbNk;False;690320494;True;VIwMyowDIH;False;True;iIS;False;1;True;False;51259;False;True;2016;18021971;03;196;198808;198808
LuKeTIABWABDTQRbJ;760017624;2292006005;True;True;c;22082000;False;198401;198401;06/02/2020;25/02/2020;True;Yed;True;False;False;False;D;fmnlqOleTDzyWuQlmSYDvqeLTUqXpyIv;True;865392578;False;YatwSECwOG;True;False;jXd;True;5;False;False;53228;False;False;1985;18092000;01;352;199112;199201
LuKeTIABWABDTQRbJ;380801167;3320964094;True;True;u;22072017;True;201509;201510;14/11/1971;15/11/1971;False;YMb;True;False;True;False;J;HPLxehSFeQQgLFFvsrHLXvVzpZfhqDMj;False;894631247;True;GAGlWMRxDY;True;False;YmA;False;6;True;False;79681;True;False;2019;07092017;03;150;197004;197004
LuKeTIABWABDTQRbJ;620013300;9517132963;True;True;T;26121991;True;201204;201204;20/04/1993;23/04/1993;True;VeX;True;False;False;True;K;ZkrmgzTpbFqTMlEZPyAwWaDotvFRKlLL;True;353661168;False;ffqzqPCoLw;True;True;wTC;True;5;False;False;59539;False;True;2008;14011992;06;110;198408;198408
JyFawdCcWdIYjCiEH;390003333;8021066634;True;False;S;13121991;False;199911;199912;28/02/1981;22/03/1981;True;kdh;False;True;False;False;Y;dBkrfCDCFSxZMAQatUgkevYsgpjQWLVV;False;229799039;False;pAEYzKGjea;False;False;wue;False;8;False;True;66040;False;True;2015;23011992;07;918;199803;199803
JyFawdCcWdIYjCiEH;780015889;6075993044;True;False;t;01021999;True;202207;202208;05/08/1992;22/09/1992;False;pjJ;False;False;True;False;I;aRndqOyouAevBQVJVMWXQuNuJFluUlUe;False;921906722;False;IVBKKDEmwy;False;True;zSw;True;3;False;False;46833;False;True;1985;06031999;04;927;199604;199604
JyFawdCcWdIYjCiEH;330011719;9863293206;False;False;K;23041996;True;197011;197011;18/11/1986;26/11/1986;True;LtP;True;True;True;True;T;HTmXbtyZDvqbkYARDljgyOYqEyuNFGuj;False;399979712;True;oxqcIQcSVa;True;False;sLy;True;7;False;False;20958;True;True;1993;14051996;01;495;197009;197009
JyFawdCcWdIYjCiEH;490010386;2344712436;True;True;z;20102006;True;200307;200307;27/10/1993;30/10/1993;False;WdE;False;True;True;False;r;GjDahMpqtgankMXhpdTxstdIQdjScbQw;True;391582557;True;AZLDDtNZJF;True;True;ciA;True;0;True;True;79636;True;False;1987;03122006;12;366;201310;201310
JyFawdCcWdIYjCiEH;950010728;4844666093;True;False;q;13111976;False;201605;201605;18/08/1989;20/09/1989;False;bSO;False;True;True;False;q;nAmcoUXRuTwqEbAQjcSqWTFDISMFKkoF;False;809061099;False;hVlHjolkRe;True;True;Vdb;False;0;True;False;70571;False;True;1986;10121976;05;589;201409;201409
JyFawdCcWdIYjCiEH;750063976;3229538629;False;False;A;02031986;True;199210;199211;26/01/2012;03/03/2012;True;udR;False;False;True;True;H;lbgWFYLxueofqfhNpgdGbnELTbXkUvoJ;False;211187717;True;CoHYTHHdpO;True;False;EdP;False;9;False;False;83941;False;True;1996;27031986;11;747;198507;198507
JyFawdCcWdIYjCiEH;780806881;3811388931;False;True;z;07041996;True;200411;200412;12/08/2003;11/09/2003;False;kQH;False;False;True;True;U;KitLDhiuJFKcMYBXBncCOlsRDoXxIEaq;False;661895854;True;UiephrFiRQ;True;False;OmM;False;8;False;True;15287;False;True;2009;18041996;02;793;201002;201003
PJyAxiDcrHhuYnCQt;850002577;2708610446;False;True;x;22091998;True;200206;200207;31/07/2000;10/09/2000;False;zXb;False;True;True;False;m;SbEmyXhpThjdwJKPdzMKmsPUSKjgbZDq;True;203413992;False;KdPonEziDS;False;True;qJx;False;6;False;False;32082;True;False;1988;03111998;09;363;202005;202006
PJyAxiDcrHhuYnCQt;570012294;9356894004;True;False;S;30101997;True;200308;200308;09/01/1981;08/02/1981;False;jIo;True;False;False;False;D;wObzcGCipOlGlsVkFSUZMEMGefHVxdje;True;150705143;False;FxRERWqlWS;True;False;iNB;True;3;True;True;26457;False;False;1967;18111997;08;288;201909;201909
PJyAxiDcrHhuYnCQt;510023005;9882186078;True;False;z;14111986;True;198412;198412;23/07/2006;29/07/2006;False;OBV;True;True;True;False;r;yEEGXUgmGIdwUQSMMMEQwsYvypnsxBaT;False;390442342;True;HKRQBeDKOW;True;False;nlG;True;6;True;False;95677;False;False;1977;08121986;12;376;202303;202304
PJyAxiDcrHhuYnCQt;950013086;2986029297;True;False;K;07041977;False;199710;199710;15/09/1986;30/10/1986;True;gHe;False;False;True;False;R;RIKQhCIwsunbTLwymZbsXeTtlvIxxpJB;True;317574081;False;sAMgpmvzBR;True;True;Fxo;False;6;True;True;19562;True;False;2007;08041977;08;867;199808;199809
PJyAxiDcrHhuYnCQt;230001224;9779684765;False;True;M;23011974;False;198310;198310;21/07/1983;16/08/1983;False;goN;True;False;False;True;d;yPfpyRrNLMiidpRDjsvtXAFQntqnOtIk;False;565191998;False;FYqTLZgALZ;False;True;dqh;False;4;False;True;81418;False;False;1985;17021974;09;680;199909;199909
PJyAxiDcrHhuYnCQt;970209052;6679099569;False;False;Q;26021986;False;199001;199001;09/06/2004;11/06/2004;False;uwB;False;True;False;False;T;RzpEjLKJnDVRcGwkDEQeJmMHeLvBZoho;True;607905347;False;HRDYlpsFJD;True;False;LGK;True;4;True;True;17180;True;True;2002;14041986;03;227;201509;201509
FsougWAIPNAWuqWIQ;670008226;3802039958;False;True;q;16092006;True;201605;201605;04/07/1999;21/07/1999;False;Ouo;True;True;True;False;h;uGyegWsvqsrVtJKbjjvfYTkhAPioQdJY;False;112047384;False;gzRjiITdkI;False;True;PZV;True;0;True;False;32284;True;False;1997;27102006;09;239;201304;201305
FsougWAIPNAWuqWIQ;100010966;6654983647;True;True;S;13011995;False;201903;201904;21/06/2000;24/07/2000;True;fNH;True;True;True;True;M;RqujqaNZEFIeJQPlhVyEcZRFzclqfAlZ;False;894473307;True;sqMmgUtbwq;True;False;nJu;False;2;False;True;91745;False;False;1980;18011995;12;871;202008;202008
FsougWAIPNAWuqWIQ;070001276;9694744465;True;True;b;03052008;False;201801;201801;05/06/1981;01/07/1981;True;mOK;True;True;True;False;P;KFuugaYyvTgKoswOlBCPJMhphzHowznd;True;802185230;False;IttVsrPymE;False;False;San;True;7;True;True;49106;True;False;1982;20062008;10;543;199809;199810
FsougWAIPNAWuqWIQ;600006910;4942929610;False;False;o;10031985;False;198210;198211;26/08/2001;18/09/2001;False;AoC;True;True;True;True;c;MnEPAICpRrdoPqOmjdFSYQeCsZsFhTqp;False;552872338;False;XgitqSvflL;False;False;WEz;True;6;False;True;77079;False;True;1991;19041985;09;196;197702;197703
FsougWAIPNAWuqWIQ;020001582;4750139193;False;True;V;15091970;False;198109;198109;28/10/1997;11/12/1997;False;Dgn;False;False;False;False;E;jmaRvfeyhWPRcpJGlZuOxytsNeVPsaPK;True;536325178;False;HugnocYyKY;False;True;Tix;True;9;True;False;49882;True;True;1964;02111970;08;682;201502;201502
FsougWAIPNAWuqWIQ;520784398;9630984644;False;False;y;02081972;False;201507;201507;18/01/2014;21/01/2014;True;ZmT;True;True;False;True;k;jDAyVtCPvycNTIFznQigqdwlSWgomPgv;True;415020774;False;MifkmrBOVT;True;True;Ftn;False;0;False;False;43783;False;True;1973;01091972;01;608;198706;198706
FsougWAIPNAWuqWIQ;580000131;4132869392;True;False;j;11062019;True;200511;200511;20/01/2024;14/02/2024;True;hSw;True;False;True;False;S;bSjRAvZyHwathTykqlpoylOnclqQEGxf;False;907446883;False;pdewhHDPbs;True;False;BKv;True;3;True;False;79666;True;False;2003;23062019;10;711;201811;201812
FsougWAIPNAWuqWIQ;770008167;9343452292;True;True;s;14021996;True;200104;200105;22/06/2013;07/07/2013;True;sUi;True;True;False;False;k;fCwYstJBqiFrJxKBpFIogGwyuKhKjofT;False;272064954;False;LhuzxTIIYq;True;False;myG;False;4;False;True;70538;True;True;2001;31031996;07;846;200507;200508
FsougWAIPNAWuqWIQ;560029639;1944933520;True;True;i;18051977;True;198208;198208;25/12/1992;08/01/1993;False;ZwM;False;False;False;False;T;JmpuylpPmLbpAplRbECSTtqIoXzpVXHQ;True;709957964;True;OsiontgIdy;False;True;xln;False;4;True;True;69973;True;True;1990;10061977;06;991;198702;198702
PEyUrNJzINkmgxwUz;240001438;3924993936;True;True;Q;19092004;True;199905;199906;16/03/2004;28/03/2004;False;duf;True;True;True;False;t;VOvDfgsymKjepudVPnrwyLRiAnnpvwFu;False;960152206;True;HWIBgyDtNq;False;False;Cli;False;4;False;False;12963;True;True;2019;01102004;12;999;201205;201206
PEyUrNJzINkmgxwUz;970206546;2246470967;False;False;i;16072004;True;199406;199407;11/12/2006;13/01/2007;False;gzH;False;True;False;False;H;uJUeWQsAGFtUlXowgpVvnBvngXYfsWJa;False;308847789;True;FKDxkGMtJR;False;False;awJ;True;3;False;True;61133;False;False;1989;22082004;11;219;200908;200909
wncGatZHIojdEqiPo;610006934;4757660155;False;False;F;29072008;False;202211;202211;03/08/2016;14/09/2016;False;SCN;True;True;False;False;S;wQaNFUxcGZZQzFrdYkLVwGPcOgeLiaTr;False;615654121;True;qbifoOuDou;True;False;hUs;False;9;True;False;70159;True;True;1983;05092008;02;991;199704;199704
wncGatZHIojdEqiPo;640004966;2634543265;True;True;K;21031991;False;201205;201205;15/04/2004;06/05/2004;False;Bzq;True;True;False;True;D;PPwVJkAiXtAiEHVVheamkfZBJwdkntdA;False;290903058;True;PYsOUywhCO;False;False;kuk;True;0;False;False;77472;True;False;2019;03051991;07;734;200309;200310
NdSaIRwgWxoJGjQjb;930028170;6323208424;True;True;O;26091975;False;202305;202305;24/01/1972;08/03/1972;True;uxh;True;False;True;False;v;SEXmZOTeXEgYrXGdybOFMqdAKqjfTqgs;False;789522086;True;DIowCztyQG;True;False;HjH;True;8;True;False;40564;False;True;1970;05111975;01;892;201011;201012
NdSaIRwgWxoJGjQjb;210011961;3571026253;False;True;b;26112016;False;198611;198611;05/12/2005;08/01/2006;True;qMA;False;True;True;True;D;nWssfUPwXhuOvHtKfRMTfbxbWaqvbDYT;True;156135087;False;xdCxrMhrAm;True;True;JFn;False;9;False;True;66868;False;False;1976;27112016;11;731;202001;202002
NdSaIRwgWxoJGjQjb;440046266;6956007676;True;False;H;28111979;True;199012;199101;04/08/2018;02/09/2018;False;sQQ;False;False;True;False;B;iNVGreQtERPWUJWsowgMieXSRVgNUiPe;False;886496177;True;kTtOmJZgzt;False;False;PUu;False;7;True;True;16843;True;True;1964;28121979;03;413;197108;197109
NdSaIRwgWxoJGjQjb;830021036;9093617392;True;False;R;03022007;True;199203;199203;04/07/1982;13/07/1982;False;WRc;True;False;False;False;G;WwELzXGExZWJOvHsyxjTHXHtdPACeFSb;False;515734365;False;BFOqPGuOFH;False;False;MqT;True;5;False;True;89561;True;True;1998;09022007;09;358;198112;198112
NdSaIRwgWxoJGjQjb;940806409;8084357559;True;False;Y;18012005;False;199308;199308;23/01/2019;27/01/2019;True;GqV;False;True;True;False;y;QIAHSPWEDbuCEmfwVYPMpzGdoTIcEcRO;True;763077626;False;zAhVlgxQib;False;False;EoL;True;6;True;False;44769;False;False;2014;02032005;06;521;200110;200111
NdSaIRwgWxoJGjQjb;490004363;9611018554;True;False;O;08011996;True;200505;200505;01/03/1990;10/04/1990;False;QdN;False;True;True;False;f;GRPPoEJJUcmccSXhPqGYfsLkaubEQsrQ;True;168614798;False;ZUBQMMIMpa;True;True;nGW;False;1;True;True;33356;False;False;1973;14021996;10;317;197411;197412
DaptJAVFueIXgWbyN;310028584;4194582974;False;False;X;15102011;False;200506;200506;31/10/2019;12/12/2019;False;Hty;True;True;True;False;i;AabsaseCYAEftRbdQxWFeUeHDjingDmy;False;626951922;True;rOzpdxmudZ;False;True;bab;True;3;False;True;53124;True;False;1969;21102011;10;500;200108;200108
DaptJAVFueIXgWbyN;750007759;1266995457;False;False;W;11011996;True;198803;198804;12/03/2002;15/03/2002;True;YWD;True;False;False;False;x;PXrrzQpzbulnFkrxzSDrRwIGqGgVTdMo;True;157581745;False;HPWmykiThM;False;True;cUP;True;1;False;False;16175;True;True;1972;03021996;01;310;199804;199805
DaptJAVFueIXgWbyN;590014940;9159686670;False;False;u;31102012;True;200910;200910;13/10/1982;23/11/1982;False;gDM;True;False;True;False;Z;XrhKTYgeAvSswJTvvlHmQuPZvjDurSzt;True;384530821;False;tQPUdMYbNz;True;True;GZo;False;1;False;True;53761;False;True;2008;12122012;11;382;202311;202311
DaptJAVFueIXgWbyN;920016656;1062132475;True;False;x;24011988;True;202201;202201;05/06/1989;25/06/1989;False;qMz;True;True;False;True;V;NCBVHVEYMHNOZCpXVlgMeXjPYETeVpvl;False;892675135;False;zNMhjLORGw;False;False;KHJ;True;9;True;False;69674;False;True;1975;11021988;10;612;197710;197710
DaptJAVFueIXgWbyN;060013406;1669311540;False;True;F;11122021;False;199709;199710;09/06/1987;27/07/1987;True;AZf;True;True;False;False;Z;zTdkjMfuLthrsPmFLHaYtVHNnfrseaeF;True;951488695;False;TbXrDHprOn;False;True;pyx;False;1;False;False;48381;True;False;1971;12122021;02;507;197702;197702
DaptJAVFueIXgWbyN;360007678;4011930975;True;False;R;23072015;True;198704;198704;28/07/2007;17/08/2007;False;XtM;True;False;True;True;p;egZjtpRkWWriZuVTUJhfVYrrMzuSKZyQ;True;234676324;True;tycMpEkeHJ;True;False;BHe;True;4;True;True;26218;True;True;1989;06092015;11;736;201110;201110
DaptJAVFueIXgWbyN;660003443;1374280258;False;False;p;13101999;True;200708;200708;03/03/2005;06/04/2005;True;AmL;False;True;True;True;t;prLdYYMXtopXiEyDJBGYKfpJIavyPFkg;False;101600434;False;amOEObluQA;False;False;VYJ;True;2;False;False;70020;False;True;1986;01121999;04;170;201004;201005
iUSFpSGgMWijbVkMN;440028223;7650658872;False;False;O;29081979;False;197705;197705;05/12/2000;02/01/2001;False;DqY;True;False;False;False;M;qPIlKqpHEAFLeNARCJXowGJYwyxLXudq;True;507627302;True;RwbHdpeEtC;True;False;INm;False;6;False;False;35208;True;True;1979;27091979;05;629;198504;198505
iUSFpSGgMWijbVkMN;830000253;9982414405;False;False;A;16092008;True;197004;197004;18/09/1984;16/10/1984;False;geI;True;False;True;True;F;jvRlsgcOEaWTNlKhRszUeuqfDsIsUnuY;False;640653260;True;tPKzaCiwOl;False;False;FJc;False;5;False;False;34223;True;False;2018;01102008;11;595;197002;197003
wlKRdHAoyzVrxtfcJ;250018561;3399091680;True;False;Z;26121993;True;198304;198304;19/10/1994;03/12/1994;True;KuW;False;True;True;True;F;YYFqpnsqMwifmDkgQjiVGRDjPPBpsRPL;True;205764218;False;atQvMxIKSI;False;False;Orm;False;8;True;False;88475;False;True;1963;28121993;11;161;198512;198601
wlKRdHAoyzVrxtfcJ;130002009;6604422362;True;True;m;25081971;True;199811;199811;02/12/2002;03/01/2003;True;PbI;True;False;True;False;p;wDsoYhoGdwSgeRwJwrzsHKjXUPaAAXCs;True;996657282;False;bliiIACBgb;True;True;RHN;False;3;True;True;42826;True;False;2012;02091971;06;913;199903;199904
wlKRdHAoyzVrxtfcJ;590016242;4382307295;True;False;q;28051993;False;199104;199105;27/03/1970;07/05/1970;False;cnD;False;True;False;True;u;sEGijQEHWPoOYRFMnAzgKbrzedIztpxN;False;363038475;False;tjKAjzZwAS;False;False;Uae;True;5;False;True;52485;False;False;1970;29051993;04;440;201009;201010
wlKRdHAoyzVrxtfcJ;180001927;3517247657;False;False;W;09031993;True;199705;199705;16/10/1970;19/11/1970;True;HEx;True;False;True;False;J;RTCUatpHLCsehymBboKyuTXdSjnyXLkS;True;239484549;False;AgHsRMNmpg;False;False;DEE;True;5;False;True;67282;False;True;1963;13041993;02;800;197303;197303
wlKRdHAoyzVrxtfcJ;760807289;7075418220;False;True;O;27012009;True;201204;201205;27/02/1984;08/04/1984;True;Ilf;False;True;True;True;z;lPytLeaPUCnSTiBkjKyWYRDEZFQofpAW;False;522440152;True;vsNBndBGjB;True;False;pPy;False;4;True;True;24422;True;False;2009;10032009;07;152;198707;198708
wlKRdHAoyzVrxtfcJ;740007877;5038171814;False;False;y;06072009;True;201308;201308;14/06/2002;23/07/2002;False;lzq;False;True;True;False;d;ccLLlbLSPLzthuiDzSeLQJPmQrbyDerO;False;531180757;False;oivzlAImpP;True;False;VaE;False;2;False;False;92149;False;False;2008;27072009;09;211;201112;201201
wlKRdHAoyzVrxtfcJ;720017813;7761679192;True;False;J;30032013;False;200402;200402;08/08/1993;01/09/1993;False;KeN;False;True;True;False;x;cRlYWgoEIpcSRMKVMAzRVujetMXngQDw;False;331114317;False;VuyvaTCovf;True;True;hlP;False;0;True;False;95940;True;False;1970;16042013;07;782;198509;198510
wlKRdHAoyzVrxtfcJ;560015380;4565604403;True;False;J;05021981;False;199507;199508;31/05/2006;05/07/2006;True;wiK;False;True;True;False;P;KmJXCSfqGTESnnooNLZHFEWiEvRmjkzE;True;979594759;False;VwZfjEvGhI;True;True;XIZ;True;5;True;True;95072;True;True;1983;24031981;03;338;200612;200701
xKhSbvCzytglDAYBD;290003326;8457782981;True;False;N;25101987;False;200112;200201;12/02/2023;11/03/2023;False;UKf;True;True;False;False;S;sXTUnVgZDJgJEQGezbQfCbmGkSNBjYgG;True;148926248;True;wMGuLfdqJX;False;False;XIm;False;4;False;True;61645;False;False;2017;05121987;04;722;201803;201804
xKhSbvCzytglDAYBD;130804768;6644887369;True;True;d;16071982;True;198712;198801;17/12/1980;28/01/1981;True;YtE;False;False;True;False;D;fOKqmbPCKopDKvAmgGQSkYIZTVUfjtIU;True;366845867;True;xXfcCRXKue;True;False;HKm;False;2;False;True;23573;True;True;1985;10081982;01;907;198112;198201
xKhSbvCzytglDAYBD;760780056;5852455617;False;False;h;10101972;False;200709;200709;23/02/1976;26/02/1976;False;QDk;False;True;True;True;s;ForIlXYPmZXmTNAvboYPYMRKubWkZyKM;True;737096928;False;ZaYkjEXLwl;True;True;zcI;True;6;True;False;68507;False;True;2004;15111972;03;761;200106;200107
xKhSbvCzytglDAYBD;090004441;6614201521;False;False;D;08112009;False;201910;201910;16/05/1971;23/05/1971;False;htW;False;False;True;True;c;HFPFEMZZfNxJIKPlMFyfXdUEjuGQraJV;True;265970391;False;CjByITXekN;True;False;lGz;True;5;False;False;21376;True;True;1970;19112009;11;898;200704;200705
xKhSbvCzytglDAYBD;970103180;1421911481;False;True;x;30072004;True;200307;200308;20/07/2016;17/08/2016;False;yAe;False;False;False;True;X;hhDzWlAtvnpMKhYUujXshvyRkMromluu;False;348402630;False;tqfdZzPtgF;False;False;Qha;False;5;False;True;44559;True;False;1998;02082004;10;260;202312;202312
xKhSbvCzytglDAYBD;390000685;1895334279;True;True;G;25072011;False;199805;199806;13/02/2001;18/03/2001;False;nTd;True;False;False;False;i;OZuACrkCfTvzUVQCsTwLwWBadOsRsQyZ;True;127656553;True;zjeWExpFke;False;True;AEo;False;8;False;False;16999;False;False;1982;01092011;04;431;197309;197309
xKhSbvCzytglDAYBD;570026476;6572510638;True;False;Z;24011989;True;201803;201803;09/07/1994;27/08/1994;True;gZk;False;False;False;False;H;ROUwMZNCuOSFwLzyrNbsQGvenhTLlKIc;False;571656409;True;pPWxYNTBIB;True;True;vjp;False;6;False;True;38346;True;False;2013;10031989;04;219;201012;201101
cErxxqhzTcWzsQOaf;860006477;7678962596;False;False;l;09081990;True;198810;198811;07/11/2023;18/12/2023;False;xlP;False;False;False;False;m;VzvrWwAdhnqdUuZQaMjySThAnKEtdrUk;False;479724601;False;cwJGUJEdLU;True;True;aIF;True;9;False;True;61040;False;True;2019;02091990;06;944;198004;198004
cErxxqhzTcWzsQOaf;560020836;9023268427;True;True;z;12052016;True;199201;199201;31/01/1972;09/03/1972;False;ntq;True;False;True;True;h;KxLNwdmCytYralIgAYTVwlLBMZVIIOoK;True;810961227;False;NGjWWrekxH;False;False;bwC;True;9;False;False;63572;False;True;1963;29062016;08;848;198009;198009
cErxxqhzTcWzsQOaf;350003760;4934650325;True;False;O;27122001;False;200008;200008;31/01/1976;10/03/1976;True;sgT;True;False;True;False;h;hrWpJyytXeFnFWSBIXuveamoAizzCOgm;False;405016647;False;OiHbnfcizP;False;True;RmZ;True;3;True;True;48999;True;False;2008;04012002;08;177;198602;198602
cErxxqhzTcWzsQOaf;330059544;4235239931;False;True;v;28082015;False;201912;202001;05/03/2010;10/04/2010;True;hza;True;False;True;True;j;MlSxDsVYbzrEZurRwIxyhdWbydRtdYDL;False;247620894;False;TrVrPmeZeO;True;False;yug;False;5;True;False;40956;False;True;1996;23092015;07;423;201812;201812
cErxxqhzTcWzsQOaf;310001615;1702041638;False;False;a;30032017;True;198703;198703;16/12/1975;15/01/1976;False;RWv;True;True;True;True;R;KuNTEKCVaWeoipqgzmveNhUGXwOOveUi;True;343081460;True;KoFedGWllE;True;True;Fnt;False;1;True;False;87441;False;True;2009;16042017;10;315;197208;197209
cErxxqhzTcWzsQOaf;370009540;4821570756;True;False;y;03101993;False;199712;199712;31/12/1975;30/01/1976;True;qhu;False;False;False;False;w;lATlJBwnGOEFICOTTPgXwokdBYmbAjTN;False;536825601;True;EcUSkVkwoY;False;True;fKp;True;8;False;True;78708;False;True;2009;02111993;03;915;198508;198508
tBnhjDEpSZyCHUJja;330055542;2337657031;True;True;X;29122007;True;198309;198310;14/07/2021;22/07/2021;False;JGS;True;True;True;True;j;zjutWzMEgVmDTJKsmliRLUGcEapoeHXN;False;799709270;True;NGdnaAguND;True;False;ttk;False;7;False;True;71586;True;True;2016;06022008;03;837;200110;200110
CFbwCJdOfCHWGJXjr;600009500;6966303570;False;True;T;29122023;True;201809;201809;16/03/1977;10/04/1977;True;hgK;True;True;False;False;C;KyWOTZUpOUUvkjtjMkOCsypEuRUPXbvq;False;999871703;False;YuOWOflthD;False;True;pWS;False;3;True;True;63568;True;True;1966;11022024;12;534;201104;201104
CFbwCJdOfCHWGJXjr;380002964;2508201329;True;False;T;18062018;True;199701;199701;08/07/2018;30/07/2018;True;TDf;True;False;True;False;Y;vtclhpsWbRWIDfmnlYPgcEbusYTWnYPj;False;728141875;True;pzbhfTIFxL;False;True;rXR;False;6;True;True;69482;False;False;1980;25062018;01;362;197609;197610
CFbwCJdOfCHWGJXjr;780005666;9975352056;True;False;J;25121991;False;201204;201204;18/08/2021;28/08/2021;False;tgZ;True;True;False;True;U;baUMtikOTPcmQTkhFOXiVfKKWubqRcmY;True;165799354;False;NXLpRYbAAz;False;True;OLx;True;0;False;False;55286;False;True;1969;12011992;11;717;199711;199711
bmXaBQIwaUMmsHeQi;750013005;1335884378;False;True;y;12102022;False;200906;200906;04/11/2016;30/11/2016;False;VwS;True;True;False;False;t;CXbULxGqdLiuIQbyqWYpZPLXwnSgmzOp;False;525746234;False;FqgYCqrtdJ;True;True;Kqu;False;8;True;True;81907;False;True;1985;29102022;11;709;199602;199603
bmXaBQIwaUMmsHeQi;750004095;1204025441;True;True;u;25061974;False;198202;198202;28/05/2016;07/06/2016;False;YFE;True;False;True;True;X;UbGjbudfVFbhQfCmeuMGipfVzaBPCjEj;False;917972857;False;DARfkmRoDx;True;False;OgW;True;9;True;True;22952;True;False;2005;16071974;01;974;200208;200208
bmXaBQIwaUMmsHeQi;210013231;1304170447;False;True;u;15082005;False;200708;200708;25/09/2018;04/11/2018;False;ywP;False;False;False;True;T;ejeiXrckVZHByJCPnePTUymOyKbzroMk;True;720527935;False;OpwUHmmhrj;True;False;WBd;False;9;False;True;44391;True;True;1963;23092005;10;791;199705;199706
bmXaBQIwaUMmsHeQi;130004252;5718948806;False;False;c;24121972;True;199511;199512;11/04/2007;23/05/2007;True;Njr;False;False;True;True;W;wzAlPkBclEhRTURFnEXWyeXjouMxlZEz;True;880501355;True;djVnOyMKto;False;True;Jlw;False;0;False;False;18478;True;True;1991;25121972;05;829;199112;199201
bmXaBQIwaUMmsHeQi;710012634;9654981944;True;True;W;27092017;True;201707;201707;16/06/1994;29/06/1994;True;alj;True;True;True;False;t;TcfwEoIbQUxdafMBVjDqGJloXzSyKiwU;False;129890685;True;YKNrKDZfir;True;True;AJG;False;1;False;True;24995;True;False;2016;08112017;09;246;199807;199807
bmXaBQIwaUMmsHeQi;330047887;9678884360;True;False;w;12012009;True;200211;200211;20/11/1988;14/12/1988;False;oDJ;False;False;True;False;b;RrnEPiudPvDUUpkGqFXFGCjLfYzslAhv;False;487178147;False;MyRutOCgia;False;True;hTU;False;0;True;True;70599;False;False;1964;20012009;06;632;198912;199001
eGEAhKseIlGlzxUgQ;770017044;8946854042;True;False;f;24062009;True;200403;200403;26/05/1970;06/07/1970;True;nJe;True;False;True;False;T;ZSiAlVFoNSSZDjEMDOgxXsxLWmhnKSMm;False;893302308;True;maNriwOVbX;False;False;keE;False;3;False;True;77001;False;False;1978;18072009;09;992;200805;200805
eGEAhKseIlGlzxUgQ;470003211;6390975627;False;False;F;23051996;True;201004;201004;09/02/1979;06/03/1979;False;HJt;False;True;False;True;v;EHrSDkMnMAcUqmcStqnsXwoQIxCnvyzG;False;163583459;True;vfpacIhNdl;True;True;NPp;False;8;False;True;75681;True;True;2012;14061996;02;238;200003;200003
eGEAhKseIlGlzxUgQ;340010875;6408828500;False;False;L;02072013;True;198502;198502;27/10/1992;13/11/1992;True;qUj;True;True;True;False;q;eyluXqrsUygjAuBVmgkgvhxfAPeJbacI;True;743693006;True;VozfxqiHjt;False;True;FHl;True;4;True;False;30738;False;False;1996;12072013;07;513;198504;198504
eGEAhKseIlGlzxUgQ;720014117;2084015049;False;False;F;06042013;True;199911;199911;03/03/1971;06/04/1971;False;DLk;True;False;False;False;a;OWJTCowtBNqfKNlzuGwASMFTwbCxuapf;False;489221426;True;LYUeNoyMHG;True;False;hmD;True;5;True;True;63998;False;True;2005;24042013;12;560;198409;198409
eGEAhKseIlGlzxUgQ;740004437;3381405760;True;True;v;27082019;True;200208;200209;24/01/2010;08/02/2010;True;wRM;True;False;True;True;k;tFokCqHeLoriTVkoOdzxtJGRXcUunRmk;False;946472284;True;EjUFJXWREp;True;True;FLa;False;5;False;False;39100;False;True;1973;27092019;09;109;199802;199802
eGEAhKseIlGlzxUgQ;780807673;7783457361;False;True;K;21081997;False;198404;198404;18/04/1981;27/04/1981;True;RpC;False;True;False;True;S;SVnAUIHSieogvJBKPPNLObCLDSiQdLNW;True;616503635;False;BOXcDHNEEy;True;True;AxY;False;6;False;False;17793;False;False;2000;02091997;02;437;200908;200909
gOomevtWiUtGgGzjX;630790111;5335592576;False;True;q;26061994;True;199305;199306;04/11/1980;09/11/1980;False;INA;False;False;False;False;W;AHpErgyzctKvzSbEpbhcbZqdeFlgHXCA;False;103220782;False;GlcrGwtDCW;True;False;gOC;False;9;True;True;64237;True;True;1997;11071994;06;320;198608;198608
gOomevtWiUtGgGzjX;240000844;9676163804;False;True;N;30012010;True;200412;200412;14/01/2019;30/01/2019;False;aqn;False;True;False;True;B;urYsJHDhnMmzeMbJimdTCCHyVHWPMuSG;False;289916118;False;hKbWowjOlh;True;True;Pjs;False;9;True;False;40482;False;True;1971;05032010;12;444;197207;197208
SIYhFihMxvRVuYifQ;310001458;6648327252;True;False;I;26052009;False;197803;197804;04/08/1981;28/08/1981;True;jNi;True;True;False;False;H;fsNBRpptKBHhcRIpWPKAilmaWDIXtPhV;False;121761573;True;zclYcHffHz;True;True;bBp;True;7;False;False;64743;True;True;1960;12062009;09;168;200011;200012
SIYhFihMxvRVuYifQ;940008394;7874141846;True;True;X;18102012;False;199709;199710;08/06/1978;05/07/1978;False;kWs;True;False;False;True;Z;CQQgQqVeGQWIMHXLeydNHEuTfBOCgKIB;False;361487852;False;zINCvZGMSd;False;True;tof;False;3;False;True;21288;True;True;2002;01122012;09;699;201206;201207
mcSYRAdsgdNbatrcV;820003432;1016962685;False;False;U;06111973;False;201110;201110;30/05/2008;20/06/2008;True;GZq;True;True;False;True;b;knxJKwWWYLCkOKMcMwtJtBQHGeTQVDdE;False;338149060;True;FxtGUdBXni;True;False;Yzm;True;2;False;True;72652;False;True;2008;07121973;06;197;199601;199601
mcSYRAdsgdNbatrcV;540021482;2021708964;False;False;T;23122020;True;201509;201510;23/04/1977;07/05/1977;True;WlT;True;True;False;True;F;jKvaQoBJZAexibRGExCbDEjteBolDlSE;True;440393369;True;gztxZexJwv;True;True;JQY;True;8;False;False;82210;False;False;1974;09022021;11;228;200008;200009
mcSYRAdsgdNbatrcV;470013046;5033891129;True;True;n;01081987;False;202306;202307;12/04/2000;09/05/2000;True;Ixj;False;False;True;True;G;gkKrALgjYanFQZaXboSgsXdBucQSlowT;False;686339621;False;CryYxWgImT;True;True;ZjO;True;8;True;True;84970;False;False;1978;29081987;02;437;199102;199102
mcSYRAdsgdNbatrcV;970409330;8349368558;True;False;B;06092021;True;197810;197811;01/10/1978;11/10/1978;False;txq;True;True;False;True;K;WJClFJqwsdDAbzMWujXhDjmIqxknTApQ;True;931721707;True;OshRhhRuUX;True;True;CQs;True;3;False;False;93857;False;True;2000;01102021;11;803;197902;197902
mcSYRAdsgdNbatrcV;740002357;4392314900;False;False;a;14042013;True;199001;199002;23/02/1977;27/02/1977;True;rdl;False;False;True;False;d;ztufFkVQBqhwOYDIsxknmHCzidhfLhYH;False;330731801;True;OSianWNJzv;True;True;DFD;True;3;True;True;45354;True;False;1997;28042013;07;812;200007;200007
XykHLgMDnWqUqzFXl;660011149;9540219335;True;False;K;06091998;True;197212;197212;22/11/2007;09/01/2008;False;aWf;False;False;False;False;o;pDXJykLwpBmaFMjKtTdTmPCHPZpzWNID;False;366421057;True;NSSnrULUdI;True;True;tvD;False;5;False;True;66223;True;False;1984;21091998;08;947;197707;197708
XykHLgMDnWqUqzFXl;660790056;1925794360;False;False;g;09072001;True;199207;199208;02/06/1993;20/06/1993;True;XTg;False;True;False;True;Y;eCqNYGHyBTJaAgmRXaHPtLFESkkcJJuv;True;331839838;True;rElnqXUtpT;True;True;GdT;False;6;False;True;36743;False;False;2016;15072001;12;451;201006;201006
XykHLgMDnWqUqzFXl;560020109;9560156797;False;False;K;29052018;False;200802;200803;21/11/2006;12/12/2006;True;dxe;True;True;False;False;T;ugbNKpyWWRjOMPoNIDCwECuvbqxNHXWD;True;332816551;True;ArnOGfDXIq;True;False;hXT;False;8;False;True;96674;False;True;1991;11062018;06;922;199411;199411
XykHLgMDnWqUqzFXl;490020112;7318471454;False;False;A;08062007;False;202006;202007;07/05/1991;03/06/1991;False;VUa;True;True;True;False;g;aOdijanNnNnCaSARMADsjXaAFPHhzotb;False;962939755;True;aMNmdHlCsS;False;False;ZyX;False;0;True;False;58998;False;True;2015;11062007;07;754;199912;200001
XykHLgMDnWqUqzFXl;280004292;7386051485;False;False;e;10072011;False;199702;199702;24/02/2009;27/03/2009;False;crF;False;True;True;True;u;gtaTFMbKdLfzieizlmneHtkEebUqcecj;True;213046960;True;AocDTaXVyB;False;False;VhI;True;6;False;True;92871;True;False;1964;02082011;02;878;199103;199103
KMIJCZdgaQKwEvBhn;630786788;8683604822;True;False;V;23011970;True;200308;200308;21/11/1975;17/12/1975;False;QKi;False;False;False;False;N;euwZYooipZVfeTCvYEjgUDspCsGPSssE;False;486973786;True;MRlofnpUwD;False;False;QyC;True;1;True;False;81052;False;True;1965;03021970;05;754;202312;202312
KMIJCZdgaQKwEvBhn;570008508;2263380680;True;False;L;28052011;True;197901;197901;15/06/1973;22/06/1973;False;zKV;False;False;False;True;B;KYzuSQSZEGjaoJPvoasxUrHcecdSjHRo;True;355433449;True;hAKUdUrOKc;False;True;Fln;False;7;True;False;38671;True;False;1971;30052011;01;808;197212;197301
KMIJCZdgaQKwEvBhn;180003774;2811961410;False;False;I;07092004;False;197007;197007;03/12/1989;09/01/1990;True;DsD;False;True;True;False;B;MOUrRExDrDokJJAKTjyCWUHTesMiZFtp;True;611826743;True;mlrxnbsYLl;True;False;dlF;False;8;True;True;51703;True;True;1988;16092004;08;556;201205;201206
ahKwIVWGKltRBQGwA;450001318;9190636977;False;False;J;05111986;False;202103;202103;01/10/1999;15/11/1999;True;MIG;False;True;True;True;i;EzeoTGTOASSezcfYavjzsbDCcQutmmEF;True;232269744;False;LKuYdlBvbd;True;False;VKu;True;9;True;True;92111;True;True;1976;20121986;09;746;199002;199003
MYViSJQlTKDOwQlBV;060017050;5878757351;True;False;L;30041976;True;201205;201205;25/03/2009;25/04/2009;False;DTc;True;True;True;False;h;dXJpehvKgYJxNzfztDuVwVXxbxDtKUEt;False;327734106;False;tfBwkHOkdx;False;False;Egu;True;9;True;True;46369;False;True;1972;15061976;06;132;197703;197703
MYViSJQlTKDOwQlBV;590027215;4152048412;True;False;k;05052012;True;199801;199801;02/02/1991;05/03/1991;True;uRC;False;True;True;True;t;GInzmTKqOkUclVcRJeqAwfUOmQnJozrv;True;367648087;False;CHTzisGlIK;False;True;ffD;True;8;False;True;71612;False;True;1992;09052012;11;712;197004;197004
MYViSJQlTKDOwQlBV;810100982;5204330066;False;False;m;14042004;False;198508;198509;07/06/2016;24/07/2016;False;aas;True;True;True;True;d;OXaRaAnhVcCAWkZvlpOIbWEhRgFbPedo;False;415028155;True;XPSlbKcrfG;True;False;kfi;False;8;True;True;83999;False;False;1973;18042004;02;466;197510;197510
MYViSJQlTKDOwQlBV;930023254;2490270248;True;False;o;30091997;True;200912;200912;23/07/2008;31/08/2008;False;eLS;False;True;False;True;z;rhOXbgiTipeLyZKwfLNGlTkiotEKSXIy;True;386995322;True;oRAQiKUQjr;True;True;Jfy;False;5;True;True;51455;True;False;2004;04111997;05;755;199501;199501
MYViSJQlTKDOwQlBV;970201323;6140028003;True;False;l;03052021;True;199904;199905;21/11/1988;04/12/1988;True;AyC;False;False;False;False;Z;hHXpQuAORtdnxGjULLmhSpksUYrrvmax;False;460074884;False;NmyKTcPYNU;True;False;uLZ;False;4;True;False;66358;True;False;1990;17062021;10;515;199304;199304
MYViSJQlTKDOwQlBV;530007244;3987612072;True;False;R;07101992;True;201101;201102;07/05/1985;24/06/1985;False;NRg;False;True;False;False;p;tmRQaTWTiMhUqIMdwITisnxmdQBbamqn;False;567325283;True;CtJLdKwOox;True;True;rBg;True;2;False;True;64682;True;False;1973;14101992;08;773;197207;197207
EftILCjPgEvzqFcsq;280004631;6739444677;False;False;w;07061970;True;198406;198406;26/07/2008;27/07/2008;True;iBE;True;False;False;True;V;AsQeYMfOsdxRXuUbbJmNgAuNpvnhGVpJ;True;574233818;False;ylrgQOMAah;False;True;LRx;False;7;True;True;24821;False;True;1990;06071970;07;335;198809;198809
EftILCjPgEvzqFcsq;340002690;6464835350;False;False;t;15011974;True;201503;201503;18/04/2013;30/04/2013;True;zGf;True;True;False;False;U;rZfEYhYDDQhgyImdaOsCQlfLTnNkuBnH;True;592426229;True;tEajrNFtDn;True;True;LGs;True;9;False;False;28166;False;False;1979;19011974;11;164;199603;199603
EftILCjPgEvzqFcsq;600002877;3747103589;False;False;L;06071994;True;202210;202211;20/05/2008;23/05/2008;True;wNJ;False;True;True;False;i;QfKabvMXGVUETfEBAGLHQzUBWmfaHNbF;False;395392328;True;HonYkeSRSN;False;False;yKy;True;7;True;True;86982;False;False;2004;28071994;11;509;199303;199303
EftILCjPgEvzqFcsq;630006138;7451791650;False;True;I;02052020;False;198606;198607;16/03/1981;24/04/1981;False;Zym;True;False;False;True;c;CBtPakPzSLiiGRyKimxOdSuVzQCpfEyE;True;536019824;True;DScHhPgjRq;False;False;TYB;False;4;True;True;54414;True;True;2008;23052020;11;697;198305;198306
EftILCjPgEvzqFcsq;790001705;7622113008;False;True;S;03021991;False;197106;197106;13/11/2010;14/12/2010;False;IEO;True;False;True;False;B;gdtwzxkwhYbLFxZDMLYSAdSGbpsyOmiZ;False;707429138;False;sUhjQBEQef;True;False;SHr;False;4;False;False;79961;False;False;1981;13031991;04;559;200702;200702
EftILCjPgEvzqFcsq;580004323;3492848839;True;False;U;11051970;False;197111;197111;25/09/1984;21/10/1984;True;bhR;False;False;True;True;a;nkfduECngJXyxjfqiAsstWaNQJPiFGMI;True;155247066;True;sGVlrppAQn;True;False;RzB;False;8;True;True;18575;True;False;1995;01061970;11;843;197207;197207
XMrrlDQWwlnyZwrKM;650000649;6989572375;False;True;F;07071977;False;200310;200310;16/05/1986;02/07/1986;False;YGO;True;False;False;False;e;dnbPiOgQtBkNlnnawRQLkeMajHcRCYYk;False;169241364;False;iPwCUCfCUp;True;True;URA;True;0;True;False;60667;False;False;1999;22081977;11;155;200910;200910
XMrrlDQWwlnyZwrKM;850028556;7837250984;True;True;V;05011995;False;199202;199202;16/11/2022;23/12/2022;True;PSE;True;False;False;True;u;XbnPHnlvQhlsZIyxaGIOTDEVDTDNvgeg;False;809934411;True;GgtGNTgTta;True;False;aEL;True;6;False;True;14269;False;False;1968;19011995;07;407;199901;199902
XMrrlDQWwlnyZwrKM;290034206;5518412681;False;False;u;24021975;True;200305;200305;24/06/1985;06/08/1985;False;FFB;True;False;False;True;q;neDETtUFvoMFdnrfluCqrrUSePspkjUR;True;452531314;False;qpeKUQizOI;False;False;oLC;True;2;False;False;82588;True;True;1974;07041975;10;259;200408;200408
XMrrlDQWwlnyZwrKM;780809174;2111483802;False;True;s;14051970;False;200603;200603;10/08/1998;27/08/1998;True;nAP;True;True;True;False;D;EfecDQUDyPqBhMoEIIoycgsntCekIBhI;False;664131107;False;ShBUDOlWTP;False;True;IBL;False;8;True;False;35818;True;False;1992;26061970;04;668;202106;202107
XMrrlDQWwlnyZwrKM;560021420;1566756135;False;False;K;27041998;True;198709;198709;29/06/1993;08/07/1993;True;oNB;True;True;False;True;d;NbEegGJYuuMwVbQeMtrZiPAEoqYajWcy;False;745475897;False;ZKDivxOhIs;True;True;LCg;False;6;False;True;56036;True;True;1994;29051998;07;260;198301;198301
XMrrlDQWwlnyZwrKM;480002328;9303094663;True;False;Q;01121975;True;200112;200112;02/07/2003;16/08/2003;True;QXo;False;True;False;False;I;RwsKFXzOrAkSBtgxxdCJkWXKbvLzyaLq;True;131237487;False;jekvyAiklI;True;False;UZL;False;6;False;False;70155;False;False;1964;15011976;03;380;202212;202212
CQcmMAcrdNiKiEmAc;330046087;4666808217;False;False;X;19111992;True;200804;200804;28/01/1992;09/02/1992;True;Lcp;False;True;False;True;V;IvcRTnchZelktUrTuyKCqwXpKththjpo;True;333420861;False;zIzZbbwaoD;False;True;bhW;False;5;True;True;21738;False;True;1979;14121992;04;615;197112;197112
CQcmMAcrdNiKiEmAc;770011948;6227347123;True;True;e;14041989;False;201803;201804;18/09/1982;02/10/1982;True;xAg;True;True;False;False;X;nmaQXTltoXkPniShsgaBrMurIgNNYfYX;True;214272134;False;KbOraeVghH;False;True;kOK;False;4;True;False;49936;True;False;2002;02051989;07;450;199805;199806
CQcmMAcrdNiKiEmAc;340005248;3494583706;False;False;o;15062015;False;197702;197702;29/07/2014;31/07/2014;True;ZbK;False;True;True;True;X;KtbpazxeNuRbGkSXVwIJuqLOgErUowBy;False;241589484;False;AfZeyRrsqd;False;True;aCH;True;3;False;False;94771;False;True;2002;16072015;02;649;199710;199711
CQcmMAcrdNiKiEmAc;760022764;2243962186;True;True;I;30082017;True;198012;198012;07/04/1995;13/05/1995;True;rrD;True;False;True;False;C;ZgUmroafsvITWXssqRLrzquMxABIFGZx;True;108013834;False;hSxYZRhWMM;False;True;VjV;False;0;True;True;75442;False;True;1982;07102017;06;326;197307;197307
CQcmMAcrdNiKiEmAc;750031031;9866924557;True;False;s;15102016;False;198309;198310;28/10/2006;13/11/2006;True;dYB;True;False;True;True;A;evWszdltKjSOXDHJLGJRlVUqjnABWwDB;True;796892035;True;YAvtvNtHHG;False;True;rbq;False;5;False;False;84363;False;False;2017;01122016;03;261;198502;198503
CQcmMAcrdNiKiEmAc;630787448;4753531225;False;True;B;25032012;False;200305;200305;16/03/2016;27/03/2016;False;oxD;True;True;True;True;U;MaJUucBqILXkbjpWpTLNVTJOyrGJqIVJ;False;844163697;False;pnIQkegeej;False;True;AOn;True;5;False;False;32768;False;True;1975;11042012;04;248;198009;198009
CQcmMAcrdNiKiEmAc;220001978;8772115207;False;False;z;15062014;True;200002;200002;24/02/1975;25/02/1975;False;FjY;True;True;True;False;v;jDxfhIiwXbYkiQCqEVsqyvqbWdDOSfik;True;145899577;True;TFiLeQhZCh;True;False;AhC;False;9;True;False;87890;False;True;1998;02082014;12;715;199611;199611
CQcmMAcrdNiKiEmAc;790019012;9598277863;True;False;d;24122000;True;198406;198407;31/12/1980;28/01/1981;False;cQd;True;False;True;False;H;CnBEzGNlSItpBZPmMclOWaNYCMJOdTTl;False;830302411;True;kOXfSORkjP;False;True;Mfi;True;8;False;True;35837;False;False;2015;09022001;02;864;201704;201704
UByqzuuRfirOKHIof;680006517;5842794187;True;False;A;09092000;False;197901;197901;28/07/2012;10/09/2012;False;twR;True;True;False;False;L;FMeiWhYcHNlMXFElNrswaHUvXfyPlfgI;True;275030871;False;fIDdkMBlDP;False;False;xGI;True;7;False;False;49685;False;False;1965;07102000;02;653;200612;200612
TgpniBNwqcvdbnAAR;850002585;9245952643;False;True;y;20082011;False;198302;198302;26/04/1975;25/05/1975;True;DsD;True;True;False;False;e;txENMnBbpFQCMKatndzMIxeuNGJtJdqu;True;857804550;True;GJAbyOKvuv;True;False;PaU;True;7;True;True;61265;False;False;1981;31082011;12;573;199609;199609
TgpniBNwqcvdbnAAR;630008290;5913182687;False;True;u;20101983;False;202105;202105;26/04/1984;12/06/1984;True;cwT;False;True;True;True;Z;qXBMLUZytdqRaySlaYBEKKmEGsUUfKKY;False;808393460;True;PGRcmyUhQE;True;False;HJh;True;9;True;False;21144;False;True;1989;29111983;10;973;200512;200512
TgpniBNwqcvdbnAAR;680016706;3534030554;True;False;q;13082011;False;198709;198709;05/10/1982;11/11/1982;True;LFz;True;False;True;True;U;ujiNyaEpemYDqsynUIwQFcdpIUotYkWD;True;516770020;False;murkIkUiMi;True;True;bvB;False;2;False;True;27623;False;True;1981;06092011;01;631;199805;199806
TgpniBNwqcvdbnAAR;140007998;7622442069;False;False;z;23062005;True;198812;198812;27/02/2005;20/03/2005;False;Eqi;True;True;True;True;C;rTsNbAwFLEtSZggjPPVZnJpLLTUshQiA;False;433624011;False;OPVJxbiQni;True;False;LMu;True;7;True;True;19931;False;False;1960;27072005;12;817;198312;198401
TgpniBNwqcvdbnAAR;130005721;9846788950;False;True;P;08081995;True;201305;201306;03/08/1993;28/08/1993;True;CmG;True;False;False;False;a;JFXOuslNJGVXZjztIHzMatjsMMeWgsTh;False;286924144;False;NcoMHBWxoA;True;True;XUX;True;2;True;False;61271;True;False;1989;04091995;01;712;202010;202010
TgpniBNwqcvdbnAAR;070000914;7369533427;False;False;z;24121982;True;202305;202306;03/06/2000;15/06/2000;False;Klr;True;True;True;False;g;PYEcUPiimMFRZMZkcAXVciGIgzJTZEoq;True;359251658;True;OmWXbvTJuT;True;True;YDW;True;4;True;True;62593;False;True;1974;01021983;08;238;197310;197311
xLAscLSRWDRyNYBIG;940012685;5472076577;False;True;r;08082002;False;198011;198012;06/12/1980;18/01/1981;False;EpO;False;True;False;True;p;nvtvALWZsLodlKdfxUqxmwUlBCjhlNrw;True;313933376;False;tCxpbheQyz;True;True;AQw;False;8;True;True;18183;True;True;1970;18092002;01;447;199301;199302
xLAscLSRWDRyNYBIG;930028394;4323623562;True;True;n;17032022;False;198802;198803;15/10/1971;18/11/1971;True;czc;False;True;True;True;l;uUBeOketwFsKItmPBemTJHXhxHKjHRUw;True;559082846;True;iqhVVsTzrF;False;True;euW;True;1;False;True;94140;True;False;1988;21032022;06;746;197501;197501
xLAscLSRWDRyNYBIG;590052767;1062013996;False;True;p;23052004;True;200201;200201;26/07/1989;15/08/1989;True;QoQ;False;True;True;False;F;GprQERIPOavvGGObeeLetBowfoQzpGEZ;False;498442584;False;frBUnOohpQ;True;False;lsM;False;4;False;False;20775;True;True;2008;10072004;08;172;198206;198207
xLAscLSRWDRyNYBIG;350004560;9050757157;True;True;x;31051985;False;199803;199803;09/04/2011;03/05/2011;False;Xoc;True;False;True;False;g;ZFwczmhOKXkuSETArrIovHgQfsdCSAQG;True;373743027;False;JOEdtSWjUW;False;False;jzU;True;0;False;False;47637;True;False;1960;19061985;12;322;199206;199206
xLAscLSRWDRyNYBIG;490021631;3927469614;True;False;a;06021982;False;198806;198806;30/04/2000;11/06/2000;False;JQQ;False;True;False;False;b;eWCcaJcDwPFVDHmRRrqwCxcLGYsmqMHY;True;540960148;False;PQobfWOTOr;True;True;wSu;False;4;True;False;40159;True;True;1979;27021982;03;954;199407;199408
xLAscLSRWDRyNYBIG;590003497;3126071829;True;False;n;30122010;False;199011;199012;15/02/1976;19/03/1976;False;VsH;True;True;True;False;t;MYznzvzfKQVfbgGPNqMRQrROelWbOlHZ;True;344526661;True;gYyucLpvHk;True;True;KbW;True;2;True;True;20336;False;False;2002;19012011;08;327;199501;199501
xLAscLSRWDRyNYBIG;910009992;8212144448;True;True;S;30052001;False;197603;197603;11/07/1996;28/08/1996;False;bIg;False;True;False;True;T;DyWEogUSoqHfEbobXHrlxZqMRyzSCQXZ;False;151295999;False;LvgzQkxUgr;False;False;QVY;True;4;True;False;84429;True;False;1961;29062001;03;370;201303;201304
LjPJhApSCUrYnicTw;330794876;9517896370;True;False;n;04102003;True;199009;199010;13/01/2005;19/01/2005;True;Zrb;False;False;True;True;r;rGmOGjGhqtLoBZOuaRqFepgbFkunRrBn;False;866439373;True;KSwMexcJKG;False;False;YTG;False;5;True;True;36537;True;True;1963;16112003;12;687;199812;199812
LjPJhApSCUrYnicTw;760018978;9074867589;True;True;A;18091991;False;200004;200005;18/04/2003;22/04/2003;False;Oxt;False;False;False;True;K;VjXTiyNXUfYTLIWgUNcXPZxYizMPBvfH;False;804481737;False;XCFAOwbZlG;False;False;UCe;False;9;True;False;40151;True;True;2003;17101991;09;727;201312;201401
LjPJhApSCUrYnicTw;910003615;6436299505;False;True;W;15051972;True;198901;198901;14/04/2015;07/05/2015;False;cGp;False;False;False;False;j;jYQidNfTfzAKXaXNBguxBNbhhxIzSwNw;True;881846657;True;TITjRqCtfR;False;True;mXo;False;3;True;True;54784;False;True;1961;06061972;09;704;197005;197005
LjPJhApSCUrYnicTw;710977836;9326542574;True;True;z;04032007;False;197008;197008;11/05/2023;23/06/2023;True;ZPf;False;True;False;False;t;TErulFJzsTRjNFKKwVcfLHRKnlNvQvXR;False;126808965;True;kxQMwIBdot;False;False;OlI;True;1;True;False;87420;True;True;2003;07042007;07;297;198904;198904
LjPJhApSCUrYnicTw;350039947;6172139711;False;False;H;19062001;True;200211;200211;26/11/2016;10/01/2017;False;PZj;False;False;True;False;w;cddDMabMFGtrsmwsRlvzgcYeWTrsEMwg;False;252120408;False;YybPwLXbNo;False;True;pnX;True;8;False;True;40000;False;False;1986;04082001;04;859;200304;200304
LjPJhApSCUrYnicTw;620007401;8510261180;True;True;m;02022023;True;200210;200210;07/05/2016;11/06/2016;True;acm;False;False;True;False;c;GQzbmWdKZQMbiGpqdvFmSXxWVSabwpNv;False;843212174;False;GNvtCclNNS;False;False;IzI;False;6;False;True;66505;False;False;1986;12032023;10;839;201209;201209
LjPJhApSCUrYnicTw;720000660;2405035866;True;True;e;21021977;False;201902;201902;07/04/2013;25/05/2013;False;jHG;False;True;True;False;V;wOtdiZTSOeIOCltUEBnwBncwCTpFPQOl;False;696196918;True;WZaaXbykWj;False;True;ZOK;False;0;True;True;12912;False;False;1968;22021977;06;677;199508;199508
LjPJhApSCUrYnicTw;630006674;6822643319;True;False;A;02031989;True;201011;201011;09/05/2017;09/06/2017;False;BjF;True;True;False;True;I;FUOLXMunrrGOAScJDJznthMFnMNyCbqS;True;687443848;False;fmqDWbPykr;True;True;BzW;True;3;True;True;75937;False;True;1975;26031989;02;383;197404;197405
LjPJhApSCUrYnicTw;130025711;1852070574;True;True;J;19021972;True;201605;201605;09/09/1985;04/10/1985;False;OvL;False;True;True;False;B;OIkiHVRbhjWgmOeNbQGJcJtEnjhrGMFy;False;515481090;True;TIKsMkVRkH;True;True;nTh;False;3;False;False;49111;True;False;2006;02031972;10;573;199305;199305
RhLuZBxSGsVTCfKJY;070784244;7775903937;True;False;D;04062012;True;201009;201009;29/10/1989;12/11/1989;False;Jov;True;False;False;True;s;mXSexzWgDQCYbXNBtKSazoOlYbqgNRdw;True;299711956;True;RegKfTztWN;False;False;fRO;True;7;False;False;46858;False;True;1976;17062012;08;206;201410;201410
RhLuZBxSGsVTCfKJY;510013303;9263262408;False;False;s;27102008;False;200108;200109;24/07/1992;08/08/1992;False;yhf;True;True;False;False;i;LZliLpkymrbryudypxzeWMYyDEaXCohl;False;673119364;False;BRykmnOopq;False;False;UfT;False;8;True;False;59947;False;False;1969;01112008;06;217;197804;197804
RhLuZBxSGsVTCfKJY;340005461;8985103636;False;True;t;06041975;True;201812;201812;13/06/1978;01/08/1978;True;aRL;True;True;False;True;b;NEZMOgEMnVtTdJUtMOYmIcDAKeuiRBBb;True;909388786;True;yMDsutORXv;False;False;AqI;False;6;False;True;18275;True;False;1979;18041975;06;200;199701;199702
RhLuZBxSGsVTCfKJY;120000021;6848946082;True;True;T;29032023;True;201404;201405;27/07/2015;16/08/2015;True;yiA;False;False;True;False;G;ShkOxMlZgrmOoutJxEiTfzlNUvfDPrTi;False;509543219;True;bfXbusdRxo;False;False;LKd;True;5;True;True;64057;False;False;1982;16052023;11;214;198110;198110
YViDfdLFgVfqtSMWa;520004516;4888262234;False;True;M;18122009;False;202105;202105;18/11/2014;13/12/2014;True;CgU;False;False;True;False;q;GNMKnUIUwejVansWAeGaiudYoQJrxwiX;True;936803078;True;qMSPOSGmwB;False;True;QZV;False;4;True;False;91494;False;False;1981;31122009;08;499;201512;201601
YViDfdLFgVfqtSMWa;370015224;3439817959;False;True;x;13111983;False;202102;202103;04/12/1998;05/01/1999;False;OxI;False;False;True;True;W;JqshpTXKJMFiuGUPHGJfogANmjTtrraB;True;691257128;False;tSwWbriRpM;False;True;tYa;True;0;True;True;41772;True;False;2013;18111983;10;720;198407;198408
YViDfdLFgVfqtSMWa;680019528;7379884395;False;True;r;19091979;True;198812;198901;21/12/1971;25/01/1972;False;MxI;False;True;False;False;M;LNsAmSnBKCChkkKhRzUTKNvJwZItwWxD;True;572687762;False;xjjvsOLsFs;True;True;pEM;True;0;True;False;61249;True;True;1983;22091979;02;202;200208;200209
YViDfdLFgVfqtSMWa;180002354;7731127790;True;False;u;26091991;True;197901;197901;09/09/1998;04/10/1998;True;oob;True;True;False;False;g;BUqLfzfEHBrQdGwHcTRISbhaMAhIDTWL;False;212293308;False;MUgPOLTlyD;True;False;IAd;True;0;True;True;31368;False;True;1983;22101991;01;342;198806;198807
YuVsrqtDZqSmFLhUf;240011908;9323608082;False;True;W;10011997;True;197511;197512;09/07/1994;22/08/1994;False;Wkw;False;True;False;False;Y;CxNIYKHLkoCvIcLsiOtPuNhJwiicDUog;True;779921960;False;vfRcUZgarN;True;False;bvt;False;3;True;False;69624;True;True;1970;13021997;01;397;198602;198603
YuVsrqtDZqSmFLhUf;840003123;1142270872;True;False;y;25011973;False;201405;201406;15/07/2012;05/08/2012;True;prp;True;True;True;True;V;YzYosgatFisYudmjiVYFmtgIiTUPfcjS;False;760136714;False;vGRdTqubPE;False;True;ldc;True;9;False;False;69874;True;True;1997;01031973;07;331;199907;199908
YuVsrqtDZqSmFLhUf;800000804;3614410322;False;True;F;02032010;False;198910;198910;11/06/1973;15/07/1973;True;VxA;False;True;False;True;k;zWKFPevxXcOKtfecwELeElSarOLlLoWa;True;742014214;False;itaQkgEpQH;True;False;Fsr;True;9;False;False;30929;False;False;1997;15042010;01;976;199202;199203
ojxdKICLROMnHoZyh;280004789;4881345480;False;False;m;29111976;False;200111;200111;22/02/1978;08/04/1978;False;Koo;True;False;False;True;y;zKYClJKUcWXSQsQRNKWeCDavhxkylskC;True;293941029;True;pWpcQgapql;True;True;UKb;True;9;False;False;14381;False;True;1998;10121976;10;315;200201;200201
ojxdKICLROMnHoZyh;780001574;4727018786;True;True;S;15092012;True;202302;202302;05/11/2006;16/12/2006;False;VZu;False;True;False;True;g;GUcmdfKlMztJZLQwvVRExrOLbEUUvaAL;True;314554466;True;rqbXFHvHoM;False;True;VDA;True;4;True;True;30406;False;False;1973;21092012;09;620;200206;200206
ojxdKICLROMnHoZyh;850001058;2565203087;True;True;S;21101985;True;199809;199810;08/12/2020;01/01/2021;False;oVa;False;False;False;True;m;BKCbgochOHjoceZZyQrCsEBToNNQatnp;False;675565061;False;JVOMEtEmQt;False;False;uVW;False;0;True;True;45544;True;False;2017;14111985;08;456;200204;200205
ojxdKICLROMnHoZyh;330050832;9223293820;False;True;d;29082011;False;201501;201502;27/05/2013;13/06/2013;True;OXk;False;True;False;True;C;dasfDSoycylHchLiifpWQxyZKxIHtUSR;True;909214276;False;KhZqGCyhyb;True;True;QGA;True;2;True;True;10391;False;True;2016;22092011;04;115;200810;200811
ojxdKICLROMnHoZyh;300013257;3643108352;False;True;I;12111974;True;201410;201410;15/03/2004;11/04/2004;True;dcK;False;True;True;True;w;GOfGoWFcXjQtExkIxpEfrcVDQbgAxlcT;True;926102942;True;sCTFRXRzMF;False;True;Rqg;False;2;False;True;85101;True;True;1966;24111974;03;894;199107;199107
USMZsEDABTGNrwiDs;130804354;5830004888;False;False;W;25051992;False;197504;197505;20/11/2002;06/01/2003;False;gqc;True;True;False;True;H;bDfhQXwzeNLftMNCsQTzsSMfYoVQVuSO;True;311297534;True;kRbaTrCnoL;False;True;SpR;False;0;True;True;27481;True;True;1986;26051992;01;846;202305;202306
USMZsEDABTGNrwiDs;560024960;3515202081;True;False;x;03111979;False;201906;201906;10/04/2015;02/05/2015;False;Fwn;True;True;True;True;O;IndjzZmowXILVJuksTRchGjqxYptaeDt;False;547743920;False;mXsXdgwzfg;True;True;sBg;True;3;True;False;33754;True;False;1960;20121979;07;466;201603;201604
USMZsEDABTGNrwiDs;330060328;1549673110;False;True;S;28101984;False;197210;197210;16/04/1977;11/05/1977;False;uds;False;True;False;True;y;iDboGTCtzQlgGbbiVrBkNaSaTkIiFnZm;True;734169556;True;nPoVoXoSnw;True;False;aCx;False;2;True;True;33522;True;True;1966;11111984;05;157;199908;199908
USMZsEDABTGNrwiDs;400008694;7509703623;False;False;k;02122003;True;199407;199407;21/12/1997;11/01/1998;True;VSw;True;True;False;True;t;VmNarYcrGvlMZVbtLRCWYlUXMPGQElNr;True;214102036;True;PXzwPdyqKv;True;True;QUM;False;4;True;False;51677;False;True;1980;25122003;08;465;201707;201707
MXrMiwetGdpBliBgX;410004543;2527773150;True;False;d;04032002;False;198003;198004;07/11/1990;08/11/1990;False;RGc;True;False;True;False;q;FtzlZERTrLpZWFnFhfuxjFszfKwWxVqX;True;693578700;False;kbTwjTxPty;False;False;llp;False;2;True;True;12643;False;True;1973;05042002;10;961;199909;199910
MXrMiwetGdpBliBgX;340020973;6911474553;False;False;C;03052023;True;197404;197405;19/08/2015;22/09/2015;False;iVi;False;True;False;False;a;vUdYhzSLVbkDKgKKowDkwauwWhLFxwxd;False;283023822;True;UnGMSKDoSg;True;True;JOO;False;3;True;True;62616;True;False;1963;14052023;09;159;202101;202102
MXrMiwetGdpBliBgX;130036825;6141271470;True;False;Q;22091990;True;198708;198709;06/12/1999;15/12/1999;True;gyD;True;False;True;True;p;JJoGvzTJnVNGRGkcetMwuMAAsTPshvZv;False;203900883;True;KqmlFAtBkI;False;False;nZR;True;7;True;False;44779;True;True;1968;04101990;09;710;199410;199410
MXrMiwetGdpBliBgX;330046459;1346238979;True;True;X;08101989;False;201602;201602;24/02/2014;02/03/2014;False;fsN;False;True;True;True;P;BqftGnaqNADtakypEDxzwnUVJOjfsypz;True;626330719;True;iNxbucapDM;False;False;CsR;True;5;False;False;26274;False;False;1961;27101989;12;561;200210;200210
MXrMiwetGdpBliBgX;340025477;3281935777;False;True;o;22101987;True;197308;197308;29/01/1992;27/02/1992;True;zvM;False;False;False;True;m;QqFphwPaNaYJLcwgJdXGEDjfzKjVhTzr;True;297426036;True;AdUuQQLLzq;True;True;NlZ;True;8;False;False;48913;True;False;1999;11111987;10;583;199601;199602
MXrMiwetGdpBliBgX;220002497;6069665083;True;True;P;09101975;False;197209;197209;22/10/1974;04/12/1974;True;iJB;True;False;False;False;r;WrJXtGbJXRJCBdJeepHejIWIaeQJyUkE;True;299625161;True;xhwHuZjZTN;True;False;wZf;False;6;True;True;77411;True;False;1973;29101975;07;421;202108;202109
MXrMiwetGdpBliBgX;950011866;1296885190;False;True;H;25081987;False;199806;199806;30/07/1978;06/08/1978;False;Nxs;False;False;False;True;u;uqPdhZNgnvCiEEQsKPszBRgvHppDpwMx;False;460091245;True;NVWAXWwEBH;False;False;Ros;False;9;False;False;87114;False;True;1981;24091987;06;797;202306;202306
ZwcBIlsHJqxtcvJNk;770016640;1666292599;False;False;p;17082006;False;201011;201011;13/07/1999;25/07/1999;False;kFn;False;True;False;True;R;tecAnJskwdXuvwPPwQGnqVchxHfzOLKx;False;300921574;True;hIJIHokVWA;True;True;cxX;True;5;False;False;57106;False;True;2018;27092006;01;513;198202;198203
ZwcBIlsHJqxtcvJNk;660009010;9086383465;False;True;K;09042012;True;198408;198408;25/02/1995;11/03/1995;False;qtQ;True;True;False;False;m;UJpOkNuQTAujEJYKbbofMqfbNCaCCDQM;False;264380782;False;uFQcoqGuyF;True;True;PHQ;True;8;True;True;44524;True;True;2010;14042012;10;632;200011;200011
ZwcBIlsHJqxtcvJNk;620026500;6421387373;False;False;k;11012001;True;201712;201801;13/04/1981;15/05/1981;False;wPS;True;True;True;True;C;WEqlIgrliOBypPkYGwCEkBKdqQLniinV;False;835104426;True;JAxeTiXlbP;True;False;AeS;False;7;True;True;62893;False;True;2015;12012001;02;486;201408;201408
ZwcBIlsHJqxtcvJNk;920017837;4159779398;False;False;H;03032016;True;200809;200810;01/01/1995;08/02/1995;False;JHZ;True;True;True;True;c;bJpsuCydMsoFqQpJzPLZybBrAjzOvwWV;False;577239530;True;UiTGkgCQjs;False;True;ZvB;True;2;False;False;32763;False;True;1980;12042016;02;557;202112;202201
ZwcBIlsHJqxtcvJNk;940019235;7623212277;True;True;T;20022002;True;197806;197806;03/12/2020;26/12/2020;True;JWQ;False;True;True;True;Z;UylSnOGhIUgZWWSVOEHsuIpLMrpqzzpz;False;288231120;True;iKKJfLqnBv;False;False;iFU;False;9;False;False;89532;False;False;2007;29032002;11;754;199502;199502
ZwcBIlsHJqxtcvJNk;110008026;8013448775;True;True;D;14092019;False;201109;201110;12/08/1990;17/08/1990;False;SUh;True;True;False;True;B;YvXgawxNCUiFAKBPJREhTjUQeZJGjUet;True;531014890;False;lWRzRfdETB;True;True;Nvu;False;5;True;True;85292;True;False;2006;31102019;06;965;200807;200807
ZwcBIlsHJqxtcvJNk;250009321;4920129341;False;True;u;08111987;True;197301;197301;24/01/1988;05/02/1988;False;CWq;False;True;False;False;D;AeVyQwwJNbUFVmwqSkRHWZcFZNGbxfsW;False;897865134;False;VTJAnixwNU;False;True;BxF;False;7;False;False;92504;False;False;1961;04121987;04;119;197504;197505
MtcSwFMPidLHxbrnH;620009217;8931420792;False;True;M;29012015;True;197005;197005;21/12/2006;21/01/2007;True;IUK;True;False;False;True;a;kmWWaZugLUwrsriYUHpTOdlkmLHzFqsl;True;366624386;True;nMaBflcPse;False;False;wpx;False;7;False;False;71191;False;False;1975;02032015;01;408;198003;198003
MtcSwFMPidLHxbrnH;830002663;7717363574;True;False;x;16021992;False;197903;197903;24/01/1982;04/02/1982;False;mvF;False;True;False;True;B;IWwVPtqOYrdqPPBzTpPTkkHaZeWLrBWH;True;348434263;True;yQQktrHWkw;False;False;vJP;False;9;False;True;50638;False;True;1995;17031992;09;259;199911;199911
MtcSwFMPidLHxbrnH;940023401;3302403634;False;True;y;01022021;True;198012;198012;23/04/2005;30/05/2005;False;Jof;True;False;True;False;I;bjXQqgvOACJNgKkECgmYBLDOFDDIOuOK;True;639574004;True;WOcMnMwLOW;False;False;plC;True;1;False;False;42809;False;True;1990;13032021;05;196;200303;200303
MtcSwFMPidLHxbrnH;900000472;6074991617;True;False;K;12032019;False;197211;197211;28/01/1983;17/02/1983;False;Wpc;False;False;False;False;S;BwJsKVfcrjrvIAVSGgFBOvROqxcKyYDa;False;111316038;False;NefmJpzqRh;True;True;hMG;False;3;True;True;60898;True;False;1991;29042019;01;369;200506;200507
ZeEbDpFfltogYoDEr;120004486;6175281581;True;False;y;02042005;True;200606;200607;16/05/1970;31/05/1970;False;Tjz;False;True;False;True;l;kQQMqkIWaamlZDapvrAnNWTlIsfQnoMV;False;754877242;False;CJAUxPOKkd;False;False;Dlw;True;7;True;False;35403;True;False;2001;09052005;08;170;201308;201309
ZeEbDpFfltogYoDEr;360002273;1015585192;False;True;I;15122014;False;198406;198406;14/11/2015;15/11/2015;False;uIc;False;True;True;False;W;OwsOseFcMWkrNBazwvItOstjEKVJthzg;True;434956334;False;dvbQKqgjov;True;True;RwK;False;1;True;True;32698;False;False;2002;20012015;02;544;198004;198005
fzFjSqWAYTkrWUrAM;500001896;1005844575;True;False;l;12021985;False;199808;199809;03/08/1982;24/08/1982;True;LgN;False;False;False;True;W;xJGUkIBeTwSjbvnXCmXvDcUPpxwPpJbY;True;688186371;True;YLOokJoUmq;True;False;nrp;True;2;True;False;91123;True;False;1992;06031985;11;853;198705;198705
fzFjSqWAYTkrWUrAM;330041922;2678860059;True;False;o;26042007;False;201010;201010;12/02/1996;31/03/1996;False;Kzl;True;False;False;False;Q;lmvLzpyWCfoULQbLtLhqJhBgGmgpxkND;False;430034991;False;ySwZDKKYuJ;True;False;zZj;True;0;False;True;47437;False;True;1970;12062007;07;650;200901;200901
fzFjSqWAYTkrWUrAM;620002493;6351038601;True;False;u;22051995;True;200512;200512;11/03/2011;19/03/2011;True;EOT;True;True;False;False;o;feCwrSeJmObqxTZGhSDZQnCdTFNQGWwq;True;223127175;True;vESuHjdasd;False;False;hzY;True;1;False;False;28716;False;False;2018;18061995;03;603;201406;201406
fzFjSqWAYTkrWUrAM;010012144;2742532728;True;False;U;08031983;False;201411;201411;30/06/1990;26/07/1990;False;wDZ;True;False;False;False;g;kRiyOyAbExeqjuwfJkRAnAtNQdCdWLKZ;False;687744042;True;evOgZQuMWD;False;True;eBr;False;9;False;False;53450;True;True;2012;15041983;02;176;198809;198810
fzFjSqWAYTkrWUrAM;120002787;5827438859;True;False;U;08022017;False;200806;200806;02/05/1996;09/06/1996;True;mIE;True;False;False;True;X;erlVmkyHCxxZUjoklNNSTxvDPhyDXSth;True;529683690;True;SAWzvOAfLo;False;True;qYz;False;3;False;True;97977;True;False;1972;04032017;07;244;200803;200803
fzFjSqWAYTkrWUrAM;350013033;2847540540;False;False;v;13111971;True;198409;198409;25/02/1987;11/03/1987;True;vry;True;False;False;True;C;PWpHmqSNjMUJZWnWeQNPfdLQuXOYYdTK;False;681797279;True;RpumrMQZRi;True;False;laD;True;1;True;True;77018;False;False;2019;13121971;04;608;197409;197410
fzFjSqWAYTkrWUrAM;920016821;9412612009;False;True;J;24111985;True;200111;200111;03/11/2014;20/11/2014;True;qrS;True;True;True;True;T;MaGWbYnyIqJpaAZzCuiyovQjDydCCjOC;False;539489887;False;pvApKzGVUy;False;False;vHt;True;5;False;False;52501;False;False;1968;20121985;03;363;198007;198007
fzFjSqWAYTkrWUrAM;680002748;8983772211;True;False;B;10101982;True;200711;200711;20/03/2008;18/04/2008;True;NtL;True;True;True;True;Z;ttzcwMrbkHNUAUcLIyaVIzZFEwOHHumC;True;945885589;True;tFnseWgXAG;True;False;oxu;True;3;False;True;14919;False;True;2010;11111982;08;280;198802;198803
fzFjSqWAYTkrWUrAM;060003274;8945140966;False;False;U;02091994;True;199811;199811;09/10/1995;24/11/1995;False;fWb;False;True;True;True;I;bmcPSIYCyMdfNubPKEUTwtUuydncaOak;False;883164608;False;jFzVNMPRsT;False;True;oBi;True;3;False;True;54112;False;True;2015;17091994;06;234;201009;201009
QHomRCAOtZIXCfyZj;880007232;6632726682;True;True;u;16012014;False;197908;197908;21/01/2014;26/01/2014;True;Dfp;True;False;True;False;k;bngOCqGQrLPSfnwIbsjzFNsDRnmpelXR;False;820072288;False;VGXUPZyknf;False;True;DwE;True;8;True;False;67201;True;True;2014;01022014;03;534;199310;199310
iRKqUTLKJklSaaYID;770008118;7747882218;True;False;z;17062018;True;198404;198405;16/09/1997;12/10/1997;True;hVs;False;True;True;True;f;jMPWeOayFNLrmuxxjLgkkZZkXYLCdzAK;False;219219477;False;VfPKKUvgSl;False;False;ctb;False;5;True;True;39198;False;False;1980;17072018;08;773;198604;198605
iRKqUTLKJklSaaYID;380012427;1606100828;True;False;C;06101995;False;199002;199002;07/06/1994;30/06/1994;True;EoS;True;False;False;False;H;PtrzHQdlSeVEWZsjoQDJLuNYzRLWPKOt;False;290312097;False;pwqjjZImxt;False;True;Ati;False;0;False;True;86653;True;True;1981;15111995;05;257;197004;197005
iRKqUTLKJklSaaYID;600011092;4284880818;False;True;w;28061989;True;202106;202106;07/06/2005;20/07/2005;False;Epl;False;False;True;True;v;JrlanUAWAOtdHTpomeVGmyPOwbARsLJE;True;309978043;False;WvRchOsEIF;False;True;Vqq;False;7;False;True;65524;True;False;2018;13071989;12;740;202107;202107
iRKqUTLKJklSaaYID;870014800;3801213555;False;False;Y;26021981;False;199501;199501;20/10/1984;04/11/1984;True;kTe;False;True;True;True;e;qSbqUDBiRYZeCSLbEjIUfvYnIvkIujWG;False;755218831;False;DBwNYiNMij;False;True;koU;False;5;True;False;79064;True;True;1968;14031981;11;172;200209;200209
iRKqUTLKJklSaaYID;630003911;5501711260;False;True;O;29052004;False;198409;198409;07/11/2011;02/12/2011;True;COj;True;False;True;True;B;wGWGCzXfcApFVpRQwctqsdWCGKDDNoaI;False;945275797;False;nCRAdbLHVp;False;True;bcN;True;0;False;True;50164;False;True;2018;16062004;12;352;200309;200310
iRKqUTLKJklSaaYID;670015882;8644228853;False;False;L;16091997;True;201108;201108;20/08/1993;26/08/1993;False;SvN;False;True;True;True;f;IrPfHIPrFpDjlpcqPGFOMhByRSLYhLtb;False;437487418;True;ntuSxbqswV;True;True;ZKG;True;4;False;True;77142;True;True;1977;10101997;09;632;197309;197310
iRKqUTLKJklSaaYID;840016810;4106555613;False;False;P;21031987;False;197212;197301;01/03/2024;04/03/2024;False;tso;True;True;False;True;j;uAvXcOWGwNeXuAEgmWyLgrKewsDvGMfw;False;241288361;True;SbryWyXhIt;False;False;axb;False;3;False;False;27532;False;False;1978;29031987;06;749;199411;199412
iRKqUTLKJklSaaYID;640792248;4599488734;False;True;X;11031981;False;202202;202203;30/09/2018;08/11/2018;True;mbh;False;True;True;True;R;rehJVGmmkLPcrJTYNMiJZNSwmghkcHEh;False;419885824;True;HHnUnkduOj;False;False;IxY;False;0;True;False;35324;False;False;2010;03041981;05;760;201506;201506
iRKqUTLKJklSaaYID;640797395;9226209687;False;False;k;05082020;True;201605;201605;12/03/1994;01/04/1994;False;JJa;True;False;False;False;X;AQIicdFKQQyqxuevzgdoHLYHMLoPfyWT;False;228188338;True;IzCUSTpcoc;False;False;LCs;True;3;True;False;19616;False;True;2007;13092020;01;396;200705;200706
ZjlbpVRQAkRIbkbQi;750033243;3398775565;False;False;b;28091988;True;198607;198608;10/01/2003;26/02/2003;True;CUl;True;False;False;False;j;DBFeFqtxrUCsyGsmYtHAIDaqRsPPIbmr;True;569305738;True;altzwTmuuK;True;False;BLW;True;5;True;False;84230;True;True;2002;05111988;02;462;198706;198707
ZjlbpVRQAkRIbkbQi;510020704;7522166405;True;True;G;05091980;True;198706;198706;23/06/2013;01/07/2013;True;iNy;True;False;False;False;k;oggaBJEmVMVjHzcggKNUGIYcxomLIpBm;True;819974267;False;cQStetvmTc;True;False;hEx;True;7;False;True;66528;False;True;1977;17091980;01;702;197712;197712
ZjlbpVRQAkRIbkbQi;620021618;4161850460;True;True;b;17061995;True;198310;198311;09/10/1993;25/11/1993;False;qVJ;False;True;True;False;T;GIgXhAOZQGulCPhnrOhaAdNbbyiDoUzU;True;787170966;False;TtyhPtRtNB;True;True;pFx;True;8;False;True;68557;False;True;1989;13071995;12;340;200107;200107
ZjlbpVRQAkRIbkbQi;640002713;3469012982;False;True;K;04011980;False;199011;199012;02/06/1976;08/06/1976;False;NaW;False;True;True;False;u;WAYFzMwSkooEgWbmuAugKJfZjhkvOMBd;True;308195410;True;zpwbtaQOpw;True;True;cId;True;4;True;False;40158;False;False;2002;10011980;01;299;200011;200011
ZjlbpVRQAkRIbkbQi;420008203;4888468417;False;True;O;04071977;False;202003;202003;10/06/2022;11/06/2022;True;ejJ;False;True;True;True;e;nOCvmZCdlAVHiFxbpncQzSUSBEfZYwEZ;True;756536425;False;mMOprWNKJL;False;False;YoX;False;8;False;False;62869;False;True;1967;21081977;02;509;202107;202107
ZjlbpVRQAkRIbkbQi;920025087;5917813236;False;True;O;13111989;True;199306;199307;14/03/1992;04/04/1992;True;ELz;True;True;True;False;U;sOCQEnRUROEwqpdvmhfydaUYCTRtdfYp;True;572279815;True;VNSaCcsPPv;True;True;OXM;False;4;True;True;27711;False;True;2007;31121989;12;407;197210;197210
vWlVlScecAHZrLKEt;420010365;6332361380;False;False;C;19041975;True;200905;200905;08/03/1977;14/04/1977;True;sHD;True;False;False;True;q;KzPZujzvQJrzvTFClKdPbWGzpnZWiXkN;True;924052125;False;KlYslKRanG;False;True;vGp;False;9;True;True;51810;False;True;2013;05061975;08;553;199409;199410
vWlVlScecAHZrLKEt;690020490;9308934026;True;False;m;12031973;False;197001;197001;22/10/2015;27/11/2015;False;QRq;True;True;False;False;E;eTsjbkgtrzGFsCndGUfeALiASbgbIWjU;False;908048842;False;MUKSDfsWKn;True;False;dco;False;7;False;True;79531;True;True;2001;15041973;01;253;202104;202104
vWlVlScecAHZrLKEt;580003614;2257029036;True;True;t;30102014;True;198008;198008;16/02/1997;23/03/1997;True;lDe;True;False;False;False;C;jpoCglmYVacYMLXIFpMFlMWHmkLxbNav;True;894489661;True;YrZzXiakmE;False;False;bQl;False;7;False;True;98470;False;True;2004;03112014;02;466;198306;198306
vWlVlScecAHZrLKEt;230003675;1893226104;True;False;q;13061995;False;199408;199408;21/12/1975;28/12/1975;False;gtO;False;True;False;True;B;UNGXtoHKNxQATRlgASTRUCrTYFnhixjF;True;189983062;False;DWdetmDYDK;False;True;AWP;True;3;False;True;81299;True;True;1988;09071995;02;349;199005;199005
vWlVlScecAHZrLKEt;740785605;5208698518;False;True;A;30101996;False;200906;200907;04/03/2003;12/04/2003;True;QOg;True;True;True;False;c;XdDJIgNtVHHXkACFtUaMwdbnnNBhSHjM;True;447901710;True;MwJPeFrfRB;True;True;AHu;True;9;True;True;37073;True;False;1977;02121996;01;687;198408;198408
vWlVlScecAHZrLKEt;770006617;4807040524;True;False;d;02111987;True;197009;197009;04/10/1978;13/10/1978;False;xzh;True;True;True;False;J;KKJiywvsqlkxVdRNNWuzgonmjazLNuOn;True;742952570;True;XeuXCmlpfl;False;True;vKq;True;2;False;True;49545;False;True;2003;18111987;08;737;199708;199709
vWlVlScecAHZrLKEt;030005334;1604370573;True;False;y;29061988;False;198302;198303;17/03/1970;27/04/1970;True;fZB;False;False;True;False;Y;tEEgHOeUEFOnLadlXcURksadFKfWZdAd;True;947528202;True;ZrrQjZwWzL;False;True;lIP;True;1;False;False;75787;False;True;1988;02081988;08;434;198601;198601
vWlVlScecAHZrLKEt;300009222;6726246217;True;True;T;11071990;True;199603;199603;18/04/2002;28/05/2002;True;jgx;False;True;True;False;e;qwxNZGzsWNAgGDXWdvdSoQEEplTkzmWG;False;417440611;False;pzwkuMRnPq;True;True;QUW;False;0;False;False;58548;True;False;2001;08081990;05;395;200912;200912
WgesqPcePWmfJhYNJ;800011041;4020202063;False;True;w;30121977;True;200105;200105;18/06/1990;22/07/1990;True;jYb;False;True;True;False;n;UKGRcZWGBjnHSpNEJiJjbsTqwJssHRuT;False;172313875;True;SmsxPkKLhk;True;False;wQp;True;1;False;True;56084;True;True;1980;01011978;07;285;201409;201410
WgesqPcePWmfJhYNJ;330795139;6214988177;True;False;J;04072022;False;199012;199101;14/09/2006;07/10/2006;False;AAZ;True;True;True;True;y;SUqJKEzDdkqckYzyXYMnYCPbqYLGxtNm;True;931586623;True;YmxDuWleou;False;False;uib;True;3;False;False;31944;False;False;1981;12072022;04;502;200406;200407
WgesqPcePWmfJhYNJ;540025285;9790427864;True;True;w;16081987;False;201310;201311;24/11/2017;25/11/2017;True;fKp;False;False;True;False;B;AOIJvjckDiJSsheDqLUQYyswWJkPsrYK;False;485018731;False;KQZmXQzhkc;False;True;zhq;True;1;False;False;94063;False;False;1974;06091987;12;698;198702;198703
WgesqPcePWmfJhYNJ;750060238;7041395596;False;True;O;21102023;False;202305;202306;01/08/2019;20/08/2019;True;vvK;False;False;False;False;r;gEqZOxUsEoftsCDOPTAqLtPYgrqQRDUi;True;815979762;True;ANDeKxEyWI;True;True;zVm;False;1;False;False;54242;False;False;2018;06122023;12;366;197404;197404
MaiiXKLLiPGrHySWH;380000802;7290968894;True;True;i;20061971;True;198210;198211;25/06/1983;18/07/1983;False;Urd;True;False;True;True;o;ogASeQiUopSySkddDHWcHnTXYttplAtI;True;831743070;True;gUpcrugmjo;False;False;HMX;False;7;True;True;25550;True;True;1960;07081971;09;681;197803;197803
MaiiXKLLiPGrHySWH;060026069;8213277794;False;True;m;12042004;False;199111;199112;19/04/2004;30/05/2004;False;rCA;False;True;True;True;L;dZVgHmeFoZYeBdjkRQzjxEBEXCSNHxRF;True;932282659;True;EcJSRALiTs;True;False;UJZ;False;3;False;True;77716;False;False;1960;16052004;03;803;200903;200903
MaiiXKLLiPGrHySWH;440010668;1813030111;True;False;m;17091981;False;197401;197401;26/03/1997;16/04/1997;True;wNJ;False;True;False;True;c;gtYhfyvHqEKqQKeCAGQLVmYBWkMjxLtb;True;665449566;True;wKUiweIDhY;True;True;aaG;False;4;True;False;64439;True;False;2010;27091981;07;185;201511;201512
MaiiXKLLiPGrHySWH;700002900;4884653198;False;True;l;30071996;False;201202;201202;21/11/1994;02/12/1994;False;idB;True;False;False;True;q;aEruLHzQluaoBhlJElmnKxOUJKCWjFcN;True;803880645;True;MOYamfczlq;False;True;uoc;True;7;True;False;41261;True;True;1985;29081996;06;621;199107;199108
MaiiXKLLiPGrHySWH;720022169;5821109074;False;False;X;21021993;True;199104;199105;19/03/2022;11/04/2022;False;zYr;True;False;True;False;x;iqTtIhWJlhGPUWYiaMjliWwSNBQmwKHP;False;482785203;True;pHETYRSLaQ;True;True;PXI;True;3;False;True;54233;True;False;1998;31031993;04;632;202010;202010
foNdWYdkqeZWImHLq;850006115;2372488729;False;True;F;28091983;True;198804;198804;10/10/2016;25/11/2016;True;Rjs;False;False;False;False;R;KYyiRjDgvRjZtMFiYXhvIlFlMfVJjwnw;False;441806704;False;qMHcaTsVmZ;False;True;IbU;False;2;False;False;25763;True;False;1973;03111983;07;967;202012;202101
foNdWYdkqeZWImHLq;750035891;6261318422;True;False;i;15112005;True;199512;199512;16/05/2021;26/05/2021;False;nuM;False;True;True;True;u;razDDBumfOgCMgjhtzAdyZIldjBowuta;True;941019423;False;KQQTAMAqwM;True;True;ITW;False;7;False;True;67428;True;False;1973;10122005;03;540;199709;199709
foNdWYdkqeZWImHLq;060002474;1134284649;False;True;s;07041975;True;197107;197108;04/09/1997;30/09/1997;False;LLx;False;True;True;True;F;uyAsviLRCSdvguedPdcAsJZMvZdXvkKz;True;939150472;True;KSUvqMmGMh;False;True;qSb;True;2;True;False;62923;False;False;2012;29041975;03;571;198201;198201
foNdWYdkqeZWImHLq;850019092;8152021205;False;False;z;05121996;False;199003;199003;08/12/1994;18/01/1995;True;Ava;False;True;True;False;M;bxYIDFovUSyRkUSAKyHufczIcbuxiwnW;False;894861414;True;tfdvwNAqZn;True;False;FER;False;1;True;True;35004;False;False;1977;06011997;08;842;200406;200406
foNdWYdkqeZWImHLq;510001035;8206706176;True;True;m;03011978;True;201911;201912;14/10/2008;24/11/2008;False;rcd;False;True;False;True;o;bmVeraRLWCfHhgAgLMZVrgvobPKsyOFR;False;364935668;True;MBJcTtBlET;False;True;ELJ;False;3;True;True;76088;False;False;1967;17021978;10;629;200001;200001
foNdWYdkqeZWImHLq;630000701;8632201551;True;True;e;05082004;True;198907;198907;26/12/2022;14/01/2023;True;KXP;True;False;False;True;W;tYbxzxbkEbgfzVDSbOlfNjjEnRrKPezq;False;491256473;True;SAAVroqMKx;False;True;fyR;True;5;True;True;97075;True;False;2009;10082004;05;609;198207;198208
foNdWYdkqeZWImHLq;950009415;6392135929;False;False;I;20072012;True;199003;199004;14/02/1976;22/03/1976;True;YGb;True;True;False;True;q;bwPgkrLKMJyfTRyewNXQCYnQDFDYavXh;True;238774514;True;zNFzUswfKN;True;True;Hgy;False;7;False;True;23434;True;True;1988;15082012;12;945;198511;198511
