ETA_NUM;SEQ_NUM;ACT_COD;ACT_COE;ACT_DNB;ACT_NBR;AMC_MNR;AMO_MNR;COEF_MCO;CONSULT_MIG;DEL_DAT_ENT;ETA_NUM_GEO;EXE_SPE;EXO_TM;HON_MNT;NUM_FAC;PRI_UNI;PSH_DMT;PSH_MDT;REM_BAS;REM_TAU;RSF_TYP;SOR_ANN;SOR_MOI;TYP_ART;DAT_RET;NIR_ANO_17;NIAS_RET;SEX_RET;NOE_MNR;NOE_OPE;NIR_RET
810008276;LsGknJYj;PO7;285172;88;345;7039320;51279847;86116;zm;38425;000000000;Ho;S;94716658;imU;7193878;mGL;EH;83473625;852;b;1981;05;M;False;DZFaACeUbwnsGxpmF;True;True;74046127;55;True
390783637;eMiOFCLO;CST N;230848;5;134;2172578;1593795;61942;uo;48441;000000000;rw;O;92814256;cRI;5860516;YMm;xK;25162287;234;G;2011;03;P;True;CbFchQuDSVcBatbYy;False;False;38236182;448;False
780808853;pOeGDFtF;AMO;400332;5;854;7081291;24527290;92347;RK;28613;780017208;ak;w;37563604;ium;6519741;Ekp;aG;26581814;675;o;2006;12;M;False;njVFgvdgPXSKvBRtr;False;False;52394725;636;True
800009276;dbOSTTUA;CRN;93951;37;362;9736010;82103003;2744;HD;8601;000000000;Pq;L;92559055;InI;2662456;rAe;zn;88885345;69;h;1995;04;B;True;KXjRxhSaXsWQavEMQ;False;True;45079037;386;False
920021011;yPTcsBnt;PAS;930011;62;528;8986887;26885986;96772;NM;55798;000000000;yG;i;55546986;Qwj;957358;lgV;sg;27185108;848;N;1980;11;X;True;biUQcNdAuibjkEVwB;False;True;98520865;892;False
540012226;SlIOzpYZ;STH;575556;47;880;8193538;4308362;23338;kv;39723;000000000;ls;s;18099610;YwB;4515036;NMw;Kf;25993890;470;d;1993;06;I;False;bUAIxonJjNcFNHITK;True;False;88380282;564;False
620110676;fgYZjbJq;D07;710817;77;48;5542796;70365745;6586;MF;49957;620024737;jV;W;62886986;Wav;865339;tBj;sy;84899172;183;H;1992;01;H;True;QVKONIuFSItBqHtbC;True;True;10083930;331;True
300000908;JeMhYuJO;MK4;848765;86;259;9336541;19708684;21497;pf;56760;000000000;mf;S;84650953;gvh;2304201;SRM;gk;22666;733;m;1969;07;H;False;iSwWieTerBkspoZgj;False;True;30955003;915;True
570016337;wIRcNsPM;ABG;384507;71;574;7332292;50048608;38973;xz;75786;000000000;hB;P;46251989;ZNu;2752720;ROd;En;97782978;660;s;1986;09;X;True;wRqEVwlJofTQtGcMA;True;False;81338429;908;False
180005878;riikjXms;HUM;355007;30;647;6322548;90465095;99789;ft;47609;000000000;hC;F;47905988;HKt;1154884;fYp;rf;46305323;657;V;2016;06;I;False;dXjFXbwghAlOKbdXt;False;False;91561424;433;True
920014438;HYQLCoQT;Z;639807;69;584;5468992;38852147;26530;fN;13097;000000000;oN;g;28326671;vXG;5639216;Rzn;XF;16217095;954;i;1965;05;Y;False;cPiFuycVHzVdVzZMv;True;False;84161247;39;True
480001247;TdsRjcnC;DTP;355563;29;810;8948835;61237332;39494;dF;35274;000000000;Ac;i;96198211;Yjr;8105622;ixX;vL;99382315;672;L;2019;01;B;False;nTHIxUBRpCDXKmPIG;True;False;64955469;589;False
880002415;JXGyVySS;SF;339796;48;841;2730362;67626031;2860;kF;29479;000000000;tX;E;43804815;ewh;4386955;GkD;fY;32442039;964;O;2019;05;C;False;HlNxvVqnLiWVClfiw;True;True;96219891;182;True
130000383;uualNGnj;EMI;444080;12;521;6955403;65936559;53864;uZ;95650;000000000;KE;y;32448796;ypR;9669539;vyO;DH;20581808;445;K;2005;06;A;False;FPdMnYtoUVuOfLRtF;True;False;55392616;266;True
640010773;UahkNmyN;D07;484868;28;884;3976288;68323497;69781;mV;28973;000000000;GN;W;99301236;Wlo;4114516;ZLk;cC;75199395;959;c;1983;12;X;True;ispTEqmKUYzWiPKvi;True;True;30402939;547;True
310018759;wsLQkUHh;KE;483504;77;783;2979729;24553697;60577;cG;55609;000000000;iS;V;55816743;yeU;263956;zBW;dr;19200089;480;S;1988;05;I;False;nglLhDyDmZgpkSjWC;True;True;26785168;740;True
860013507;NJEEihIS;PMR;509236;26;242;4607066;17305212;46467;oR;24882;000000000;MZ;U;51553512;qtA;7140201;oEF;ho;70781446;248;d;1985;01;P;False;ASxyzFwheZovYDTvp;True;False;32983411;521;False
330006578;DMAfvsJi;ACO;29243;66;210;7296691;40277076;27018;DI;6611;000000000;kS;h;38958569;Xeg;6026040;lpj;ha;53689217;568;X;2011;09;P;False;PJVkqljdOBkphHuRR;False;True;65305836;962;True
970212320;wGgedlkE;OPM;873697;32;425;7726753;21652011;76986;Ux;76509;000000000;VY;d;36065012;ljA;7724397;pOZ;dK;80480510;621;Q;2000;06;P;False;tIngtxjpjZpCNkoBS;True;True;43988249;489;True
110008828;rlJUCsTJ;FTN;829164;57;581;4356422;44504764;20208;yo;86765;000000000;yX;M;66992133;fpE;7084563;dMu;Xu;91869499;464;g;1979;09;B;False;JTBtwaoIDwuOOUJdv;False;False;91835356;488;False
010002004;BfUxXQzi;SFI;829352;0;320;8537736;87278094;84373;Mv;84740;000000000;tj;l;56453602;DRk;6230526;TNA;PD;49644664;277;z;1960;10;B;True;tzcEmNGdrYWxpSKSp;True;True;68104579;161;False
850027582;rZzrVdgD;PMR;988751;52;718;8178833;24081698;89676;lF;67582;850008939;MQ;P;23084412;sBw;3956623;baP;UK;229899;51;O;1979;06;Y;True;BrtQKPffLAQhYPlMA;True;True;65588958;305;False
380005595;vabaGlHK;MMD;89092;88;234;8295443;84035601;24349;vt;82219;000000000;BZ;s;35455946;ekG;917914;wzy;MF;26628449;235;p;1968;02;X;False;grBKWBloaazWProVT;True;True;13030045;446;False
850025958;gWhyQWED;VNP;693737;61;59;4493536;60348365;93299;Ux;44494;000000000;nB;U;54876423;cpg;8185297;ndF;eV;93563227;588;P;1995;02;H;False;HoneDBsYLwRBjQVpb;True;False;38834352;447;True
750053126;hjIhYYLp;AMY F;353674;10;781;91115;89355290;22751;HK;4889;000000000;Mx;D;47915223;TiX;4477786;YXj;qT;54957431;694;Z;1968;11;Y;True;EanaBoKgdbmOTcxVY;False;True;90664293;492;False
240006478;aFvBETLs;KMB N;860950;65;522;1312061;70906756;85175;MN;81607;240000547;Vu;I;8020234;ARD;5790361;iAx;rk;11853976;451;w;1980;08;Y;True;uUGGFXnONmqbAZJuH;True;True;75507850;571;True
740001086;rprPcUFn;AIS;229714;55;887;1679221;14483728;85447;GU;74124;000000000;tq;H;6962969;tfe;4537365;FFH;Wl;50229336;199;u;1983;05;H;False;OrLLhRnuTxoBbYQQD;False;False;31643013;8;True
620006973;wGmpuTED;PHA;445463;14;835;537192;97741860;18709;Df;66606;000000000;wZ;N;35007699;Cdg;6308805;kCv;fR;55473123;904;N;1965;09;M;True;CieuEfgJbpgljMbPX;True;False;40834591;84;True
440025104;ISYPrMzY;FJC;575913;80;294;4469640;62209154;44228;mu;49642;000000000;Rc;G;21802430;ZBG;4449715;DjJ;Pe;56702846;153;D;1972;05;P;False;wjhbVCSCqoGFuFhJM;False;True;40181394;108;True
350012456;EaMeAxQR;SUPP;517283;72;190;6172757;36017599;48355;Kr;24793;350007019;WZ;F;1733240;IUd;4906131;UcN;AQ;24812278;174;e;2004;02;A;True;nIaJlZxUfCaJrcgmB;True;True;44473756;778;True
640795613;HcauhTZr;C   F;879337;60;773;3037801;43772070;59177;he;40481;000000000;MT;L;15564590;UIc;4991193;EFV;vl;42089490;996;I;1979;06;X;False;qlgflszRvIjJazEWA;False;False;79670386;240;True
840009559;YKPhtoxV;PME;757375;54;794;7983620;89228840;29822;cj;91376;000000000;Ne;w;4172557;nKw;3114427;ukX;pq;32432134;150;P;2002;12;C;True;nULVGKuJmkObhGmvZ;True;True;65131473;463;False
720019447;CkWAGPaX;PY7;828006;76;606;2999013;73457754;88976;bs;62717;000000000;po;S;2063324;tBe;699844;New;ce;74144850;596;b;2014;10;A;False;gIlXHNEKhLBFujvKF;True;True;3707225;293;True
310025192;FRQuNxWq;FJL;116731;88;549;8681684;30499750;66745;my;67580;000000000;Xt;Z;62653664;qBE;2450536;QOt;zU;77305620;967;N;1965;01;X;False;jFVkfKErdBsalobxj;True;True;84373925;616;False
440008639;KWNEDjUL;CST;286103;67;775;3617902;24842961;94038;fl;12968;000000000;Hw;e;48454852;Rjb;5949397;aaG;IZ;27863141;733;d;1977;12;H;True;WgyWaxZPGZCktEmOd;False;True;27105889;885;True
390005809;kucFCPug;D03;283826;96;327;9033852;54496462;16058;nv;2687;000000000;VA;c;45744138;DoH;2893182;IlH;Oo;39239753;322;q;1994;03;H;True;BGcahgaWiiXyUePdW;True;True;42130975;401;False
920005683;YtPJBlRC;PHI;837339;98;210;4446525;64830862;78553;cM;72043;000000000;cK;w;32214400;yoZ;3187583;ppT;qb;78637573;460;t;2003;10;P;True;opDJDSDUYxSGKKKEI;False;True;87041082;86;False
400001939;pHJeDyzt;IGM;169641;99;183;916688;66047572;67783;wi;99910;000000000;kd;h;56693725;KMj;3939190;fgJ;cU;88814476;527;Y;1997;03;C;True;QrAFuAIHmygCkzqUG;False;True;42714140;237;False
130022627;Jjotijee;D09;378383;15;721;1911765;65962283;87597;FN;17230;000000000;BO;w;4251265;EMH;2094970;yHO;Er;7588303;515;C;1997;11;X;True;jWHwutLEFuqtYmIKX;False;True;35535827;623;False
350000709;EDqTnjTN;AIS;819678;89;292;9434378;88639262;20508;tp;95940;000000000;Yn;x;4172548;YSj;1113467;EUE;xp;75456196;118;j;1971;07;X;False;TMzMYNMdRuquRtvgT;False;False;97815875;180;True
050008390;wWeJSmfL;D12;84759;58;778;4456965;10448565;24621;tn;50707;000000000;rQ;l;7477638;PMu;7910384;ArM;Pa;85136383;635;B;1973;09;H;True;SbWMmcWroDehyrMli;False;False;75232594;848;True
400002671;MLLsRfvQ;IFA;303527;72;163;8267243;50314369;718;KI;21137;000000000;TF;m;11600998;BuF;4083102;lab;oQ;78438015;689;Y;1986;04;I;True;YtPCrzZjtFnShWyyL;False;True;1099165;304;True
810006577;hWvlLUmN;PMP;567398;62;378;6909550;72775971;3267;Al;95048;000000000;qq;p;33878982;zNq;1597841;mpv;Vv;2442440;387;P;1980;03;M;True;cqBXLbGzIJhTrFgzD;False;True;45694174;762;True
920035714;OmOFSgdM;FSG N;214608;93;743;1558229;9280977;8314;ye;34505;000000000;Kw;R;69217011;ajy;3047462;kYO;BJ;8539370;986;E;1971;04;Y;True;LdYoxWXLBeoOCdIeL;True;False;7542257;875;False
380010793;lcTpfsZV;FR3;429246;84;435;1411963;55070177;2346;BA;50159;000000000;YJ;j;63322915;ASl;8719457;npd;hx;10999556;33;o;1979;02;P;True;fsMZcQGwqqhkJodKm;True;True;69198712;27;False
620003921;VMoSjgvD;PHU;692816;45;869;6677639;2143360;92944;BT;40086;000000000;hl;o;65940117;hdl;8910662;tCU;je;55883464;711;L;1975;10;P;True;SkiOAtBwQYtwAaKBa;False;True;62711306;174;True
560021966;ayPHNwyJ;MAP;274501;81;965;2435863;63329955;91066;nt;70239;000000000;Uc;V;33608410;Aqz;2836544;VCS;uS;42347589;566;j;1993;06;Y;True;PbeEFAyRMBoZkFaPB;True;True;36132872;201;True
400002572;bAxobeMx;VEH;603033;73;341;7517372;2209841;32524;uT;92230;000000000;wD;Q;49207641;eAz;260887;Qhy;ub;33302198;76;d;1968;10;I;True;jHphZqSeoSAogZiNr;True;True;22120118;99;False
2B0003685;SfQkCODP;SRC;272877;19;51;7895577;10359177;2568;RZ;27104;2B0000350;KI;V;64849227;Yzv;3054089;fch;aZ;7737813;147;G;1973;10;M;False;wPvxnbTvffXEinYhJ;True;False;83459917;571;True
220009500;LGeHPqUe;ORT;837383;34;100;5188021;34846344;92812;RX;57396;000000000;sF;l;8827362;iGY;8317955;hQs;Ky;46297161;572;i;1983;09;A;False;KTUxeNDImYRrWRUEp;False;False;58058043;25;True
750002982;egvIaifd;CS  N;944179;77;49;7881161;55889925;42935;gb;26892;000000000;ZZ;L;28632841;LGU;3811043;Sle;dM;55176385;144;X;1998;06;C;False;AdCSRlnvKPPGuIneT;False;True;81190330;731;True
220021711;OYEnEwpr;PH7;824348;50;979;1573842;26751602;55794;mC;41980;000000000;tn;e;29793660;Bxs;2689302;JLk;gJ;89274979;614;z;1999;07;B;False;LbLsNqzNEPqBCQCje;True;False;11539276;797;True
030003487;cdHflYVd;IK;806362;30;483;6934056;20944667;72359;nM;52859;000000000;Nk;J;98124710;fgg;5462006;gml;eV;94754351;397;v;2012;12;M;True;pKAXqqApzuCkpbEos;True;True;6868450;746;True
920019833;LGhjDnbd;SSC;318656;82;863;3998602;30167608;64378;aP;39183;000000000;bQ;d;5281936;sPN;8326370;hvC;eI;254235;479;p;1977;05;X;True;TwiZlzHsmQAOBEzgz;False;True;31062439;840;True
370010985;SwGYbYgC;AMD;629154;28;384;7644574;93194148;36451;Xa;19947;000000000;aU;M;19442998;dKs;4353843;Hka;mV;24100642;86;L;1991;04;H;True;bebVDpsZnGwlKymhw;True;False;56618273;92;True
580006492;yOkMxhuR;D   N;812252;80;842;4179510;72655714;59361;eS;8362;000000000;Ux;R;62937020;NiE;7220188;GZh;Kp;12340939;508;y;1980;10;M;False;IyciuiCmpPnRjwUZs;True;False;6722008;564;False
800002784;tyvFlgBk;TH5;592988;9;363;2612057;61033096;69766;cs;23292;000000000;gB;U;15941606;ILn;393132;GOu;FU;19948875;580;b;2001;09;H;True;VfIwdSoVrJizcwuDp;False;False;64316149;523;True
330047408;OasyNzGA;VAC;641058;78;704;4687620;12942792;9762;oB;95054;000000000;bb;c;73170880;bae;1481587;Jwu;eO;91326366;989;l;2015;02;B;False;PMVkkPsFALgpxfXtV;True;True;97571065;843;True
870011020;VWkcarcT;PH2;514382;96;88;3993427;35584388;75435;Pl;26076;000000000;gK;M;24677907;Evl;2808851;ysi;dL;79557483;828;d;1991;04;M;True;eXKlPgxoQvoDzMURK;False;True;13357157;714;True
060014271;UphJvKyJ;TO;814314;69;418;804592;98150505;44746;LF;11225;000000000;qg;a;37357469;kEJ;4788824;GsY;ZL;8437917;366;n;1991;08;I;True;VAgpfkNbPZokbLPMS;False;True;37134673;602;False
750823130;RwhLFeXh;MTU;739123;16;668;7537488;52217342;25068;CP;50822;000000000;dZ;r;84058256;thS;2842006;dnn;to;8002814;450;Q;1989;04;X;False;uPkTTAdMroBWxSasO;False;False;74918225;244;True
140003336;ZeVdpvNZ;D20;535056;3;120;2268398;50169755;69091;Xn;9196;000000000;mQ;j;41910238;vaI;9944508;NHW;Ee;12010512;342;h;1990;11;Y;False;RwvPvRKSveUPXvbgf;False;False;68081335;859;True
730012739;nqhQGMRf;IFP;99675;1;976;5811332;46547965;230;Ig;59496;000000000;Ve;v;40620042;nNq;1619788;yvW;LW;67250472;309;K;1983;05;I;True;veaHQlEoBpHMprkoT;True;False;64022144;362;False
580002970;NBvxAiuv;BR4;871032;99;310;3409668;33567540;17743;Mv;21396;000000000;YL;b;30035181;RxH;7890275;VQv;IS;67338816;361;J;1972;03;C;True;WCoBBzuxZQjIvXmjI;False;True;82190525;577;True
330043316;qrzDmwoB;PY8;525668;33;590;7363654;56340151;68116;QU;24566;000000000;gX;n;8212532;TKP;1567260;xmv;FM;22183018;989;K;1998;04;X;False;oXVakMraSOgXzLRPd;False;False;80285626;862;True
380790287;iQOwDLXc;VRM;816984;33;73;2065451;22806249;50170;dF;4837;000000000;Dw;r;76564735;loy;3959954;qMv;Qj;75683985;514;I;1997;12;X;True;nWmuEOmJinOEYUebS;True;False;16512900;993;False
570021170;QmFxqFBL;CG  N;176182;47;259;3965957;89198737;95462;Dp;69493;000000000;xZ;X;90538293;UMm;6666006;oBH;Oe;76191205;865;U;1983;04;X;False;vixviWjYYEwZcxaYm;False;False;88940420;876;True
030003099;yCdfGKSa;CS;808745;80;436;4397405;99301446;54604;zf;73955;000000000;tL;U;60979075;Ruc;3869301;VfX;ht;81763680;822;O;1970;03;Y;False;DKFcUWdPDQjCRVovl;False;False;57093182;467;False
780008207;MXrrmtuw;OP6;42802;9;860;5776741;90628455;9786;Xp;53304;000000000;Hm;G;5303581;YNM;1646073;EuW;Ln;59489325;125;b;2009;07;C;False;pVDBqLoQqwmthGzyl;True;False;86316870;915;True
770011948;xhNUvWxR;KCC N;920547;94;829;1124497;7610126;40197;EO;4685;770010395;Yx;H;76417502;RKX;7432292;JVG;JP;33641612;98;Z;2019;06;Y;True;QKwemdhsJabLSHwzh;False;False;10789606;302;True
590060299;KyWAsKPO;LUN;912531;65;12;2250533;48417360;98711;xN;28035;000000000;GV;q;98576975;Drt;526831;KZQ;Co;57735395;822;u;2012;04;M;True;uVONFktMWqwLvxMLm;True;False;68563584;696;False
760921445;bnLqtIqL;KE;530593;40;469;2589644;87802637;58429;Hf;35297;000000000;rV;J;16732438;Pju;7180910;iEH;Xy;38783626;973;o;1968;12;P;True;XCqGMRUnxIMfcnKNZ;False;False;31453166;619;False
380019455;EuNVyYyk;FE  N;741605;61;772;2431852;30910518;21210;Wg;98460;000000000;JO;v;20775627;Myn;7050647;kzd;BZ;22893968;639;y;1970;02;H;True;kvkZVtGMzNnBwhEQA;True;False;22201583;224;False
590020319;UGKuogbi;D15;134110;68;508;3566615;49157970;14752;xy;32666;590016234;Tf;O;52667576;QLz;2062410;ibQ;Mg;15940562;119;W;1997;07;B;False;KjyxfnjaoLEMVehvB;True;False;40121319;407;False
300000429;adlAyZPY;AS2;981734;83;540;2221512;17679959;60334;Sn;96451;000000000;LQ;h;1049982;xXQ;5793682;bLY;HC;304821;119;X;1976;08;C;False;mncQFTxkWkQUnVoUw;True;True;26948007;523;True
740787965;GBjZNBdT;DTP;910955;14;827;2834623;40621488;19353;tK;88382;000000000;cM;p;76578547;nOz;2255501;Kvg;kF;78174848;506;E;1981;03;H;False;LDvmlGXCXCwLLdhyk;False;True;80030723;253;False
020015707;yeseshEn;AMY F;320803;45;942;625690;11527851;15406;qu;62946;020015566;PE;d;22981033;YVV;4978033;NNT;Cw;82243253;915;s;1978;03;I;True;VHeIqmIDLVTcpISPx;True;False;37142712;949;True
970305132;ogNdzptD;SSM;602922;62;589;5009470;57305519;80840;yb;47606;970301867;Xd;G;73656970;jpx;2975300;Qxl;Qf;37505069;281;f;1991;06;I;False;hUQdzGrspAzSNeBLS;True;False;58218306;27;True
490005519;sAOiVnHZ;PMR;126623;56;998;3196423;58051444;77412;Sf;4582;000000000;Ae;j;57296598;nvZ;7414129;oJy;Lq;28998178;28;D;1960;06;M;True;wxQPfYvKLSBPJmRBZ;True;False;90004347;50;True
750016750;zwBMzErG;MCG;295862;53;139;6451632;51443302;98366;iB;93911;000000000;ZQ;J;97934437;IHJ;4833741;ENV;xP;45890685;802;l;1980;04;I;True;tNYMOIuSWVGdFbOUO;False;True;20759609;224;False
270002793;xMNtJHYe;MTU;203134;46;787;4146214;70020876;14581;Cb;56143;000000000;WM;P;51798364;QbP;8487352;gaz;FP;99698598;998;Z;1976;07;Y;False;wgkfFUcELLyxwXBBL;True;False;5276743;72;True
910008259;awkfCCfY;KGP;940305;17;267;8853656;41168785;62090;aw;46226;000000000;Bp;I;38328631;jqT;5034324;OaW;Yt;99097277;455;W;1963;09;P;True;SaVnxgYOWYoZCeEmT;False;False;48319164;622;False
780027454;pBieMmGX;PAS;208779;19;507;271795;99548039;9428;im;44756;000000000;yG;J;67743182;HsJ;1461840;Jcf;pW;27397103;83;q;1987;01;X;False;rFPWAWOGVhuuXOjGd;False;True;4645111;130;False
620030882;RatSxhUI;FPE;714871;8;226;3153171;99569736;92145;mL;7986;000000000;OV;J;21965642;Bwj;4332191;WyZ;sV;12212731;118;B;1997;09;H;True;NKwKOuaDRcrPlSaFF;True;False;41624625;627;True
900000225;nHGnlLsT;REP;260951;29;863;1396224;3459779;89947;FY;92620;000000000;Ti;I;84545386;ZQG;3484238;WSF;NP;59152917;338;v;1990;04;A;False;HXRQinEyMkApPoHJu;False;False;3742792;201;True
830210076;BCTaNRYL;NN2;266392;91;886;6028886;8943872;30337;ag;11715;830207163;so;Q;64738407;fiZ;9668819;jqp;nB;53909317;873;d;1962;04;C;True;EOEBFMULeBOtVfDEJ;False;False;23719864;161;True
430007799;YoeResSw;PEX;159630;73;980;8086587;88418015;96311;Su;47456;000000000;YR;n;67802300;tSS;4586140;NJE;yD;61655345;31;s;1982;09;X;False;GbSDVOJKxXoKuOliC;False;True;49244009;59;False
750041998;ReJZcIZS;AMI N;363725;70;781;9445581;60874000;68883;FV;16816;690028428;rd;E;68638786;kWh;8188124;UAn;eS;42708120;499;I;1995;06;Y;True;OvxmBefWBNxOwMZkh;True;False;82206456;875;False
840018022;cPxdVCMS;EXS;945373;98;208;7704644;25873347;27102;Fq;1191;000000000;yF;J;18069013;oRs;955200;GCv;ZT;56727888;257;s;2003;10;P;True;QXoTJYoEWqKEWjAcH;True;True;14123984;219;False
810100032;PCSmJgBp;AMK N;707569;92;579;5566515;74563188;8819;Eb;91910;810003806;sZ;j;34483247;ZsN;8449418;jnc;Sm;81953003;855;r;2015;08;P;True;erIEjtFayrDFTPazK;True;False;53779228;274;False
160002382;dSzDvaoh;CG  F;169971;55;998;8357296;819899;16362;PT;46413;000000000;cy;L;33500514;SpR;7670194;efK;nw;29634908;24;t;1975;03;H;True;jkmylzqKgOBSdLJbI;True;True;94698453;369;True
420003758;ObdGNVvh;IK;813892;51;801;3470693;66795036;37571;Iv;43517;000000000;JP;p;2934568;lrE;5445696;imz;BU;39672450;291;x;1982;06;X;True;aRbeXFFGgtZpxoWJS;True;True;38443276;559;False
670007665;EPReLVvL;FTR;529311;32;859;1533766;15078772;11505;Ew;79708;000000000;ag;N;40444282;CGB;1054407;QIG;Cf;68764556;558;m;1991;09;P;False;KhqhWtBOHpvWbRFIH;False;False;76781397;694;True
340016831;LeeaIntZ;VNP N;124203;30;628;1598320;43701001;21213;Qo;30464;000000000;GF;G;9440743;EBv;4014621;FcB;eq;69350821;968;F;1981;01;A;True;LIWmerTSEBDhkLnCa;True;True;44717944;519;False
210983227;rqsYYLEE;KMB N;117626;39;235;8666894;97300022;48360;HY;450;210982716;rg;f;33119869;ktX;353237;Nam;ES;95541482;500;u;2012;07;I;False;ADQHPOWMRRQaJJzbj;False;False;8451834;240;True
690010111;PGtPpSqc;MTH;243402;64;348;7896007;29654046;83912;pu;48000;000000000;pM;z;59163706;wsY;3963707;dzB;Dv;32367680;488;W;1982;09;A;True;MaNCExpxFZBZCAPSK;False;True;7840132;256;True
060021235;PBwJtGLq;LEN;575710;28;490;646429;71232414;47791;Qy;20329;000000000;tc;H;65472043;ErE;4982411;lXo;Il;98196839;427;O;1987;04;M;True;IXujjSvJrRJUicrqR;False;True;32733021;49;True
010008464;cKfMfXTf;TSG;175810;32;58;7719819;54517493;51984;Jc;11781;000000000;kF;x;71463739;hzt;121589;xyx;vu;50514127;921;d;1964;07;B;False;pdaXvHTufoNGiVKHw;True;False;74325491;219;True
490001229;mSpdHcTD;SHO;360369;93;84;6983130;15084221;62928;TM;38943;000000000;ou;Q;46175565;fRK;1039044;orh;QE;89860283;766;W;2006;02;B;True;UDjyhDlKnFoviMkXV;False;False;95062848;843;True
310017371;ZGWYQMgR;MAS;663093;37;649;4469159;28995895;10997;Vj;58972;000000000;cH;L;48756067;SQF;803028;uLd;ta;57340657;101;y;1982;06;I;False;GtoeVMVjdNYZxVBIY;True;True;99688684;348;True
500013917;IjiOVBcs;ENT;488826;99;347;8882563;68659999;41016;rZ;81877;000000000;dp;c;57670206;WZs;1265042;WpN;KT;53060389;166;J;2004;10;Y;False;WvrJFrmbKZJOsMsNF;False;True;67464502;91;False
060024155;cHcfSfdA;PHN;548860;80;526;6847049;70010818;12283;oX;58123;000000000;Im;x;29832339;uRR;3532887;jyA;ra;10406499;936;d;1985;08;C;False;QAYSGiVToqKkLBTLI;True;True;49747639;822;True
590000667;BdmUalDH;CRM;695267;95;257;4199729;576127;50717;YU;55939;000000000;Oi;x;56945169;snz;1228405;Nwq;Xp;43286573;77;h;2005;06;H;True;AALTEUlbeXjVCxKMA;False;False;24242931;728;False
780010435;FUwOACsI;ORC;194123;87;422;5959630;34929716;44077;wv;45865;000000000;lo;l;16936175;nRm;5096886;nPL;QU;12458946;187;c;1963;10;Y;True;OrngtTVOLWBhGvQHL;True;False;73396601;854;True
830015335;PTdKpnwE;PAE;44980;44;58;1175676;67321904;86989;eO;83311;000000000;Iu;a;67705095;qMI;1958231;Fcl;tw;49835241;555;v;2005;12;M;True;brsisMqZzYrrdOjDk;False;False;158632;222;False
750033193;sVGSrwIs;PH7;63386;17;863;3174365;14782794;52401;hb;484;000000000;zq;n;82775823;qqA;1278684;jJf;Xx;55057823;561;o;2011;08;H;False;XliZJcqiyHratICFM;True;False;50333053;624;False
270000839;vOLmFkAt;SF  F;805173;92;905;1423515;93715427;63802;LF;17436;270000243;Ql;i;73659385;ahs;3774422;enf;vJ;38761807;77;E;1962;03;B;False;NkyhAsHEVystKmACu;True;False;54148320;568;True
770002053;rkvbGmJw;VS  F;739967;57;716;4075081;13190745;34943;If;44992;000000000;wx;r;16732454;krJ;9032887;rJQ;gW;23234635;36;r;1998;09;B;True;uTHUMUjyKUNttvbhJ;False;True;37075118;713;False
130002769;fkuGKGQa;DIP;723907;34;147;3531422;34130561;96807;Jk;92453;000000000;pO;b;71349068;RhZ;5204308;Dmr;jS;77111760;506;r;2012;05;M;False;dtsvoUGhfnobbAkzk;True;False;50551891;247;False
590031464;QFBgrAgv;FNN;994187;0;967;9502505;94903272;32897;qE;66051;000000000;hv;j;76715156;sht;4791484;VIG;kL;80833477;326;e;1970;04;B;False;ehAFiovcncvhpFAly;False;True;81668207;160;False
700005028;hZFpzATr;ZN  N;947686;89;542;9088599;11121802;90614;nJ;81163;000000000;oT;M;27451306;ChH;153327;pnH;Cd;47390355;974;u;1990;05;I;False;eyzTxBRNQSFKaEMRL;True;True;76853435;220;False
130003452;zUWJAjgF;MCE;90931;28;58;3267816;69837772;87002;NL;11710;000000000;Hu;s;28947278;njJ;1290198;ebd;eG;68707172;809;R;1997;05;X;True;mTJpnyYBWSTiGSZKf;True;False;32867400;817;False
2A0004230;AZnuJDFH;ARO;404536;35;194;9980812;77407358;3125;kS;74972;000000000;eG;w;231233;Hcn;7390915;wgg;Ip;86193625;547;g;2014;08;P;False;TnYehTivCbkTRVdzW;False;True;60117433;132;False
750053464;KBGdcrIi;FJR;811016;30;159;6410279;99335269;72666;iB;62419;000000000;jJ;Y;95093094;pYj;7714469;GxJ;CX;1579562;872;b;2019;04;A;True;pzcxtmTKtiugfjSrO;False;True;71315189;208;False
310009873;iCAPTQgs;KMO;844725;76;416;680655;48622724;8540;SM;84600;000000000;Xb;F;90413860;Hbb;9535874;eWB;gu;94761899;638;L;2018;08;X;True;MytTuLCNwnGPgTMAn;False;False;55946575;394;False
440010544;sLNZLftd;FSO;800955;40;350;635621;10635422;69259;wZ;78208;000000000;Aa;D;32811886;NVo;8199941;uxq;bk;91149575;304;o;1975;02;B;True;tQcFdYczzSejeWGpo;True;True;49104103;276;False
910014554;IZMFXymp;PHS;367428;51;11;9072780;63049833;8184;FW;51251;000000000;Rx;U;20130531;TIv;5268365;bLX;ml;93616117;514;B;2005;03;C;True;oPvsGiGpuBlDONjAA;True;False;68609370;796;True
800018905;gLkrmLIy;ORC;607927;36;158;5239863;25533533;54270;jt;78587;000000000;RC;b;62186828;dmq;697073;MjN;gf;64210440;81;c;1968;05;X;False;JZfqaFximvVQWxEsO;False;True;74643034;708;False
590003562;OcezEvjp;FCO;841699;68;294;9928019;65205606;44715;Yv;25122;000000000;Vz;v;27654445;oPq;7237579;loQ;kN;13753433;146;Z;1979;01;X;False;qWBBTdjfJNASUiQHM;False;True;99608534;647;False
770002277;kZfDqzFd;MDI;464551;13;366;4463897;31655326;43078;pF;90957;000000000;ZK;O;87287845;UYh;8604032;HiK;ny;64035118;759;N;1996;10;Y;True;trqZyHCPjuBuDYANF;False;False;45584979;792;True
750001190;klnvaqWP;MTN;80944;62;917;2643519;94215856;38252;Mo;2906;000000000;QG;p;20950004;TNg;6366632;JoT;kT;45375573;506;p;2001;06;I;False;YvbSXunJcRYKXcWMD;False;True;20855071;841;True
130049497;urVWHvnH;PAJ;439682;62;419;1232462;87891390;87459;gx;36847;000000000;Tp;J;34732327;cgG;6339924;apC;FD;79066347;852;s;1984;05;X;False;MdEbGobjGVgLLgLUw;True;True;32467755;221;False
330056409;YQMhoqEn;FDA;172138;66;386;7876100;13613408;30778;dQ;30889;000000000;za;F;62075542;RDy;1073447;wSA;JW;53513129;731;a;2002;07;B;True;gRiNirZbXFBZqDPhD;False;False;79416787;622;True
380803684;QrOVJzbs;B;817400;89;943;196011;15094617;56351;zM;99249;000000000;Gg;y;75771901;wpZ;1102206;EkY;tm;45538343;472;G;2010;07;X;True;nuUARvjbUFwQUkdXA;False;False;52670306;265;True
280001223;arFGyhdU;AMP;601780;68;501;9317037;44140939;95016;EN;85844;280000555;xK;y;75625579;WCU;9855235;Ece;BB;8284;816;L;1971;06;A;True;ILeoRxtPiKkQOwbyN;True;True;87619045;78;False
600005441;aalOvhMt;KC  N;65646;80;814;1483248;36051902;84361;uK;55105;000000000;Wt;e;47630920;qvD;4908341;xKM;ei;27492590;113;u;1983;12;C;False;xwlojOKyqTOBjNHae;True;True;77914521;476;False
140022138;qPQTGEVm;D23;915524;70;855;1852947;85161356;37241;Qt;58653;000000000;zK;w;73590467;mnT;8890955;Msh;td;34467769;953;O;2005;09;P;True;UjMHTEQPvwWsXRvAh;False;False;13700426;456;True
830005682;yPXMSqAA;ADA;577524;48;141;1617618;4659389;44282;Vc;43770;000000000;CE;W;59283751;ThS;7088831;qRo;AA;50844623;164;s;1984;12;C;True;FWtwaAUizfnLNQxxj;True;True;37676008;924;True
010007987;aPaYqKKw;PHP;974573;1;637;2283282;89681605;12060;BY;84263;010000180;na;x;58324636;Yyd;1801205;uiB;xs;2949047;51;k;1976;11;A;True;wZdzzwCtvIrVxenZC;False;False;70199619;280;True
460005028;dxgJMzUA;CG  N;768454;75;478;141332;86367983;68551;vq;34982;000000000;Lb;y;82336248;nHg;6031657;zGE;vc;19041334;895;d;2004;02;M;True;GuNUzHfwFVnzQOlJo;False;True;88329721;20;True
130015621;ooBhWIYr;MAD;695741;42;470;7610579;52949153;92968;pJ;90728;000000000;Xe;L;8625543;vIh;1234446;vrg;wg;33033968;353;B;2001;01;P;False;OOQNmHrlqyQGkrHRY;False;False;91546833;5;True
120003033;RCRXNWbJ;PRA;115973;41;438;6648407;4110227;72836;Yd;67598;000000000;tF;d;14208810;lGl;8810657;QxS;cp;45629169;6;R;1979;04;Y;True;UJCwVUpBlePeRQryb;True;False;9395576;396;False
140031600;nNFvHHws;SE4;308811;20;655;9564459;33966007;42257;rv;51028;140013764;Nl;P;95922641;NzO;5046388;cpr;cq;11545062;302;l;2018;11;P;False;vGmeFUeAyuyJsOlvP;True;False;14817474;204;True
010012144;IjCTTzbe;SPB;547645;60;579;6550080;52821862;4861;Yv;73749;000000000;bT;v;57523386;UsK;4435353;ShV;qm;69991545;113;h;2015;02;I;False;giunxcVFyzmfCcmZQ;True;False;77765549;816;False
540020476;tAZHhchD;CS;561038;93;264;664961;22971335;69882;dV;67321;000000000;DT;l;86780847;oga;7805314;cJE;Gs;95366799;975;L;2013;05;C;True;JUhhRqKjTLUfhbWfd;True;False;74419267;182;True
220020531;cSLUirVt;AMI F;477771;2;53;2665256;79389535;81742;Oc;55579;220000475;yb;w;81182507;zIE;1089712;sDO;GY;54764209;464;N;2002;01;M;True;zYBRWMaQonPGHeKbj;True;True;97110831;625;True
660005349;sheumPFa;KA;93083;73;57;3094271;23772821;26680;lt;94440;000000000;VR;b;15185026;CgT;6240224;bGl;MB;33412216;505;F;1966;10;B;False;vSbbXhmEJHpcxhNaO;False;True;9626575;404;True
050005677;JdbzIiSx;VEH;289895;90;956;4353450;6245736;14054;vV;39161;000000000;Aa;C;58187205;ewH;7763840;Rle;Zv;2960997;517;E;1990;02;B;False;DYzYlCuPzKKLPCPid;False;True;64403747;148;True
770016533;zQgwYiHl;FJC;943192;11;837;5427584;7763464;70074;lv;32395;710007238;sk;k;8724555;JXm;8547596;Fou;MW;28964389;226;G;2012;04;Y;False;PwooZcmlSCcBDlSxy;True;True;44217860;541;False
740016829;VEKJkiZH;KB  F;684296;83;220;1274791;18543813;90920;MH;86172;000000000;VH;s;95770826;dYn;2596311;raM;iu;58266590;495;h;2010;03;C;True;NfGKnbBHNnHBipxQG;False;False;45754604;27;True
750022691;MXMMKGYY;FR2;767530;3;244;6901910;37497805;91814;fj;68659;000000000;Fu;J;62563657;hzn;7286268;ptH;Kd;96897584;227;Z;1976;04;Y;True;qeQMSEZERzTDMgzpZ;True;False;51366868;815;False
620012484;VHwnuSaK;D14;960732;77;924;3566620;1876557;18349;DF;73249;000000000;VX;q;68190877;FHt;6780573;Vyc;LU;30396241;395;B;1990;06;Y;False;bkPInMEBPVUOTElxH;True;True;44506340;908;True
810000356;vxwVFlVP;MTR;436381;15;727;4730052;375485;89482;bu;44972;810000141;tS;U;79855457;NkI;5140322;DQm;uS;25728573;109;D;1999;09;X;False;PsUeDWdfktMGRByHv;False;False;42205045;423;False
810006643;rNzyvJiY;MAR;208056;21;226;6960214;46185023;95574;XV;61648;000000000;UX;C;50940868;StC;34826;bYb;TM;92984506;44;K;2017;10;H;True;gImOMUIkRfLaaIkPo;True;True;31906400;408;True
440049641;HLJSMPTZ;ORP;508874;13;391;2133995;60735485;34353;XT;33972;000000000;Mu;d;9777641;yxa;9822314;lvt;SM;97023826;49;Z;1996;03;X;False;JqvSPJzyeMWWmYwHi;False;False;40066664;320;False
840000905;QqJVfhDS;KMB N;382179;43;299;6060905;2546225;91617;ZD;15108;000000000;Db;e;47420390;Cfs;2735896;ckx;zv;50727302;552;D;1964;09;A;False;KTPwOIECizDJnTcdz;True;True;46844299;602;True
590005351;LiOdYNZA;C;774602;57;792;4278429;75846475;99989;fW;59986;000000000;oh;k;93905944;aKu;7862170;ioY;Hg;7238328;557;U;1964;09;C;True;pIBzzYKsxfdIcMCYM;True;False;72458200;965;False
890002082;drhPuzmA;TXI;764412;99;219;6998456;80089595;19069;nS;73252;000000000;qg;N;52016423;fux;66133;OiB;qd;33265532;891;l;2016;01;P;False;AeqSXstdyYvLcbBJh;False;False;5703946;887;True
560000416;jlOuQLcR;MDN;633979;50;150;9040445;86924258;51379;Gv;3104;000000000;Xh;c;85981029;gHA;715531;QGH;Yg;85733004;174;d;1967;10;B;False;LBwymddxjJVNbPpUn;False;False;77477527;545;True
540023207;ipWlQMdf;IKP;419144;87;924;5985399;84921200;49858;pG;15547;000000000;Vs;J;32467213;CgE;6698670;KhU;Kw;43798057;540;y;2018;06;A;False;VdgEFCqbpwweGzcbI;True;True;60160914;452;True
620000612;UIXxZtCd;V   U;41132;57;977;156930;97605234;17650;su;61471;000000000;Of;Q;31629211;xQu;5619264;qOk;rD;31941410;378;S;2019;04;A;True;zPRKvjkkdWUifFVmD;False;True;26529057;906;False
950029975;OnKQJfIn;TH1;21273;0;588;4026214;18522203;94929;NA;66206;000000000;Ik;a;83433231;csD;4809160;aZR;iJ;34577642;208;d;2010;05;Y;True;dTxzRQQbPlkgPQvCa;True;True;90056125;850;False
350051231;Keamjbzc;A;14092;84;437;6703229;17274207;10254;CQ;94429;000000000;Tc;s;91131561;fXP;3963980;ZFI;CG;16904762;689;u;2017;02;M;False;OXuZaFzthLGPdURrP;False;True;5290412;592;False
420004723;HiWrmiHI;MDI;865024;97;941;8549616;1896405;80343;Mf;43329;000000000;le;T;34201216;mBl;382486;dnl;GO;85567204;737;X;1987;11;P;True;AjYlECXtLZFtzJLjO;True;True;67171676;965;False
450021068;zTuEIpeF;GHT;387402;31;530;8182947;21182055;12844;RO;70813;000000000;Fc;H;65112422;hSI;7751401;YoU;bF;26295846;934;x;1972;03;C;True;gHJpXbikIYcQlqHDD;True;False;51394829;936;True
350032249;ahESSlYZ;K   N;349684;12;840;6857822;82748746;29392;ZM;20417;000000000;pm;R;74594428;oCH;5824818;fTd;vG;91592292;168;I;1990;07;I;False;FoyEvLcEzpOkWMHqi;True;False;89692340;501;True
930110028;vUfhyZzf;C;399250;53;501;1916942;11135612;92979;vm;66625;000000000;px;x;43369449;cti;8986587;rRn;MA;1515496;473;I;1994;02;X;True;nVctYeqbzZzGkKAGX;True;False;1565065;764;False
560008708;rXKLhesz;FSO F;375446;69;504;3959039;28992317;11153;jH;96228;000000000;We;v;21002347;Vxn;1602184;jqV;QC;16557272;353;x;1964;10;Y;False;MMhshpRchSHGXfUoo;True;False;53836208;595;False
110001476;nHMXlvWl;DTP;126438;63;226;8620493;49567935;8496;va;41309;000000000;rk;R;45241996;Vbb;7182528;ZQn;De;80282328;511;N;2001;08;H;False;GvUAyXrIBbmOWnVML;True;True;15284867;630;False
590022760;mejVlFky;ABG;251595;97;771;2963707;49833172;29713;JI;52731;000000000;JW;T;77765614;BTF;7787520;wFU;yU;45348742;395;X;2008;11;P;False;BIvTGwSkQyyismBFP;True;False;63374859;817;True
970305413;HshlXEJP;CST F;832083;59;853;4019548;21395930;13526;Ax;96628;000000000;AB;z;19461059;uxr;8297579;MkU;li;17281187;901;A;1976;05;Y;False;MNshmCOKGexCoqcep;True;False;12132404;456;True
830004131;KeCeKFFv;OP3;269329;3;509;4099349;57368071;65205;AC;53338;000000000;MJ;z;31021687;vQT;5377541;sMh;fr;74236720;99;r;1966;05;I;True;AKexYvHJQXzmAWAcn;True;False;60619333;279;False
2A0000519;OglcUcRa;D17;519547;31;742;8473870;77344281;5406;Zh;86737;000000000;Yc;O;94327689;MEz;2980845;Mhs;QZ;83842299;626;B;1973;06;M;False;xzrjBplmSMMpdSdOV;True;False;70955051;923;False
290002435;kJOoUkgk;PY1;529944;28;982;7444600;26378762;48507;WV;47063;000000000;nE;a;64988270;yOL;6711236;ICz;TG;31003603;727;B;2002;09;C;False;qizBuqScfyxIPhhPD;True;True;98166015;984;False
030000194;AGyFztge;MDD;182868;26;737;2020576;43141423;39786;nM;77795;000000000;Ex;B;37363120;IsN;9439556;BKe;dZ;60742039;339;f;1967;10;H;False;ZWVLYwIfiGwqxtCgI;False;False;32354368;771;False
310001755;QZhkvdUa;CPC;737773;92;361;9714679;62619971;98644;mv;61953;000000000;Tv;T;56889238;mgY;9693436;san;AR;73180686;921;D;2007;02;H;True;AnuvXJbpIiSthcyRI;True;False;60848149;539;True
750059271;lgXFQjbE;LAI;487087;2;668;681845;15317034;95199;BJ;67337;000000000;Yi;Q;27970157;SkL;7128399;Mer;Ve;5193206;468;G;1976;12;I;True;zIUEMrDzxJdPLgsZs;True;True;30959988;17;False
250016672;UGjpxzJM;TH5;352720;2;148;50743;70237788;73666;nL;82978;250016631;yQ;l;83573854;JtF;7004145;RMA;Sb;15489609;583;X;1965;10;A;False;JTMTuRuNXGVWqGVCW;False;True;34101048;589;False
070780382;viXAdyUz;SE1;635811;5;663;7464337;56336658;68520;Xz;7904;070000203;Lm;V;71939894;RgI;4001790;LDZ;DM;95776596;531;Z;1970;12;X;False;rYMxpsEoLmunSqNoV;False;False;88216967;551;False
450001508;zKudlsGi;AMK F;950381;40;719;7518998;66591361;104;PD;15210;000000000;xD;G;48701265;gPZ;934989;qLp;UK;18883575;137;F;2010;09;Y;False;eoCvlnqIlsmluGTro;True;False;30966940;743;False
730007093;VDDThzGk;KE  F;283817;44;461;3404578;68655257;3085;fA;94629;000000000;rw;C;42227031;kqW;1010116;UYZ;HV;2747133;492;l;1982;07;M;False;ejrGewQHUbHFDGQbB;True;True;23975577;288;False
290027895;ArKQOGyc;FGA;640794;75;472;7251930;51711672;82685;CH;29664;000000000;xq;A;55092963;NjF;395449;hfj;xU;77903843;833;y;1963;01;M;False;gPHWNSMSzEOqkceqD;False;False;31876811;560;True
060000908;uyAcigqY;CST N;654274;84;263;9042889;71572064;22781;TJ;5944;000000000;nB;I;51870224;SDS;2981502;rcE;ph;3615415;443;l;1980;03;A;False;jjAfzDLNxkPzMdTgD;True;True;70506230;773;True
380000422;ZLALSnvn;CS  F;615299;80;244;5634908;72524350;12732;sb;99876;000000000;lJ;b;44284388;rjS;3468112;yvl;xo;52951172;50;v;1994;05;B;True;UOhSTGuZflmBROmYK;True;True;71253201;282;True
340004597;uKbbVHHj;PAH;797754;22;725;3430850;79275089;77725;Ug;90585;000000000;WE;v;88041349;riq;5029856;wey;EG;96401230;603;S;1976;05;C;True;zTMELySMfrrLaaKHv;True;True;94267013;781;True
060000213;KYCWrsVR;A   N;561729;15;305;2886014;54430931;24379;bV;99635;000000000;It;f;73355940;TPK;2327305;EdI;Ln;83423029;681;i;2010;01;I;True;YGmhkgPdfaKULnmpP;True;True;16981588;234;False
970403846;LFtmEIUz;KB  F;375485;31;679;646434;49046063;86510;EZ;74932;000000000;pm;J;98727930;CFq;9909551;zrp;ca;96731571;367;e;2015;02;C;True;JMdrWSaYUHxJkEbLj;True;False;43596476;221;False
830013991;lBqWeMEU;PH4;585767;17;926;8782111;98096428;76124;Rz;93089;000000000;cv;M;94206237;otu;5103811;bcd;EK;16608057;656;a;1964;09;X;False;meFnsBeKLVdwbrpTp;False;False;82282604;961;False
600006696;LUyiLofQ;IGM;458075;1;743;742775;2912174;3644;Ua;8215;000000000;YU;l;79868826;kEX;7239730;jme;Tf;42285835;411;E;2003;11;A;False;sIiXliBuroLcAeyOO;False;False;38878553;17;False
030003784;sLakoawB;D19;681552;3;333;8687425;82591157;70426;Cv;52029;000000000;ja;u;52589045;qVj;840618;nqF;WE;61783045;485;C;2011;08;C;False;lHfdQfJdjYRSdxjFc;True;True;50341788;142;False
010003911;EdQBQZls;CA;415500;37;995;8570879;50723825;20618;rm;79236;000000000;Gg;D;7196263;kjS;9259259;maj;FV;92868726;934;O;1974;12;I;False;RunCOKiMbubULqkFU;True;False;49433987;413;True
950025841;xikHrinv;POC;863325;26;73;7854211;85412947;43352;QP;65594;000000000;Hx;j;2390673;MBF;5675825;Ger;zY;27961533;621;p;2012;09;A;True;CVJKwGjBkxYAEtReZ;False;False;13321427;707;True
080010028;ajYUeMbb;HNN;144627;73;176;3603322;38146168;87297;Je;95710;000000000;Fp;q;14813193;OHA;5805656;aOn;fW;66964180;165;p;1961;06;A;False;avmnkNRoRpeWcWZQz;True;False;93391397;164;False
710006750;qqyQVtix;D   N;215051;44;465;9093363;12591073;36905;Oj;37527;000000000;ri;O;41736087;cKr;9130254;pmR;QP;57668482;990;i;1982;06;C;False;gUvrkhUXgIsKVUveC;True;True;49034953;641;True
690009741;DppszdOL;FJS;470241;10;563;8033368;76154372;56323;Ig;46871;000000000;bk;Z;79008705;kJV;2611729;jrR;vN;752265;780;J;1988;04;A;False;gqEMuuDYeZShHydeD;True;False;5503399;182;True
060003308;HYrMOfTS;ORT;422369;31;403;9541315;98252384;42646;Ak;43443;000000000;Ca;Y;20118874;cyd;9139572;Bfz;oB;34353175;215;j;1978;04;M;True;tptHWEcGnnFBGsXkO;True;True;4189614;598;False
690014345;EsSZMUuV;IFO;441820;36;494;7290519;30935591;10339;Gs;77947;000000000;CZ;j;67741508;Zer;8007713;rJv;Sc;96165154;121;u;1986;01;M;False;TocTmzZZIwwDOpSav;True;False;49562793;643;True
160000493;tNLJQcQu;IKM;32834;28;278;1337352;14598207;69799;Fq;40863;160000337;ZN;E;408925;Xij;40640;Egn;jw;30056589;773;K;1967;09;A;True;bhktRSMvQVkXjsxfg;True;True;46788181;363;False
940003791;AvMRWPzU;VA;589403;25;6;3293205;52179100;96117;YB;42597;000000000;sN;e;3389521;rno;4710419;esz;lm;6112455;212;e;1985;09;P;True;BaIpcXZZMVULvOnCs;False;False;74281441;182;True
420004202;cyavQIiH;PO1;142170;72;263;6484580;49494667;66093;JZ;98822;000000000;TR;t;25578234;oyu;1049544;vYJ;QD;7896069;625;x;1970;10;P;True;nXaChBQEuZSrIHIgT;False;True;71015201;431;True
040780124;xlSOWKem;RIN;720025;19;421;5151486;67345589;89509;Gm;77652;000000000;zN;g;97803732;VgD;1990126;cXb;AC;84126577;524;Q;1986;06;I;True;wHYbYRglWGozsZeNg;True;True;75344281;278;True
910812007;tIuaAsOs;V   N;821218;66;125;293667;76311110;27637;DI;43563;000000000;vp;q;62441256;gan;4579;QIM;Nz;37443791;285;F;2010;02;M;True;DafYJNNrblpaxbIVL;True;True;26467148;797;True
760022731;lQZOIVNP;SRC;462878;28;414;4487001;99336952;3032;lW;15676;000000000;zv;R;51376120;RlE;7763267;thV;BC;49662967;883;n;2000;04;H;False;nnmjdWzYQErpgFQAm;True;False;86059418;184;True
940011653;hhLvfCgK;SMU;872079;39;750;5942747;88453428;37235;AI;77236;000000000;AU;B;98623559;OHf;7744491;srH;gk;67806021;380;O;1967;02;A;False;KvjWIxdSiuIVkKGjm;True;True;61285345;871;True
270026115;XNOhOaXZ;PH4;742915;37;392;8733609;38399931;70978;pg;16412;000000000;uH;V;37446333;TPO;1799941;yAU;yl;50654864;481;p;2002;01;Y;False;XjAflkMuPTgezOjLW;False;True;27185829;681;True
130804198;gIeJlPeX;TB;618387;58;188;6988375;18423615;74205;RF;61260;130032568;PX;Q;39722162;wBp;3604946;PWp;ra;84182831;617;q;1976;01;Y;True;COpAEHqBnNEbAUIdR;True;True;60425505;277;True
890000227;bSheqofp;MCE;928866;57;965;3995590;2471384;68773;Kw;39576;000000000;Dd;w;65101873;gIy;5974022;kCs;HA;98469841;560;s;2007;10;Y;True;IeTiWZVRFscFxbSOw;True;True;12194417;867;False
130030893;DfvblQSM;MNO;692462;91;112;7973337;62351211;65651;dy;66079;000000000;pA;D;85198969;Nkd;2835735;zzx;xa;60022446;651;z;2004;01;M;True;TEHbLxAdWRjfdanOS;True;True;32816743;178;False
110786662;bmlrhPVn;CSC;740624;68;995;8616337;82256492;53358;ME;33094;110005071;jW;K;13071534;YtP;6291496;hWq;dT;61982296;911;Y;2017;07;P;False;qgyMenJwnlthHJBxR;True;True;94443537;299;False
570023283;mbULmjhJ;SCM F;315991;71;728;7806459;90370957;88692;JM;87785;000000000;Po;q;79383477;nTt;1726828;yBU;Nz;90457579;719;p;1972;07;M;False;YDIoScknztmsFlywF;False;True;1785062;362;True
380011395;GJQvUjQG;FJL;546747;8;594;9260291;49006839;71547;qW;30432;000000000;yt;o;49787510;uYv;7836158;Rkm;wt;69536844;290;i;2000;10;A;False;BuTTRiuiWlQQqvNsY;False;True;98768267;587;False
450016886;cvBgXKYj;MNP;533290;20;195;3217689;65746388;75600;UC;36826;000000000;ov;k;36738132;IgD;6537212;TgZ;Na;71534446;981;S;1989;12;A;True;fXYsyGqczxLRaEtYw;True;False;68625478;905;True
810099200;cnEpMMrt;PO9;242982;78;294;826798;47446435;32017;BG;6622;000000000;Eb;r;61277340;AIH;2309756;ztK;IZ;10307756;207;m;1989;01;H;False;hrtjLDLuJegfvTXJq;False;False;58330881;687;False
760915231;AhBOhRpA;SP  F;317808;57;752;1316447;84446244;51531;GP;99950;000000000;yb;x;43450308;oyZ;1573059;bbr;wM;84877477;693;s;1972;04;P;False;cEYiXnhkErOJsJtzh;False;False;57155026;500;True
940010390;wkEoJKZl;PM2;866584;52;469;4029503;9030002;30281;wH;32285;000000000;xi;e;58533904;gQr;3160788;BLT;DZ;32418983;66;c;1967;04;M;True;dlNqZmkSbZxvFrXIM;True;False;69046106;932;True
770001121;NHccCmei;AAD;119494;1;711;8563649;13986021;12749;gD;33012;000000000;Oc;q;87378802;ZNN;4683110;HQM;MV;62481451;721;Z;1985;09;P;True;nXLXryniYDpamYBzv;True;True;12922317;185;True
240012914;usoVAdBI;PY7;971090;21;470;5319521;60632351;49097;iP;51452;000000000;If;r;47820482;ddZ;8936283;xAe;fU;36136640;675;r;1966;12;M;True;rrmHuLQmYrNjDxbtv;True;True;19414217;85;True
640003547;CULLjLBa;IFO;424302;49;95;5650806;70903941;22324;SB;66881;000000000;Yc;M;72025822;yzv;9921516;zXO;Cm;88861153;806;s;1960;08;H;False;oyDiLhEYTnNGAgvzy;True;False;54221969;15;False
800002909;CmWwHfDo;D22;979151;82;490;900003;86781881;70954;Fc;45384;000000000;iB;D;62201953;Hef;5950169;wWD;Ax;61172358;582;D;2001;03;H;False;eUtlcdAhXDQoUKgbr;True;True;20452982;460;False
640019758;kOpquJgc;PHT;888457;85;218;3476058;92920611;61171;bP;15578;000000000;sG;C;38590763;jRG;1307741;atY;ck;99629179;280;X;1999;01;I;False;XocHdfVSsjdbseaAH;True;False;37703800;441;False
330010778;wNSUDQOe;D19;793695;15;961;833124;9519914;55899;sQ;59697;000000000;lz;a;18218550;UfU;8170988;NmP;IO;99180139;230;K;1994;12;Y;True;tcAcQWjIzMLTyNnTU;False;False;86582694;809;False
290015635;pnOvOUug;CG;877522;46;781;2680335;70525081;87694;Fq;45957;000000000;nu;r;37075793;ZJF;4510715;hvl;wu;36836934;89;s;2011;09;H;True;yvlBGmpmxafnQvCSP;True;False;25758759;599;True
580970929;OdCbaeLh;PAN;747612;68;925;6421960;67876338;17554;RA;3239;580970150;uR;O;4338217;xgn;6020945;lxz;ds;10601189;417;X;1995;08;C;True;gKhEifGwwbzXMZIwk;False;True;30851517;146;False
880003710;MjMdUDNg;ATL;15359;9;756;3489553;30244638;16179;vO;30368;000000000;Bk;g;1551609;LvB;6396634;Rtv;mK;90892896;768;Z;1987;07;H;True;udbuGoAwqQLRHKbus;True;False;10280937;559;False
130006992;EkYrNnxh;AIS F;443547;83;929;4452543;20428813;90979;bW;10691;000000000;FB;K;83924783;qUc;3936627;MWt;cq;67190450;959;X;1982;10;I;False;SiwFwkGrjulTfXubq;False;False;65341626;282;True
130038607;McaQfKqM;PY0;570355;11;432;4821357;55415499;27147;kp;27613;000000000;sW;X;41623325;NFh;6745783;HSV;ie;25980218;756;l;1978;06;B;False;pwMulJVgUpukOWCsC;False;True;96476751;749;False
100002401;jVVKVcEr;MAC;54668;31;327;9833182;95718763;23087;tl;69599;000000000;qP;H;84485696;XSf;5774358;hXk;gs;14598688;270;a;1987;08;H;False;nOzlLlfuryqLWoYWm;True;True;31841070;407;False
320002694;LkMmlxyQ;FHV;723082;46;690;21127;41465294;69200;AU;1590;000000000;PI;C;78072708;MQq;5855253;eba;sk;29271566;844;r;2002;12;C;True;leOIADWNqDyVjDNzN;False;True;63668826;270;True
880780341;qWlKprqI;KGP;124699;1;263;8321074;9256056;14346;hB;86523;880000195;SC;M;7903458;ICJ;107105;maj;xM;69108969;3;M;1980;09;P;True;dNRsDHIgetgLUBcFK;True;True;81920135;100;True
210003596;nKeznqMJ;AMY;396703;46;832;2773838;11265950;54844;yy;99335;000000000;VS;K;13119047;bJP;5456793;oFq;Wd;92524368;959;p;2018;04;P;False;wswajftGZlBLzIqde;True;True;48508619;799;True
280504085;SPRHtMXO;VAC;316623;7;491;1816014;20577494;13185;pt;51021;280503889;Qd;R;19069266;YhF;3448775;BeK;IY;45569311;977;G;2006;11;A;False;OmndTkfywnrknKqaR;False;True;77468465;573;False
270000763;VHjsmSSu;CS  F;907686;27;736;9255818;72058339;96206;yU;84070;000000000;Zs;h;30461728;hmE;2691959;zzo;Uq;34049592;825;o;1985;06;M;True;ecifFoVIaITjFVpCS;True;False;26152197;341;True
710780040;BQqdUaUQ;MM;382421;59;170;4830552;29591738;15763;IY;86211;710001942;NT;C;1205675;Shp;132440;nDq;py;36242583;884;b;1976;02;M;False;VEoQQUEikpjSRoVfn;False;False;89856782;49;False
020011078;dxzeRLkO;VS  F;154741;73;212;5922669;70039142;50817;dV;7228;000000000;aH;K;53893152;Euk;1028899;SfJ;oF;15747317;671;i;2009;10;X;True;idxRyNecMYzTnEjWV;False;False;77947185;424;False
340004811;rGhrgfPL;AIS N;955297;96;397;8573759;97586661;11053;GX;1536;000000000;Dg;s;89766008;yhf;6747546;ETt;kn;8094974;308;X;1978;06;Y;True;weizlcnkUttdIayHW;True;True;26505968;277;True
670007699;DWVOdjlf;IF;901018;49;485;7592766;82896514;29536;rJ;62490;000000000;YK;X;47769133;yPD;6313907;pKR;Ux;976297;263;o;1998;11;H;True;bhYFGESvAHeXKqXmS;True;False;86484368;455;False
750013435;EyHnnwBz;CPC;620965;31;781;8724175;40456637;47191;zC;34492;000000000;Yw;W;45999041;JNw;7287166;ukP;za;84158063;263;V;2000;05;C;False;bRFhNKgSinudrZUdT;False;False;83101371;986;True
330049735;AfWhJdaO;ARE;307922;53;704;5260498;35462190;2673;Af;73329;000000000;ps;L;89518949;mVF;6471535;LBF;Vb;71579705;492;X;1995;05;X;False;JnMeGKkImhsKDnekJ;False;False;6277501;512;False
310028006;agjCVJKI;AMI;924919;52;833;5954992;14175223;5921;NK;74802;000000000;Jq;m;29199096;aUd;841048;Wfp;ri;740815;647;X;1986;08;X;True;akMEkdjKxdYDbPnuy;False;True;40014169;905;True
930014592;bxkgeBJR;Z   N;37473;47;799;5976028;8528693;74120;mT;28613;000000000;GW;S;28822007;QDP;3591172;FpC;uA;68788785;948;Q;2019;03;H;False;bAzDwBXPcnrGMxZLW;False;True;27146122;540;True
870006632;WvgJhIiY;MU;179035;43;11;8600730;55883202;35269;jC;80464;870001831;GV;S;27325973;wak;6016073;TfY;MH;38408823;437;f;2013;03;I;True;mGrIUZveBRELivYhL;False;False;90139815;894;False
060019544;GYVyOzli;AMK F;627068;51;514;9349752;14277388;70939;bW;44230;000000000;rp;C;8167457;AUp;3789870;Cxv;nt;69152251;828;l;1985;02;H;True;kBSdmhsWEfomaWqku;False;True;84884580;283;True
300014776;fQXkfeQd;AMI N;928071;98;37;6964255;22286799;72845;gy;6580;000000000;GD;y;7445185;foA;3587605;yZG;Ks;24351810;177;r;1968;05;I;True;IJxzYqFZZkthgXtFr;True;False;50393549;694;True
930006861;UeNuGFoF;SE3;515012;44;213;4484125;14717138;84420;Iz;62176;000000000;Aa;K;13729435;vVz;3765742;qkv;Nb;88397293;149;F;1983;11;B;True;cGLtdrurPojjnlEes;True;False;99146657;38;False
220024608;uaPqzOIj;SPB;902284;49;224;8103180;10969098;3841;eM;33515;000000000;Xw;Z;81125459;ZPW;4185503;jnM;OX;45851279;307;v;1987;06;A;True;FGiJimEffvkZiIefU;False;True;76017858;333;True
810009258;JwEstwRm;PDM;807233;3;153;9862343;48527359;14048;JT;23817;260005525;zL;P;108875;hUC;3595053;bEO;mQ;20570634;819;M;1981;08;X;False;VqZnrFkGlxBAgivTa;True;False;89318854;154;True
860008879;ExBTOIly;Z   F;754061;12;154;4259895;97567318;96348;eZ;91664;000000000;PP;p;19490371;dTB;7015805;CHY;Et;87289499;602;g;1974;03;H;True;SVetRmEfBpPcnySkg;True;True;13533779;956;False
810000794;vLoaQwkH;DC  N;445699;98;729;8082197;24853615;8109;Yy;39078;000000000;Hg;Q;69031177;jIx;4931120;hYR;Wj;64837921;597;F;2016;03;P;True;WGAnOFVtpLskuJhos;True;True;36742217;614;False
130021843;LdBvTtCF;MTH;849613;6;586;551300;33766199;66706;EN;16377;000000000;RH;g;33643292;pOa;3390835;NtW;iM;83612178;249;g;1996;11;H;False;kGlNUTSppWIGolffp;True;False;52617908;625;False
920006657;MElNptRg;ORT;861034;16;910;55436;72710302;37373;xE;42064;000000000;qT;B;21370631;UKm;5715329;xwK;Tm;66910055;912;j;2019;04;C;False;LInntFwqqSQcuSAEQ;False;True;62774323;840;True
920804465;icogOtVS;LAI;376425;35;747;1005581;69947708;51891;tN;81229;920002177;dL;b;24758762;lIm;6719673;Vmo;kF;94044038;538;Y;1997;08;Y;False;IyVTuCEPvnIhdVNvP;False;False;41108295;148;False
360003172;wCiHmMcK;MPC;816952;73;684;2696963;54293024;10899;HB;63774;000000000;Ff;v;53597699;pKG;7273105;Ulz;zf;30989643;555;x;2012;07;A;True;pqjfFbbUGWhVOCIik;True;False;99708083;354;True
660001512;JLIuknbY;SHO;664426;12;694;9501026;41886832;15035;EM;57930;000000000;gs;C;22996800;Ema;6599540;yNA;AF;36717700;497;l;2004;05;B;True;iIXGOiShaRzaiNPkc;False;False;56839238;581;False
330005059;UFSbvyVt;HNN;598809;14;867;2895897;63255269;96242;Rs;16583;000000000;HW;H;48897859;NdD;9915665;xRL;rC;8442144;47;g;1987;09;Y;True;YmVMSGQIzKzfYtPuZ;True;True;49691860;275;True
690017843;HjsHIGYo;MDD;892583;0;747;2150135;31553988;56764;hG;76096;000000000;KG;T;85582328;hVX;1001850;Ivg;cr;90210976;646;t;1963;01;I;False;zlxAKVxJjbDSflvds;True;False;81377939;842;True
310029947;JLBpzizI;VAC;117812;63;688;5638008;65188820;52009;dz;75134;000000000;eG;a;4463307;fcI;2558349;ZMd;yW;55628390;142;E;2010;11;A;False;DpDMOinHThuEbUrUN;False;True;35310881;195;True
570002238;gDknhAcF;D15;384951;4;348;2635725;82996827;96241;UZ;81684;000000000;ji;x;71138456;GpM;7540990;nJf;ai;79983639;65;E;1977;07;B;True;SFiKcMGXvEcJVtStH;True;False;15551332;373;True
750048308;QUIxWzfC;HUM;929263;43;147;6373889;82623271;74001;Nx;63473;750007171;nb;O;34919583;cdt;8654454;ChP;XX;2004453;965;i;2004;07;A;True;KYCXMlVbuCunwPXWb;True;False;53510145;130;False
940007941;OAbzlSOB;AMC;80689;89;817;5805228;43667494;2273;PV;94637;000000000;BF;w;37334675;LvI;4234219;MuT;KU;40808499;481;v;2015;07;B;True;lfUGIuTmdjQqkfGBT;True;True;61443354;278;False
890974900;FcFBEUVV;P   N;633478;49;593;6058361;66470644;51258;ca;25273;890971146;mv;o;42518721;siO;9466434;ZLY;HU;57525384;477;x;2013;09;H;False;ffALbhMfwukuvCpJY;False;False;99746356;568;False
620017509;uwMfeLWy;MPC;589191;48;230;6429649;5095761;13516;wb;35357;000000000;Pb;Z;72417052;gQQ;7598571;mpq;AC;89824448;524;D;1970;02;C;True;mScKTqaNjReFgRlZT;True;False;54896066;951;False
380004911;MuSIMTEE;KTH;636214;55;95;6638914;85439701;59088;ak;93089;000000000;uo;J;91040587;bBS;3295066;Lsd;NA;55686440;401;L;1995;06;I;False;qwioDVjQKgfhYaDmU;True;False;33938280;114;True
680011780;cpXlIvtY;KTH;525799;24;32;8010548;59928904;94292;um;9453;680006848;fD;g;83057874;Ucp;1596572;Uxn;sr;99007237;648;i;2017;02;Y;False;mZNkpxRVNPsbNIMjx;True;False;24317520;523;True
430000315;LgzFXeWS;PMP;113046;58;766;736097;16129282;83867;bf;10791;430000075;sP;Q;33350789;wkP;8767206;QCs;kA;93420833;800;U;1966;02;X;False;rxLQCzqXNlmBfFjqI;False;True;84820274;77;True
060788460;IElpAtqH;FTG;17223;26;352;3633965;33845934;38594;wm;48516;000000000;Ad;x;35421722;Mlw;8675322;thU;fO;2921275;267;T;1964;04;B;False;RunKMjRTpzVMZTXDd;False;False;43802179;577;False
