ETA_NUM;RSA_NUM;ACT_RUM_NBR;AGE_GES;AUT_TYP1_UM;AUT_TYP2_UM;DGN_ASS_NBR;DGN_PAL;DGN_REL;ETA_NUM_GEO;IGS2_COD;PAR_DUR_SEJ;RSS_NUM;SUP_TYP1_NAT;SUP_TYP1_NBR;SUP_TYP2_NAT;SUP_TYP2_NBR;UM_ORD_NUM;UM_TYP;DP_POS;VAL_PAR;ETA_NUM_GEO2;VAL_REA;IND_SRC;ETA_NUM_GEO1;PAR_NBR_SEJ
880001052;1716304685;148;38;nlYC;GrUY;60;M6225;C857;000000000;kPt;7657;fCA;zg;2012;wx;6862;6;Kv;MOGhjkkfbK;a;CdsCKLwrB;B;e;NKcsQBTms;524
920014503;8147421652;480;66;iacO;TZTz;62;E299;Y03;000000000;FBH;9228;DUZ;cE;3048;Qs;3703;79;YH;fXvSDjnArW;D;oStUihcqN;A;X;ExfQLZwjT;622
660007469;9739786668;429;15;JuvC;mQEr;97;O06;M2127;000000000;XMY;2599;eLg;pj;9973;oo;6827;16;no;zRUHbOpBNA;z;yvRFZuBCK;N;g;lpxVINvoP;77
720017292;8625790623;759;66;kUbD;sDeM;35;Y165;N642;000000000;yGK;3051;BJy;vA;2167;jB;2685;10;nZ;QrpExagcwL;z;JZWIcyHKF;Z;c;MjSjMDHrI;866
440010742;2945320926;715;30;lddb;YMLg;56;F849;M4715;000000000;jTS;8544;XyM;dt;1494;et;2995;37;fJ;FjIMHedVci;Z;QXdYWMdQN;X;O;hLcMelMsX;978
780825634;2097101881;249;82;TMbD;iOgO;39;C810;D017;000000000;pTX;9379;RUO;kW;3965;XA;196;90;gM;RhDKsVGDwV;u;gxyLGJCYh;I;K;eLGspFile;817
170014237;9070708361;956;21;pnlH;EQyo;52;M8046;V174;000000000;KtA;4355;fiT;Qr;3484;CL;980;62;gz;mPZGPpWSsS;O;xvDVKJJEQ;u;R;NenAsaOqh;587
640796231;4698629456;956;47;PezK;Arhf;91;M8789;S043;000000000;WLB;1411;Zsr;fk;9992;lo;1405;58;XD;HwfJJHGsLG;P;ZYxcpNPZn;w;r;tyMGoaEwF;118
140031485;3199971684;456;68;Exwq;UYUk;36;M036;V470;000000000;kUF;3558;ccu;vQ;6104;vk;3767;20;hG;ezyIBPlEFe;h;VofjvmFKC;A;I;TyrztPDjJ;234
950000281;2150642934;86;91;FHxV;WZot;94;A230;M314;940019052;LHe;825;oVa;AV;6002;In;5781;43;ZO;ZXaiQACejV;n;ymBCUJick;s;t;qPFVwvQvW;306
420014862;1898118829;423;32;SyzQ;oweU;35;F00930;S621;000000000;fvY;605;YmK;MD;423;Pn;4139;53;ZN;xzgzBMiOlR;U;hADcBDIgd;L;G;JzgIBwTCi;15
730000346;8614034056;634;35;biCM;xMHC;91;V623;V655;000000000;HQD;2619;IPp;Hd;5140;hN;7760;55;Ad;xJvKMbCROg;s;fokcnVANa;m;X;dDATQTkcW;698
360002620;8146608882;361;39;leod;jOFp;78;Z260;S668;000000000;PMS;1875;Boi;LK;3628;rK;3721;92;Vl;KZnTwgCzbc;A;NzJNMfulx;t;M;cgVVJnHJR;175
970400263;7940053675;543;46;wpaE;tLPa;60;S6241;M8491;000000000;MKk;8906;Bxu;Oz;8437;Hu;9364;51;Ki;DMRMcaXHRO;p;xpPOPmsFn;s;E;AXhHVdPvW;95
760017624;2292006005;948;65;RjnP;KAGx;41;Q809;P961;000000000;xnb;5278;FYJ;CY;7783;AK;6789;60;iZ;SXkasWDWui;y;nhWsnsnjD;N;k;gGdezBsDI;989
380801167;3320964094;939;19;KUBh;ywGK;78;V396;V746;000000000;Fuo;6356;aFR;Un;2700;pQ;9825;17;NT;zXyDyWvpRQ;L;gyxpFltge;C;g;nvIqMZKNS;685
620013300;9517132963;733;93;YHpl;vWFg;64;M6283;Y713;000000000;VRA;9010;YKC;xM;276;Lw;7105;93;zI;ZsAslLfpHW;N;jershtihX;h;f;iayECydjT;631
390003333;8021066634;521;18;zMXY;eTJi;55;O224;P53;000000000;LsB;106;JAs;fW;7805;Of;7226;93;Fl;ncGaGCVCSg;T;qqnwBFvmK;i;R;puNtviQio;684
780015889;6075993044;952;76;vYoQ;Pbzt;95;S921;Z900;000000000;AyO;3337;Zmi;Et;4688;rS;7416;67;SY;ZpLKtZtemo;u;sqtwCkEEd;x;T;qvbVCWKIw;314
330011719;9863293206;613;34;uQFY;pFYn;62;F00902;M7134;000000000;bZC;1317;eWT;qO;1768;zV;7496;75;lp;kcnAXdqBJq;p;ekojLOuoC;L;w;cpgCdpwST;487
490010386;2344712436;300;40;PjIa;IUEm;64;M1094;Y903;000000000;NHG;4556;Gtq;rP;6924;Mq;8498;73;ae;gCgUqGfaxF;N;cAhlikbYv;A;n;WXfCjUJQR;622
950010728;4844666093;664;66;sJDM;HQWu;39;M2464;G218;000000000;uHb;6951;gBo;cP;8765;Xp;1797;64;yw;HqbNKyzEIf;r;poSPcYsSk;T;V;PoJQIAgJk;378
750063976;3229538629;287;68;cinc;sOPZ;83;M4956;Z100;000000000;FFz;97;oVl;bA;5519;Dd;3514;19;tP;wlUqWdLedQ;f;svHIeQUCb;z;w;rGDjqUeoh;322
780806881;3811388931;345;1;JBpb;tbLJ;0;T952;O328;000000000;qPF;1361;vUu;tV;7288;FY;8638;67;An;tnoPiqmiVj;H;cefasskvE;F;I;NWvNjEZEQ;407
850002577;2708610446;373;72;bJgR;pEGN;8;T026;M0717;000000000;MIT;5155;gJi;GB;2345;qs;4685;1;Gg;jMYCtFIipl;w;XAfpfLoEI;I;n;WulOYmbat;665
570012294;9356894004;460;6;jhZL;Ajes;5;M06;Y611;000000000;tTD;291;fNT;CO;8591;Xo;8530;98;Cp;QbSBPaZXta;e;xcaHNBakP;H;j;cUVyWjrHc;626
510023005;9882186078;661;47;vQuf;hjlc;92;M0894;T954;000000000;seN;9706;vRs;ku;9329;xB;8313;15;aH;JhItWcreCi;C;fDANIdjyx;t;q;dmdXUqkag;275
950013086;2986029297;367;83;YVBq;EnGt;75;T379;V296;000000000;Hrd;4832;dFZ;fk;8361;Pb;188;55;fW;bWorBBxUSe;x;JoeUkIulv;H;g;YpUaQkGQC;610
230001224;9779684765;784;10;SlRq;TTTn;44;E283;X455;000000000;ddY;6897;crG;VF;2500;pW;7761;36;dg;xANztHmjNk;F;NHWNgDuAl;u;C;lwvLWqUfY;874
970209052;6679099569;477;65;MUkU;oWVO;15;M6104;P032;000000000;Loz;5169;ZrU;om;9244;Zt;9469;11;Ix;EkAODpwEZz;Z;iCHiUhzXs;R;n;ZNKGNzkEI;927
670008226;3802039958;825;55;JuRs;uyCR;29;C17;Z86080;000000000;lZH;6358;YrN;XH;3865;kd;2388;57;zq;hcQcADSkPA;D;kbfbzrHvz;k;R;QCDHzPmgI;142
100010966;6654983647;333;98;VmHO;bbEd;40;Y738;S960;000000000;uoc;7986;Lat;ON;8470;Ka;1857;46;qV;XQIxMOHhUU;R;QeUtEkIcn;r;u;fRUdcBKMb;281
070001276;9694744465;385;97;OBsG;WIKQ;91;Y463;E882;000000000;FgT;8122;Zbj;ln;4905;GT;90;36;FQ;aQASRbxSdv;b;jsxPXKqwT;m;A;SXEUFIUkp;720
600006910;4942929610;994;30;AKbO;UNVF;35;Y174;X053;000000000;ciP;9400;gcZ;bo;7141;gc;3704;13;CN;eUpEqhiMOv;d;NNyzmloCl;W;n;hdxWWAHsc;475
020001582;4750139193;328;2;RqDg;JkZw;61;Z243;F1675;000000000;mNl;831;XXU;ZP;6525;bG;6737;24;Kt;DwFUOvpwej;Z;GxWCVeWmf;O;X;CxaFDTbmo;464
520784398;9630984644;250;35;VkmR;tsku;90;V867;Z000;000000000;uJC;7297;SyU;uR;9870;lo;6353;45;PH;HihbnkBldC;J;AVRsNAEUw;i;k;MaTHmePFJ;467
580000131;4132869392;8;63;yBTX;HScE;61;M6132;F196;000000000;Utt;111;jvT;lv;5882;Kj;1909;10;Xr;eXNWMQvJIY;A;ebFZVRDTL;u;u;OKjNqVSpK;410
770008167;9343452292;32;62;obpi;zDWj;36;M6029;M8606;000000000;HGB;5684;VOc;KU;6407;ly;5288;47;zR;uHEBHxuTbe;n;vaQobnCpM;R;q;znSMwqkPY;628
560029639;1944933520;715;56;qEGy;uPfv;67;X841;C138;000000000;klz;4589;ljc;Jf;6967;HM;3920;81;rc;JhZqaRIgUq;Z;DUfXaMovZ;x;V;TFNaEXFbT;701
240001438;3924993936;382;37;pDTQ;QFvt;42;S3201;L21;000000000;FLx;6312;Pci;Nv;1964;Sg;5553;15;HG;UcyrZyEZEZ;q;GbhURIkOh;j;y;XFGITWirb;339
970206546;2246470967;106;84;JbFS;MhxH;20;W545;Y087;000000000;ELo;7668;MUC;OD;6738;EH;1983;25;yv;iisVAywLeC;z;oeJkNAWXQ;C;o;QmrIBZpVJ;644
610006934;4757660155;103;85;sPUB;XgNd;74;W266;P544;000000000;xEq;9380;VKA;Wo;8716;Sv;3320;88;In;sRhdvwSMyY;h;bsHNwNRdW;A;S;RPmmjJwdH;407
640004966;2634543265;801;1;lxwj;ZxEV;94;Q52;S3740;000000000;blI;9590;PeL;En;8225;hK;8380;88;CB;cFRbZXuuHw;D;nUNzkXgiH;c;B;dojQHfYyD;888
930028170;6323208424;660;56;VSkf;vEbh;22;W244;M8188;000000000;ZKN;8473;BlS;FO;3235;wa;4386;87;ml;FkLsBynvhh;h;OOBYtRtuk;F;W;cCEnyAugL;347
210011961;3571026253;421;69;UwPW;behv;59;V190;G43;000000000;xKl;5785;SYj;ic;8703;Oq;546;26;xu;FtLbXGaTtp;a;yCHBQgUMa;B;Z;nQcFSxAKv;152
440046266;6956007676;374;61;ANlV;iwGw;20;M8406;K564;000000000;yxZ;4132;kuI;ef;5899;xq;2152;92;Fi;fwqzYaVcvr;Y;aSskiTMaa;D;l;xKytxYbpP;54
830021036;9093617392;280;53;Idlo;CpYE;25;W77;M0227;000000000;mhz;2436;qqP;jA;6584;qV;1433;54;va;FYEuuilepr;R;wYKaRzwVY;q;Z;UuhaGPkta;222
940806409;8084357559;2;80;hCXy;Kzeo;59;S399;F1340;940000219;yjj;3801;AoT;vu;9791;hT;7906;92;Tk;uXSDbuLTCu;g;qpyWveUFm;E;w;EtYyAQswE;466
490004363;9611018554;55;10;VwwT;cIiX;41;Y011;F09;000000000;jQd;9807;UHo;uE;112;hK;7852;24;mN;HBqcDHGKKm;J;sPmZJNQEk;E;w;kWVtUJhaO;163
310028584;4194582974;58;51;kpJO;JUdF;57;C52;B303;000000000;QyN;6637;KRi;vk;6380;tZ;4293;26;Cw;IaMjebSBoW;k;SGOKhpdlE;i;Q;KSoVbUMLN;769
750007759;1266995457;513;27;lzxp;Cbfw;77;G518;X898;000000000;BjK;9950;vUK;Of;7553;yr;9178;66;eY;wIcAXSzUoF;K;rGNazIQwl;i;B;gTvHoGeXN;356
590014940;9159686670;711;90;ivzE;aILk;33;R192;S5240;000000000;NfF;1563;gJd;fQ;3511;Wa;710;15;et;UGXPePMaTE;h;XCNWWnlJw;S;A;NZDVJiixR;749
920016656;1062132475;838;58;IhfW;WzmW;19;K604;J848;000000000;dpT;7143;AIE;st;3326;rC;5229;83;lQ;PTrOhOtZhX;B;nhIXPVArq;L;R;EsNwMVuDV;290
060013406;1669311540;346;11;QHQl;sHDh;2;W248;V927;000000000;Kio;2465;Zhb;vU;668;Kr;8622;36;yb;fPhpbVMkcm;L;UBEyFjyRs;v;N;pHQjSWmPU;881
360007678;4011930975;494;14;Hxvv;SOVT;63;I22100;W278;000000000;zGP;6833;xVs;Ii;8129;HL;1109;68;mB;ZzatjXtTOb;V;jjIvIiEMj;j;B;FqYjMiOmz;113
660003443;1374280258;323;77;aOql;Yiaf;15;H653;M485;000000000;nem;5666;NFl;Ha;2376;TL;7023;97;bb;NpSOmWeLXO;v;GLPKXlMJc;v;q;aFPcHLTxE;757
440028223;7650658872;300;80;LJoS;bXTy;98;S231;M8182;000000000;RXU;6450;wmS;ur;1184;WS;210;19;Lg;vbBMaVMMqO;n;CkbmHaAvR;K;j;EUQxQZvhS;687
830000253;9982414405;780;58;VOht;ZTBZ;21;S752;Z5950;000000000;KMZ;9124;gJz;si;9114;br;7025;82;fu;gAlBwNvZRz;f;OHucGOggx;R;X;dVTDumNXn;480
250018561;3399091680;960;57;pwvM;DVUY;33;S159;M2419;000000000;CbD;3138;oqC;yL;6507;ch;8030;54;yx;XRrvXtPrqN;I;QgdDWJeSV;R;Z;TFLWNKkAm;444
130002009;6604422362;77;51;HoEe;zrRQ;89;G404;V371;000000000;dUn;1482;ZOO;xE;9325;nw;7916;81;rq;nHDcLeEXWp;x;IDQOhNCKG;H;Q;FbsYENYQN;649
590016242;4382307295;906;18;dCdB;lTLa;64;V73;Y145;000000000;NTT;7849;qoH;ng;4003;Wg;8931;25;AK;nenwPiMGbc;O;anYGTFNXr;H;j;wyEhksRTU;591
180001927;3517247657;805;27;qzUP;FYUk;23;V915;H220;000000000;RvM;8170;gFp;st;7902;kF;4707;6;KH;SmbWiZsEfM;N;dpJYiMbFp;W;Y;WoRQrlvmf;523
760807289;7075418220;322;21;skvH;bVUz;42;R431;Q85;000000000;Zkc;8194;oIU;Uu;8798;TX;9667;30;sk;xEBJxthKKY;c;jRRlHUgSl;G;e;byuMCwkEU;674
740007877;5038171814;443;89;IUmW;YBws;5;Z134;Z709;000000000;YIU;7592;wGB;qM;2934;rl;2512;88;xx;XKVqQvWWlK;t;IVhPTiUHa;b;j;fHTbsSQHi;309
720017813;7761679192;714;27;hRwy;cNjT;52;R073;W58;140016916;PPb;3204;UaY;de;9909;MU;5663;62;wu;VNNYrKyqmv;I;SPCtFrhjJ;H;z;VoEXIxtKH;883
560015380;4565604403;800;89;BRjx;eugw;43;W269;O019;000000000;toP;5949;bLl;Tw;8335;uA;9988;24;np;NvKFPNUAjH;s;IzfLDfRPW;M;u;pstZTJIDt;882
290003326;8457782981;971;23;vMiI;wXkb;64;I7081;W418;000000000;rlA;6362;vMu;nQ;9478;Sp;1864;98;Oz;AZwQGUJHZW;m;rEXbRHdcE;z;q;ndZlfZHrm;423
130804768;6644887369;47;58;xrAJ;jAud;65;F1105;M0883;000000000;RxC;5708;YWl;Nj;1201;GS;2886;90;VX;jygLnDBWuI;F;TUhgEuLhf;G;i;XmFSVVJVM;750
760780056;5852455617;34;23;NGsM;rcSu;24;H444;H930;760000042;oaA;2477;OpQ;LR;2631;HS;6378;72;pP;DyyUaywqrl;y;lVTUrctcH;j;b;gmCfgPbzJ;163
090004441;6614201521;752;80;iaUa;tASX;97;M954;M022;000000000;Uqt;3551;shi;zs;3291;Dz;9353;64;cZ;KHuOEbmLgQ;R;HkxTGtarr;p;x;pmKOfixBe;655
970103180;1421911481;832;13;igmC;GZlz;73;W877;M5322;000000000;onf;5525;muA;Ml;8694;CO;7211;47;Hd;rYKMmCZBzA;E;zHVLmLtPy;h;k;IFgwIOIWT;464
390000685;1895334279;739;79;tyPB;QXbS;46;K518;M1911;000000000;fBr;8442;HqU;hk;9409;sp;8068;91;ms;iiZIzmQnAG;t;WRRqFgzsY;D;u;vcpoADsUl;18
570026476;6572510638;490;43;XeOf;hYcr;84;M2306;Z209;000000000;LHZ;9187;IOZ;fH;8835;im;6746;4;tV;ckUeXCoQqB;e;bEvUQpxLL;g;s;iCFKfHISD;789
860006477;7678962596;439;5;dXbW;kGbk;60;N064;M1282;000000000;YKJ;4726;YwE;bH;798;IA;9213;63;EH;aHdBbqkkPT;L;uxKLniBon;m;I;xGXmJSAae;89
560020836;9023268427;928;21;WNNI;iKGc;0;H3208;M6113;000000000;hXl;5123;HYM;Mm;788;Er;4699;38;pu;pTuBKNeJjO;T;XdKKZoxJN;s;w;ngrokojZK;949
350003760;4934650325;283;62;Toda;Gloq;87;X981;H331;000000000;KVP;378;xSs;Uz;3173;eC;2968;34;Lj;oQqiEcmLWi;q;ZXRoNAlMb;V;s;FEmqyUDWr;648
330059544;4235239931;584;25;tsaf;Vlhi;74;M0360;G834;000000000;WVf;2234;veS;sK;710;ux;1002;86;YO;FlLPUGZjhk;e;vsPnaaEah;L;h;JvNZNZYVO;849
310001615;1702041638;167;13;TwLU;ZQZK;73;X987;M6290;000000000;RIz;2969;IjL;Bg;112;DV;28;56;dD;XBHXjIXdoS;w;rSvxrxLFT;W;x;aiJXhIvxX;593
370009540;4821570756;828;57;ZXVy;aisv;7;I391;M8102;000000000;LCp;4915;AbR;xS;9384;wQ;8897;56;NX;uiSLGQmvnG;D;gPFgerrbm;h;K;xpHhrmjbD;846
330055542;2337657031;26;89;pqTx;iQPC;13;Y258;M4152;000000000;MyR;8828;NJd;ml;9211;hx;3820;95;pp;zgwMRSBGmu;v;GRrRZaXDr;X;X;uUuidNUTJ;473
600009500;6966303570;140;66;rMoF;swbJ;30;W835;I83;000000000;dJe;8415;PWU;cP;4230;xw;4724;65;Sv;vGuDniVsJp;M;kuIEEAJQB;U;S;ugNFYglqu;926
380002964;2508201329;91;48;YIbm;ZQvm;50;M4833;Q68;000000000;Xem;6354;Luq;Fp;5881;Oo;4221;83;Jw;HjXVYJWYVj;R;aqJWtFrZC;q;k;vJYbxhSVS;618
780005666;9975352056;494;29;UccU;oQXq;69;M0613;Y722;000000000;ITb;1272;ghC;Ob;1856;Wl;9452;53;pj;DniGGPPgZQ;R;aCkPkgGoY;x;Y;UrtYeHwDG;611
750013005;1335884378;452;79;ZyLA;ceQZ;15;Y317;X981;000000000;nZz;3091;SJz;Gl;7125;hu;3169;16;ze;LAFbjWGZht;Y;ZQlfPXuaQ;Q;k;ufzbYHPxk;30
750004095;1204025441;10;92;zYks;ElSK;85;V950;S7231;000000000;UeT;2125;NNi;Hv;737;ml;4856;4;QU;tKohWhLbUE;n;GHoNIbtFc;y;u;YubCLENut;84
210013231;1304170447;250;43;TUlX;xxtG;28;M8657;Q230;210007399;kNa;187;naP;PX;2684;EJ;6263;51;Rq;MaWqHtnkvs;P;pPCgdfkcH;t;J;KljQQNBBV;400
130004252;5718948806;251;82;RSfX;pjRH;1;M1204;C320;000000000;bbz;6785;wwP;cK;7520;lt;4613;70;Ve;hofLwQOmZb;b;QmWnFnmYp;k;g;LyFDSwgaN;707
710012634;9654981944;638;26;aSau;CoMz;61;H030;I21400;000000000;qak;968;Yix;qe;959;nC;6765;40;lN;fJfOtdiixK;p;vIkYIBKxk;R;y;nxSBolmOW;111
330047887;9678884360;489;46;sbpq;WQOY;68;I446;F421;000000000;UpO;5725;Qer;VW;1689;zb;1472;10;Iw;cKeEJUPbEo;l;LckUxWZaL;N;a;DnbYOngCU;824
770017044;8946854042;117;2;tMHh;zXkg;32;Z974;Y911;770002251;ZbH;67;CJm;xk;4172;qS;4803;66;wG;YwijwAmLXn;A;qwMuyxzQn;i;b;iPjnbctbh;363
470003211;6390975627;520;14;AlWE;gjeN;97;M7109;B561;000000000;nfh;4106;YRm;fp;5896;DG;297;61;bG;cDACWCDOUU;Z;qHbyDumyY;A;V;frIiuzuxh;537
340010875;6408828500;638;84;vpFr;jwsh;29;D261;A838;000000000;inE;3219;SNb;fD;8830;pa;6607;84;Fq;aoFhCRqepT;f;txTkLJMvn;g;m;XLloUXzFD;869
720014117;2084015049;827;19;ruvy;bcIs;15;R278;M8123;000000000;mtW;647;Rcp;tt;1207;hx;3001;36;fW;cIlPUECLTq;N;KRTDFvoHk;C;I;lZcVSjTOX;235
740004437;3381405760;17;85;LaJz;zKvw;29;O98;M9917;000000000;ASg;3513;Phb;DM;4280;sP;5022;40;KQ;yoDqRIkPgC;Z;BChJqgwYz;d;u;HRzgcsVmH;74
780807673;7783457361;822;97;ygOr;pmec;34;G463;I408;780806659;OnV;2981;Hmn;nT;7530;iC;4742;97;nK;HOHuPmpBxj;B;tSfzxTDLu;u;y;uCQKmwGNG;536
630790111;5335592576;849;42;SWFQ;uBPO;47;I981;C48;000000000;EUS;3386;FnX;No;6342;nX;601;13;al;MsYvTFqtWs;d;OfnOlvKxT;p;H;JnQPPDtVY;30
240000844;9676163804;494;3;feZF;AJPl;84;W057;T881;000000000;ITX;6206;tVU;zR;6352;Uo;4362;80;WF;UNsgxUDezg;j;YoiQqclbj;X;T;FcfMGMDys;801
310001458;6648327252;942;10;oiiu;RRBV;71;Q831;Y482;000000000;PIZ;6577;sJD;Bl;6032;FJ;8737;84;Rx;OChMuxwfEn;Z;VFogTVwQX;x;B;qGViTUEcI;270
940008394;7874141846;950;15;VsDX;yTqI;41;M4107;L244;000000000;PhV;1953;edD;la;8430;Wm;8226;91;rF;aNNgLdmOBr;q;boJaXQZBv;K;F;zjHNaARyt;830
820003432;1016962685;279;88;HlcL;YTXx;40;B24+1;M0630;000000000;Wsp;7121;FBC;Ay;2254;tv;7056;93;GS;umxytsDefH;l;LBtzQhPpS;r;m;GvXwdpOmB;949
540021482;2021708964;851;64;QzGr;veIO;0;M8092;F1975;540019064;gsT;3485;evO;Lt;9631;CO;108;79;Zt;mhMvfhpdYW;X;zYMepyxVR;N;X;XzpXkKvYE;620
470013046;5033891129;374;72;aZzd;Uzxp;92;Q518;M8589;000000000;BSs;2366;uMD;hu;3748;pV;8984;0;eG;gGDlrtiqBk;y;QIAADRUAQ;j;E;AvPZfZVXA;917
970409330;8349368558;837;9;LRkS;UDeJ;83;M2116;S480;000000000;bWc;273;yjf;qn;8403;oR;6530;20;IT;ZYZLJboPBp;P;taPQtMzcL;p;V;kqmLuMYEQ;852
740002357;4392314900;760;46;EKXT;TVYt;48;H356;I431;000000000;YkJ;3893;gCE;RC;5232;GK;3966;83;yT;adfjMbYIRo;J;wBKfGJUkr;q;G;DxPwNihcZ;120
660011149;9540219335;928;11;KnTf;wbAA;69;T881;F523;000000000;PMW;3817;oWg;Fw;867;lO;694;37;fL;FipmaKVhrU;f;TXEZlyksc;p;j;cziHmWaFo;645
660790056;1925794360;219;72;sFNZ;tIsU;15;R683;L70;000000000;uMN;3246;nQD;yQ;6451;xi;6142;40;nA;CNzhpSEQMe;U;hnwesYtCG;N;c;MFxymOJQp;174
560020109;9560156797;617;57;yypL;uemc;46;L599;H476;000000000;SwA;4810;ZxU;fR;2644;CH;7841;18;ZV;uWsAkbtYUa;I;GiqbYcjlJ;o;N;AnOXOvzTG;620
490020112;7318471454;648;91;ubOR;AsKe;79;M965;G618;490002441;DTD;3163;FVh;Dn;913;PZ;984;53;Nv;cjDCOkWAMo;a;dwEbNxPYQ;c;x;GCjmMPneH;551
280004292;7386051485;529;16;fhRm;dCeJ;49;M672;Z512;000000000;aHB;3436;YSo;jS;1166;db;8730;8;aP;XaoZevrEfE;B;szQTMKLPV;z;T;zoevTyDib;407
630786788;8683604822;279;30;SNWa;XEod;46;M8541;S2580;630785848;SUW;6692;aZe;eB;5477;Jo;9541;23;Es;fYSwPuEMPT;A;FwWBUpZfw;J;h;oVxYwxoXv;240
570008508;2263380680;272;51;GFXT;CpOr;32;Z634;D2150;570008490;qwV;4658;llj;jz;9005;Ty;5099;24;XZ;VkbpWoJtEi;O;qRmFEJHZj;R;b;RIeZGImiG;170
180003774;2811961410;741;53;RrGN;GfLc;45;S660;X903;000000000;RxI;1999;xad;fs;2180;ah;6338;87;fg;vndptVuEnw;I;uutaeyTXm;I;Q;VBnHKPsMf;461
450001318;9190636977;916;47;JRFv;nIjR;85;T332;Y027;000000000;fcN;3910;QJd;BZ;9794;yo;6376;61;pX;oWmbeSpLnD;u;QEuBQjgPn;I;d;wvRIUlnQx;366
060017050;5878757351;243;51;SOqN;GKvD;26;E8358;Z116;000000000;bCQ;3123;bGx;wn;9776;FP;7294;25;Yx;oeMQmHepwb;c;EAwVHdzyM;T;t;NNbpDRSig;187
590027215;4152048412;29;99;mTXG;Dsre;8;Y912;J701;000000000;SPD;5293;sLK;Xr;9971;rS;9674;42;Js;DtVjYExeNN;i;gELbsGNpz;I;o;vDjQldTis;4
810100982;5204330066;877;50;MruX;XCWE;41;Y500;C67;000000000;cgx;5025;Qyl;YF;5238;ij;8640;49;EJ;UHCuXDDKTw;A;wlrhkuIvW;i;i;MwqsNRbFh;915
930023254;2490270248;667;66;HUGC;BLqL;0;A811;Z100;000000000;bni;7214;Wrt;NM;7834;LF;7088;10;Qy;geqHUsSfFU;I;LEXLcLkMo;y;l;IQCuTwIze;207
970201323;6140028003;773;20;NkPU;WwJj;32;K938;I632;000000000;tYp;1758;pBO;By;8644;Fs;6554;53;lZ;MaqHAzgxES;H;nJMedmbbV;p;m;YKuVDCKaZ;167
530007244;3987612072;855;73;Paow;GLui;96;T730;M6124;530002732;hQk;948;IGF;Xo;5619;Bc;1337;84;qN;ziWKwrvKnA;y;YrxSRjyfs;m;k;kwhGtRlzC;659
280004631;6739444677;838;60;tlMd;QSbq;39;Y079;C402;000000000;fGz;1568;EzQ;mo;9777;dH;5824;28;aU;HyvgIhpcyY;a;aSgbICqtv;V;O;CalnkzsqD;577
340002690;6464835350;704;25;TBEa;xocR;91;Z3771;M8680;000000000;qeG;9106;AmW;it;3522;GD;533;91;ld;nJeuyLeiJr;a;fkJWghCXC;t;k;nNzFQUlfg;748
600002877;3747103589;447;96;BGWI;Fhlv;85;U808;Z233;000000000;FfI;4903;nUA;rr;7765;uJ;5005;44;va;ldLvwtFOif;o;UxLjNvohp;u;A;ncZopoHUL;905
630006138;7451791650;700;54;iWHF;PWtM;74;V424;M2512;000000000;Lvm;3438;tRs;Fm;4716;fV;2296;4;jd;LneMGyIOHN;c;SmjTrGSuX;h;A;bmIyhuBhz;514
790001705;7622113008;308;31;WowP;IErz;34;Y723;A329;000000000;TsJ;5445;VTL;xs;4661;lo;2852;15;MT;ViJQefrDmN;z;vXjYNFFuV;x;w;VtZPGOQfo;729
580004323;3492848839;304;48;wEvb;rjpy;81;M8519;D824;580001527;zxs;5177;AbE;ms;2605;aW;5880;60;oO;SowUMXAPYL;J;nFEmRjCvr;P;g;sAYFkgIrt;949
650000649;6989572375;935;89;aJQA;zhNE;66;G700;D449;000000000;ZNS;3882;JaC;TA;1131;BD;6967;79;At;hSTJkIXzBM;X;TkgfSyfdW;x;X;mQzUhZtTF;377
850028556;7837250984;226;6;GRog;AtgX;75;F2311;F21;000000000;wwg;4063;FgP;sH;8907;ra;4275;76;qL;LdFxjpzYVL;i;mmKvtQIBb;b;o;BhgkYMInd;729
290034206;5518412681;350;56;hTGA;LjDa;65;A15;O631;000000000;Aic;7565;hXW;bl;9339;Za;3449;89;oe;NDPDppdVUn;i;wORdNjXUl;c;i;SXdnurQzA;939
780809174;2111483802;261;33;aUfQ;ozJY;8;H402;F131;780016937;grS;2845;HNQ;sh;1909;Pz;278;53;uU;odYWfGuOfU;q;qJVesaPpS;o;q;iFHaOjeaS;860
560021420;1566756135;357;17;NYVh;Hbxr;1;F1631;M9070;000000000;BXx;4613;dLW;fk;7485;gJ;8773;47;kX;MWjnfyROTs;o;fBhbHKvyx;M;r;FgYHVQqrS;484
480002328;9303094663;199;59;aMqA;XRqz;96;I011;P525;000000000;mIM;9470;PGS;Fy;2641;xM;1235;19;Xr;lzKGAnAyrI;w;ILdbpAVLU;I;o;zfQXVLnej;533
330046087;4666808217;898;73;kfeW;Dcdc;94;P3600;T598;000000000;pbD;4540;LJg;Jj;2773;Jm;6853;61;Lv;MGtaNnAMqc;x;JZwYkMxOS;q;P;UfcHwymoA;778
770011948;6227347123;888;97;JEpA;dMOY;26;V627;F01330;770010395;UHR;7025;drg;YL;9346;en;2594;96;AV;URlmJZPaZc;C;HniOzsUDC;n;O;NVwegSnen;271
340005248;3494583706;973;16;njBK;ADkr;39;N808;F0240;000000000;JyS;990;zkk;Wa;2350;oK;6809;95;Ed;oyGsYEuGCO;t;LlyuOgNlX;h;t;yITjohGjU;408
760022764;2243962186;419;64;rniz;eekd;55;O870;T450;000000000;LZT;9145;IuS;qS;4070;tl;4323;8;tu;tSvbmWRkqN;v;pqMzQyuuP;J;b;EKpXJUYtT;313
750031031;9866924557;967;94;tNje;xXdq;23;R860;M8303;000000000;RfR;5066;NgC;hk;7380;lc;1316;83;Bz;yHuSbDeIID;I;tTJeYAAlC;S;f;AFuxUlTyL;116
630787448;4753531225;893;59;Fugr;wljq;73;Y617;Z113;630785392;dEv;7214;VBy;Oj;2616;Jn;7702;75;dF;vhlxonucSI;N;QtrlJGgFv;M;m;JQqeCiEDy;823
220001978;8772115207;904;27;fThv;vrWU;68;O996;Z442;000000000;htx;4581;aln;NI;6229;Ju;6236;20;vb;GChFEgMyzx;q;ykXJlEWLe;z;a;GKXlysYMf;875
790019012;9598277863;139;88;wLHa;BkiI;94;P284;M2396;000000000;WcU;4381;FYx;hD;1907;zb;2830;96;rq;jxNEjizqGf;X;NPCmaJxwf;J;K;NWZcBjcar;844
680006517;5842794187;83;5;hNDM;OhJW;54;M8661;F739;000000000;RjR;4850;VZU;oD;4923;pn;9642;0;wg;whKFWEQRVT;K;bVmVCCmBM;e;Y;HoWuXJKxh;71
850002585;9245952643;264;76;Mddu;CSzX;49;F079;I636;000000000;iVr;9569;Dwv;AD;2790;bt;4061;8;ek;GDyCtvnfCa;R;BPnzWhhUJ;q;a;GnyiQkLSK;80
630008290;5913182687;933;13;awRp;IIZK;22;M4711;V806;000000000;fOR;4799;paQ;Ci;4001;GT;5676;44;sz;ztyIukHhxg;c;cYIQpAfdW;f;a;EumRycnKn;830
680016706;3534030554;197;62;SKXF;FfJp;18;V296;K296;000000000;ZOh;4883;JJc;il;7599;GS;1659;76;Lc;laukJMzqlT;j;obrLsJhDs;u;l;lCqmyAIct;442
140007998;7622442069;745;63;lkyT;hkDN;43;Z851;W087;000000000;XzL;8358;EkP;og;4106;PV;463;94;hc;dSYrQwIqtV;q;pwCWnjwKt;R;F;qGEUFsoFm;959
130005721;9846788950;565;11;NRlC;LzoS;44;W792;D321;000000000;cac;2435;CnY;mL;5799;Vi;2932;6;rt;EguOtENwtK;I;tswxAsIRr;J;B;rmjrDkUYX;24
070000914;7369533427;997;89;jCLQ;HfHo;91;K14;V452;000000000;EkG;3452;VDb;XY;1906;XO;9071;51;eM;cImAvrHIdb;H;bkJqNNsPF;y;W;LuSZhsJfh;987
940012685;5472076577;45;62;lumr;ouWU;38;I830;Y079;000000000;QXZ;8662;xRP;sd;2080;fi;3959;90;Ua;zKzsskqrsg;U;vJPOZboPI;B;y;MnQCMAgMk;948
930028394;4323623562;206;74;ONMb;xZtG;80;Y912;O063;000000000;HvH;1195;Dja;qc;2064;iI;1001;62;jZ;nZFYZezvCh;X;nbrKfyjRF;Z;o;tpBlsKaFq;172
590052767;1062013996;703;25;iudn;DWEJ;62;W271;Y053;000000000;mbA;4372;AWH;Ai;4665;tr;5352;56;Mu;zpAdFTxlFk;M;ZTjVaSqpO;i;v;jfcHDovys;176
350004560;9050757157;940;33;PqMX;DejY;34;K108;V635;000000000;oFD;377;lrx;Yn;7280;DG;28;85;bU;jjUwsclVtX;U;dKMiGVYHF;T;Y;aINKeGgZJ;555
490021631;3927469614;500;37;ZjHs;BXmI;93;N341;M8137;000000000;Ytf;1841;eiM;ZA;5408;Xw;7909;88;Wo;jLjSvlwkwD;A;raoBqdPWr;w;N;chvQrYuIl;756
590003497;3126071829;912;4;aaEv;dozk;58;N378;G47;000000000;foX;6319;sPj;My;5535;Ag;9420;84;sQ;tSCltjjfqC;y;CxLUWAemj;J;r;WlgRUJnqE;441
910009992;8212144448;349;5;itTv;vxTK;3;G938;M2486;000000000;efl;9878;GmG;Vs;6286;Vx;148;21;WR;kUbeDQfZRA;j;cUPsWHCoX;F;G;GedgUENwt;625
330794876;9517896370;625;8;eCyW;FTFs;52;Z80802;F1821;000000000;ebx;1072;XCS;pf;2024;QC;1119;16;no;xHVbsnrDnD;i;tfSjJuqVn;b;y;plGQgZdlT;696
760018978;9074867589;223;26;uOFL;YDmK;34;S5281;X881;000000000;eTH;6284;njQ;mi;5048;bh;622;75;zc;eCtvhiWoxm;z;YvqdSESGR;L;D;FCmGTtqSG;328
910003615;6436299505;375;98;iXmz;swNE;74;Z881;Y122;000000000;dQC;1714;ADU;Rz;1969;Dw;4510;80;Te;nlhCuveRrA;w;LycPLWOYo;G;e;jcWoJWoTj;718
710977836;9326542574;356;91;tiqu;Arub;29;Q251;M7908;000000000;Uzi;68;MXs;HN;5621;lk;4072;93;OJ;CjljWwNfoa;A;khDkuKJkK;m;C;VPqxkUVtM;837
350039947;6172139711;614;49;mjCR;GpQA;61;M6211;A239;350028833;Cwt;125;UYn;pJ;9174;yL;7087;35;oD;aZzYskBELz;R;XwBhlPpoO;a;l;usLEAqnRF;605
620007401;8510261180;765;52;rvtZ;EVtu;8;W49;O076;000000000;gqx;8273;bVn;nk;8378;vL;156;72;Qd;LPOIEnFVsz;M;sgZZglMCc;I;E;LZlIuRHrA;274
720000660;2405035866;660;41;duyo;xZNy;70;Q113;L5120;000000000;SMp;7206;TDE;PN;9301;GG;2330;64;FU;eZSZvvkxxR;z;KlnQexMpG;R;Z;bCihfiVri;463
630006674;6822643319;521;38;MyTJ;cMjc;40;L538;W936;000000000;ach;9459;dTY;cf;8244;gu;9190;66;rO;nOpmykupLl;F;qTvtfwyVq;L;p;PgLJUWWYt;126
130025711;1852070574;180;98;Pxna;PMkG;78;Z634;Y25;000000000;HoS;7142;uPM;Gd;3934;hE;8886;67;xk;VQUbyOigMx;G;jHNexKkLa;G;F;DgYFqGdsp;47
070784244;7775903937;628;12;seNG;ctau;38;Z903;F429;070783907;QdM;3931;ZNu;Aj;5388;Ru;9650;77;KI;tVobVZjDZJ;N;McJbgndRS;M;c;wdBfegYLp;208
510013303;9263262408;366;91;QjrM;hAmt;43;W203;S207;000000000;DyS;2959;oJb;CO;3302;YD;7786;25;SZ;SRxeWpxWzA;T;UdHvbwSii;F;B;ZelnFPnfk;470
340005461;8985103636;444;38;hpnD;rsas;87;I67;T426;000000000;ewn;9659;pgF;XD;4461;Ap;7;68;dP;WlQKvSnycS;B;UhaDWzoLp;m;T;yHzGUVHsF;127
120000021;6848946082;937;1;WCsH;jfwh;36;B258;F510;000000000;CvB;8620;GmM;TQ;4118;EW;128;49;xY;pbTVaPQiay;k;vOTSdyjjl;O;M;LaeGXRHxN;164
520004516;4888262234;385;68;fwnV;Qomh;28;X600;V579;000000000;TSo;4108;pxS;zB;1445;tA;5450;21;Do;zyvjBpWeRJ;h;fijbcIVkQ;l;R;PnRIkiisX;318
370015224;3439817959;932;45;SEyO;nhib;59;M6632;M217;000000000;Mtm;2912;Dsy;zn;8148;AP;3433;78;Kz;xOQyTBpIwk;L;lUxwOROIJ;p;J;NIxeAIwIv;982
680019528;7379884395;210;61;QiCr;oHNM;8;B770;X239;000000000;gUd;5492;PSk;fW;8483;ty;928;45;uO;ztGqEqScSJ;I;izZpogYCV;l;a;BRFxiKwoR;267
180002354;7731127790;514;70;oHsy;WFep;90;P110;R930;000000000;NWA;3408;YTP;ax;4723;QS;1444;57;AV;DAgqApXady;O;hQJQlPzey;g;g;wlOcWkTYm;258
240011908;9323608082;678;60;vgFn;nxJL;39;W048;Y286;000000000;Jkh;1504;AOO;RZ;3102;CX;5611;98;Gu;lEvCodhbnJ;c;ZZHvCSOds;G;u;rfWnuKjSj;395
840003123;1142270872;315;51;qMri;aYur;80;Z357;J675;000000000;WgN;637;nKj;xv;2087;LP;4225;31;AW;EDDhYVMphP;O;xPMuXFtWa;T;f;TWgtZxiWD;104
800000804;3614410322;880;15;uMCD;kOGg;36;W885;V242;000000000;SKD;2864;rHw;HB;3082;Bl;2483;96;Rc;vQCWjUMkdd;G;AMohTXEkE;A;m;fdrGUnMhe;509
280004789;4881345480;491;50;RDyl;XAwa;18;Z243;X435;000000000;rPb;8128;FZu;Nj;7480;mQ;4622;31;jF;aKxYKRiuVl;T;OZSUCLszT;d;D;yaeiWLvhw;277
780001574;4727018786;817;94;VSOz;axrz;24;X92;O693;000000000;GIF;382;Fps;sl;3548;nu;7297;80;fj;cZUOPiqQaV;c;ittyJeENe;c;i;YZcOjRJQf;478
850001058;2565203087;796;58;YaFq;kvwP;4;Q902;W033;000000000;VsB;8925;hdu;QM;8434;ER;8912;39;Om;bOTpqHjyQi;n;ItDzBKyLW;N;y;MEBZHmRyt;914
330050832;9223293820;851;7;lWuu;TKSC;57;Z946;C069;000000000;TYL;5029;RbZ;Qs;3797;wn;8655;8;De;KVteufutog;z;ZPPQHUCCP;w;V;SgCTdtzcH;87
300013257;3643108352;625;68;zumZ;jMlF;7;L998;M0682;000000000;GhK;7643;RUN;gh;4312;Gc;5251;60;eL;SzqOfQMCwG;r;zczdFQVEb;Z;P;rugKQAWOx;870
130804354;5830004888;266;42;AycY;LVfL;61;S63;M0926;130781164;fXO;5667;QPB;rW;9622;RI;6147;90;yI;fBxgEDzEWN;O;kCnsazOWi;I;z;OmIGtVVOD;881
560024960;3515202081;3;70;vbzt;aICr;88;M7159;F3121;000000000;ozI;7850;kvb;JZ;7274;AZ;5035;87;mg;wbMabZcyDy;e;YtaqXNiXT;o;N;HIEnWOBcS;472
330060328;1549673110;640;6;ktBO;lPhM;41;H319;T423;000000000;nNp;4418;FCb;Cd;6131;hS;4918;12;oK;OWrdOzDcCC;q;vGujmVLcz;B;v;kSmYugddm;833
400008694;7509703623;357;23;Nznb;FfvS;67;W889;G576;000000000;fMO;4585;Yhv;Zh;3660;qE;3630;2;cx;ylKnvPHyKx;q;YwgKvILbC;C;O;HuvwaPYEg;527
410004543;2527773150;960;95;EdWP;PbiD;21;V687;Z9580;410001135;Mhh;3480;jrK;vm;7549;MI;5144;29;dh;gUCKuNFnCx;m;ZPmxkhUaO;N;s;ROfmIAbdc;302
340020973;6911474553;173;83;vcwE;YfcZ;73;Y445;S132;000000000;mlT;1905;ENk;qy;4871;Gs;8855;9;fp;GhWiIDrIxE;A;VROkfwhXY;d;w;uSsNVYQdg;896
130036825;6141271470;367;7;NtcP;yHIS;75;T184;A563;000000000;hSS;448;nUZ;RD;700;Kv;3789;89;cD;UBotTYnXoi;d;uYUnEcpSj;W;e;tUWIcCIzV;980
330046459;1346238979;836;29;JIoN;FdIz;2;F538;D686;000000000;ZPy;3191;Uaz;YW;4876;lo;9407;81;yO;LgrVTgnPzY;O;ewUYKhaKM;c;E;fqbwNoCcq;929
340025477;3281935777;212;88;RpeV;HkLK;9;A50;O752;000000000;MJG;9158;eKS;Uj;4314;yw;7129;65;Il;TEWtPjUMBG;l;xzcimLZbO;y;z;bxAibpIoU;303
220002497;6069665083;536;91;ajHY;UfWv;98;Z001;G940;000000000;Ggx;670;Mlb;UA;2889;hb;1290;64;oC;qjqZdJKlrN;J;LrqMOBuhK;G;a;XxIZZqLah;848
950011866;1296885190;511;71;yuPB;HxoT;11;M926;D391;000000000;SBw;4653;RZg;wK;3822;FI;2450;29;Rp;hpJFrHnNBv;s;sEjzvEOLC;e;W;YNQpcxhcZ;83
770016640;1666292599;433;78;ddyx;hzgY;82;W866;K06;000000000;mUL;3144;FsV;MX;4981;AT;104;6;FA;LBEYOtRyDJ;q;Ilhgizflk;f;o;ZyZysNnIi;847
660009010;9086383465;634;28;yedb;mRQM;79;S2221;O332;000000000;VtT;8223;pSP;Ef;5296;CA;8684;96;wT;dJfcplirrU;c;wDlMUNWcb;J;z;EJtfUyyLq;307
620026500;6421387373;869;4;amYK;aCYb;66;Y638;P711;000000000;ugZ;3598;GUV;kG;1907;Xq;7167;72;kg;NHNCyObvNc;m;pQtBgPPGe;s;y;zJexSlNlF;66
920017837;4159779398;20;44;cmqF;QaAO;76;M9110;W161;000000000;MJu;8583;ijY;Wi;8051;NX;5351;58;zI;OJPVPEEbgZ;A;QfCyZTzZM;b;K;LPKdMZrox;892
940019235;7623212277;729;37;GDxm;ahJI;32;L239;R830;000000000;lzK;8284;Cpt;MP;9711;rV;4267;78;Yl;CXTSfJlLOb;Q;LkSAGrjgq;o;s;ESqYIRdDR;919
110008026;8013448775;459;12;LwWX;neIL;42;P3630;S432;000000000;wob;807;jkR;tE;3922;Qo;4755;31;NT;dnsLStjopr;n;TNcDINatx;J;g;YHELSyuYl;174
250009321;4920129341;165;72;fGdd;AMlE;39;W872;K623;000000000;LlK;1071;Xdv;Ey;1617;aD;8800;6;La;rKikVXYRBz;Q;wDmnTAabD;R;C;BXNvAENhN;112
620009217;8931420792;466;48;Pkyd;WfEl;86;S718;M5312;000000000;UVW;1956;bqG;UC;97;Fl;4748;72;AP;slNsvyWpdz;t;xPXmyjeXc;L;q;khJpffmjG;1
830002663;7717363574;903;16;Uvkt;LpNF;62;M8550;P761;000000000;iUD;175;Bnf;Ng;82;uk;834;60;lQ;clSIBXvCKX;w;JGRStozAI;p;z;OQVmpvJIe;718
940023401;3302403634;765;37;sAcR;SjOT;68;I889;M2103;000000000;KvI;3517;LPe;UX;8406;mU;5964;8;mu;SFTxsnemRi;G;tonLuvcJT;o;Q;bAKbaeeqB;390
900000472;6074991617;478;19;TXan;Kmph;25;M878;T026;000000000;UqQ;313;WWJ;Nc;9398;bb;2448;42;zg;nKdcaLNYTI;M;PNsQpcDRN;u;a;paRCypPcB;111
120004486;6175281581;62;81;cPnQ;xnyL;72;W843;D683;000000000;NpC;7909;QPw;Ms;2580;So;7361;74;kn;LcWSYRoHxE;X;SXxjvcqyu;V;Y;TDhOWQTue;666
360002273;1015585192;274;95;sevu;NxYB;29;M9994;X924;000000000;GRs;5945;Jxr;wL;517;di;8468;19;jC;lcFFlRvBQz;a;NLtEtqfbh;A;f;KpCpNcXRT;333
500001896;1005844575;672;6;bZZp;Wrzd;36;F00912;U073;000000000;qDE;9163;etT;hu;6070;Tl;641;84;Mh;ewCtxNarXs;s;KwLlJHbTs;v;p;ZvDpVIVxW;222
330041922;2678860059;521;39;oqIc;DfhT;11;M8584;K833;000000000;Mwx;1733;Qgw;Sp;6110;KJ;5098;87;bh;XJgCbvQfKy;X;VxytKeimb;W;n;wwyygnLak;531
620002493;6351038601;697;60;YnRM;EXIN;33;T0250;X283;000000000;gLv;1937;iUS;dA;8803;sG;7306;2;ih;eobdORUXWy;h;XzXhygEyg;g;l;KoIEjSNoY;593
010012144;2742532728;68;14;EMxh;SFTY;15;C261;D592;000000000;CJQ;9387;TBw;lT;5461;mf;5678;35;ev;VtMTpctmYq;V;OyXtfAuRE;H;r;SKDkbsXQJ;472
120002787;5827438859;642;68;wrIm;UKGh;63;G810;S19;000000000;fTt;7168;VfF;Fy;48;pP;7402;65;qp;kwFWNwXmeF;G;QOabNDxlb;y;T;iObWQcnGs;28
350013033;2847540540;801;32;VvjN;MDbV;33;F1352;M471;000000000;QxV;7993;ILQ;GW;6308;qI;9570;30;WS;lTWrRexVZg;k;ZPTwdBoZc;l;Q;SLJjjIdzE;403
920016821;9412612009;292;43;TbDF;yYAN;18;Y728;K024;000000000;CxW;7337;yue;YR;343;Ii;2030;83;jH;ZQgRQIUWlb;L;GHYtpAhdS;L;n;UZBmVrYKi;889
680002748;8983772211;840;34;OHBy;sEtx;39;Q123;X326;000000000;UyW;3260;ORm;QF;3226;Dr;5336;52;yr;XrZrFDBVkQ;Y;BxXggSWnh;m;G;fFlPukomb;486
060003274;8945140966;115;36;uunm;ckCG;52;V419;M0321;000000000;lSL;9878;xyb;yD;3819;Vk;6030;12;dh;EpDPGcxgNB;j;kOQVMGkIw;x;N;IuWUTODnn;885
880007232;6632726682;893;58;hXNE;krwB;63;S801;L921;000000000;mOc;9364;DZQ;Nf;2931;Gm;9591;46;MK;hxMGGXnsbE;L;WorQtvMaI;g;j;uSovebRgK;104
770008118;7747882218;517;64;dBZl;YXgu;36;Y055;L648;770004992;qma;2518;Myk;gS;9589;mw;6685;46;pG;IwboTuJywG;A;qpyKDYSqd;q;v;NRhPYoRdO;436
380012427;1606100828;727;92;tiSg;BQDf;38;V696;D735;000000000;XbF;3013;YfI;HX;7960;pU;4516;35;Kl;YAFCWCNCtu;t;rDNgmnuUZ;c;z;tauurcJHc;309
600011092;4284880818;34;5;iqho;YTsU;56;J708;X819;000000000;CPH;2557;FSG;gT;6062;GU;7871;57;jr;oBjZTrvGcW;T;ZZqvEHJMe;T;Z;eqbPPKdtq;962
870014800;3801213555;746;51;FtXO;taHJ;94;A590;M7103;000000000;iMm;5063;vWi;qn;6850;XJ;9573;70;Nx;TPeeRumUMR;K;uUsZEqWlk;g;d;IezeDGXLY;57
630003911;5501711260;685;21;HfZg;uUPb;16;M6298;J189;000000000;tXc;6055;VVR;vg;215;Qk;7551;41;kd;OdFyQeOjnQ;g;LHHVNANIh;a;A;ewlMKQXGE;588
670015882;8644228853;593;2;JLDf;fkrr;55;X194;M7957;000000000;PQW;7749;rXR;Ub;2496;zS;6506;4;up;FcdubRSffv;j;scmwfOsHr;M;q;HvYDBjrdr;704
840016810;4106555613;289;93;wXDd;tCgh;3;C80;S700;000000000;KsO;5791;dQm;IR;391;Cl;6680;10;la;fXaovTvWPJ;C;ZhPjhLdHW;s;Q;IDraDxjuq;91
640792248;4599488734;864;66;SrZd;XFWf;12;D353;M0694;000000000;rAP;3998;GHO;Pj;7910;Ta;4117;13;rA;gvXkwVqiQx;M;qzQDcHmKi;w;V;EPtOuFmIb;780
640797395;9226209687;239;3;Acey;UeEN;77;F00112;M6133;090781766;EvZ;4060;NYV;uD;1629;AA;7507;30;In;suILBKDYzd;w;kkSpjnvAo;W;a;PIOQOdPFH;117
750033243;3398775565;308;25;NLzJ;YbqD;35;D060;W315;000000000;wQA;5364;mhU;nI;6429;Ei;4678;63;TK;ybBqaNdeNs;u;WbiScpVNY;t;d;TBuAlByRW;934
510020704;7522166405;290;75;clIj;RjyS;53;B957;X173;000000000;Gno;9563;pIE;cU;115;Ae;6453;47;tl;jugMlWjUDT;V;UHpivEdkw;J;h;nxfZkEVQj;386
620021618;4161850460;984;83;NJHc;NRBl;5;V701;M8598;000000000;OEb;870;eCC;ap;1057;bq;4279;48;bx;JPkBuJHRxP;G;HOKFiCRIJ;j;I;QoWvavODP;453
640002713;3469012982;511;72;hcgo;cQBa;64;M7010;X08;000000000;zOs;5821;UDw;qm;8991;Be;1069;59;pj;enRLBJgXVC;H;adbWwzLLT;N;g;KQfTCBylK;538
420008203;4888468417;883;82;ZkUv;toTl;93;N45;W792;000000000;plI;2670;hph;gk;3025;Rs;6012;56;vD;AUOIWreMzb;K;uaItjwUYi;z;N;QcrXYOJFa;571
920025087;5917813236;449;16;Peym;FUYa;26;K122;M121;000000000;yPR;4463;gfw;Eq;3394;FJ;1499;80;hT;uTZZyRmZBi;L;GdaGhEzNp;S;Q;bVvhzCPHg;867
420010365;6332361380;345;37;XiuD;QmiX;78;X208;F0104;000000000;piC;5541;jgU;lM;7917;wp;8743;62;KP;ixqNJLutqw;s;rxtKQjCEC;z;P;OPXyedviT;780
690020490;9308934026;54;0;cKPI;kMeg;80;M7906;B303;000000000;ccQ;8446;pre;OL;7937;UE;9332;17;Jz;nDvLVQIXrh;V;PxWkIpnAe;b;R;xeerFbvWa;698
580003614;2257029036;857;90;MJPf;mhGg;82;Y535;K746;000000000;PJU;7573;FVa;JF;4847;Rx;8338;9;eq;iSVoBlpNoo;u;LubLcBdLe;e;O;UFtvMDBSa;659
230003675;1893226104;461;31;nyQU;HdiR;16;A669;S37;000000000;kKB;4258;gOZ;yw;7386;dv;3526;62;sX;BWXLYQWlbv;Q;yBvSYrUxE;B;o;AYyejiDpO;270
740785605;5208698518;14;29;Msnb;wMsr;68;R49;F1856;740012760;aUF;8134;nlI;DV;3150;OY;1663;97;uY;trnzmeBawQ;K;RAHeJGxTJ;J;y;KBQMzrbVe;161
770006617;4807040524;116;86;yXqI;mmLn;78;D47;L720;000000000;mOp;8436;Tmn;LN;4013;zs;6500;52;tD;vuJcsUClOL;f;ETjlootwT;t;C;BtEDTQMnI;775
030005334;1604370573;336;26;SSHu;drvZ;6;T841;A165;000000000;CWM;8946;esv;FX;7128;eT;6966;63;jX;LJIoVspzpK;K;oDYsubuIQ;q;d;VlBhlilYi;296
300009222;6726246217;14;38;XkqB;XrDT;40;B961;M2546;000000000;yvD;5259;ASK;VO;2741;wr;5889;89;GI;OIxEEMcCIY;q;kAWkXCeYa;G;a;vUVYhgRcW;436
800011041;4020202063;399;14;HJkG;kJTT;1;X978;T319;000000000;ata;2721;nYN;zf;8800;pI;8756;72;SY;WIhTnWwcLn;k;lkFgUpLvO;R;x;IQQilsDoe;411
330795139;6214988177;347;55;coJL;gBRd;64;F102;T905;000000000;UFo;3551;VYQ;DZ;7815;tn;7843;71;UH;XnVtRPHpgA;p;sytZuXiYI;G;S;YQTQRTxXA;511
540025285;9790427864;169;35;aLFo;kgwF;1;Y408;H10;000000000;ZTW;1050;njt;yZ;1180;SY;3465;55;DQ;NNpyhQkWJz;M;BPDGpXVEY;V;j;znzXaYEyp;467
750060238;7041395596;270;1;Nhza;lmQE;4;B529;M1190;000000000;Jge;7488;cfG;pc;6329;zQ;3567;5;AR;CltfQTHsNp;j;UChPnmkww;L;e;ussUltCFr;464
380000802;7290968894;613;17;HlGr;TWfN;59;D441;W80;000000000;NMt;7146;vzm;cs;8125;UX;9063;1;zT;mRgXAgQJom;G;lDaupigbF;l;Y;JjlKKlkAs;523
060026069;8213277794;911;54;ebEj;cHHR;75;L405;F1020;000000000;TeS;8067;hbB;QV;8712;IF;9551;80;nS;nbMfwZZcqo;i;nosXBXpXw;t;p;wZPcEgWKI;388
440010668;1813030111;109;18;dsXq;sZLq;44;M7784;M4327;000000000;fOt;5757;RgR;BG;1109;Do;4419;64;Cn;BZlqquESlu;f;dqdQfVHAp;c;H;xWXmjPzWb;258
700002900;4884653198;783;57;lCls;rlnp;29;T401;T857;000000000;foC;4508;Llt;Uf;2919;iX;4452;94;er;GUcwSUOJZO;L;GZZAPIXJS;G;k;ICyCsufys;767
720022169;5821109074;617;42;ViEI;eKJP;22;F1703;C31;000000000;IlE;8282;PiB;VH;2274;uq;1737;57;rZ;VYfFBhGeYn;F;eripKZOON;u;X;JUICejDYY;720
850006115;2372488729;900;77;ZGzB;KtJD;74;H911;J660;000000000;AGX;759;hSf;hr;7556;iz;9946;92;sC;ijhUZpSXEX;i;ZRbPsKjAO;H;h;LziAyaqaw;460
750035891;6261318422;53;44;MswR;TgkG;16;Q288;W785;000000000;Bpu;2247;bha;Rq;1746;Bv;7719;69;ui;QhoOeUOSEU;d;bPSHjmWXl;E;C;kmCMJZAEA;958
060002474;1134284649;10;80;lrtz;Grrd;28;M6635;Q335;000000000;qMJ;6125;gyK;Jh;8557;ah;8095;19;no;TdNVBSXoYD;W;iFGxyMuWt;N;C;GzkPkPJkb;258
850019092;8152021205;138;82;VRSc;xdpe;95;C781;C76;850008483;fAz;9416;pLF;Ag;3296;lN;8002;3;RY;SEDuWxHGxC;j;AqJiPWUcm;b;w;lYEiQEzmu;784
510001035;8206706176;45;37;DFqz;MhoT;70;G919;P579;000000000;Zur;1252;uQd;Jp;2699;yG;4076;98;hb;QzpsbrZGDC;a;LHdBbzlNE;U;k;qswENqwyn;115
630000701;8632201551;776;94;zxyR;swdm;88;X745;M8546;000000000;Auy;8941;mQY;Cu;7206;kf;3409;74;JM;uglpSPpdsN;j;DKVGSJrjf;H;S;ZNYdiLCdY;61
950009415;6392135929;4;72;WakT;Dvpn;47;T090;M0623;000000000;BMl;3872;dhq;KF;2969;IX;4498;62;sv;MrXiLsJjcI;U;AIPXhYyDM;A;J;TJILSuwGT;242
