ETA_NUM;RSA_NUM;ACV_ACT;ANP_ACT;CCAM_COD;DEL_DAT_ENT;DENT_NUM_1;DENT_NUM_10;DENT_NUM_11;DENT_NUM_12;DENT_NUM_13;DENT_NUM_14;DENT_NUM_15;DENT_NUM_16;DENT_NUM_2;DENT_NUM_3;DENT_NUM_4;DENT_NUM_5;DENT_NUM_6;DENT_NUM_7;DENT_NUM_8;DENT_NUM_9;DOC_ACT;EXT_PMSI;MOD_ACT1;MOD_ACT2;MOD_ACT3;MOD_ACT4;NUM_FAC;PHA_ACT;PSH_DMT;PSH_MDT;REM_EXP_ACT;RSF_TYP;SOR_ANN;SOR_MOI;TYP_ART
880001052;1716304685;T;u;ZZQX162;82489;pH;is;ut;mV;fO;Jh;JO;Bz;oP;dZ;KA;PG;Xp;OS;rP;Hf;O;SVn;v;n;Y;l;vjm;T;UEO;aQ;h;t;1964;10;C
920014503;8147421652;k;D;EHCA005;31827;lP;ml;dD;wp;EP;Vv;Bx;om;FU;cR;wz;Sr;Nj;Du;pc;uq;u;dmI;R;B;g;w;kIm;V;tfv;Fj;F;t;1989;11;X
660007469;9739786668;Q;z;EGFA001;65439;Wo;dR;Ca;hh;Tb;Tt;qZ;EF;Iy;AI;wv;AC;XX;yb;nU;KP;M;OiS;v;F;Z;D;oRP;w;aFX;gT;C;K;2002;02;X
720017292;8625790623;d;F;QZQX004;65603;Hu;KW;YM;Qo;Bm;Le;JZ;ap;KB;KE;xn;LA;xN;FF;nO;Yb;f;sSx;Q;J;S;z;cCL;a;fpl;CP;R;W;2004;03;P
440010742;2945320926;j;F;JVJF008;21202;KN;yt;ew;Xv;we;SY;Du;tl;bD;jE;mR;WK;Zj;wh;Cw;qP;m;Igv;C;j;a;p;Owf;y;tka;oA;O;q;2014;09;A
780825634;2097101881;d;n;ACQJ002;53743;eY;na;UQ;FX;tI;kt;ml;gO;vl;Lr;pu;HB;Kj;bI;Qc;OK;M;hmf;s;r;V;l;kOx;h;FEz;Qf;A;Q;1994;07;Y
170014237;9070708361;f;n;JMCA002;78099;Qy;MI;GH;Ze;Zp;Nt;nm;iR;oD;GD;RL;oQ;yE;xY;eL;zN;i;XJd;f;Y;e;W;crV;p;ZIP;gS;W;z;1977;02;B
640796231;4698629456;W;k;YYYY600;84408;Om;Ve;dt;DD;RJ;LE;fk;By;xF;pv;TQ;sb;KY;ju;uV;fa;q;QWT;H;F;J;M;Nni;i;Trs;va;k;O;1963;01;P
140031485;3199971684;P;k;NFPA002;43164;Di;tJ;qy;Ag;OB;fQ;CU;PT;zZ;XJ;NU;nJ;vG;AH;CO;Ac;u;Xeg;D;C;K;H;pCJ;o;mDZ;XX;d;a;1988;06;C
950000281;2150642934;k;j;ZZLP025;75707;Hz;at;mO;dc;UP;CD;Sr;vI;zr;id;BD;bj;XG;hU;gK;Tz;f;wtR;Z;C;p;k;pKP;Z;Gry;hO;T;K;1982;02;I
420014862;1898118829;J;P;JVJF008;43535;Yj;pG;bH;UB;Rm;Qr;Gr;Jh;Fg;dn;Kk;Lo;Rv;WD;tv;Ev;D;EgC;G;I;i;f;kEi;P;bpN;MF;j;U;1973;02;X
730000346;8614034056;n;I;BELB001;90559;gk;xN;Jf;mW;bi;nt;uN;QE;an;oj;Iz;wR;MU;Ac;mN;rq;r;YJH;S;q;L;X;axB;y;rel;vM;K;P;2012;09;P
360002620;8146608882;i;r;GLQD001;16750;il;iE;Sq;AM;Or;tn;Qn;iB;gc;fq;PI;um;mt;nW;OF;Og;v;cXV;Y;V;W;e;mlH;A;WBN;Hz;J;i;1967;06;A
970400263;7940053675;l;m;HSLF001;72564;fn;KB;OR;Mk;st;Aj;ci;fF;WI;wP;al;kC;aR;GH;Sh;qM;l;ZtY;X;j;R;a;Fzo;S;gGQ;nN;p;c;1978;03;B
760017624;2292006005;E;C;NFQK001;56164;Ve;aJ;SX;qF;lV;Tb;cG;fz;zR;Dh;ew;bH;DU;Nn;uo;Lt;o;bwa;V;C;h;k;nUa;X;qyV;ol;o;U;2009;09;I
380801167;3320964094;w;D;NAQK071;2525;tS;cr;Dt;pa;Va;Xr;eU;Uh;aP;KY;Kt;xf;Fg;CI;yG;up;Q;kpY;F;t;l;G;SLl;x;kwx;fd;V;x;1971;08;X
620013300;9517132963;o;w;HMFC002;22126;UK;ML;ob;ge;ew;CG;pP;rN;LD;lV;Iv;sK;vW;gG;fJ;pd;w;iHM;L;g;N;n;SWi;O;AHh;Nf;V;F;2004;10;I
390003333;8021066634;P;o;ZCQK004;18081;wK;YY;MQ;Kr;pt;Hs;EX;fB;bE;AL;ec;xj;sS;AB;da;xd;u;OzY;d;u;W;A;OkT;M;jqV;fm;O;R;2004;12;C
780015889;6075993044;d;H;GLLD008;89035;ht;Fc;ra;th;jc;hF;up;XD;Mt;Yc;Ja;PS;za;wD;zJ;Tj;u;hPO;R;I;c;M;wXR;u;WwI;wc;h;N;1991;12;Y
330011719;9863293206;l;p;JVJF004;61985;bl;jn;ro;Vg;cx;Yy;QH;Lg;lR;pk;XB;aW;dX;ZO;hr;oi;Q;uDQ;X;N;b;K;VpE;x;rwg;Sy;I;l;1984;12;I
490010386;2344712436;A;b;JNMD002;35902;eY;BF;rG;Xc;Vt;lj;RO;AM;ZR;fp;qa;Eu;XY;Ih;lj;Dm;N;egR;E;Q;y;H;hCt;X;unj;zE;E;V;2012;09;I
950010728;4844666093;V;e;LFAA001;58915;Bc;jk;FF;gy;LP;kt;eM;tL;ZH;Zg;iF;OZ;nI;Ag;sd;dB;u;PNq;b;X;q;V;OTq;I;Jcw;Rr;P;d;2003;04;Y
750063976;3229538629;e;v;NBCA006;53253;Sf;Dc;kD;Hp;Ax;Ad;am;Dq;yt;AG;jw;Wo;Eo;xC;Jy;mb;H;vRw;l;X;Y;W;uqV;n;DXH;Dc;N;W;2003;02;C
780806881;3811388931;s;j;QCJA001;72818;Vp;EP;gJ;Nu;Gg;zp;cU;rZ;MG;Vb;pp;lR;vO;sa;En;xP;U;YBV;S;y;S;L;SBv;r;vCY;vg;A;r;1984;04;I
850002577;2708610446;r;Q;DEQP003;34946;kK;wA;Og;lM;bV;DF;Ay;hV;Oj;TV;Cl;ST;Ju;EL;hQ;ST;a;Wkd;g;L;Y;Y;BfG;L;uRh;FU;r;M;1992;07;M
570012294;9356894004;B;H;JQGA002;48893;Wb;gi;YR;Nx;PU;Qn;ip;zo;FQ;uN;Mq;Ef;Jk;cZ;IA;UM;W;cvw;k;b;j;d;oce;K;AWK;eU;l;Q;1986;09;M
510023005;9882186078;V;W;ZZNL004;33889;lO;xZ;JN;Gy;av;KG;dO;Ry;XM;JA;VH;JP;Mt;BO;dx;OF;S;QqH;N;W;i;U;NAo;S;Xbg;RR;o;I;1981;10;H
950013086;2986029297;V;V;ZZML002;81512;ag;Li;gp;Hv;TY;Op;vm;ui;sl;Sb;Xb;PU;Lt;nJ;ID;NF;O;YQW;X;E;p;o;Ufe;r;WSR;TD;R;p;1998;01;A
230001224;9779684765;Q;p;JACH001;25283;Bl;zF;Dz;Fl;Rn;tW;nZ;iF;Rw;Vh;Ol;FM;rH;Me;Wi;rV;w;WaU;x;u;b;N;DhX;C;aNn;SN;M;K;1992;03;C
970209052;6679099569;L;E;BELB001;23320;vT;Tv;uu;Gc;WL;yL;Qm;HB;lt;NI;BR;Sl;eG;Zi;ie;HQ;G;qrX;V;S;Q;Y;MsL;U;HxR;aC;E;r;2001;01;I
670008226;3802039958;J;v;GELD004;17667;rw;LG;Eq;cX;Jy;FJ;IS;cz;qp;MI;fV;kj;dO;pZ;yX;ar;i;ysz;D;a;o;a;zPx;o;uCA;Es;L;R;2015;04;M
100010966;6654983647;H;S;JVJF004;9153;HM;Td;Zm;eO;ts;mj;Wm;Sx;qK;zA;xQ;CF;iT;Cg;vM;xv;a;noo;p;m;r;N;sWo;i;LZc;TO;l;v;1988;08;Y
070001276;9694744465;R;C;ZZLP054;9701;cv;AM;dO;PE;OS;VV;xv;Ot;cS;ge;Ms;lP;RC;MC;oQ;VC;X;eWD;Y;h;u;p;eUP;J;QhB;vr;U;t;1991;09;X
600006910;4942929610;r;X;YYYY015;46182;Yy;Bp;CV;PM;ue;uS;zS;yM;qH;gM;RJ;Bu;el;bp;xF;qI;G;RYI;Y;n;z;u;pCr;q;TmL;fW;m;y;1978;02;P
020001582;4750139193;k;l;YYYY600;81538;Of;pl;uf;GQ;aj;ZS;RU;wQ;RX;ej;sM;Ne;Jh;AZ;on;zT;I;RCL;J;C;q;q;UFv;S;FdV;zU;v;C;1981;10;P
520784398;9630984644;b;w;QBFA007;95894;aX;Ej;Lw;KC;jo;VT;aF;Fm;KE;mp;MQ;zk;Wv;DT;Tt;OQ;X;UmR;H;u;v;v;CcF;C;bgJ;BB;l;W;1965;08;P
580000131;4132869392;K;a;AHQJ021;77476;XK;bC;sL;XM;ie;CF;Kk;Qy;bE;YP;dd;QB;lk;eq;je;ps;z;NCy;l;R;u;q;yaG;s;UFW;Zr;O;P;2003;07;C
770008167;9343452292;O;z;JNQD001;36910;ie;al;Zp;xs;DC;ZO;ku;FU;go;mJ;yS;yg;ZZ;Jq;fr;lX;H;SDt;r;m;U;r;KTa;w;YjH;oI;t;b;2013;11;X
560029639;1944933520;d;u;AAQP007;43203;HB;wp;oc;Yg;Jj;Gp;SF;MT;ui;Bm;CI;lz;mJ;nb;qB;jt;l;xsj;a;h;H;a;nHT;e;uYV;kC;A;R;1967;05;M
240001438;3924993936;z;n;JVJF004;35247;go;Dz;Cn;JL;OG;iS;ta;sL;hF;pA;Kx;oE;jL;Jw;HH;NP;a;KCW;y;O;V;F;uXa;Z;Yzg;ll;O;F;1990;11;M
970206546;2246470967;V;E;FDHB006;9103;zp;xT;yw;LC;yt;Gd;oa;Ff;En;gM;cS;wu;zE;Xe;YH;sZ;J;QFR;e;M;L;X;WnF;p;wZc;ca;X;E;1990;09;B
610006934;4757660155;E;H;NFFC004;95439;mu;WC;Wp;vn;ER;uf;bW;Fd;Kl;Yh;Vc;KF;nS;OG;dT;bT;c;SuP;Q;m;o;Y;dgj;P;wmo;hx;j;n;1975;12;A
640004966;2634543265;r;b;ZZQP004;58617;dB;Tr;kh;TI;Wd;CG;Bh;AF;fW;YT;BS;JR;UU;nE;jD;Na;y;oEe;v;r;t;z;XWT;G;Mbj;mA;p;t;2013;02;H
930028170;6323208424;f;U;MGMP001;86106;xG;pN;zc;aD;Cc;Ub;dE;nS;hi;fv;hR;Sy;mv;rs;tE;kx;I;lXg;r;B;U;I;Zbo;I;fOk;oA;t;W;2019;05;P
210011961;3571026253;d;c;ZZLP025;16409;lT;WG;nj;mq;Am;di;PJ;fI;os;LF;PW;by;xw;BC;Wd;Cz;k;Rti;Q;V;u;g;HGn;C;eeg;iW;o;z;2017;11;P
440046266;6956007676;t;F;YYYY068;88064;Bu;NR;sn;Xn;yt;BL;Le;pG;vn;VV;ix;XF;zC;zH;ZB;kG;s;LgG;x;z;M;D;orh;A;TZb;Di;U;X;1993;01;B
830021036;9093617392;W;r;JVJF004;73075;KX;nl;Ai;gf;VW;JS;QW;Wk;jW;UP;Mo;Ji;dP;lS;kS;RN;E;JIG;b;S;T;k;QtD;q;WUy;uL;F;u;1985;07;B
940806409;8084357559;W;r;HHFE002;61567;EZ;RY;do;wl;BY;XS;HS;Vm;Di;nH;Ij;qQ;dF;fm;hv;DI;H;jOU;y;c;k;C;Etd;x;xYL;iA;R;A;1994;12;X
490004363;9611018554;d;F;EQQM006;53538;BH;wj;wr;ie;HI;tF;zE;NN;Mu;xx;RJ;nM;kl;lk;Rr;ET;P;XYZ;x;M;M;V;UcZ;F;Zqu;Ls;F;Q;1994;09;H
310028584;4194582974;U;n;GLHF002;15732;tF;Jq;ik;Hs;QW;TA;IG;Vn;Ze;Oy;bC;EB;Dj;uo;ZS;tV;g;INU;x;V;t;V;Ybe;z;MaW;fW;w;H;2003;01;C
750007759;1266995457;c;E;JQGD012;77480;OV;jA;mf;XN;ri;qI;Kw;ce;mQ;gK;Vl;Xk;Fv;fF;BO;JB;G;QuD;w;Z;D;n;HjO;e;zaU;yd;G;D;1997;01;I
590014940;9159686670;e;V;DEQP005;90628;XU;nj;go;Yc;UP;yT;cC;VL;ra;YQ;hC;Dv;rJ;aP;FX;vS;R;dTQ;U;G;N;e;mTi;u;niC;SD;G;A;2008;10;H
920016656;1062132475;I;J;ZCQH001;30527;iQ;Fj;NI;Zu;iq;Wz;op;GS;AL;bz;qY;pe;RC;nP;Iy;dd;p;Ihb;w;j;v;j;yXx;d;ZFB;aL;w;Q;1977;02;M
060013406;1669311540;g;U;JVJF004;5792;GT;hM;FO;oG;iC;aM;YJ;zr;qE;BQ;Zc;qI;wr;fV;Zn;Mx;d;Zss;H;S;J;y;OfC;m;ohE;Xp;g;J;2008;07;M
360007678;4011930975;O;C;JQQP001;30858;tT;WA;eR;kN;Nx;dj;Zs;dE;JG;aa;Ro;wD;Sy;eL;JN;hz;k;Eap;n;T;Z;K;HaY;b;rqn;xI;c;c;2007;07;P
660003443;1374280258;n;O;FELF002;43633;WA;ue;DO;cb;Qq;gm;ev;Ba;LU;cb;bA;vq;jP;fg;BX;Vv;W;jZo;X;S;h;n;xkN;J;pCq;Hh;t;o;2004;12;I
440028223;7650658872;B;K;ZBQK002;31812;ng;Gf;xF;rJ;MD;cZ;Ix;vn;SD;DP;Wr;kX;qD;WI;hz;oG;u;tOv;o;p;p;C;EMn;o;OqC;Em;D;j;1971;05;A
830000253;9982414405;n;z;ZBQK002;37808;AQ;XQ;QT;VB;zr;xj;gc;Lb;xm;xx;KM;sA;FM;EM;xS;bo;f;rae;m;T;g;p;YRz;Z;ZZr;fZ;q;J;1983;01;B
250018561;3399091680;t;B;JVJF004;18284;il;gr;Rl;Qo;cu;Bf;Gw;Yz;Lj;fE;pP;QZ;oL;Sa;Wt;WT;Q;jXj;i;q;G;q;kUl;S;aeu;Cl;m;T;1970;01;M
130002009;6604422362;K;P;KCFA005;29528;iH;LT;hL;av;al;zz;kh;jA;xp;qs;Fr;Ik;hE;ra;eL;hK;p;IYr;d;f;v;u;rOI;E;sGB;cc;a;T;2002;05;B
590016242;4382307295;r;g;YYYY020;14089;Pb;Wc;Mg;UB;zj;Sc;NW;fT;qB;Mp;VM;Al;hS;sp;AQ;DI;r;oBP;d;m;Q;A;IBM;y;lwW;Pg;j;j;2015;01;B
180001927;3517247657;W;C;DEQP007;67026;hw;ZT;kf;bs;ER;bP;lo;XE;bs;jZ;Qz;mw;Ez;st;Sk;rO;z;NKi;P;z;o;b;gOj;t;sKl;Zl;T;S;1987;11;M
760807289;7075418220;R;j;HSLD001;34805;Ng;XM;UU;oR;Gq;Xw;ms;sz;PE;Lh;Di;XH;Zy;hu;Ln;jR;C;bsg;C;F;E;l;HwW;F;YuH;HG;y;Q;2018;07;C
740007877;5038171814;q;n;ZZQX077;49342;yK;TI;Js;Rf;Oc;KK;dZ;Ut;Wh;fx;Ld;ae;by;MY;HT;FO;x;obQ;H;h;w;K;EeF;I;bzc;CW;d;Y;2016;08;I
720017813;7761679192;O;B;DZQM006;66575;SU;iE;Ix;fT;mh;bD;Hp;YL;yR;ps;lS;ag;eL;AU;EU;Xy;h;SWv;v;W;v;N;twL;K;qda;Lz;Q;J;1979;07;C
560015380;4565604403;q;z;DEQP007;67111;NQ;Wd;ZO;je;Nv;aW;if;cu;Jb;PZ;CK;mD;OM;pu;LX;wD;U;GCD;x;k;V;a;OzN;S;sNS;os;G;J;1969;02;X
290003326;8457782981;a;v;ZBQK002;76792;AJ;ry;zV;Zf;qJ;JX;Cs;mF;wu;hp;Pp;Yn;Rs;cT;kR;ZV;V;pAS;a;l;I;K;nvB;X;aGn;Ez;G;w;2013;06;A
130804768;6644887369;p;X;JVJF004;28709;ZR;Ao;IW;Nu;Cz;jh;yw;Sd;Fq;nf;uM;nl;Nn;Sz;hG;rT;A;xyx;C;A;b;G;oGW;t;cTt;lN;d;H;2012;02;A
760780056;5852455617;N;S;FELF011;77245;MR;cx;mG;KL;UI;OX;OP;pK;ym;ea;gk;qK;bS;sW;vi;ln;z;RLk;Y;A;i;c;Bxa;L;oyV;hO;x;X;1961;09;B
090004441;6614201521;H;g;NCQK001;81011;Ki;XA;FB;pM;jY;hQ;ku;yU;yI;wl;yC;QY;kY;aG;OA;zP;e;BSG;M;z;G;g;GdL;N;qXd;pr;l;f;2004;07;C
970103180;1421911481;F;M;LAQK009;86447;sy;td;Ec;Xd;ud;nQ;Ns;in;PG;Km;ni;ax;gQ;DE;fX;JT;F;ouN;I;B;W;O;Wlo;S;MwQ;OC;p;k;1998;05;Y
390000685;1895334279;R;U;GLQP001;23175;BZ;Ou;CR;zH;lb;AP;CF;ma;Pb;Uj;DZ;qX;Rt;BB;fj;qO;I;QlJ;H;h;P;L;rnf;g;LkG;VO;k;n;1994;04;Y
570026476;6572510638;d;N;YYYY015;36448;vD;ZO;hT;QH;Rl;fv;Oq;ye;kR;yI;HM;Uj;fK;rO;DZ;rJ;k;Qjr;r;b;O;V;qod;A;LiQ;Jb;S;j;1996;04;P
860006477;7678962596;q;m;JVJF004;71031;rx;bz;kG;DV;tX;cm;pu;AC;yJ;DP;TI;fl;nZ;wG;Rl;AH;L;XdR;B;W;v;z;xAo;T;DAz;HU;E;d;1976;01;Y
560020836;9023268427;H;Z;DEQP007;32850;Nb;Fu;Rc;Tl;da;Ey;wf;QF;HH;Tg;MO;Dr;ZZ;yj;qz;BZ;J;WiT;j;Z;G;k;Ybe;q;YRf;zP;a;D;1991;12;I
350003760;4934650325;A;e;HBLD227;64139;ZU;Tp;oI;sf;hU;jB;YS;Nx;VF;ba;lp;WQ;DP;AP;Ji;wM;c;JVM;F;x;A;e;Uao;C;JDG;zg;z;V;1978;08;H
330059544;4235239931;J;C;DEQP007;2790;kV;zR;OY;pe;fx;nI;HR;Gy;LS;CM;jJ;Go;Ai;iM;yo;hW;G;vxW;E;n;O;g;Pht;M;HLh;pt;Q;N;1977;08;I
310001615;1702041638;x;J;JKQE001;53206;dQ;gO;IM;Pk;ku;Uz;DC;um;Vd;Oi;rZ;dq;wZ;eF;JC;rZ;g;Hyi;l;E;n;F;cFZ;o;rIK;Lr;x;A;1964;10;M
370009540;4821570756;m;E;HEQE002;60143;Ix;SN;KO;rs;bk;ca;oL;Po;ut;WD;Ge;PR;kj;io;MW;ue;J;xsr;u;y;c;A;agX;E;WGc;UM;Q;A;1993;09;M
330055542;2337657031;F;t;EQQP011;94760;sX;sz;zy;Rx;hI;gO;PJ;KB;pG;be;Mh;gE;TY;qf;YF;JA;W;LBh;k;O;z;m;Lvj;i;Nhp;gX;Y;a;2004;02;B
600009500;6966303570;l;w;JVJF008;67544;Ua;Gq;HS;aC;mn;tt;YH;rM;pf;JE;Lr;yN;eX;Tj;zN;fN;b;KvZ;a;F;j;V;sMQ;n;pPq;WO;l;z;2019;10;H
380002964;2508201329;K;u;DEQP003;698;aP;Rn;gH;qa;BT;LU;in;xZ;gY;sF;QG;vV;Xv;Am;ED;PK;a;CrK;N;A;y;M;yxY;w;dOr;WW;D;R;1998;01;A
780005666;9975352056;F;h;HHQE005;28375;lC;RZ;KM;tn;Vw;rt;sT;mI;FY;yO;pp;iq;RN;pp;Tq;Pr;a;voh;a;D;I;q;olQ;T;ZOR;eF;D;d;2008;03;B
750013005;1335884378;z;V;FCQX010;28995;gY;QI;ZX;nB;qG;sR;hH;Mw;iL;Zm;XH;au;ps;iE;PJ;DN;D;gRq;r;b;S;q;mtv;l;sID;Nm;e;o;1974;01;I
750004095;1204025441;q;i;YYYY600;81080;Wi;XM;lO;Ki;nN;jI;TZ;PF;KU;yE;xv;nn;OP;DF;Wi;Xg;X;uQN;U;Q;a;S;zbw;s;Dhc;lN;c;L;1967;04;C
210013231;1304170447;d;f;ZZQX128;23577;QM;mn;lO;YU;Mb;cd;fp;fT;QX;AJ;of;nn;aZ;gZ;Bx;hB;X;XaP;X;O;B;q;wHC;N;pvk;dY;x;j;1967;05;P
130004252;5718948806;E;T;GLLD019;18342;HK;cJ;TL;EK;Gy;tw;jr;qn;UI;dx;mX;qF;Sj;CW;YT;UT;l;ZbY;p;S;L;X;hmX;G;yXe;OD;x;n;1993;12;H
710012634;9654981944;k;D;EDCA003;51081;jh;Fs;hd;TH;hE;Qb;rk;cE;wb;mO;HJ;jR;iN;YZ;xW;Df;a;hyi;K;h;M;F;fIR;b;ARM;OY;q;G;1993;06;A
330047887;9678884360;I;Y;GLLD015;43015;aC;rE;tM;lq;sX;vG;Zn;qq;fO;GW;xf;CX;Le;Jg;Jt;ao;t;fnr;T;Z;A;D;NOQ;K;ZGU;px;n;r;1966;03;A
770017044;8946854042;J;o;EGSF002;93035;PI;iJ;ON;AF;TC;ch;mp;Ua;ub;Bz;im;Lr;mY;vc;NL;ZR;M;vYZ;D;S;o;u;SiT;q;Yse;gk;e;j;1981;11;Y
470003211;6390975627;s;U;YYYY062;84156;uy;IJ;Jd;sW;mr;yX;Yq;TB;xQ;Tu;kr;Mr;Vg;CX;kX;lu;Z;efE;f;L;m;p;Tcq;V;rWq;ME;u;L;1980;10;A
340010875;6408828500;f;J;ZCQK002;95023;ZO;vo;jq;bq;yd;Ef;xb;ZN;oM;tV;uF;ey;Kf;xF;sU;fR;V;RRq;F;t;O;V;ngh;j;wzG;xL;Z;h;2013;03;B
720014117;2084015049;V;Z;HSLD001;55095;xa;DH;Tq;rE;fl;NF;XE;Ut;RH;dU;bn;ll;HY;xH;jy;YD;u;Pll;H;i;R;Z;icY;K;unD;wT;t;w;1971;03;P
740004437;3381405760;O;A;JVJF008;72819;Hz;st;VH;nG;qw;Hw;bl;Lg;FD;zT;oq;on;UW;Qi;mL;SX;v;hbE;d;g;C;l;WUk;K;KeL;wd;Q;k;1999;10;A
780807673;7783457361;G;O;HZHE002;80473;iR;bM;yj;am;sk;xz;bO;tr;iN;rj;jJ;ev;ky;yi;mw;Fu;W;NUo;Y;n;o;g;MPY;G;HWA;du;u;k;1960;06;I
630790111;5335592576;s;J;GAQE001;24383;md;tU;Xq;bM;CJ;hk;Lz;rW;Qg;Ga;dN;JH;eu;Ez;vH;nd;A;ytg;v;h;p;F;kvI;P;iDJ;PK;L;A;2017;04;X
240000844;9676163804;D;J;ZZNL054;35198;fk;Dz;sV;rS;tP;LG;eg;XK;Vo;sE;WW;PF;gr;hu;HH;Gx;Q;WeK;X;n;v;I;cRS;Y;Npk;BF;Z;T;1962;07;C
310001458;6648327252;I;o;GLLD015;44885;XY;PA;Yh;KD;Rk;oY;Gt;ua;nc;Os;zH;XK;rF;eg;ts;US;m;RAL;s;v;R;i;LUh;W;RGH;AE;t;P;2019;12;P
940008394;7874141846;M;a;BELB001;18393;RP;ML;Jy;Sz;ct;CJ;xJ;Ju;BD;Xh;hg;CD;hd;EK;gr;ml;N;GFV;V;x;B;O;lJf;w;mkE;yf;x;s;1965;05;M
820003432;1016962685;b;D;ZZML002;56436;rs;Fn;Ki;Dt;UO;qG;do;ow;Zc;ow;sn;kn;tH;dd;uV;hZ;N;mRy;b;a;J;g;HXl;x;meu;Rp;k;I;1961;11;I
540021482;2021708964;V;T;DEQP003;38550;ua;IA;zW;JR;EX;PT;Xl;iy;jI;YM;rR;oT;TP;gi;WE;vl;Y;mhM;D;b;o;C;IhI;G;gor;lq;J;W;1987;09;P
470013046;5033891129;G;W;MDQK001;31688;HW;TS;bF;QA;Py;qF;rf;LT;Zs;TT;Ta;CK;dy;lm;YZ;fL;Z;ThQ;y;F;E;r;SVW;I;iaC;HO;J;g;1976;12;X
970409330;8349368558;e;H;ZBQK002;44722;Lm;cm;iN;tO;eO;xa;fi;Zr;rh;FO;UL;ys;yI;yK;xh;vg;n;kNo;p;P;O;X;sqo;O;Ect;EE;p;a;1964;09;P
740002357;4392314900;h;K;BEQP001;66539;AU;jG;zy;Rf;kP;MC;Xg;gA;oO;ZC;Ht;aG;As;Uj;uV;JT;Y;Iot;e;i;O;I;fnt;f;Dth;dt;C;I;1971;08;M
660011149;9540219335;m;X;JVJF008;58341;mG;oc;QJ;Hz;PZ;FZ;Av;mn;PI;Vv;vn;Kp;vU;Zz;OY;jO;k;GKI;r;g;p;R;gwl;A;GFr;Bb;r;Q;1962;07;B
660790056;1925794360;Q;T;HHQX005;5672;dN;Za;oz;fh;yQ;TT;pe;PU;Ji;it;NZ;IB;qV;KD;yo;RP;F;njT;R;m;e;p;VDf;S;ymq;nF;q;g;1963;09;M
560020109;9560156797;K;a;JQQP001;63663;MS;fU;Or;Xl;rw;Bs;pV;Jo;AY;Pe;sO;Ol;Bt;YJ;Gf;Ch;g;FYu;v;S;e;u;wnR;S;kxE;kx;K;w;1985;07;X
490020112;7318471454;S;c;JVJF004;62539;vT;Mf;yg;RG;QM;Or;fM;zl;Tw;AB;HT;um;Fw;mP;Nb;Zz;n;lOb;s;w;S;a;BtZ;e;xmr;jP;S;u;1976;06;X
280004292;7386051485;c;c;ZZLP025;3126;Ik;PH;Nw;nJ;pL;jR;wI;Ir;hq;fX;xz;JB;fB;wv;oc;BW;u;HLk;k;O;d;c;KsZ;E;LYi;xs;g;L;1987;02;M
630786788;8683604822;t;c;JVJF004;77268;Qd;bI;Lx;fW;IT;ie;QN;Hu;eY;rT;uy;TP;ff;iV;kS;lb;g;jJh;Z;d;x;L;yQW;V;OfR;SZ;n;g;1995;04;I
570008508;2263380680;t;J;JVJF004;13427;Jn;KQ;xh;zS;tv;Uv;AT;Ob;NP;NR;fC;oW;NF;nQ;cS;VD;J;FqT;j;J;I;L;lVe;c;Qst;tC;e;G;1989;02;A
180003774;2811961410;s;s;ZZQK002;92317;kf;ws;CR;Bq;pA;mt;Hx;Ca;Bm;BC;Km;ox;sQ;YI;pY;zh;Z;PWe;M;F;O;R;pWg;B;EFw;cC;N;P;1980;04;Y
450001318;9190636977;O;f;JVJF008;38186;Hq;wW;Ph;cv;xR;mq;Vr;Iq;VZ;xF;Na;Eh;gZ;DD;NM;Yf;D;Ifm;d;f;u;P;OsU;t;LEs;vt;c;T;1983;05;X
060017050;5878757351;C;X;ZZLP025;64660;lV;bA;uK;pG;iK;Lu;EZ;YH;vL;jd;KI;LP;Mj;gd;TN;ux;a;HlJ;H;W;w;N;OpB;R;YeN;pA;S;w;1982;09;M
590027215;4152048412;O;b;ZCQK002;10992;DH;LD;pp;jO;Za;nX;CD;Au;cJ;rq;rW;qZ;wz;jp;cp;jW;D;DqH;e;a;c;P;tcg;a;gqO;XC;d;M;1991;10;A
810100982;5204330066;z;v;DEQP007;34633;NN;Jg;QM;le;Ga;xn;Ux;Jx;VI;Mp;oG;Tz;Wb;yy;PM;Kc;n;gbB;f;d;J;S;QFy;Y;JJA;nU;b;X;1963;08;Y
930023254;2490270248;y;p;JVJF008;53750;Qk;HN;UE;yl;kQ;hv;EC;Wa;Jj;JI;tb;Nd;cn;hl;Tg;CU;E;ghv;V;s;H;w;ovL;O;ZgQ;Zy;G;c;1988;11;X
970201323;6140028003;X;q;ZZLP025;950;BT;df;pi;LH;HO;iB;Kp;YH;gl;aJ;nv;SG;VS;KY;fA;ai;G;Kay;W;P;h;H;PCm;V;eSc;PR;N;Z;1984;06;Y
530007244;3987612072;I;a;YYYY033;14965;fV;oU;fT;Wr;jo;Zr;sc;TE;iA;QM;xl;hL;RT;gn;OT;tv;n;kEG;r;k;U;j;DGm;u;hGW;jP;S;o;2003;06;C
280004631;6739444677;L;r;ZBQK002;6554;Ob;eC;wC;hM;FL;XT;Zg;Ng;yG;Dd;HM;VZ;YZ;ya;Qt;ch;I;ncr;c;A;I;R;jHS;Y;kQI;JL;Y;Q;1985;01;B
340002690;6464835350;N;C;JVJF004;43672;Fa;lw;Kl;Go;aU;ze;Dw;WE;yz;Gc;sS;CA;QO;HH;sh;pt;t;CQM;d;V;w;W;wfY;l;Llh;jg;S;k;1971;01;X
600002877;3747103589;I;s;DEQP007;75653;Sm;Bh;Zg;Kr;bN;QL;YW;lw;WE;Bt;pk;ZZ;Pu;js;LI;It;Y;knF;W;n;T;A;zcY;j;QCQ;Sw;A;J;1976;03;Y
630006138;7451791650;V;u;ZBQK002;55398;Eb;Ml;hc;Pz;eN;mX;Cz;Kz;KQ;MP;KJ;rc;ZA;np;xJ;gv;R;wvx;M;a;u;p;QJs;S;WHl;jE;T;F;1974;12;I
790001705;7622113008;z;p;ZZLP025;63237;sj;MN;TQ;Dt;nY;iY;XK;XC;NV;oB;HE;Wc;ZM;tH;rt;Xf;Q;amh;i;t;L;s;Cis;j;KjB;IV;c;N;1976;04;M
580004323;3492848839;z;M;ZZNL054;96490;sy;mn;Oq;bf;MP;wI;CW;kG;aP;lr;Xj;bT;if;Jf;bI;iB;t;rxH;e;e;M;q;MSe;a;FJl;BQ;a;h;1984;09;I
650000649;6989572375;e;G;JVJF008;91929;Ex;WN;YT;cZ;Hd;Tu;kf;Ul;XD;lV;Ko;nf;IQ;eV;Xp;se;A;pbb;q;h;r;P;Qxc;Y;zEZ;CL;y;x;2013;01;B
850028556;7837250984;c;o;YYYY600;75311;Zu;gU;nf;cn;lh;Vz;XW;bQ;kt;nZ;Qd;wv;kq;PG;Pw;mV;Y;sWu;V;u;M;f;AtW;C;ZMa;NP;X;g;2003;01;I
290034206;5518412681;k;z;YYYY600;38873;xY;Gm;hj;te;PI;kF;La;IP;tb;zZ;rp;uG;bA;mC;yq;cl;d;CDm;g;Y;r;G;iLh;f;Xod;Ii;P;J;1996;06;Y
780809174;2111483802;f;N;JVJF004;36575;Ot;Gs;vn;WW;Sa;EC;hJ;DA;Wl;RF;At;nb;pe;sf;wt;WH;b;UmI;L;Z;t;G;QVF;k;oLK;zS;E;P;2009;10;P
560021420;1566756135;g;T;JVJF008;93236;Lw;NE;Rq;xW;mE;io;OS;Dk;tm;SG;sz;vH;Gd;YB;yA;zZ;B;JUU;k;a;y;G;KkS;H;MdK;UO;S;p;1964;11;A
480002328;9303094663;s;s;GLLD017;74359;II;EF;hw;oS;aq;TM;Gr;xd;wg;vf;AP;gQ;cw;IS;Dc;YA;q;Ddy;f;L;F;m;PmJ;p;tKF;BI;b;j;2016;08;C
330046087;4666808217;l;Q;ZZLP025;5557;yW;Qi;sU;PK;xX;LJ;Pn;JE;OY;iC;Rg;fX;jN;CH;mh;Wy;j;frc;N;f;P;k;lgX;a;DbS;lp;m;O;1976;03;X
770011948;6227347123;s;S;ZBQK002;96518;Gh;mi;Uk;AQ;ZH;bh;kM;xq;iT;UI;YF;PD;ZP;Yl;QQ;II;C;XUR;J;T;R;J;qTJ;D;ANG;bA;A;p;1960;03;M
340005248;3494583706;w;i;DDMA027;6000;MU;Ak;rp;ma;Kf;uK;uI;Nt;gd;GB;kF;Zn;PK;MN;il;XP;T;rxc;G;t;k;D;VeO;p;auf;PN;R;E;1974;10;H
760022764;2243962186;z;Y;EJQM003;88223;Ub;ul;VQ;Fj;qa;eq;No;UM;UF;if;aD;eB;bp;KG;wT;Mf;h;lyC;K;I;n;U;mWW;z;prO;mF;d;E;1990;03;H
750031031;9866924557;J;y;ZCQM005;72001;lU;lz;eD;rr;sn;UV;Eg;eR;yE;tD;UH;uO;eQ;cn;Fq;oC;d;nQM;W;H;r;l;cPn;A;CsR;wR;V;t;1991;07;Y
630787448;4753531225;a;m;YYYY041;97384;yw;Yu;jh;ag;LQ;UW;ky;BJ;Ub;VU;cy;qB;if;vw;zl;nG;U;rpc;o;O;R;n;CWx;x;IZM;ge;F;R;1966;10;M
220001978;8772115207;b;h;ZBQK002;41810;TH;bl;oZ;th;yv;pB;Cy;cb;Zh;ZB;Jo;Ag;gM;RK;zM;Me;n;ZHV;X;Y;B;o;rEX;h;IMY;Gl;q;D;2013;06;P
790019012;9598277863;H;f;ZBQK002;83623;ry;xa;Cc;yN;Cs;aP;lk;Bd;ju;vv;OA;Vi;QN;ma;MZ;Aq;p;bjN;E;w;P;W;bpe;B;Xso;Sm;F;b;1981;07;M
680006517;5842794187;Y;A;ZZNL065;69507;Aw;Gs;uU;Xp;Os;EO;lE;LV;bd;EY;QG;gi;Ss;il;eV;nc;X;WXb;d;q;X;p;MHK;u;Czi;cq;Z;f;1993;11;I
850002585;9245952643;S;U;EJGA002;29921;Oz;zH;WO;kQ;jF;Mc;ML;go;gn;kP;si;Kq;Vw;Ud;La;HV;k;yuN;H;w;z;Z;Bxe;z;WwV;Lp;f;P;2001;06;H
630008290;5913182687;s;A;YYYY600;95061;Bh;pd;vq;UW;dm;Ew;rr;iz;mx;TB;Sh;CJ;xz;qE;Tf;Vm;V;LFA;E;x;e;O;IyK;w;Oqx;Up;N;e;2009;10;X
680016706;3534030554;I;h;BELB001;53672;bc;PU;tz;il;Xn;MK;pg;SD;Bw;Hm;Ft;PU;TM;PF;lV;Xg;R;CNT;m;x;k;l;tBQ;d;Bgk;Fi;F;e;1962;12;C
140007998;7622442069;f;x;ZZLP025;48190;mi;Xg;cz;Ka;Xi;WW;Oc;iQ;qY;fq;cC;pB;qI;lv;RN;PK;F;pFa;V;q;P;A;Zly;V;GAb;KB;Q;y;1991;09;M
130005721;9846788950;y;k;YYYY015;16442;fQ;CM;Wr;Fm;tM;Jr;Mu;dZ;rN;VU;xC;al;fC;XY;hh;MN;G;Hcf;n;R;O;v;WDm;m;pxG;Lq;i;q;1961;06;M
070000914;7369533427;L;q;DZQM005;60626;bK;PL;BN;Pq;FD;LM;UC;JW;wr;yX;Pt;Bo;zb;cF;Ni;jR;F;iBr;m;R;L;o;sAg;Q;DfA;JU;o;t;1974;06;M
940012685;5472076577;g;Z;GLLD015;81929;kJ;ck;EA;ju;LW;iK;Ox;BJ;zA;CN;Wk;VT;Zz;Wz;gy;XU;f;YKY;i;A;F;e;TOd;c;kPR;ym;v;O;1971;03;C
930028394;4323623562;T;z;JVJF008;65367;WF;VT;xa;tt;Xo;XK;Vb;DJ;PZ;EA;tH;if;EM;lt;JD;xz;k;uHk;M;W;W;a;GqV;m;XML;zF;O;H;1976;03;H
590052767;1062013996;d;u;LCJA003;5459;nV;eo;DY;IC;Ge;jA;mD;wd;Du;Nq;xv;Br;re;As;sZ;tB;P;EWj;X;a;y;d;HMr;x;ZwP;sH;T;I;1997;01;M
350004560;9050757157;E;u;YYYY290;36063;Ot;kp;kT;CZ;tq;EZ;Pz;oY;gY;XX;rv;BA;iu;Rd;Zw;Qs;q;rSl;X;e;h;X;nyM;N;Aof;aM;h;z;1996;09;H
490021631;3927469614;F;y;EPLF002;15430;KT;vQ;Nq;qc;yg;eY;Jf;iS;OY;fD;Vo;HY;Nq;ok;ct;sg;s;krb;a;x;e;i;Zft;Z;GeV;aN;V;g;1966;02;X
590003497;3126071829;i;J;ZZQP004;41764;Bg;yf;hL;SD;Lk;Uw;nV;Cz;aA;DK;tX;TQ;nv;yc;QK;nF;g;dpK;G;M;s;w;rKa;Y;cTB;jX;E;k;1989;08;B
910009992;8212144448;E;h;JVJF008;59291;yr;gG;Vi;JB;cY;lX;KB;JH;XE;hK;pK;tq;TS;el;tR;NI;z;NcV;i;Y;J;q;dpr;c;hQY;QZ;Q;Z;1995;10;I
330794876;9517896370;v;i;JMCA002;77604;dG;sb;Pd;Ey;yI;pt;mK;Lg;nY;uW;GS;CC;PU;ld;qA;TC;i;beJ;j;h;h;h;jiT;Z;ljz;qL;R;M;1972;10;Y
760018978;9074867589;q;c;YYYY600;58908;cT;Kt;vY;At;CL;NF;vy;Wu;NW;SG;cK;IW;YA;vr;mD;bS;H;OdE;o;c;W;q;SCO;s;hPz;bN;C;J;1984;02;Y
910003615;6436299505;F;O;QZJA013;99177;xV;Xu;FH;LM;Zv;sC;HO;CN;og;Dy;zx;OG;Ts;Dl;SN;EZ;a;gdD;i;E;o;J;gqe;N;lQd;eQ;L;Q;1963;12;H
710977836;9326542574;g;u;ACQK001;87819;Lj;dl;vU;lr;wg;lo;Pl;lI;kR;YO;cw;Ef;KR;cc;jS;ze;m;wld;S;z;H;Y;HGT;u;fei;KR;B;o;2009;08;M
350039947;6172139711;E;f;JVJF008;95555;uR;RH;pE;er;zG;da;kX;sq;Xx;tj;rg;ma;CE;mi;ZC;fb;x;hNI;E;r;u;A;VQp;F;gqt;CS;r;g;1971;09;P
620007401;8510261180;d;U;JVJF004;31440;jw;Kg;OX;dW;Ga;Tw;UA;xN;zd;ZZ;gA;Eu;yz;Zk;ec;hO;d;vzu;j;N;v;H;SnW;o;sSi;gU;u;p;1999;12;X
720000660;2405035866;O;y;KCHJ001;48547;Gy;IH;AZ;nC;jN;ME;fL;Yi;tx;PG;bL;Zm;sB;nd;uA;TY;p;qDV;D;y;a;S;bwO;Z;TpT;YB;R;R;1987;05;C
630006674;6822643319;D;r;YYYY001;52840;KV;Hc;ou;al;Wu;gE;CB;BL;HV;YF;AA;Qn;Ap;rY;sy;TB;c;BbR;g;Y;K;O;gxl;C;xlX;pC;v;v;1971;01;P
130025711;1852070574;T;W;NZQK006;81035;Xl;Gm;Kr;wx;Oz;hf;Xq;Gd;pU;go;MQ;LX;pd;ri;rN;SY;D;qty;G;t;W;q;YGh;p;BbP;Ys;J;s;1975;01;H
070784244;7775903937;t;T;NAQK015;28159;oL;jf;BZ;Xw;ZK;cZ;of;Od;uo;Sn;Dq;XS;Zz;sk;Qz;xE;u;YDg;B;N;O;y;mce;n;yTs;jS;f;b;1973;08;C
510013303;9263262408;j;r;ZZQX069;51792;xY;wm;vj;fz;iT;Fk;qW;kA;zk;sr;DY;YZ;Me;Lm;bt;jN;c;luh;o;R;J;F;qCz;y;Zbb;Ni;s;u;1970;10;P
340005461;8985103636;x;U;JVJF004;60174;dD;wL;gW;rv;KD;CO;PQ;XE;ZS;Nh;fa;cV;ic;rY;mM;BK;B;QPW;R;e;j;e;Ath;O;cms;CW;i;T;1980;04;Y
120000021;6848946082;G;E;ZBQK002;3832;Vb;au;rw;dF;KJ;fD;nP;pn;YA;bi;ta;WC;ir;VG;Zj;Zs;G;utE;y;X;e;P;sGS;v;IDC;Fj;Y;d;2007;08;B
520004516;4888262234;c;E;ZZLP025;54117;hk;pF;iM;KP;vl;BI;Wt;eT;Ra;Ie;mg;xm;ZH;za;LB;DU;T;IWk;B;A;G;L;yDs;M;BXw;YW;J;h;1989;07;H
370015224;3439817959;T;e;YYYY600;76304;YM;hb;yn;YZ;qE;xd;rC;WG;Gc;gJ;AO;au;tX;qU;Ee;pv;H;MWS;Y;R;k;g;yWJ;F;bOU;bG;h;Q;1973;10;H
680019528;7379884395;Q;y;DEQP004;29393;ca;Zx;KB;ZE;fE;Zx;gP;Ql;vY;fd;Vc;wK;TL;Er;aM;Hr;U;LZS;v;k;r;n;OOG;F;Rmy;fZ;R;R;2003;04;Y
180002354;7731127790;c;x;HSLD002;96281;ao;au;gG;ck;zU;jQ;my;vq;DX;Cf;yd;EK;OL;tr;sU;Ql;J;ivB;j;s;z;a;HCh;d;AFw;Aj;F;b;1972;03;X
240011908;9323608082;y;n;YYYY072;61393;Uc;cC;Vg;DT;tv;sK;It;Jz;PK;Rm;Qd;ZI;YN;tB;hL;Zb;k;VGT;t;d;r;F;FeX;F;Yai;Yi;c;m;1977;03;I
840003123;1142270872;U;b;YYYY600;72155;Tb;Jg;tU;dU;Aj;Wy;Ea;CJ;XU;Hq;lv;ZU;nm;BO;eG;Kt;T;NIA;A;K;y;Z;WGy;L;dqH;vL;P;r;1963;12;M
800000804;3614410322;Z;B;ZZQM005;50258;es;xL;kG;Yk;eQ;wZ;Vz;xq;Gg;gJ;sP;fl;YI;UQ;Vf;EF;q;dwa;A;s;W;j;AxF;b;nCM;Bz;r;d;1965;07;Y
280004789;4881345480;k;a;ZZQK002;49345;mV;wF;hA;mF;NF;Uu;jf;ww;yT;lc;dA;tK;wW;mz;FN;lO;u;Aif;C;v;H;H;oYg;Q;vWh;FU;J;s;2012;07;X
780001574;4727018786;v;a;BLQP009;36143;lO;HB;Ru;BB;kf;WE;Hy;Yx;De;gZ;YV;ip;YK;Ia;kw;BQ;V;jMg;U;F;Y;B;eun;B;Nla;Mq;p;A;1960;06;I
850001058;2565203087;Z;p;BGPA002;213;Pu;Bu;Xz;nE;zf;mw;lb;pX;Nq;nu;aT;bW;hW;PC;Ka;bA;E;wOR;R;F;Y;s;dfL;H;hkQ;Oh;x;r;1969;07;H
330050832;9223293820;C;L;JVJF004;33165;nL;vu;yk;up;Ll;RF;dv;hq;eQ;kf;ze;Yr;GC;sV;Nd;Io;g;ASn;z;R;n;V;cHg;g;cGF;ZK;u;S;1993;01;X
300013257;3643108352;E;c;EJGA002;31260;hx;LC;Vo;IC;MW;Pz;Vs;je;Rw;Yh;yj;TA;eS;hb;ZY;Pd;h;bjA;R;R;b;z;mGB;Q;PMS;iU;v;P;1984;06;X
130804354;5830004888;J;H;GELD005;14379;rt;mf;qY;tS;uf;cB;jB;vV;at;LX;wK;FA;Hi;Lb;WU;pk;H;iyZ;D;a;k;g;sGV;G;gcd;Hh;U;X;1992;11;Y
560024960;3515202081;R;M;JVJF008;42838;Nz;cI;GC;Pw;nD;bp;tS;zt;mF;Zv;gP;nB;yI;Yb;hx;lq;p;WPc;L;V;t;B;kXm;y;xBi;tz;l;E;2009;01;C
330060328;1549673110;D;o;JVJF008;97170;CM;Dy;QL;in;cq;ly;vn;MT;AZ;XA;Gr;fK;hB;IC;AF;Tq;F;PLb;P;P;r;J;bpA;e;jCZ;gW;D;h;1965;08;H
400008694;7509703623;E;m;GLQP013;72963;Tr;Xr;Bm;SP;kY;Iq;LQ;qG;dn;zJ;Pr;xf;Uq;fz;mJ;PX;l;rYW;h;q;J;q;Nay;i;AJd;vo;U;W;2017;12;P
410004543;2527773150;K;q;DEQP007;43285;xj;hu;TD;uw;gr;Jy;jO;zI;Or;VH;bt;Kg;lu;PH;bO;tV;C;yFI;c;c;p;x;jrz;C;svH;oc;B;n;2013;12;X
340020973;6911474553;U;x;HBQK002;18901;Ag;vi;Vs;Qu;gr;CY;gb;BN;lj;AL;tN;pw;Pj;aa;Bl;yd;S;ivA;e;I;X;J;hJl;w;glG;Ot;A;e;1983;03;I
130036825;6141271470;O;o;GEHD001;95739;gY;lv;ZW;aa;Op;JX;SO;iA;Hn;gP;dR;SI;aL;Ga;fL;hP;p;StO;l;o;d;c;dHI;i;QTT;IO;z;q;1969;10;P
330046459;1346238979;A;h;GAME001;56918;Nb;go;wh;Iq;WN;At;Mi;Ue;SS;uz;Gi;Pa;qu;fF;mE;wY;u;vLx;X;p;u;d;xlI;C;kjY;zK;a;z;1988;10;B
340025477;3281935777;G;P;EBQM001;72535;UI;Hg;uz;Mt;wh;Xj;sH;tT;oM;cD;zP;Fs;Dg;oK;VA;Tq;D;oXc;f;A;t;g;NIj;S;euE;rZ;c;q;1972;12;I
220002497;6069665083;J;e;NEQK010;73758;Rp;rc;zp;BJ;Xg;rn;mb;HQ;wt;lN;zA;sO;NC;kj;en;kV;L;Wkd;n;J;B;v;qvA;D;IAH;yO;C;s;1980;12;M
950011866;1296885190;e;y;ZZNL065;75809;pU;KB;kH;lJ;Xa;Ym;FD;vi;js;Wk;KO;zy;yX;wA;ls;Lj;N;ueK;W;H;L;E;zLd;K;eEI;IB;f;H;1992;04;M
770016640;1666292599;z;R;ZZQP001;89692;mT;wp;sk;Jl;tq;az;XE;dL;ht;Zc;kJ;Kf;Yn;iA;Js;Jj;I;dDL;b;b;D;T;wxB;f;XtI;yD;z;o;1979;12;B
660009010;9086383465;t;t;MEMA005;3668;qb;Rz;xP;QO;yn;bY;tB;ep;Hj;yS;ny;TE;oM;GU;rC;UJ;M;exR;Y;v;C;g;lbZ;S;jka;MP;u;U;1971;12;C
620026500;6421387373;X;W;DEQP007;97640;Se;uZ;KY;UE;PC;CD;MV;GE;Zr;RL;ew;Pz;tf;Qh;HR;op;o;okw;K;K;o;o;VIA;E;WqJ;vP;S;b;2001;07;X
920017837;4159779398;H;R;DEQP003;151;YA;Zx;qc;Rd;VB;hN;pa;oi;LQ;NT;cg;TC;Ud;eN;Xx;GM;F;vIk;c;t;A;P;HIF;T;Ijq;tO;y;R;2004;06;Y
940019235;7623212277;O;Q;NHPA001;28830;fN;No;Yw;lX;IU;oL;zQ;ar;dr;Ay;tX;XD;bh;Ey;iV;SZ;F;pMo;t;j;P;i;ztx;S;TcK;kx;I;w;1960;04;C
110008026;8013448775;w;x;MHMA003;49160;xh;oe;YX;SS;Hn;pz;gG;ov;YC;ZO;hy;qu;OW;pY;Pa;Qq;j;mDL;X;W;x;V;gXU;k;PQq;Tx;F;M;2001;10;B
250009321;4920129341;Y;Q;DEQP003;19011;EV;DQ;GS;fE;LA;SK;Dz;ms;CL;Sg;vO;Jl;bo;Xp;fW;nJ;b;Ekf;z;W;G;G;AZO;z;FIi;MP;E;v;1992;08;P
620009217;8931420792;A;Q;ZZQX069;8624;kX;XY;lH;NG;cJ;kg;hB;ie;fV;vs;GM;Aj;Zo;oS;jR;dE;S;aRZ;m;q;n;H;DNU;F;pVl;ku;r;Q;1990;05;C
830002663;7717363574;K;s;HMFC004;81243;iF;Ty;Jz;Rw;kB;Sv;zj;GM;aI;qe;wb;Hu;JN;MS;Hb;PE;y;XVJ;r;Y;Z;j;rtt;u;QDl;im;M;Y;2005;05;Y
940023401;3302403634;d;D;ACQJ002;93421;Rv;Ba;Ty;kt;Tu;lG;NF;NZ;VM;bh;nn;uD;OO;lU;NU;Tx;N;qNW;d;K;C;m;TgI;x;XIA;gH;f;i;1969;05;P
900000472;6074991617;M;r;QZHA001;96469;ml;Dq;UL;rS;ah;kv;mc;oh;JT;Yh;KF;aS;CK;cZ;qj;WN;o;KLE;y;q;p;R;DSP;Y;PnQ;qK;Q;Z;1988;03;C
120004486;6175281581;X;W;JCCA011;29270;pZ;Dx;Wm;Wv;Pu;yN;wN;SV;kL;bh;yg;GF;Hm;gv;PW;MR;n;bMW;b;K;R;K;gLq;U;vRj;Ag;R;j;1980;06;M
360002273;1015585192;l;z;CDQP009;14220;cO;yy;yu;yy;js;aU;lm;WG;Je;UI;TH;Nu;iu;qW;nB;OD;k;yZW;E;w;s;k;Uvt;K;tIE;RN;G;r;1993;04;B
500001896;1005844575;Q;q;GELD005;89926;ve;qU;rh;Lp;ip;qd;BX;KB;Ov;cs;ou;Vq;zh;gW;LE;lg;L;iRT;L;x;R;J;vGl;N;PgK;Jo;T;Z;1992;12;B
330041922;2678860059;f;S;DEQP003;13940;Hb;MF;Er;UC;RY;XE;an;Le;DT;BQ;fe;Ku;lt;WG;gk;Gy;J;dZk;w;N;B;M;xyp;b;PTX;qX;V;W;1962;08;M
620002493;6351038601;j;z;FELF011;48376;Gl;jw;De;Gj;tc;Nt;hX;jW;qP;SF;DZ;LD;Sz;vI;rw;mA;Y;reJ;L;r;J;d;ftT;b;Hey;IV;D;o;2007;07;C
010012144;2742532728;w;V;GLMP001;19761;gu;oS;AJ;Wn;mv;eb;gi;sr;XT;bZ;rS;hV;Gc;gN;vr;gh;f;Wzm;D;R;L;Z;SrJ;N;Yfq;Ac;h;s;1967;09;H
120002787;5827438859;n;h;ZZQX162;1327;Ld;IU;Kq;Cj;Fj;Xe;oe;IP;Ed;zh;Cn;Hi;fQ;av;WA;nY;e;Jve;W;m;v;K;JKl;E;Ipj;SY;t;C;2003;02;I
350013033;2847540540;e;c;EBQM001;65143;Vo;ei;ie;QU;ks;Zk;Cy;oY;Dd;Qd;Xb;Uh;YY;FK;dq;Su;C;EUU;o;E;E;k;xfA;R;gcX;un;t;y;1986;11;X
920016821;9412612009;S;g;DEQP004;49653;LH;CR;yp;rz;ap;ZL;qv;JA;Qg;qU;Sw;pY;Xv;pp;Jn;AH;S;APd;y;T;r;y;zdN;p;HzZ;uv;z;I;1979;10;B
680002748;8983772211;U;B;GLLD015;21563;VF;yW;av;LC;OZ;rD;fP;Bp;aT;uq;RB;Kk;Mv;Ep;dI;La;n;tIg;o;h;u;v;GPW;Y;RvX;SR;R;j;1972;12;Y
060003274;8945140966;n;X;HKPA007;23425;SM;Aq;Gp;Ka;zU;Nf;bh;tX;EM;Lo;jZ;mD;QO;et;Dw;qr;T;UCe;p;q;I;w;wfE;Z;lmM;nf;c;e;1989;09;X
880007232;6632726682;G;G;JKND003;97758;DN;AZ;EF;VS;kb;QF;Op;Uq;lp;PZ;NA;Wf;Lv;Gd;ud;Qd;J;SDb;x;a;D;m;zDa;c;yvJ;Uu;U;u;1963;06;X
770008118;7747882218;c;a;EQQP011;51515;cW;Jk;CS;Hz;Cj;kO;Un;DR;RX;WV;Yh;XJ;Os;VJ;Fo;yA;o;tUn;N;l;I;j;PqR;N;pdW;Bo;v;n;1968;09;H
380012427;1606100828;u;V;JVJF004;81220;nB;IT;Kf;Hb;xD;CV;xj;xZ;Em;wM;cX;yC;ui;Dc;qz;xx;q;iCI;x;h;F;K;eTN;U;QDI;xs;y;y;1961;06;M
600011092;4284880818;a;H;JVJF008;72869;km;YX;eS;xb;do;wP;vj;jK;qn;eO;nz;AN;Eg;Ja;Gz;jm;W;iWU;I;W;H;y;CcA;u;vBP;FE;q;L;2015;04;H
870014800;3801213555;Z;B;HEQE002;9404;UF;jI;Mj;pD;Et;pb;TV;VH;IC;pG;hN;za;pG;eP;lV;qH;v;zOK;N;A;h;o;IRp;a;DKu;bm;d;c;2008;02;I
630003911;5501711260;e;p;ZZLP025;57267;Ad;FN;bo;pA;hW;oh;Yn;we;TE;BZ;TS;Bt;NF;Tv;kJ;hH;l;Xxi;c;X;s;E;zUy;t;IzP;BC;M;F;2010;02;X
670015882;8644228853;r;l;DFQL001;87344;hi;rW;sH;tk;ii;Ow;pp;qt;aP;Ha;ei;jy;fJ;UG;lT;DN;I;kkv;s;q;r;n;ANA;D;uOc;Ix;P;E;2009;11;B
840016810;4106555613;h;p;ACQN001;78021;In;zB;Fp;VK;sE;fQ;Gn;RO;Sr;GE;yA;CE;Hz;mX;aC;Pm;Z;qPy;y;D;J;C;JbN;U;krX;zm;u;z;1993;09;I
640792248;4599488734;c;h;JMCA002;61567;ze;lx;tD;Mj;Kq;px;rc;hi;eH;aT;WU;FS;ny;yV;rr;aL;m;dog;u;M;g;W;til;N;Ial;PD;t;S;1996;05;X
640797395;9226209687;o;x;ZZNL051;39897;pR;AT;al;cz;GO;kB;oH;iT;Ci;tv;cc;kP;ZT;Xa;kk;dN;B;rOB;B;g;W;O;VVw;e;LgF;yB;u;D;1969;04;X
750033243;3398775565;j;j;JVJF008;23205;ke;oy;hS;Ga;SW;tG;xk;qh;tA;sg;WH;bx;fG;qk;bo;CB;i;qDU;c;g;p;C;eGA;u;Qws;oH;J;K;2012;12;X
510020704;7522166405;f;u;ZBQK002;6571;KP;DX;VN;jQ;Nz;Tm;dC;Ap;yF;YV;TU;Dp;ma;KC;KU;ef;o;WjZ;R;j;o;F;SWX;Q;sYB;xb;A;V;1989;09;M
620021618;4161850460;O;B;YYYY015;69131;CJ;ky;Sr;IO;PB;Gh;hj;WU;xQ;Or;gR;Um;Jb;ia;FK;jM;Y;giT;X;N;u;e;oxR;L;TpK;gF;Q;p;1960;07;C
640002713;3469012982;k;c;DEQP005;60404;zp;TG;jt;Zm;DG;pA;Gx;sr;ha;nC;lj;kI;lW;Sk;Gg;OP;o;pXZ;x;g;F;f;nnB;A;IJg;eC;j;k;1994;01;C
420008203;4888468417;y;V;NJPA029;36821;DC;sd;lQ;cg;ow;iJ;WM;yk;sJ;gg;Bt;VM;TN;oP;oD;oe;l;lNO;d;K;K;b;KVn;S;qyf;tk;c;I;1989;04;I
920025087;5917813236;r;l;JVJF004;64950;eA;SA;BT;ZP;jc;cb;Qr;Ia;mT;FP;FG;oZ;ye;pO;Ae;sV;y;qGZ;i;m;Y;L;ZjH;x;DZs;YS;k;D;1968;07;A
420010365;6332361380;k;L;DEQP007;23575;CG;aC;lQ;XS;XW;bj;nk;vI;LH;yq;gy;YP;Zt;YY;CL;PK;b;PNQ;c;A;A;H;pIv;S;Zex;GH;o;T;1980;01;M
690020490;9308934026;K;y;YYYY290;72630;Lu;NL;QU;iI;mt;aL;zh;Wd;NE;hK;rY;zm;rO;DL;KX;Gr;l;Hrj;n;a;O;d;huT;J;jBS;CO;j;I;1996;05;B
580003614;2257029036;h;m;JVJF008;1112;dc;Ng;me;Oy;qW;bY;LO;in;NG;SI;NN;zJ;VC;eN;fG;eL;V;yHZ;m;U;J;c;gwi;o;DJd;uc;I;B;1970;11;M
230003675;1893226104;U;w;ZCQK004;44605;oc;AK;SJ;yA;Ue;wG;tS;GE;SK;EV;fQ;sZ;Pp;rT;kz;RR;u;hPb;T;N;v;j;EIc;y;aYT;Ia;Q;J;1962;11;I
740785605;5208698518;C;d;AFLB010;34783;Qi;KB;cy;Ua;MU;Dw;vb;jk;wF;cu;KA;xk;In;LX;ME;kj;s;hEl;A;b;G;W;mkL;v;Qew;ml;R;T;1974;10;M
770006617;4807040524;U;L;HEQE002;93514;Rl;YB;IL;bZ;Xo;dG;nI;Yb;fW;SD;GX;Pb;kf;Qz;QA;Xy;l;pZg;J;K;w;M;YAJ;f;QiI;bB;f;t;1998;10;B
030005334;1604370573;f;k;DEQP003;39283;Pc;oY;xB;KU;pt;pc;YJ;hf;Vx;PS;bq;Ra;NB;xh;Od;Hj;w;XoB;s;K;z;w;Epr;A;RSx;gn;J;P;1990;10;P
300009222;6726246217;m;f;GLQP012;35324;BP;oH;Pz;YC;tw;tr;uX;hP;lh;Ir;XX;aK;nK;iF;Fn;qV;y;Fnb;d;n;r;W;LSb;U;gbW;Xc;o;c;2005;08;I
800011041;4020202063;s;c;JQQP001;35609;wx;ee;YH;Au;Zl;pt;Vl;Sg;Kd;CA;Yk;ZZ;Li;bD;ml;wj;P;jBu;K;e;S;y;aml;E;QSq;gE;n;Z;2002;07;A
330795139;6214988177;r;Z;JVJF004;75147;Tv;Et;oz;XP;pk;tR;QA;KS;GD;Oz;gf;Gl;Jy;YN;zz;pU;a;Tom;j;Z;o;m;vvC;f;zLm;Px;Q;y;1986;08;X
540025285;9790427864;t;l;JVJF008;28127;Hf;wG;al;By;zk;FN;xw;oc;sV;vD;wJ;KZ;RR;LP;Hj;qY;T;VwH;V;c;w;x;nKs;C;ASn;is;O;S;2005;10;H
750060238;7041395596;u;i;ZCQM005;24663;Nf;Cn;bC;fx;Wy;pq;Hj;As;fu;VX;Cs;CJ;Yg;jk;hU;AS;S;VVz;m;D;I;g;uKM;D;CYQ;qt;g;T;1971;11;Y
380000802;7290968894;A;d;HMFC004;33388;Gm;Al;au;YU;RU;rH;va;DE;kp;oh;zR;hB;Vj;by;KZ;LX;c;hhl;r;P;U;s;TBk;M;TaP;Bm;E;J;1986;07;B
060026069;8213277794;y;b;CCCA002;62532;Mg;JF;Zu;jj;bI;vK;Zj;mV;Ym;LC;Xf;sG;cu;ci;kw;pE;n;Yjd;F;S;v;k;ZJY;h;HCW;Yb;Y;F;1977;08;A
440010668;1813030111;C;m;JVJF004;12294;xa;kC;Vq;Nw;zW;Fr;xF;xj;YC;zU;kk;Ol;ri;Kz;Id;wa;c;CjV;O;b;o;g;gRS;Y;OlQ;Xx;g;i;1986;02;B
700002900;4884653198;D;H;JVJF008;29698;RG;hD;OQ;lt;HM;vu;Vc;Os;In;iT;mx;si;zU;OR;Km;qZ;O;AyQ;y;e;d;v;SyV;n;QRC;BK;Q;C;1985;10;H
720022169;5821109074;i;Z;JVJF008;80098;WG;wJ;wB;Yw;TX;ZC;rE;er;Nf;eL;Jy;Ry;Qg;hx;cq;GO;C;iVf;S;o;G;w;FaP;u;HVH;HZ;u;M;1973;03;X
850006115;2372488729;j;z;MDCB003;31689;fn;kt;wl;sJ;IA;Ad;LV;Kw;GW;Bg;bC;du;zD;Ek;NY;VM;V;VGj;S;m;c;j;CBn;a;JNC;iW;e;S;1966;07;B
750035891;6261318422;j;F;JVJF008;63783;Kt;Hl;OM;gJ;NX;Gt;bv;ea;fU;cc;DA;LX;Js;Ug;Mq;VE;F;oma;Q;Z;M;G;njp;N;sXu;Ts;W;q;2016;05;A
060002474;1134284649;U;m;ZCQK003;92530;CS;xZ;eF;cY;gV;NA;ST;gT;lX;Ud;Br;Lo;tv;TE;hr;hw;A;Qds;o;Y;f;a;iwY;T;vfe;hb;U;t;1982;09;B
850019092;8152021205;w;k;JVJF004;66154;jJ;MP;tz;bw;tb;ur;MH;KY;uJ;cN;wi;Me;Rj;iX;wo;zm;o;Npc;k;V;l;H;ODv;x;SJq;Cb;Y;H;1964;12;I
510001035;8206706176;Q;d;ZZNL054;29678;ar;Tu;Hx;ro;ea;mt;Vq;Jf;PS;iP;GK;FR;Rl;JS;id;RF;M;JYZ;y;Y;M;C;GlW;m;Mhj;vr;H;H;2000;12;C
630000701;8632201551;i;o;JVJF008;29145;vw;Nu;xK;nE;kn;Rs;nI;eA;xG;EX;ib;zW;DC;VY;Qh;Kf;E;GBT;Q;O;n;v;nBr;v;WLN;uE;x;d;2002;03;M
950009415;6392135929;Y;u;AMQP012;63186;nx;pf;Kx;am;tH;FW;kR;BO;fi;od;um;eC;hy;ls;ud;XL;l;fmf;e;m;z;j;yZH;x;tHm;He;j;i;2012;05;I
