ETA_NUM;SEQ_NUM;AGE_ANN;BDI_COD;BDI_DEP;COD_CIV;COD_SEX;CTR_TYP;ETA_NUM_GEO;EXO_TM;FIDES_TOP;GES_COD;HON_AM_MNR;HON_MNT;HON_OC_MNR;NAT_ASS;NOE_RGM;NON_SEJ_FAC_AM;NUM_DAT_AT;NUM_FAC;OPE_NAT;ORG_CPL_NUM;PAS_OC_MNT;PAT_CMU;PH_AMO_MNR;PH_BRM;PH_MNT;PH_OC_MNR;PS_IND;RNG_BEN;RNG_NAI;RSF_TYP;SEJ_FAC_AM;SOR_ANN;SOR_MOI;TYP_ART;DAT_RET;NIR_ANO_17;NIAS_RET;SEX_RET;NIR_RET;COD_PEC
810008276;LsGknJYj;637;zRmVf;to;I;9;fs;000000000;L;False;oI;74123922;96913986;55732758;vP;gl;u;viSzlffWl;bIA;p;uDZLrznuvf;53392108;E;58741528;17964717;30372020;38426308;a;Ksp;L;c;I;2018;11;P;False;MRPydgiDhWxpvgTrq;True;False;False;j
390783637;eMiOFCLO;147;GReJG;kG;U;0;rs;000000000;R;False;ni;21610437;80361024;95223687;qw;zx;R;zwmyQRDLS;BjY;d;NHVDIjrzyv;74177788;u;88124190;75867753;33016441;39713527;S;zYW;m;j;F;1975;01;M;False;hSMWvyXqWGyUJGfHz;False;True;False;z
780808853;pOeGDFtF;142;rUmJu;BN;H;1;Qd;780017208;Y;True;nX;47280909;40519930;81495646;GU;WB;k;wNfWtKwjT;XVA;Q;RxwDronKdm;46531642;o;4360321;72415920;84584500;44929397;o;tsg;k;X;y;1963;07;Y;True;tIHyadOsQuOLUOtdK;True;False;False;V
800009276;dbOSTTUA;21;ZkUZv;JW;n;9;Xc;000000000;u;True;IW;63634482;22740036;31325836;Ff;zz;I;yoGDWwGCN;AJX;w;wMPDMRwFAC;75049898;O;76117035;14890853;8226706;28664224;k;jhw;w;m;I;1972;12;X;True;WuukPqIyXDLEjQhqv;False;True;True;H
920021011;yPTcsBnt;16;aSTCa;Ev;b;2;NT;000000000;O;True;KR;37617911;10327965;24346001;pO;jv;Y;OVQfBsyHe;zpc;l;RnwOebKtwP;91616742;s;67352855;1391636;2200428;65241243;Z;kWG;A;I;L;2001;03;P;False;kPssIyukNZPhqTGtb;False;False;False;E
540012226;SlIOzpYZ;913;sRDzm;Sm;C;2;xe;000000000;i;True;Tx;45445216;32797304;97978160;Wy;ny;J;LqEyBpOiv;ejV;r;sUNrFgvlJv;54831701;W;88780632;50093910;25656309;25273454;T;OAs;Q;k;g;1993;04;X;False;aDSQqWCgZgJMFUGBY;False;True;False;K
620110676;fgYZjbJq;17;tRhaI;EL;m;0;KZ;620024737;F;False;GU;16945705;96805542;87637739;pQ;nt;Z;OQHiKCBtA;rWG;t;egEwuOnQdB;4911297;e;45641905;84273709;39961471;28539897;I;chK;p;u;v;1987;06;C;False;zVHKJjfQVkAfZrjLc;True;True;True;S
300000908;JeMhYuJO;922;Bjrpx;Ip;Q;1;YX;000000000;O;False;Gc;21991890;93747256;49901374;XQ;cm;E;yqOGoxeYG;jYm;o;UxqNrzqaUz;13667123;r;73355829;58855044;64841256;18299181;P;joO;C;O;e;1982;01;C;True;PbocijGTQpCTdvkkw;True;False;True;Z
570016337;wIRcNsPM;436;DgnJt;EW;R;2;ws;000000000;W;False;ls;57922153;99635121;23088534;gd;Ma;v;KGHlzMPhk;KRh;B;lTjYIVCMZn;794561;b;5420889;82796581;84139818;37569047;M;OTV;F;H;B;2004;02;P;False;eVouWytTEYtuSANnF;True;True;True;X
180005878;riikjXms;426;DdLvl;gy;i;1;UA;000000000;n;False;dM;4428453;76700017;57254482;Jz;Ha;E;fPAuGcAEV;ayr;h;QkFzSkbGdD;96783074;z;45335055;37776459;64176382;38758844;S;jTu;p;R;h;1963;05;Y;True;RSHMKpyapxGTZtlRK;False;False;True;h
920014438;HYQLCoQT;19;zyZFS;we;M;2;vm;000000000;g;False;ra;80667816;55067500;83292625;hl;CQ;j;GqDppdBSv;dxq;I;CvANXkedLw;78627584;Q;65969715;48733024;5087490;15663794;y;FQt;N;P;V;1999;09;M;False;ajCREqaBasgTUpWQO;False;False;False;u
480001247;TdsRjcnC;970;keSVd;sT;l;2;bI;000000000;T;False;fz;14231280;97230721;75801248;om;VH;R;AZJcptUxp;ftR;t;tlZohxjCDe;81669841;I;42557396;40605244;96619988;64562565;t;Xwd;R;M;k;2000;07;A;False;JBMTeDsWyKWNAsFae;False;False;True;E
880002415;JXGyVySS;801;MirbY;fF;g;2;va;000000000;h;False;KZ;96552432;58828212;16436659;ob;JZ;D;OIhcfSFlb;gym;b;XXsbFDeHoM;28904505;x;48343219;5757105;27699607;93165030;C;kAl;J;L;h;1977;02;Y;False;bkKeZjDRUsLtcnmBU;True;False;False;s
130000383;uualNGnj;2;kvomE;je;a;2;SZ;000000000;e;False;sT;52972658;43272810;16883256;SM;PI;b;MtrIoOJUS;Nsk;H;seJMjdNAcd;35929778;y;86333178;58594702;91875830;32034734;j;gaJ;z;g;f;1976;02;X;False;GOvnfyDLSnrlSfRcj;False;False;False;M
640010773;UahkNmyN;39;MgnIG;up;e;0;Mu;000000000;X;False;Hk;13915672;84525093;60992934;HJ;KX;c;hWcytJcIy;POR;h;JDpRoOJViK;36573242;h;4133261;71908115;299421;31868134;a;uSD;q;X;h;1979;04;Y;False;caqMhMBLEXvCylTNX;True;True;True;o
310018759;wsLQkUHh;437;SWrVp;xw;s;2;xe;000000000;c;False;vo;91673024;67151532;64292520;yy;Jr;V;hTmDHgDkA;RJF;O;NZERRLyqNZ;39902556;P;16520880;34897389;53173653;47155605;y;MYm;b;r;E;1980;12;M;False;zQBlxHkwoATzYejYz;True;True;True;F
860013507;NJEEihIS;179;DUmqB;ck;B;2;ZY;000000000;x;False;eG;77873371;46000952;3919145;zd;Zr;D;cbBiTOShU;Efi;e;MhlmwPSvwP;58421943;D;43789571;30582482;24871550;17618083;d;oft;z;S;b;2005;12;X;True;pKGGpfxkiPSofOXMz;True;True;False;R
330006578;DMAfvsJi;285;VoHfP;tB;d;0;Dl;000000000;h;True;xZ;62858689;30782240;37732059;UW;nY;p;tBTmLEvAw;aNp;d;vDEQvKHJvM;52628236;e;41782911;27086173;77915521;58625778;Z;eFX;M;S;k;1960;08;P;False;KOIGdtThBAdAsEwWp;False;True;False;q
970212320;wGgedlkE;217;rgGoH;sM;C;9;ep;000000000;N;False;Aw;55631308;93858078;75088504;WJ;FM;n;ZeHQqwdms;AMQ;B;xTSvmbilJE;8354515;E;71246388;46521404;5442128;87286302;t;qCa;Q;Y;X;1968;04;B;False;VbbqnkXDgvzFudtJU;False;True;False;h
110008828;rlJUCsTJ;546;uLvvb;Do;l;0;st;000000000;M;True;gR;63230544;7084811;62448050;Od;Qi;F;YQxMoOcWs;jql;U;rqbiPlOUnt;91613285;m;31584295;97755183;2073920;95632183;M;uvo;Q;C;t;1960;08;X;False;SIplFSFuEadAYWNmh;True;False;False;H
010002004;BfUxXQzi;245;pkeda;rh;H;1;ym;000000000;h;False;oa;30873706;81731937;65428464;Xq;yL;d;CXZevUNUv;HXC;w;zgGtCstpKR;29705606;c;48429523;11786541;77849637;45131393;d;nAx;O;P;g;1993;12;P;False;ttwXieoILHRpGjquT;False;False;True;w
850027582;rZzrVdgD;547;bqqNk;Va;s;1;Xq;850008939;U;False;Sq;20240499;69630909;58425357;AA;Ex;t;BJAHIaJnd;qJS;u;kPaWippcYu;8785889;h;72428366;9491580;29743007;7896482;n;MQR;v;H;k;1972;11;H;False;jpsopPFRACHQQjNyd;False;False;True;z
380005595;vabaGlHK;897;tyVWT;AV;x;2;Qr;000000000;R;False;Ar;30014751;49388264;30499327;Db;pa;J;TKaESnFqz;TuK;a;dcyVmTmZAR;10733023;s;16721018;12480303;82642537;74405001;A;fpD;c;d;R;1960;02;I;True;DBVnVIpaXRZMNwOgm;True;True;True;v
850025958;gWhyQWED;880;SAbug;SV;f;2;bI;000000000;G;True;he;97856688;74177244;70312979;ku;Pk;M;HnwSPZaZs;VqQ;A;nEAyvklJNG;59432917;V;32428183;84213153;27231632;24001688;k;gDf;n;d;V;2001;03;P;True;efvEVYZyJcVKdOvdw;True;True;True;A
750053126;hjIhYYLp;30;iJnfD;fK;C;0;iA;000000000;N;True;Ui;16234624;61614132;4746339;xy;xs;J;OHhxcvcEu;Qks;q;bINgXkINuW;74519681;p;66901661;1756932;19150441;86345245;Y;hpu;e;x;W;2015;01;A;True;nSzUjgggdRPTlbuLA;False;True;False;R
240006478;aFvBETLs;438;VIdYl;cP;A;0;kG;240000547;W;True;pb;28838706;55481579;37995378;OM;lL;d;rebypdyvW;SoQ;X;xXfbYmivCf;89820287;R;81669878;83175667;45529832;98197942;o;Nyg;O;i;U;1982;05;I;False;RKwfpfcfjNRjibEQp;False;False;False;z
740001086;rprPcUFn;840;CEacL;iQ;D;0;sA;000000000;b;False;gp;19673741;98147165;74425675;Eu;aK;m;pXVjNGCza;dBj;V;qplhsCkqHK;30089219;l;80595692;24603438;27074180;81262156;F;HQS;D;A;y;1986;10;B;False;bcKOWeBJAFftOvlwg;False;True;True;K
620006973;wGmpuTED;913;sGhtH;kI;U;2;jW;000000000;r;True;wz;30372185;45547273;18794844;fN;YJ;m;BJYxLSFOZ;bhQ;V;guYvCerVIb;84112905;J;25909998;831025;79064793;85587902;b;WMa;v;Y;b;1963;12;A;False;rqAqFGbNFVEVoAsKj;True;True;True;U
440025104;ISYPrMzY;799;JaitS;oD;X;0;Uq;000000000;n;False;dp;7042180;89350256;51691827;ID;hE;r;XwuMaasZC;sBY;p;kDuAzobiWc;57979780;O;54421514;97287202;33315162;69057408;I;qTB;p;A;j;2008;11;A;False;lUXROLjPuyRgAYjAb;False;False;False;A
350012456;EaMeAxQR;629;NFSWf;Mu;T;2;tF;350007019;H;False;xz;75297966;85918791;49409631;aX;vd;r;HJTbmsZEN;AKF;r;uKhSLDlGKx;5871463;n;63371815;99324697;38618809;33515601;h;ilc;x;M;o;2014;03;H;True;eHMfZBkpAoRloUMcW;False;False;False;Q
640795613;HcauhTZr;688;minMr;pg;d;2;bZ;000000000;t;True;vR;42882795;95550778;36211263;yv;mw;p;EpZMRkVPc;VDO;g;erGOiPrVit;9576171;X;66536029;98991792;65848431;3762270;Q;kby;V;q;p;1997;04;A;True;wHLwHFGNJrohQjXTz;True;True;False;E
840009559;YKPhtoxV;697;WJaby;YR;F;9;xV;000000000;Q;True;hs;62271366;91765061;61054848;md;vt;s;cZFFsOUeR;HZN;b;LnrlPVsYET;17804540;U;23142032;45397475;87627983;58027195;h;NPd;v;y;G;2000;08;C;True;jKIftReQbHaOfBFtg;False;False;False;Z
720019447;CkWAGPaX;415;VfQFW;KW;x;0;zY;000000000;x;True;ns;91252690;70136535;93727503;NN;xH;o;XZditKQAO;uYU;D;jjyagEZweN;77011102;v;6368185;91549145;26226844;80339175;Q;xis;A;B;M;2000;06;X;True;SJtgiNxcOPYNzvxBe;True;False;False;U
310025192;FRQuNxWq;712;CmCQS;ef;w;2;mA;000000000;w;True;BI;26748898;98766446;34468552;uE;hR;d;UCSjLzMsg;SKp;a;hvjGzmHLIN;35148914;B;37284089;38569132;92779833;32864197;v;TpB;Z;u;v;1988;03;H;True;apiFtLRNGHlYqmOpQ;False;False;False;J
440008639;KWNEDjUL;171;wWTzW;rA;m;2;iS;000000000;D;False;vl;64830762;3822921;55344593;uM;WF;e;fFImtiFjk;bbK;W;MgcHoRqXuc;13255923;z;95479979;48492896;88775923;75229442;L;xjl;Y;g;O;1997;08;B;False;bznmYBjEZHhYGMeHI;True;True;True;k
390005809;kucFCPug;947;RJdBa;Ue;q;2;Ip;000000000;S;False;xD;44581680;15625491;22240502;iA;fg;x;NGePGitVv;Rpw;K;BYuoQTgDds;80076879;d;28471633;84880604;61150356;66714762;b;PwE;p;n;P;1968;08;I;False;EgzjSticdQpuEZnUS;False;False;True;S
920005683;YtPJBlRC;953;PqDCo;bl;y;1;Rz;000000000;v;True;FY;77630323;756520;81664053;vQ;gJ;H;aNexmAYcT;UPe;d;dDiLvofqIB;17661948;a;64782362;88726316;36854426;97554214;L;OhU;h;B;T;1969;03;M;True;UUmeUztGzNIqGMBVD;False;True;False;x
400001939;pHJeDyzt;632;XzSsD;oR;m;1;iO;000000000;F;False;GZ;88918359;57515614;64617601;oJ;UD;T;feCmiIgDZ;GDO;p;cANyOMUXEc;88578447;k;10954898;12067800;80163463;60013190;W;aXE;y;z;A;1984;09;M;False;ylNWHYgcdfpakrJuw;True;False;True;B
130022627;Jjotijee;998;gNCRz;ug;P;0;Pu;000000000;Z;True;Di;15298826;69531982;62684370;IP;Qs;m;KdPWDxjaz;BeE;o;BRctihrVpc;40930448;H;70222844;3724670;17310888;30232333;B;hEo;N;O;E;1985;01;B;False;ipSAdKaFypgmKicZI;True;False;False;m
350000709;EDqTnjTN;162;gRTMw;Cd;F;1;ME;000000000;C;True;cE;30630634;83997968;94147727;JT;VC;H;KbTGRaLDk;mMF;W;fHPYifKCyD;92213105;J;20163325;92885951;48943408;4782476;j;TCY;V;K;k;1961;10;X;False;vMpoHgIasNMTiCuJB;True;True;False;L
050008390;wWeJSmfL;73;TtDlI;Ra;x;1;pn;000000000;v;True;gh;53611919;1307966;27350457;Ys;xV;R;kcCiFTcoB;rrL;H;YskZfMutKS;52770946;b;47402983;58205850;35625140;91309089;h;bOG;b;m;l;2013;09;C;True;pbdvnsGERrdxZAIVF;False;True;True;n
400002671;MLLsRfvQ;194;XZJKn;XD;o;1;at;000000000;j;True;Dq;95631660;29438112;77537061;GQ;ek;V;RBTxHogJN;Vzp;j;smcsSAXeiZ;63448240;P;35484329;90540447;59699925;65314972;x;XhP;l;I;e;1992;08;P;False;DikXMtjIeLfQzIyWF;True;True;False;A
810006577;hWvlLUmN;537;fCJik;kU;u;2;CM;000000000;i;False;vA;74988668;48485758;32949672;Mf;cU;p;NRQOstjTC;Ysv;x;OBPaYsQGFh;14583936;v;54649684;47407846;70231828;78884442;O;jNf;v;q;a;2018;01;H;False;LcCzgUGSzQyMcadns;True;False;True;Y
920035714;OmOFSgdM;794;ZbwMc;Ew;Q;9;hk;000000000;Z;False;Fl;65883861;95727906;29649366;cn;Uc;q;ofHvVJTdZ;eEQ;m;BYFZvzKvUO;80803820;M;23780853;68497907;40252787;58867234;W;xMw;C;a;M;1994;11;A;True;GDExbLuUkQKtPbVwo;False;False;True;y
380010793;lcTpfsZV;990;Gzhno;eD;A;0;sp;000000000;b;False;OH;81942382;46246191;29314693;iV;YS;O;YNMDuiBYK;qoZ;y;mKiLmiGlyY;36731999;P;58166182;80205166;92507465;35069031;Y;LrC;B;J;h;1974;08;P;False;BUxjVRwrwLPrplyJS;True;False;False;Q
620003921;VMoSjgvD;429;VdtWj;vB;B;0;KW;000000000;x;True;Ba;46157848;91618691;91865829;xE;Zn;W;LVyOdvzHT;EJg;k;lgDpezfMtw;22198962;J;55200883;72258976;71318403;42797959;B;MzF;Y;w;q;1989;02;H;True;jYEtyAsQowhQpJKKy;False;False;True;B
560021966;ayPHNwyJ;293;JtXfA;XJ;V;9;VV;000000000;e;False;YJ;47496670;95264895;55192816;MN;kE;v;NHKIRpcKH;UrI;y;lrrhTMeTnd;66438128;y;63914282;13864660;60531778;58876586;B;WMC;Z;I;M;2005;08;X;True;eLijbnACfKgcLGhJQ;False;True;True;a
400002572;bAxobeMx;551;CelxJ;eh;O;9;cK;000000000;W;True;Tc;13223782;28626359;59981687;nz;uB;f;rhWOcOOqy;Xsc;U;ZLSnsdlPxP;96899600;b;92645041;52159956;25909480;35964496;X;luS;m;e;S;2007;04;B;False;jCRRaeYTTfSGyeXDN;False;False;True;n
2B0003685;SfQkCODP;83;FhatW;DW;Q;9;rM;2B0000350;R;True;ua;37200198;96400204;77081660;bb;LU;O;LbqpMbKFj;klI;q;zhbYIuPcUa;56199973;r;2953043;12872950;19163346;19074256;T;pbZ;i;h;R;2012;03;M;True;qpjBoDPVFekHNkoMx;True;False;True;O
220009500;LGeHPqUe;230;oRXBZ;by;f;1;Jr;000000000;I;True;UO;58556793;32944396;5583302;YC;ik;g;WHsjAIZyr;EmE;j;RmOANdhKXk;6235719;q;28714101;49390882;69747894;91192321;t;itV;c;U;p;1976;03;M;False;mQwGtjhBrbZIhrELa;False;False;True;o
750002982;egvIaifd;138;YcPDf;rJ;p;1;Pl;000000000;i;True;IO;31160609;63732271;2523025;KN;JF;H;uxheddIqm;Thw;N;KyiLzVQhGT;55724596;l;96467345;51108864;4688636;26169400;y;eaf;U;J;w;1971;08;X;False;PeSxnmikTQRzIFGEa;False;True;True;e
220021711;OYEnEwpr;878;OotFM;EM;h;2;IU;000000000;R;False;Fv;15507980;19061683;21025441;Xc;Pu;j;oiQRuEHdX;KfR;O;BzPFeiYPql;32433203;C;24455700;18671354;31963407;73960853;C;bIS;d;h;L;1970;03;Y;True;YaYJOXSNyqcLuuSfo;True;True;False;N
030003487;cdHflYVd;55;NphDE;XX;o;2;fj;000000000;V;False;HX;37784317;54551666;27438786;Fd;eu;T;UJaFZYRey;IlE;X;dfzzIuRktK;50958513;n;88970830;8193356;68317839;90732094;Q;iCq;z;u;d;2001;10;A;True;ZAZhGbVdFKjevnKSL;True;True;True;s
920019833;LGhjDnbd;486;LftgZ;cV;J;9;xp;000000000;i;True;ds;14651193;18491597;28103407;lW;Xu;m;aBNmNinUv;Byd;I;rLSEOiifDI;47076157;j;90363520;70258118;80543520;62245821;f;Ons;Y;u;F;1974;05;X;True;cRJOWsnudpIvCzifG;True;True;True;m
370010985;SwGYbYgC;607;WKscX;CW;n;1;pH;000000000;Q;False;Lc;14465389;62973755;32607262;LY;eK;k;jwjABHnSj;VTS;L;hFdysosniR;75007979;g;82755919;35771860;60367444;99679770;s;XLs;J;D;X;1981;09;A;True;xQCbZzVHiYOAaXPHO;True;False;False;e
580006492;yOkMxhuR;577;pbMQU;iu;T;0;vg;000000000;F;True;ml;40955827;61007990;48945766;YL;AH;h;DgfRYWOxV;UeU;W;TLPybvXZWd;39073367;G;47912462;72381908;33715280;34664902;O;GgQ;A;I;l;1980;11;H;True;ZLGsxUNrhrUQtUgfH;False;False;False;a
800002784;tyvFlgBk;925;KSFQD;AL;r;2;an;000000000;l;False;pg;31776066;90181556;94608281;EI;AG;S;hmGurzGQS;xGi;Y;iyTEkUzXBf;25943276;p;10278883;66413908;96476425;34833215;o;ZAx;t;j;C;2003;11;M;False;UkNSrnmXQjoLXEzLI;True;True;False;D
330047408;OasyNzGA;839;UASjd;eA;I;2;PN;000000000;Q;False;Cz;1246456;87652850;18006296;Gx;NF;j;PDhoLPoEu;DgO;P;hoBqbdleel;86771348;B;33781199;37234890;93620258;23933869;H;frp;k;C;d;2000;01;I;True;VZAzFqTGHfMawBplb;True;False;False;s
870011020;VWkcarcT;349;YSEzd;SJ;c;2;Ad;000000000;c;False;EV;42016742;68942156;341878;dJ;Va;H;HsyOXlgWb;hZw;z;takHjMvauz;98482999;o;77821082;53085726;4905214;71738101;v;pfI;H;t;L;2014;11;X;False;wBqTFqIdXHEZxKTjq;True;False;False;m
060014271;UphJvKyJ;535;CcWwK;oB;e;9;Vf;000000000;F;False;pe;84039650;56238857;24649441;bV;jn;U;kDNxowHrV;tHy;E;hMuPRYDATG;92422336;C;30650167;82060745;40252734;17245687;T;UNm;Z;f;V;2009;11;M;False;TXqdbpiJkyfsvsHye;True;False;False;F
750823130;RwhLFeXh;291;UnAsE;dB;c;0;ou;000000000;y;True;oP;51941674;74092327;99048704;go;cZ;h;qfThbaEhm;FDg;h;hmNrbkCquj;81308342;O;10243104;66085203;86822677;26980400;r;GZu;K;Y;i;1970;06;P;True;VYoAGCOUXxUcoDVxz;False;True;False;y
140003336;ZeVdpvNZ;423;GkDno;KV;q;2;Er;000000000;n;False;DE;94132230;96254570;14757739;uU;iD;V;JeCImRgNB;kVF;d;MMeGNaEPyK;95140896;w;16203833;39857849;90807244;12202231;Y;XRy;v;w;Q;1971;02;I;True;vBBwdSmlWUiAKOWzl;True;False;False;G
730012739;nqhQGMRf;870;NujYG;HC;m;9;dJ;000000000;Z;True;rM;85282863;79443437;93920313;sk;bx;X;FQdsTZzKJ;NPD;z;eNFMbaUNAa;54000998;W;93297470;90934037;37128911;82372661;f;oAV;T;t;I;2001;05;B;True;ZaOXZCDAFajJfpKgw;False;False;False;T
580002970;NBvxAiuv;330;tuMbQ;dZ;A;0;Sc;000000000;h;False;si;22842876;75112704;51088511;YO;BE;S;JVWePkdNJ;Pyc;p;BHGqrQFfij;8486492;e;90744498;97099715;35988397;59848893;M;OMQ;B;e;J;1960;05;Y;False;GNWoZYhDBbQOwwGRp;True;True;True;Y
330043316;qrzDmwoB;200;vMIRJ;zq;F;9;Re;000000000;f;True;Wt;3469896;16260758;8628156;yl;ml;n;UAWLwcypB;Fep;W;GQoaYCMcoy;86687613;r;71659527;22905688;72670702;55308425;l;Jmf;o;f;q;1965;09;I;False;eBEhPyKtMZuyEyFxy;True;False;True;c
380790287;iQOwDLXc;418;SyYFC;yo;h;0;Px;000000000;q;True;wd;7634234;31932933;67692822;pR;EQ;B;DodRkwnkK;dFh;Q;eluFAPNwNO;92739316;n;70683599;28693023;3440187;3885762;I;Aqj;F;x;h;1993;01;P;False;QiynnTaaSfGZWOdvm;True;False;True;W
570021170;QmFxqFBL;286;uMNHI;yS;f;0;Sl;000000000;P;True;dc;52262351;24365201;84937554;Gf;od;P;KxvlWJHdW;sEK;l;tpvTwcOueq;28746881;n;7880428;66588384;4125816;31217169;l;YCX;l;a;C;1978;07;C;False;GDLCvdYBdjZDZIxLO;False;True;False;D
030003099;yCdfGKSa;23;LQZCc;ND;m;9;Li;000000000;Y;True;iO;86767325;23707425;74387900;xO;bw;h;lprxIZWoy;Wxk;V;euFLCCjaUK;22555095;i;59923139;32007308;78121181;90885088;K;Wtg;E;v;H;1974;05;I;False;mitdMtBVyyouGOBwn;False;False;False;B
780008207;MXrrmtuw;684;JYDlf;lB;z;0;zx;000000000;K;False;Fa;40479663;60855800;9449473;DO;WD;C;cuouSsHUO;diX;c;tfSDrLXGhH;97152600;r;45699055;6569611;87864499;50183883;I;PLC;C;U;p;2003;09;B;True;xHxTHVyMsZDoaIaym;True;True;True;f
770011948;xhNUvWxR;319;hNvWH;fC;h;9;Hh;770010395;R;False;em;21660728;23231056;90377839;RG;pt;M;fwjScSvUd;zjY;q;cilewIWrtj;99380368;u;92248289;4421987;13826074;91465603;n;DAl;m;I;o;2009;06;P;True;ERQdGxkPWoGpPzVMq;False;True;True;c
590060299;KyWAsKPO;49;fVKXR;cA;X;0;qP;000000000;k;False;tt;19115178;55924215;84575121;HF;yV;d;zjIJngbMZ;Meh;k;MArFJdDoOI;86788804;z;34181839;67341113;37299614;22398888;h;ZVo;N;j;I;2002;05;A;False;ZXQbIarfFJzZuqpDf;False;True;False;U
760921445;bnLqtIqL;39;WbDPt;QL;M;1;rX;000000000;G;True;dN;23559864;77904255;88247465;my;HN;P;SRoQfDItE;zfj;i;YBZogMaEap;37389059;H;3604891;64700655;22431366;71463400;W;Qay;o;H;X;1993;07;B;True;QOaYqxpRIPsySBWcX;True;True;False;m
380019455;EuNVyYyk;181;bATgK;mZ;P;9;Sk;000000000;z;False;ND;62510529;24235749;35504268;os;PR;z;FsZKwkZWu;GIy;f;LOAneLXrBS;43895374;F;4766710;20566739;92873516;99060562;M;ilp;U;Z;h;1965;02;I;True;KftfBuvHMLymYvZyc;False;True;False;n
590020319;UGKuogbi;15;StsTn;Yt;w;9;sY;590016234;i;False;do;67371621;92044368;61560843;Nl;NV;q;iArRLQiom;SXW;J;JTuQLIHhrj;60128130;k;96951862;96507070;17685689;12276841;q;NbZ;m;f;x;2005;12;B;False;GgqOeDYCdCgqgFUrb;False;True;True;d
300000429;adlAyZPY;215;EBjbC;kZ;o;9;TK;000000000;e;False;pN;36604358;53310051;74581241;SB;Ut;X;QDmPZESqi;ANd;t;hMUXNPfoHG;46627143;f;43551919;64444999;21513483;4142599;P;qGn;G;a;N;1971;02;C;False;nSgODATDbWNKfrHJv;False;False;False;C
740787965;GBjZNBdT;642;kavZD;iu;W;2;JM;000000000;u;False;aF;24791406;47687045;15285837;Oh;wl;Y;zvfuqgjIe;kHP;b;YrclPVgbCQ;12881374;S;43297021;45950632;76836927;4259785;w;yeO;F;a;T;1991;04;H;False;uDyJAXKfffAMVUNRX;False;True;True;z
020015707;yeseshEn;607;GNNiq;hR;F;2;zw;020015566;k;True;if;19241037;72092804;53901877;az;Dg;b;loZPCPxzV;XRx;I;FoTEjCCZHh;43287583;J;93430761;6053352;21485612;52390579;z;xwH;Y;l;l;1985;06;X;True;RjrxComflXBHPasZU;False;True;True;y
970305132;ogNdzptD;957;kcoEB;Pi;Y;1;Mx;970301867;X;False;rt;41179775;9869842;66064516;lX;WJ;t;iKqUuouee;VII;D;SoIabhrzpl;81698214;N;53132740;41432441;88247441;87581968;I;Vlw;N;g;e;2009;05;P;False;jRXkKenlHGnPybQnr;False;False;True;t
490005519;sAOiVnHZ;304;NaWgf;AQ;s;0;ly;000000000;F;True;ik;64262167;83990413;43349719;Iy;NG;G;DuOYNzVAx;CgY;b;kSLlcZKuGV;27992035;I;60539409;27669128;66457170;89793230;o;oDB;d;Y;Q;1990;02;C;False;QmnAzZcvKHQuPHLfj;True;False;True;Q
750016750;zwBMzErG;359;zVEHT;Tb;n;9;Hc;000000000;i;True;mi;74682291;89308075;63332434;Ee;lN;h;AIyOmMGGk;MNb;e;unwZcscYMl;82803844;t;79020450;51555595;69953063;27464544;A;PBx;M;e;i;1970;12;M;False;QOZETqhKOMSPfOPNb;False;True;True;J
270002793;xMNtJHYe;689;VzDPU;gE;i;9;iv;000000000;m;False;AV;26488369;80640043;26646308;mv;eU;C;HcsYLhlIL;QAO;M;yjvnhqwRau;53385067;m;89825480;41688495;47149589;62764034;S;SPt;Z;d;R;2010;04;C;False;EePPfNIAwABqATZCy;False;False;False;h
910008259;awkfCCfY;507;PPCVD;Jj;r;2;DK;000000000;w;True;Zk;24150427;67383476;13081680;XY;Ov;x;wHMvDCRVj;yKl;v;KmPVAnZLaV;35730052;v;90369192;24142613;70007620;15574388;I;woZ;M;b;b;1998;03;X;True;IEjcBkXlWaTUcGore;True;False;False;b
780027454;pBieMmGX;983;cmwVM;af;w;1;CN;000000000;L;True;Dx;2358147;66289327;93866477;xc;DT;W;nNhjsIXUl;Cay;p;qSHedvVLOE;82167034;C;56490425;57721857;68934293;7469457;J;dAA;A;J;d;1961;10;I;True;zZpERlBOAHScqqzVn;True;True;False;e
620030882;RatSxhUI;542;akJLW;TB;t;2;wG;000000000;e;True;Pq;84837977;56299105;90554994;ko;SU;V;LdfkgVIQU;HuZ;Y;zRPcsjJXcQ;46148743;F;15715524;83139475;18096821;89518536;K;ONB;Z;B;X;2015;04;X;False;GzILszVKWRjGGfyqY;True;True;False;w
900000225;nHGnlLsT;650;enPtD;tL;Q;9;Pp;000000000;N;False;uk;32375353;3364512;37123305;mG;Ck;g;YNtdRAAru;kVL;V;RGuDaJxyHL;53337554;N;24770341;6642934;34771425;62386503;s;hnS;W;U;S;1986;05;H;True;oqjeuyaomVDgBxbPo;True;True;False;v
830210076;BCTaNRYL;881;iFdyK;xO;R;2;hC;830207163;a;False;Bu;18594538;52747107;13103969;FP;ke;f;gGormkBhi;gTp;H;BDPoBATUyG;12810737;g;9542357;6608307;33787300;17105246;Y;Bcs;w;W;f;1967;02;Y;False;DvpVxeHnmntRYLcAn;True;True;True;J
430007799;YoeResSw;366;kBjuR;to;e;0;ox;000000000;l;False;nH;73874402;8504636;49131512;zc;HZ;a;BxWPEyFOD;WaW;J;vLKqctMBQP;41873884;l;56989379;64029374;11465941;55591217;x;LjC;f;v;H;1973;02;C;False;nXTbFsybXvjpyqtnA;True;True;False;b
750041998;ReJZcIZS;577;pUXzX;cu;X;0;oW;690028428;W;False;hX;34312477;4259984;32633085;Be;qm;x;JNPHknvDW;CAT;j;iBpmZovTzG;27890940;Z;6885772;8694768;62965148;4266971;Q;jCY;V;B;y;2017;07;X;False;WQFliOJzUKbxIElLJ;False;False;False;U
840018022;cPxdVCMS;258;WiRyI;Uk;W;0;Ft;000000000;G;True;oj;33051411;33117910;18481615;YA;zM;O;fEPxQmuFR;JmD;m;iSRDYvVjqR;59728456;U;42661338;56810138;20125322;61849910;J;TEB;F;D;w;1963;11;M;True;LjsfEXLnmbJHzFnWi;True;True;False;P
810100032;PCSmJgBp;582;sFqcP;SD;X;0;sZ;810003806;u;True;QG;80784710;61623116;47816470;Lg;PL;i;KGvYaksWC;XdC;t;cokMLCJFVL;68991732;W;84586058;58659899;21180899;38048279;j;mQZ;w;k;k;1998;09;Y;True;YZQjsBPOGjcSvbyjt;True;False;False;A
160002382;dSzDvaoh;484;oeCVj;Yy;r;2;YE;000000000;L;True;Nc;94587526;15869291;70900074;dg;Gt;i;eqiSdyzgT;jRq;h;QgXfgokIcF;80183410;h;17862877;13703141;44510647;42827681;H;uXv;S;M;f;1972;05;P;True;rOwSgfIjCobbBtBrr;False;False;False;k
420003758;ObdGNVvh;55;xxLdZ;et;i;9;WH;000000000;W;False;Yj;14560293;7147612;92452702;ed;sB;m;KiohDctPd;XXn;J;ddMyIYLEWh;10540938;k;37991443;53497613;12440818;50160865;T;DpS;A;J;s;2004;09;Y;True;MiRfMywXxusRHnTll;False;False;False;p
670007665;EPReLVvL;867;VBvli;qz;x;0;tu;000000000;w;False;qX;96286222;81079956;38549817;iS;jt;T;ZQgNxdIuG;eBO;f;QWcScdvHQk;94755043;l;82689971;52036928;1088221;39177883;X;GgI;k;u;z;1969;10;Y;True;dAQbjvNFqCPQEyFPg;True;True;False;y
340016831;LeeaIntZ;238;DltCw;my;V;2;yl;000000000;W;True;Sd;32696225;36139535;88113978;Sq;SA;Q;QvozkiCSB;Rbd;I;nhwOmGhxTm;52019191;Z;94552125;55453376;93923551;24026805;K;ooc;G;J;R;1976;08;C;True;QUCnkOESkQBmqYinc;True;True;False;l
210983227;rqsYYLEE;988;TIbjt;Tx;G;0;lN;210982716;C;False;CQ;66381771;34941015;67863166;Pw;Gf;g;uBPRriXSZ;ytQ;K;PoZLvsBfve;323171;w;64695619;45112205;144125;88344263;U;sJs;F;p;n;1999;09;Y;False;XlmovMlyfVemoZgTL;True;True;True;F
690010111;PGtPpSqc;915;vOfTU;ht;M;9;Io;000000000;Q;True;Ks;82863698;61092102;1316337;Or;Sh;N;HCOPNgbEk;kRW;d;VFPBXeQqyI;5628663;f;24902237;25587876;6276220;98988815;o;KIc;D;t;v;1967;04;X;True;WDEQYKsXwaTfIvidY;True;False;True;c
060021235;PBwJtGLq;275;KeHnN;JT;V;9;do;000000000;s;False;mj;63951743;93932234;60808223;dw;Dz;C;mwMcqzzva;VNN;E;YwXvjvNrvU;13818742;P;48753027;57845039;85614179;36999077;I;hjJ;j;V;I;1983;07;Y;False;oRygOpiZsFBkYpRtr;True;False;False;Z
010008464;cKfMfXTf;427;bCgzq;Qm;g;1;AT;000000000;V;True;Uz;35355228;30646011;2646465;yC;Nq;q;hzcPGIEaC;dBE;L;ijvWFgwmnJ;3994207;I;26461396;3339149;95030162;17455246;j;ypT;p;i;i;1971;06;M;False;OHAoIfREdPzQTVYYt;True;False;False;c
490001229;mSpdHcTD;742;AMSLa;oU;Z;1;pL;000000000;j;True;Uy;27014174;78912822;2877604;Rw;zO;s;KxjmcCVjI;HDp;F;GCpLjIlFro;59941835;b;9277719;53681372;68170765;75899675;K;Irp;p;v;A;1970;12;B;False;WGcMGYULFIgqyMxna;True;False;False;g
310017371;ZGWYQMgR;411;kTsPX;Lk;m;1;tG;000000000;X;False;eZ;22605734;90452903;55533766;oA;kN;K;ERcTPFOlb;AsN;a;ZWyMwbMFLo;77227492;X;6955451;56440542;35691259;6290026;j;UxC;q;h;m;1980;01;I;True;kBcNNYeNpJYQKbUnz;False;True;True;i
500013917;IjiOVBcs;18;hphdt;uy;k;2;cL;000000000;r;True;br;73709347;79870838;26385115;OD;tK;N;AOBteSaFx;qBn;E;WFfCsPrLrj;79524638;P;94648484;31678381;30520448;80165196;C;UgT;k;b;r;2002;01;B;False;TKTiMLeIGFhsthxYW;False;True;True;V
060024155;cHcfSfdA;220;KZHMn;dg;X;0;Cu;000000000;Q;False;sw;93424509;55639408;79373370;Lj;et;y;ZzkJGjouV;dat;T;VXCVFyTeqQ;16441494;p;66605480;41604224;89110242;39847421;n;TPU;Y;t;X;1974;07;B;False;ZyxyKprobhhSNYEGe;True;False;False;m
590000667;BdmUalDH;539;dcJdJ;IE;e;2;Nn;000000000;d;True;zN;15822421;97894256;90991813;Cw;sz;r;sqYIiioek;qzK;H;eNEEgYapEa;39201573;E;27941369;65194798;40503997;50770488;O;mjI;D;g;h;1997;08;B;True;OXuZwXLhYTpNAXhMV;False;True;False;A
780010435;FUwOACsI;960;fROal;lF;A;0;Ay;000000000;u;True;WE;95956177;25673887;26637774;st;MF;q;ZwausmkkC;FUC;p;ItqVKQjHVE;75899195;R;34422720;30157321;96064430;17426778;O;LVx;n;I;R;1982;04;A;True;hfoUxylblsJBiSsJo;False;True;False;F
830015335;PTdKpnwE;230;tDdEj;pb;D;1;gc;000000000;a;True;VB;65506593;12340381;43711946;Jd;Ra;L;SdYPbtUAA;vxv;q;bTiLxIKfXf;57022689;R;20400448;95643627;92294862;30540750;b;vEg;s;d;W;1976;10;X;False;gaejSJDdhKgGjNgMp;False;True;True;k
750033193;sVGSrwIs;546;EineA;Wo;a;1;FA;000000000;x;True;dr;87934236;87958709;61081292;GC;Qn;u;kHlVDOKAJ;xYL;s;YwlnEHgalG;88899262;A;19231707;6810289;88051189;94242935;L;kUk;F;D;q;1988;03;C;True;PdZLuEdMEHMhXlJxu;True;False;False;I
270000839;vOLmFkAt;399;Ttxkd;CR;R;2;pN;270000243;X;True;gp;98854383;39397265;77716193;mF;zI;j;BwbENySeo;LFa;U;RIrhllpbBn;2607046;z;77799367;36483333;11642391;78138228;N;CCW;O;V;H;2019;08;Y;False;stcRdlvbaqMTOaenc;True;True;True;m
770002053;rkvbGmJw;696;ppyix;SC;r;9;Qq;000000000;r;False;PA;7632444;71384954;44887885;iu;hP;I;aJUmDWaZP;LXy;W;TPKIdTKVQB;13406537;C;83883298;59220652;20215354;57603999;j;Jee;a;A;E;1968;09;C;True;GOhazesMeijoHEMsl;True;False;False;k
130002769;fkuGKGQa;834;GZnMr;hA;l;2;VO;000000000;j;False;DV;6582145;31657007;49709950;dR;dl;v;xEsvRFudt;ImK;m;nEBlCDRBiz;27921639;A;68484669;39000409;22224227;67039356;n;DsU;a;o;w;1989;04;M;True;tKnpAULVkRqVNwsMd;False;True;True;O
590031464;QFBgrAgv;982;oEzVE;eJ;w;1;cm;000000000;P;True;Gd;69272226;34611198;99295372;xK;cy;O;eoONyyfQM;Ekj;C;TfXOOeNWTY;5693447;W;85793725;78993540;68814050;41155644;k;TUD;q;U;w;1988;10;P;False;xQghmeEJVtgdcWWFW;True;False;True;J
700005028;hZFpzATr;259;ZYBWk;gK;P;1;Lo;000000000;S;False;XW;25701010;66710320;86943756;hn;IW;G;UGFjvGXKy;xlE;Z;UkHRZUWbdX;79008773;L;66037047;149609;92520374;31320784;o;giW;a;K;P;1970;05;B;False;uupIrDqAqTNPwVbkC;True;True;False;s
130003452;zUWJAjgF;333;ezeRQ;KO;L;1;gV;000000000;p;True;Ni;12922762;38169975;96883242;Kw;Fx;J;DEqpGrFQX;LQo;A;gDHCCkqBPH;64746146;e;82114504;88450862;80860176;94965237;S;Ilf;R;b;g;1980;06;B;False;FLgGHhtSbmvnpApnV;False;True;False;H
2A0004230;AZnuJDFH;215;bhHsC;EY;i;9;yp;000000000;M;False;KE;93830070;73064713;44192912;Nx;wp;C;wRgvuyKpb;BcA;Z;zqbzNzIUcH;3159273;H;48552170;14113028;16881596;51554434;S;btA;L;q;y;1997;01;H;True;KzLVNOMwMgKbTWRAG;True;False;True;j
750053464;KBGdcrIi;828;DXkYo;bq;s;0;Vc;000000000;j;True;iW;36298853;56985057;56730443;TF;DL;G;pGnLJFLDZ;AYT;C;wBKtyhcApM;98059395;w;60849189;57385854;96105537;95933520;g;dKc;Y;K;i;1993;04;I;True;UpBNCYygpXyQgSwdp;False;False;True;R
310009873;iCAPTQgs;613;qBnYD;LX;G;9;ke;000000000;b;True;ih;96304095;45968114;83443757;cs;qN;k;oGMoQhGqm;PYd;A;OknoLyRhVr;33955086;K;72522677;39619797;52922281;77746324;e;FEA;U;h;y;1997;12;Y;False;dRgSFaKXlEUsSuRwO;False;True;True;v
440010544;sLNZLftd;578;kCrum;Jn;H;2;nY;000000000;R;False;Qa;78229161;60220602;85548249;JD;uh;S;yjktibfbP;PAP;M;JCkvQuGCnW;31564265;r;62288641;53947383;71519726;58766519;x;kpl;b;y;Z;1969;04;I;False;RPdpWkhrIwBSCWOqK;False;True;True;B
910014554;IZMFXymp;16;FfjVL;kl;I;0;Sp;000000000;q;False;BC;69692656;64516254;21413852;ai;BT;w;XSmPPVOtM;NSb;E;cKvpxdtGZL;12060850;S;30859273;58741577;54677085;44873919;k;pgg;O;F;n;2016;08;X;True;TqwOqFnsvFfXbbYNC;True;False;False;V
800018905;gLkrmLIy;783;VLNnc;Dn;g;2;dI;000000000;S;False;gj;16045292;81813760;70125094;rE;cl;F;ppqOFuUXH;zXY;O;MBjZCxzXtB;18110;H;73416152;30948000;70475486;89062529;i;dpW;m;L;C;1966;02;C;False;LMqSfDThWQchjjbBR;True;False;True;v
590003562;OcezEvjp;630;MmLMG;vB;S;9;wy;000000000;g;False;Zy;62039735;17506816;85907162;KJ;gt;a;LwXKiYuLm;hsb;u;UXzZfdtqag;94255545;h;60487666;65811437;36348935;63698533;N;ItC;h;H;h;1979;10;M;True;hBfwnVZTWqfqeGOyj;False;True;False;Y
770002277;kZfDqzFd;521;Vytmx;ER;v;2;TU;000000000;W;True;gR;9001451;90644262;99348344;zJ;lC;A;ZUatwJsOX;yQP;j;WAxSHNTmfZ;38858113;w;41470004;83848313;34316297;34564856;p;fBm;y;Y;s;1995;05;Y;False;qdzqtAqLtlHFaGfan;False;False;False;I
750001190;klnvaqWP;868;OGSrq;fO;k;2;xy;000000000;E;True;af;24388712;94755555;27348138;hQ;vR;a;WXqbWENQi;NPr;m;awcalhTTxb;54108812;h;80160171;83544119;3330420;99606670;g;Iga;m;x;q;2017;01;H;True;IgtAreQqWfTinpzgE;False;True;True;w
130049497;urVWHvnH;811;YMEBJ;po;T;2;Mc;000000000;Y;True;EN;32462651;90287823;41469580;VI;lb;F;juBiohZor;eOy;j;TWesIRbaVe;72788042;S;80399132;91178809;32228988;42495305;C;AVW;U;I;F;1982;11;X;True;FdVawVnUHlHnauJPU;False;False;True;i
330056409;YQMhoqEn;794;CVZPT;LN;k;2;NM;000000000;f;True;am;29861982;75237516;14344970;KX;JX;j;lWEdQpSDd;dQR;o;JjRYBsOUkc;66666680;y;76555014;83146948;55342451;23698061;U;pWy;Y;l;a;2016;05;I;False;oolCYGHOUDCFPCjxz;False;False;True;V
380803684;QrOVJzbs;318;VmsYS;Bo;t;1;ls;000000000;S;False;NV;52180281;60729663;29014433;sE;Bx;t;aukAhIUXL;jvq;E;iwfEAVvofF;18207689;X;96770068;56543319;62463724;63053863;L;iwQ;F;Z;J;1996;05;P;False;zJiVKQjpuLsOCZduH;True;False;False;w
280001223;arFGyhdU;729;mnKBN;cD;V;2;zc;280000555;Z;False;SG;27625581;36459426;75104297;Lb;WE;W;LheKSUTFR;tsE;J;FOntUyyGtK;82885068;X;42024144;11620843;37642931;86427919;n;gPT;a;K;a;1987;12;P;True;iOiTuXDqYKMEFpYng;True;False;True;q
600005441;aalOvhMt;869;rjONG;td;n;2;EA;000000000;x;False;Wv;14457720;76522101;40420427;An;ZX;S;SxtsuidSO;gQh;B;fCUOVXdEym;93329399;r;31918224;23643869;6764879;81139519;q;zOY;N;k;N;1998;12;X;False;bHYwuqIOwohgvtTbA;True;False;False;B
140022138;qPQTGEVm;775;NuZEa;Um;Z;9;Ln;000000000;L;True;Ie;25961351;33908794;80362600;xG;MV;E;uWCbnYGkL;CZE;W;kRKGWTpfUE;28729555;u;18373057;51658489;76507242;48237073;h;igB;C;Q;N;2006;08;Y;True;PIHrVnxQQzUZGrbet;True;False;True;O
830005682;yPXMSqAA;739;hGmOY;Yj;m;0;Mv;000000000;Q;True;wg;34154302;61629;43352596;af;ZK;H;SCXiyQqdw;iRL;n;AnBDwqBlSF;10134620;e;22701765;96740380;37305301;98808314;q;Msq;s;B;n;1974;06;P;True;dgVRrdTQOiGTYDAOR;False;False;True;b
010007987;aPaYqKKw;906;ETMyO;ra;d;9;Hc;010000180;q;True;ik;43132627;65497529;40426701;nY;YL;K;IOWhIYcdx;pQi;C;UQPioCMjda;94129591;H;26556684;89685450;7829559;83398882;P;nef;e;Q;f;1974;08;X;True;vzyXfmTiduxgqSeZx;True;False;True;A
460005028;dxgJMzUA;69;jEZUv;gi;L;2;Uc;000000000;z;True;fj;43080807;65417789;79532003;Ls;od;u;pgOaBdiHu;ZUq;d;xKKPlRwmql;16625497;V;56307389;5011577;86298306;86462775;d;MAa;T;U;S;2015;02;A;False;oVMccdbwekyzXhyuC;False;False;True;x
130015621;ooBhWIYr;597;hwYhT;TB;R;2;uh;000000000;R;True;lA;47255141;45117351;9538017;kK;aw;E;xeyhdbCNW;ACb;R;slVnNYNlhF;90778610;O;28694490;84074812;56883114;39762798;F;kHa;Q;l;W;2012;03;M;False;rTQBliaEswRbWRCpN;True;True;False;y
120003033;RCRXNWbJ;701;kIqGk;zD;j;1;fN;000000000;f;False;zS;66358980;29936579;20146086;BT;qN;n;BDjTtixIK;BJK;u;rTUPaLpdrN;98843931;u;57673174;57306142;46360111;82874598;Q;Bcj;m;F;X;1969;09;C;False;bftJteaQQjbPRFPOs;False;True;False;j
140031600;nNFvHHws;320;DcwLR;Ua;V;0;NR;140013764;k;True;gl;52797392;25171987;22653488;Lw;di;J;BfxCDatzQ;OYj;Z;LPiWySYHvx;70607401;B;32828941;15850455;79041607;91351622;z;QZP;p;T;A;2009;07;P;False;suWNYuOqcHqomwckC;True;False;True;f
010012144;IjCTTzbe;182;PSZQc;KV;C;2;sJ;000000000;A;False;hk;46478244;8473739;54318340;li;ra;F;ivqaNnudA;GJq;A;PRUkaiskJZ;14393269;s;66971827;55352918;6658980;28348107;s;DeA;k;e;I;1988;01;I;False;nEfwxeNrbiOiwKDvy;True;True;True;G
540020476;tAZHhchD;769;ecElv;pr;K;0;gA;000000000;F;True;qr;29579346;68352191;32411882;FP;ML;n;lfeCDAVup;QoY;R;pgofWwxNzr;49171705;t;51413523;61512069;6496593;4410777;X;rSl;D;d;x;1992;12;X;True;wswuDRsKLfOaVYSCn;False;False;True;b
220020531;cSLUirVt;370;HBZuZ;wU;g;9;rU;220000475;X;True;iB;11047561;42035028;20396071;xK;nZ;t;VdGueurCL;tKT;f;frgZTsthmo;21380668;K;53270855;26796694;52053765;31973258;a;UWV;C;n;i;1974;09;M;False;PkXrAQvADwpJnlZmR;False;True;False;k
660005349;sheumPFa;30;quJRJ;Tw;p;1;PR;000000000;z;True;dk;1070046;6778613;74694640;lB;fA;B;hOjwjZpNy;XeC;h;GCJBbUqatc;71993121;l;11143930;56687992;85044507;46438359;p;jwt;r;P;o;2002;01;I;True;FTQyFsOKKPZSDcfdn;True;True;False;P
050005677;JdbzIiSx;866;xpuMo;QV;Q;0;Wc;000000000;F;True;Oz;62341347;72637435;1135351;aO;MM;h;XPFHSivdM;JbK;o;MIzmkBWDwW;17122261;I;26727846;4458027;13675482;22658893;i;mMg;y;j;T;2010;12;M;True;gGpSHmMnrRgZTzeHc;True;True;True;g
770016533;zQgwYiHl;932;VFren;SS;b;2;Gn;710007238;F;True;la;29530558;8034147;82620210;Qt;mZ;b;MSXKalFBB;grc;k;upnORGTQKc;86704974;Z;56981698;60552827;87302093;97481244;e;wMO;Z;g;W;2011;07;X;True;wgXBnbxVkSjZQVurs;True;True;False;l
740016829;VEKJkiZH;770;oKNtq;ce;y;2;yy;000000000;O;False;Fh;55617029;10654464;10858525;kX;lY;v;vqQjuVuok;Amv;f;DNwPdNIcYf;16856849;G;88457268;49869026;24420074;5507264;R;mHo;J;H;O;2016;03;B;True;HOrKXqLJiNvGyjGsp;False;False;False;Z
750022691;MXMMKGYY;417;FHxKG;Qi;c;9;Sp;000000000;w;True;vY;45520885;30406734;30829588;aK;cS;U;KiRqJIzWa;kTy;u;IWMIDbCmCD;96500898;c;13144971;14395243;82353943;82053824;Q;CIf;j;Y;M;2016;12;B;True;uVtHClnEAsXWRUzXr;False;True;True;M
620012484;VHwnuSaK;321;jTgEI;uB;Q;0;xu;000000000;c;True;Wf;64185846;73326608;2291284;Wp;Hx;W;HpOeNstif;Ysl;b;WFchtsDahL;72782168;F;4617729;38577281;9716922;70787755;P;tXW;L;U;h;2019;11;M;False;sIsRfSvwJbxoHdoac;True;False;False;p
810000356;vxwVFlVP;885;QSfIJ;iD;a;0;UR;810000141;I;False;Vx;51139962;76807125;47346699;gm;bB;w;RIfrDgoCC;eBz;G;pxEyPHcxvn;5304058;f;81032399;34519937;36453529;13830266;y;ZXS;q;x;g;1960;03;M;True;mtFovXOKkllOHHhmh;False;False;True;U
810006643;rNzyvJiY;283;MvGcG;fz;p;9;Yb;000000000;T;False;dc;53713401;27920419;96099095;SE;qP;L;XYHStjUcF;nRO;d;pqbVotPNYH;76943228;h;12233385;63642090;78960496;60694488;C;Nbi;j;g;j;1992;08;P;False;CMVVZqtsMXqNftZLX;True;False;False;U
440049641;HLJSMPTZ;88;QGLCK;jj;O;0;uG;000000000;s;True;vi;62188854;59880096;1774435;lS;Kp;l;qHiEJUtMa;jpT;B;kgUOMMlFZO;50818823;i;25488000;30807644;25446051;74689972;Z;HEO;N;i;o;2019;01;A;False;BrSSYgeDyXvUMFxzx;True;True;True;r
840000905;QqJVfhDS;553;GJMFn;Az;x;9;qK;000000000;H;False;ik;72710001;62178978;21211920;wO;vP;C;wgUvmHBpz;ydA;r;CkAnFjDcth;64916825;S;42696746;35536102;47434699;25402127;J;XOt;o;a;a;1968;03;Y;True;PiURsDaePHLjhgpPn;False;False;True;e
590005351;LiOdYNZA;743;zWWIj;tC;M;0;VL;000000000;k;False;Nd;46586887;85433745;22895689;MU;oM;o;ksMRbygSm;UVI;H;mADmgnaoZk;16497638;c;80100447;6483665;79057114;42957865;w;kUd;g;h;m;2008;09;X;False;vDhqpMLEWFeFKxZxl;False;True;False;z
890002082;drhPuzmA;995;YBTxd;ya;u;2;xP;000000000;V;True;oN;85813536;73558138;10868926;kn;Gz;D;iyVOoIimf;OFd;F;egUmBnMCkd;96767868;X;9620892;70105569;15856602;69761513;S;ujb;K;X;r;1971;10;X;False;tFSXnwlCmrDTTJwmf;False;True;False;c
560000416;jlOuQLcR;208;dUTAg;AU;S;9;Nl;000000000;S;True;sY;63553694;23046010;76671768;wK;Fa;o;VNJqunXqe;vUm;v;rvzbqbXQAE;28461709;z;42290699;98996884;67195563;14686499;i;bbz;Y;n;i;1997;12;B;False;gMueqZjFJDKqrwebF;False;True;False;A
540023207;ipWlQMdf;827;XARKS;oo;q;0;Qb;000000000;v;False;en;85516943;57199146;39233140;vF;HJ;M;dlcbCaVCB;VMc;y;QSRjSsuIrp;49998394;P;88774036;64250617;13941342;46522466;e;awI;H;W;Q;1960;08;C;False;VSkoKzhVpWcFxLIgT;False;False;True;U
620000612;UIXxZtCd;628;LSStl;Ns;w;1;Hb;000000000;E;False;gG;22519140;81794152;90846342;oI;Pu;L;pWKKVcjbT;XTd;T;KwhBqCxMxC;2453548;k;71166962;22195166;14210901;51082321;L;VXZ;f;j;v;2002;03;B;False;INLUVTseaVFkNDnAQ;True;True;True;x
950029975;OnKQJfIn;565;sVZsH;nh;U;0;kT;000000000;E;True;sM;39318604;55812916;48835692;zV;VO;W;mhvhLFWkP;RYH;Y;TdHVqHaJFU;2918284;R;76258888;22858845;70769645;41218463;b;XTq;b;s;I;2017;08;P;True;IvrKaSLLPqQYqJSLh;False;True;True;H
350051231;Keamjbzc;732;UAsjB;dj;g;9;oI;000000000;l;True;sV;65774451;20264936;17139270;UZ;Te;W;LTQMDMTrl;KaO;B;IXJVmjBxRP;82771627;E;22809130;24277684;27163027;76848149;J;lAE;I;b;F;1975;08;H;True;OIdIGOTwmmGpbdesa;False;True;True;K
420004723;HiWrmiHI;686;OzSDR;Uo;D;1;Ti;000000000;e;True;as;50335270;5029859;56556897;EJ;aC;s;TvOalLMHy;ZcC;Q;VYloOXCgjE;44013237;D;12335479;28215738;38255361;38476394;v;Wdy;P;Y;f;1968;10;Y;True;LsmDejnYBkwPmEKVg;False;True;True;R
450021068;zTuEIpeF;989;Zkutg;Og;K;0;XS;000000000;Q;False;Uu;41423093;44469210;2630086;ZQ;aN;z;wrBidmWsQ;pnD;g;RvceYVCmRw;71079554;p;58497496;17583869;52596378;1375323;U;dfK;u;x;F;2003;07;C;True;QBrHtcUWNpykZvuVO;False;True;True;p
350032249;ahESSlYZ;754;WOsvM;ZY;g;0;kB;000000000;g;False;wx;18773446;74367346;76923148;Iq;an;X;wyjBPszHz;Zey;B;pcWNdLPyys;63690417;B;84084853;10896453;80141725;37650300;t;tbL;P;h;O;1971;07;Y;True;WBiGZLzEMDdhULQIP;True;True;False;a
930110028;vUfhyZzf;874;nDEIY;Zf;L;2;vn;000000000;h;True;zK;56938865;1282119;29328232;SI;Bx;O;WqVwzjyhm;ush;o;XNepGwegZi;13660776;B;81255841;68004293;72772863;20983101;r;Ukl;s;E;y;1993;03;I;True;FAUJOkqYqpOreNYeO;True;True;True;A
560008708;rXKLhesz;587;BaBOp;TY;u;1;Ht;000000000;h;False;Uv;19522999;8185052;6073990;xb;Kz;y;DxmmVBzZT;rBF;F;gerEuBckum;44549304;H;3529623;29364547;84043291;38329949;C;FHW;y;i;h;2005;02;P;False;NVmyBDEkgOdbXozuf;True;False;False;g
110001476;nHMXlvWl;954;DVMKL;xK;d;2;IK;000000000;C;False;mE;70276763;45348192;82866756;XN;Sc;o;zywspSOeh;UCy;i;GLaEzvGVNW;1047170;s;47571350;98288038;6877796;94021500;t;WKE;v;L;T;2007;01;Y;False;iwRLEPOVuOpBpkAhx;True;False;True;Y
590022760;mejVlFky;548;VbeOL;QU;c;0;At;000000000;I;False;sp;34720188;25883554;85225618;ie;dX;q;QjoXxBZLV;Act;S;nODOfInbmH;14611327;Z;66884181;27380264;16445857;34075038;S;YAZ;h;S;c;2002;09;P;True;sZtwqZXWFQUfstnGK;True;True;False;C
970305413;HshlXEJP;405;riyzD;LB;X;0;xc;000000000;i;True;RE;63188273;43600663;9681190;hT;fR;P;wieHiptON;BlH;R;oezHDJSUHW;58251936;T;7374596;38429767;7814350;69128984;a;FJZ;C;e;P;2009;01;X;True;SwgjOPfdunTlrefxa;True;True;True;O
830004131;KeCeKFFv;294;fWJcH;GJ;e;1;fo;000000000;l;True;mw;57210845;66691230;18296923;lv;li;H;PFTxYQCRL;tfz;J;mMfnFZSzXN;96990679;E;68504842;44008439;49443652;39902137;g;QBv;X;v;V;1977;02;A;True;ZOtdPFGECbYdLOwzp;True;False;False;H
2A0000519;OglcUcRa;246;IzGbP;mZ;d;1;Hh;000000000;D;True;aV;97609601;51774126;51127100;GY;qY;e;XCBvovHWM;Rwk;E;fjnFMeehIJ;80257637;V;81911164;16498301;73109375;64583172;P;czt;s;m;M;1969;05;B;False;YqRWsuijTbmedeQDZ;False;True;False;I
290002435;kJOoUkgk;831;jUAEf;hN;W;2;jz;000000000;I;False;HP;48444715;56213279;70984054;BH;tV;h;gzDIcUHCi;LQE;w;RuiaOMEnre;57224602;N;16932120;27851358;91900545;94665053;A;gqw;A;y;e;1995;03;B;False;iXjEAjxWDFUfRJoZW;False;False;True;W
030000194;AGyFztge;201;AOHYg;Qp;a;9;Qx;000000000;z;True;gQ;44665490;42521777;86690997;tK;dO;b;NsXdrWTuo;QWM;z;foairAtZLU;79845629;r;3202949;82273354;77750313;91943561;i;yXa;u;m;o;1984;11;B;False;CpGUKMmPkkOCNtVmc;True;True;True;Q
310001755;QZhkvdUa;326;reoAa;dc;c;0;JX;000000000;b;False;es;82153236;90834626;69982542;xb;rM;B;OVHmgShNx;GTZ;b;IJTTryZaVc;40748743;M;79675537;73204050;65243035;76083041;X;URj;B;O;R;1984;02;A;False;YPPIVYfnjMcfpSNEQ;True;False;True;r
750059271;lgXFQjbE;351;PGXQo;kR;U;1;MN;000000000;b;False;Hh;36718785;95429516;78590230;HA;wx;E;bACzHWUiz;OqM;a;vBFoSLmLBq;98836890;a;13961923;25222285;18349821;4047900;n;djr;V;f;s;2016;08;B;True;csZtnMocCSMWBfzSY;True;True;False;A
250016672;UGjpxzJM;56;hrfvn;eZ;p;0;fY;250016631;u;True;QL;67326022;35717135;1996649;ws;zp;m;TPLVYlcGy;jVG;G;llhEqRFzhW;80882767;b;52814667;81479677;52203448;85523682;a;QWr;F;Y;U;1981;08;P;True;mcwBJstjPTGebEAzc;True;True;False;c
070780382;viXAdyUz;429;OnDnD;BL;d;1;BA;070000203;k;False;GH;9382834;63227263;26443322;bT;Fv;t;RuZkBzuYu;LDe;R;ipfTwKSOdN;79853451;Z;45417041;69603400;4228509;57700888;F;qAN;x;D;F;1972;11;P;True;weTOHhZqKlAxswjam;False;True;True;f
450001508;zKudlsGi;759;LAXRZ;cd;L;9;kW;000000000;p;False;ny;83004023;3323842;38306802;bn;uf;z;oKYXQYalH;oCP;d;pUbYAAdppm;79965521;X;69369169;53296149;40416734;78432006;c;CGW;x;n;P;2013;05;B;True;PhhAparkTuzOLfpzk;False;False;True;j
730007093;VDDThzGk;403;lDWBq;zm;g;2;oS;000000000;m;False;aI;88490813;27408867;71565992;FR;vO;x;nCBymRlsl;RJH;E;QbdTpDpgyD;30289625;n;27695213;18879821;56843757;60301044;m;Yub;V;j;E;2016;12;I;True;VPwGABLjwVYGlkXMY;True;False;False;D
290027895;ArKQOGyc;922;eLQeC;Uy;i;0;dx;000000000;I;True;vF;63575335;1471511;77000821;qV;WT;F;UIPtoHlqa;WIp;x;JaWbBuKGkf;29399238;w;91362309;6187893;25849648;86692637;V;ctp;y;D;Q;1964;06;H;False;EXTQEEiRmwWRtqeEn;True;False;False;o
060000908;uyAcigqY;603;WIfMN;Nn;V;2;DN;000000000;O;False;VX;54549540;31509492;3214898;Rw;ST;b;tnUraMGbH;CRq;C;fBFWOLyuQA;69932502;u;38681030;55079706;26427971;29089416;b;gwf;m;n;D;1966;08;A;True;QQoNFGvlsAhuRkUwm;False;True;False;l
380000422;ZLALSnvn;418;UIEcO;qj;p;2;PS;000000000;e;False;YU;75052055;82624276;26115124;If;lH;W;wkaYPDIKt;LKc;K;kohBeGyvlp;23910804;n;72872919;64761146;15655017;68453168;D;SsK;n;n;y;1991;03;C;False;qMtTVXFGZyoEXbSqX;False;False;False;Z
340004597;uKbbVHHj;515;RaTaJ;TF;X;1;ry;000000000;g;False;We;75457859;80398403;28831111;Nq;EV;l;LBljFjYTS;Bie;Q;TQSXkLOAKa;98107478;I;19913629;23244783;29303871;9709442;j;DCW;c;I;z;1984;08;B;False;gxmCyKEsILdfeoNcq;False;True;True;L
060000213;KYCWrsVR;248;jVSIa;eK;M;1;WZ;000000000;G;False;St;67570253;30305790;57313345;aa;lp;R;hssePNAaS;Mtf;Z;yVruZCYlse;1369603;K;79919692;17098659;39644784;35896868;b;nDm;n;Q;T;2013;05;M;False;hpQLJjzDaVontZkZs;False;False;True;s
970403846;LFtmEIUz;34;rjrpN;uh;v;1;gV;000000000;S;True;KN;5429922;65416170;63488398;kw;FI;K;wRrJVVAOt;uMW;m;yzldKUSHBY;12441609;J;22500171;13272035;5031312;82565635;M;Sto;k;t;M;1999;10;Y;False;nLrwxMnZeLFKchliX;False;False;True;J
830013991;lBqWeMEU;148;qexcw;iC;b;2;Lm;000000000;x;False;nx;45814413;36281239;88711069;FB;hE;A;MPxjPPRck;YKY;v;dcgVOlLpNo;63162629;J;36313315;30904440;10662372;26060288;q;CCI;X;S;g;2012;09;I;True;cffFUqJcjZOCydbXg;True;True;False;u
600006696;LUyiLofQ;298;PWIEr;Xf;l;1;LC;000000000;R;True;iy;97963368;15594992;28019582;Gi;fa;y;BgmNvCamK;Qxk;z;ZajdHKiVXo;18047411;y;24050167;93829751;18104220;77991108;G;XnB;G;y;S;1991;03;P;True;NMsGUeyhDoLBmqlAh;False;True;True;c
030003784;sLakoawB;855;cPvAE;sT;L;2;Lo;000000000;S;True;eU;12631562;57949215;95427153;Xa;xy;m;dOCsiOJAo;Vxp;T;vAKkjnnEdD;97018743;x;32738427;8402085;80900929;55867613;m;xKb;z;C;V;2016;11;M;True;XkgskHBvqBeuoYASq;True;True;True;b
010003911;EdQBQZls;145;ixdrS;ZT;m;9;lh;000000000;H;True;DL;33324859;33169349;21234152;DI;eW;r;sVWoofpLj;EVK;k;MErFwDAzEq;70971169;F;19514156;56416786;82218402;54721242;Q;SLN;X;U;C;1979;01;I;False;ryMVGjRlEUGEincnq;True;False;True;i
950025841;xikHrinv;381;BOFLl;Ie;n;0;wE;000000000;T;True;ha;46887768;10261597;99521343;vn;mM;n;ZnGltNZbE;kzk;g;wxIMlAcTLn;38094252;P;16455179;97190565;5583281;66719590;b;Stc;r;w;i;1982;10;A;False;RdwaqCTnjEUTrjJpo;False;False;False;P
080010028;ajYUeMbb;426;qMnlA;Re;d;9;Ow;000000000;J;True;Dj;49822177;81922493;29280771;Tm;fO;b;lIOoIlPCf;Idc;n;YzeKjyXwpE;29233789;g;56851496;44724555;18079910;53386723;U;kJZ;x;j;e;2006;01;H;False;DCYpNwwWlqhCGSlBe;True;False;False;a
710006750;qqyQVtix;337;wDVwJ;aG;J;1;Tr;000000000;G;False;Qw;41106139;58185897;77700723;sE;Or;x;znXSuCHZw;Cmn;q;CQoQMybqDM;87692993;R;94308350;65744336;11844980;37411448;T;lVi;b;G;l;1981;02;C;True;HyCluAueVPEyCNrvy;False;True;False;p
690009741;DppszdOL;767;ynymA;DS;W;0;yT;000000000;Z;False;TY;58403332;97946852;36292593;ON;Rh;q;SZoYaWswJ;eTe;f;ZmIvUuHgTv;91412997;y;99934434;11804005;64433684;19923520;W;ear;o;I;d;1991;12;Y;False;cgjJWauEAoTiGNQbt;False;True;True;R
060003308;HYrMOfTS;727;DdgeY;Hm;V;9;xW;000000000;W;False;SZ;41800743;78570943;14960455;Cr;Mf;K;wyXkaBnrQ;OPU;w;TDUCdLYiDn;7538612;L;68328879;14396305;90132643;68002994;R;GZE;Q;x;N;1966;06;P;False;gaUYsmvORsmNeHXkI;True;True;True;F
690014345;EsSZMUuV;680;GJLVe;yc;R;2;co;000000000;I;False;GE;76463298;96959716;54739336;tM;Lb;z;fNPDohIox;xOf;j;nHbMVSrnvB;72253169;P;40580917;25258271;49944117;17212952;m;sHE;f;i;Z;1960;03;A;True;IpAhZwSJWSPQfIlzf;True;True;True;N
160000493;tNLJQcQu;717;Azhef;Dg;R;9;mH;160000337;F;True;VI;85891780;72126351;25531064;HT;Zc;y;vstWtXmcg;PLt;I;xsoabxFFqr;10129326;q;30081245;4740956;67072621;40086239;L;snO;w;l;l;2013;10;A;False;NLJhTTFYvLXzFjVOu;False;True;True;o
940003791;AvMRWPzU;794;cdTUO;cm;X;1;SE;000000000;y;False;Hz;58298990;44467412;99100462;bs;Te;L;iRvxOLaFv;fVl;y;DmrTyOoJYf;35066987;Q;94620405;35417118;50802020;94967812;n;Aya;B;e;D;1992;03;X;True;puqiLIUZQzBwZuPSN;False;True;False;C
420004202;cyavQIiH;69;EpLeV;JP;x;1;IN;000000000;L;True;SF;95416443;96631096;79782022;xz;YZ;O;wRlqurfit;JQz;I;CtbFXcFBob;13878523;u;59312685;57466195;18536935;41088452;S;Lka;r;q;j;1983;03;P;True;RtmaJENnjzNslGDcQ;True;True;False;g
040780124;xlSOWKem;514;pzYfS;zW;Z;1;KD;000000000;x;False;tz;55975340;51404795;91743688;GT;mD;T;bNCnxXWCk;Jha;M;gbUIdbTCJx;21821892;B;30076795;84718198;14218760;74088293;X;XgF;Z;k;U;1975;02;X;False;RfjFuYWhHCRzPeneq;True;False;True;H
910812007;tIuaAsOs;281;QMGfB;nj;x;9;kO;000000000;q;False;VM;54102183;33380531;97387316;pV;SO;c;TFerVevXY;aVv;A;URvvQmrnNL;76946323;f;25917907;67341163;2446911;84921436;s;wJq;Q;W;S;2006;11;A;False;MnMPURVhuHTofuwAk;True;False;False;n
760022731;lQZOIVNP;603;GLmgS;nF;b;0;ch;000000000;v;True;Bp;96884699;21014880;3843261;XN;wX;B;qhiDjiGfe;Odm;E;XcXnWYKhgC;31941514;W;56031297;99637342;49978892;6753524;G;WDs;z;u;c;1987;03;A;False;NgxDzMTJmlVCETcpO;False;False;False;y
940011653;hhLvfCgK;629;gBECZ;rs;y;9;vo;000000000;i;True;pz;18164641;26875169;90642327;Ay;ZK;T;GsxtwfbBm;QVb;K;uUjfDthxLM;30150264;Q;11735182;9428596;45884708;34921080;s;Fcd;Q;d;f;1990;05;X;False;fJYOTODVcIOXPcnee;True;True;True;B
270026115;XNOhOaXZ;738;WyjAm;OM;M;0;kR;000000000;K;True;gU;61076280;43207062;55547780;VD;Ep;M;FxpbhsweV;Uro;c;NMgNQxCDmN;12626003;F;25272921;9199105;74583663;26952002;C;IpM;T;p;W;1973;07;H;False;ZJQFhLqNYLZMYSFoa;True;False;True;Z
130804198;gIeJlPeX;231;bMPrF;OY;T;9;hc;130032568;d;False;aJ;5947629;38703425;38985559;Lx;UL;A;LMJYpixit;iGi;A;CFowfqeaKi;89552622;E;60301781;23992270;49165640;3621335;N;vYv;v;G;l;1989;03;M;False;YByiJTTdKKbXZotzX;True;False;True;F
890000227;bSheqofp;245;npohC;jS;x;2;JL;000000000;q;True;Ud;94253055;1161804;33394642;De;fS;o;fnbfiGyVK;llu;S;nVFTNsphoi;7838033;H;21255856;36247544;93549942;63128976;c;DtJ;M;y;H;1960;05;A;True;pSwrKyIUQbqUZRKUK;True;True;True;g
130030893;DfvblQSM;902;jVibn;tJ;a;9;yp;000000000;Z;False;xl;76408413;78377907;96660547;lX;nO;S;TiYdbjOVF;CMk;H;qZnQMiUFqB;90720884;h;98094952;72192397;77068027;8905778;P;fZz;I;u;R;1964;08;X;True;rIKXtnCkqhfTjySRP;True;True;False;A
110786662;bmlrhPVn;751;QQiel;ie;V;1;hZ;110005071;D;True;re;63833093;93803025;64151432;da;Lm;n;sPpokndrb;aPQ;U;UIbZCcFuQN;84484151;m;26718361;28069565;54388893;72406198;Q;fiO;l;o;i;1973;04;A;True;GFFzVoTYJnIfoDOwX;True;False;False;J
570023283;mbULmjhJ;891;LNDMU;BN;X;2;jR;000000000;O;False;US;79625093;36912060;17698870;sw;pp;o;TukWbWloE;GfW;z;ioOTvUGVlp;16186787;Z;19089609;45686690;90698151;66788609;S;SCU;y;J;n;1984;06;I;True;saQRTAZPQZVNuARbg;False;True;False;B
380011395;GJQvUjQG;771;HLbrY;dO;M;2;EP;000000000;F;False;uc;25269851;3463373;84411288;Wu;Kb;F;lXfdvAIDe;PWy;z;EScVyDBSpG;15397430;X;93644097;12311075;60618566;99788633;m;pqb;X;y;c;2013;09;B;False;REaXYLPADxCtVljTa;False;True;True;P
450016886;cvBgXKYj;498;wdqCn;SD;a;0;mn;000000000;f;True;AJ;76905558;99867280;51119774;yz;KR;o;wckofHRUn;Uru;U;yCoLGfPRnE;44895082;P;50547024;12698720;14341408;60715202;c;zUV;T;U;v;1993;02;M;True;WdyWQdUfZElzwkapQ;True;False;True;m
810099200;cnEpMMrt;7;GvUOa;Du;Y;0;uk;000000000;O;True;Dn;99062939;35656481;23449154;aQ;jg;f;FOzAOtlpY;oDa;L;jGCMQBtnSv;15575027;m;26020933;5755485;83136410;17922116;y;UyR;u;M;P;1975;08;X;True;kNdpeFNFpQYHYcFeR;False;True;False;E
760915231;AhBOhRpA;558;WQJKP;AP;H;0;WS;000000000;a;True;eZ;83673962;39724356;32034632;rm;VY;b;dWETKnbrT;lUN;Y;pqLEcSfBrP;6624806;K;16981060;56807593;81964714;6900777;q;jjc;Z;q;A;1976;12;H;True;NQCxxtgFyrQlpvKar;False;False;False;E
940010390;wkEoJKZl;552;AvVSH;Ql;M;9;WG;000000000;Q;True;LW;14001008;94347470;13231554;UA;Gc;Y;MrFryRedA;qcY;H;KOQDGDbENA;44129744;b;90077728;7183132;23159467;40747507;V;BGh;h;S;n;1960;07;P;True;HtvWUCkgZbaThgOeo;True;False;True;t
770001121;NHccCmei;695;AjaZP;Iv;r;9;Nt;000000000;b;True;EE;28308446;1949628;83646054;hZ;NT;P;kVXMPopQQ;bfU;M;AeuYZGkEcL;58812341;C;92177997;16368763;39979307;97042613;a;frM;z;h;C;1968;10;C;False;OzfTgQPGyuDPLwjEK;False;False;False;g
240012914;usoVAdBI;37;NrmBo;Jj;m;2;Fz;000000000;B;True;dt;88544728;318275;46453879;LB;GA;v;hiUXFgCDW;Ind;J;iGympBpEkP;15670423;x;9746268;26700779;83299179;28946343;L;rOO;e;w;f;1969;08;Y;False;oRepiPoqZgtRKIHyR;True;True;False;q
640003547;CULLjLBa;401;iszfE;pe;Q;1;dC;000000000;h;False;zZ;14932578;64120401;46701110;cR;RU;L;aOGstmGyO;gRR;a;CwDAsPNovm;99873518;J;95131536;33340048;61286566;11934969;R;dUv;P;F;i;1978;11;Y;True;eHbOVMNDEpBOiFloQ;False;True;True;F
800002909;CmWwHfDo;161;ajvmE;pB;a;0;WR;000000000;H;False;aV;79091410;37475572;5896862;mC;Gd;W;JqJOBbyhB;oCK;t;WOwmRJgHIR;10269263;X;93288292;8656752;87837795;43892421;S;uzh;A;Q;e;1972;11;M;True;UWkLAByAVzusfIRde;True;False;False;b
640019758;kOpquJgc;539;Nngkw;qI;f;1;NM;000000000;h;True;fB;48581140;2617193;7135867;sB;rl;Q;KnREnpyxC;LFm;H;KcxLJKEaVx;32577162;y;20268940;69359293;48112373;96481171;p;dzc;A;l;Y;2012;02;C;True;AoWkliFCXFjDJpxDj;False;False;True;r
330010778;wNSUDQOe;990;qJJxe;sz;A;9;rF;000000000;d;False;Yv;79078527;36854358;71904047;FV;dT;Q;iqmEfZHJR;lXx;q;iikYGdhCeG;51289535;e;93671774;35109519;17926727;34186195;o;Krq;S;Y;l;1969;05;H;False;IHHQEOfuMBcUbcjGS;True;False;True;J
290015635;pnOvOUug;482;YVHgP;IH;r;0;na;000000000;g;False;ZB;24315289;58425928;39578354;Go;Ft;L;FBBWvakcb;eZk;j;OnHLHylkoT;65458758;K;22816402;83811515;37082262;49729665;X;tmf;m;y;m;2006;04;Y;False;vtVfGNdpoJfPKBHiC;False;True;False;b
580970929;OdCbaeLh;533;EJWPd;wr;K;0;qU;580970150;j;False;St;41465703;95634230;54672928;fk;Qd;l;zKrgyjuBw;Jmt;R;WzcIUuIdGO;59434451;f;45267287;30815524;44921490;26593014;S;XgT;P;X;t;2008;11;I;False;ggLjihEIVMrftdqws;False;True;True;B
880003710;MjMdUDNg;980;nHAPR;EZ;D;2;hl;000000000;d;False;fV;80411000;84931132;50798099;od;Al;N;dpoaXyFbu;xrI;G;tZPQJjPUoI;52437234;S;53122275;61102030;38052887;8295189;b;xeX;S;M;A;2016;02;X;True;TJkKXoUScFDpqSsuF;True;True;False;z
130006992;EkYrNnxh;716;ZukoY;sL;y;2;GM;000000000;S;True;SU;22671068;24120619;95013456;zA;mr;W;UBuKSVUqk;RvL;x;OuTnoRReBK;96225434;j;62108392;8842993;78359683;59396060;Y;iet;H;M;f;1992;11;A;False;tqDUYDTyNWSHRIHcP;True;False;True;C
130038607;McaQfKqM;127;kvCHU;iq;l;0;al;000000000;R;False;Qe;99912392;25548773;24854124;gj;OB;Z;BiUXATkKR;cSd;S;sWiZTFTxQM;58295365;y;19281945;12387263;23743670;86013388;C;EDT;f;g;S;1988;12;X;True;DMlTZUQrvHbGnCtQN;True;False;False;C
100002401;jVVKVcEr;318;DMjfE;LG;d;2;Bc;000000000;S;True;ao;76489174;42596270;57145203;Nr;Ry;A;CPOIPUbkt;Hdp;o;lPraMXQCzj;7619834;N;3110468;94569348;96698229;44546916;y;FjT;F;e;h;1987;01;X;True;btNmhgsERBIoLBlqX;False;False;False;v
320002694;LkMmlxyQ;483;UERCm;wK;h;2;FZ;000000000;S;True;Wj;56776796;73751286;38820408;LO;dT;h;IubBDJVlI;GgC;d;hcadXKXUmq;8608588;d;97524521;450740;36690033;67145914;o;gba;A;n;y;1997;07;C;True;HhyPjqqmnoqawFvPQ;True;True;True;B
880780341;qWlKprqI;15;YfvxA;wO;D;9;oK;880000195;m;True;NW;23875010;7847868;60691047;Nk;nq;b;CRneSvAyZ;Jwr;p;QILcazIDtO;16168159;o;17030252;63831602;26816047;40339707;C;GPF;S;b;y;2000;06;A;False;wRuHCAmGPnaKYwhDg;False;True;False;J
210003596;nKeznqMJ;133;CDeRu;wc;N;0;NV;000000000;v;False;IV;45414154;24950344;11708900;tg;fa;Y;KWmmHqBnj;Ila;J;AgWpsAujFR;97803973;J;76706618;78681416;79428882;24150192;t;WFY;p;X;X;2010;08;A;False;AyusJDKXvylRgoAqR;True;True;False;l
280504085;SPRHtMXO;58;QkHzg;qZ;j;2;xL;280503889;a;True;Uw;75070446;91543317;92098172;ts;As;l;CjkQnHbvL;uDg;W;huZRDAnjnG;53977820;q;66193780;24619555;71583844;91015371;p;Imx;K;x;R;1976;08;A;False;ymjNiDzzDBjZQOOtd;True;False;True;C
270000763;VHjsmSSu;574;LVHKn;gF;q;2;aj;000000000;D;False;yO;93182659;86488207;45022182;nB;RB;y;vbXxNobfF;Qaf;q;icBAWsGYLC;74938283;x;96891391;99181642;64208751;49204479;y;HuY;S;v;O;2014;03;C;True;vcBQmlDnLThJSzSUk;True;True;True;n
710780040;BQqdUaUQ;554;eojwE;wd;F;9;nb;710001942;W;True;Ck;91275382;64724927;36296816;xl;Mx;H;UfASLZRJI;fnA;J;TNPwJAEgfK;7926241;i;19796443;37418423;98138068;83564778;u;jPS;B;U;Y;1976;11;H;False;NZEawDqmaiaoTvksX;False;True;True;y
020011078;dxzeRLkO;785;NyQHr;AR;M;1;BJ;000000000;D;False;vc;94711903;11936047;23066069;xC;qT;r;cnMfzwzny;yuu;k;ZdIrgDymqH;81553446;v;23692076;87115727;76191668;18553991;O;qWR;d;n;x;1996;07;M;True;zFUeQYhaycbfNKdYE;False;False;False;s
340004811;rGhrgfPL;697;reUHZ;ij;T;0;zA;000000000;c;False;kC;44347416;39171583;4945260;Xh;pL;v;JsUeQXMMo;FaQ;Q;zoOgQlgGTR;37726588;f;20395891;80214785;17819725;42361085;O;Sme;E;s;F;1989;11;B;False;pLCLAsXNcHDQfukUs;False;False;True;b
670007699;DWVOdjlf;141;SGbeY;mw;b;1;QI;000000000;d;True;mh;41023447;52938128;78843307;UO;Lb;S;ftTToRWKw;BNB;B;RHPygPNhXp;34493093;M;40875216;35530326;26550913;13766870;R;Shi;O;q;m;1979;06;Y;True;BvsEoBDqUDPbVnDZO;True;True;True;P
750013435;EyHnnwBz;879;EQKLQ;qf;G;0;Cu;000000000;X;False;Dr;42886362;49365494;88666236;aa;TE;Z;MMQTjvKTT;ukZ;P;GkwnojTDld;28926285;o;43607190;73828032;75111333;4754130;K;fyI;C;T;h;2006;01;Y;True;dprjUEPCEGGWzhecI;True;True;True;j
330049735;AfWhJdaO;389;MKAVq;xd;x;9;Wd;000000000;D;False;nl;16265711;23645499;17029888;PC;QI;o;OrblGNIde;UOf;u;eQcNyFzsEg;83343953;K;14396187;4014943;77863982;4025261;D;gKj;z;a;B;1967;03;X;False;ewGSKIxiYTEdvzcsq;True;True;True;I
310028006;agjCVJKI;240;ndgnt;Sz;H;2;zI;000000000;q;True;Pz;93197705;20639032;66349394;iX;Mr;J;NhkQcBedi;dvJ;h;tqKqngtjGT;37095233;r;58827226;81230223;29138766;16691573;J;hJb;F;M;O;1994;05;P;True;bipFuLLUfPasSCABO;False;False;False;F
930014592;bxkgeBJR;652;OrMqq;xD;x;9;SF;000000000;L;True;io;72412979;98114344;14857568;Eb;Lu;z;dGhzguOAL;ETE;J;GTQPgFqUKg;8442041;A;72965831;76274862;36186336;39382377;L;flb;a;m;B;1988;01;I;True;glGYYWjiuEfXLAnXB;False;True;False;L
870006632;WvgJhIiY;85;mSnoF;hF;t;0;Hr;870001831;R;True;JW;19187101;45401196;4636068;os;RB;L;jEpWCcmLJ;cgj;m;yPYThpnCIm;32045612;S;84644077;61984825;12264476;14163382;g;qRT;U;i;f;1961;10;I;True;nhxmBVzNAYXUVNSFY;False;False;False;L
060019544;GYVyOzli;163;QaPlA;FS;r;9;zW;000000000;V;False;ar;85734091;89279203;67982082;Mi;fW;K;aYjmTGCHy;Drc;T;qXJGqVnbik;14635422;y;37300890;24056518;13011059;42613025;V;xRB;g;X;y;2014;02;B;True;sAEuJEQCCqvskhWMC;False;True;True;o
300014776;fQXkfeQd;722;edbfs;iS;u;0;rb;000000000;j;True;di;94397603;99600858;19269652;dx;pL;R;mGwNpebdB;IVJ;D;cwiyxtHpZW;98037576;R;18607946;61747789;98898463;1771529;j;nqT;A;N;H;1978;12;I;False;kjbUhYedUjhvxJySj;True;True;False;o
930006861;UeNuGFoF;211;MCtXh;ND;h;0;bv;000000000;X;False;Yz;32942352;90630336;20207162;jO;VF;I;DFWjpbCps;snT;g;jzbzfbOboY;20549146;d;29380111;14992652;58203478;50028610;w;bZn;w;O;H;1971;03;X;False;lxsuiNjVvhpgRAiMy;False;True;False;i
220024608;uaPqzOIj;947;uHvUc;rQ;M;0;ON;000000000;p;False;bN;2830790;29830050;95455953;Ux;Pm;V;JOxCCkztr;hiW;A;NseDtsBLqg;21975975;G;79529335;43676886;65022701;4731976;w;Hlq;P;s;b;2003;01;Y;False;TNPsLxeYIOtXUkxDi;True;False;True;u
810009258;JwEstwRm;901;PBfSV;at;Q;2;jN;260005525;E;True;Sj;93509780;4309644;69700484;zd;Iv;c;QDDEwaiRa;pSy;p;sOYXSnWTkN;2767956;U;34696662;92845727;58922289;4677412;y;XwG;K;t;v;1965;01;P;True;bGtvppoXCQyKuhqzD;True;False;False;H
860008879;ExBTOIly;315;dwLwF;np;Y;2;XH;000000000;K;False;nt;7198366;64599448;67865901;cx;Bm;h;PcphpZJxQ;AEg;E;dmZOibglNt;78974785;Y;53458291;18398297;41798532;26718598;L;OSY;v;p;V;2001;06;B;True;qxwefTDArzkxSGZvo;True;False;False;e
810000794;vLoaQwkH;48;yylpa;he;o;1;jM;000000000;r;False;Zx;2106356;26187061;53617155;Mb;lX;N;MsCLnZagl;Umv;B;lXRrnTWQhu;16296308;M;70919781;79278999;88702574;26621096;O;ubJ;J;L;V;1964;12;X;True;ZyUdYTpPbsgAhyCgE;True;True;True;a
130021843;LdBvTtCF;656;jyMkJ;ey;q;9;VC;000000000;r;False;Ig;80528119;50662926;69981913;Kg;dY;b;zfOXutenh;dRw;K;VLdMumOJcU;17874657;f;37901504;2229530;99227033;25229054;w;trR;P;T;v;1992;03;B;True;nSGZnvfxGhalxFomp;True;False;True;Z
920006657;MElNptRg;306;fNIRt;BV;p;2;xn;000000000;r;False;Wt;28279598;40350308;74650373;JN;tX;Z;FhiOXnvEo;ZKZ;h;AKYtqagIMP;32120565;D;52725500;81538693;54005956;85600496;D;VBM;J;e;V;2010;08;H;False;legaaXkvmwKbHdhbA;False;False;True;I
920804465;icogOtVS;730;rfUdA;nf;G;2;DT;920002177;S;False;dt;50502481;39152053;35427216;LC;dU;l;FymyRcUMF;HQO;h;CuoWKCzcwQ;15126;j;84912995;40222824;64056582;46285202;s;etC;v;P;W;1995;01;X;False;CoNvEpuZLslkGvImy;False;False;False;P
360003172;wCiHmMcK;818;UWVJf;BU;g;9;XL;000000000;f;False;dt;76412567;47843421;61483229;hw;Wd;A;dtLgrWoPQ;Fjs;S;BtIKvopGga;20605384;E;4562071;49066609;6002541;20982592;X;rAj;L;R;g;2003;08;I;False;rzTdHpCsAyIziOyRk;True;True;True;T
660001512;JLIuknbY;307;WYcGj;uM;U;0;XA;000000000;P;False;LR;32831820;17212307;38671935;fm;Au;Q;zqcyeHgnH;eNM;v;PDwgbSMpth;25408594;G;2448005;174911;90084314;68627340;j;AND;h;C;c;1979;08;A;True;HeBGKmNHIpPfKjFtC;True;True;True;M
330005059;UFSbvyVt;48;XsZjS;sq;D;1;IX;000000000;r;True;PT;10548265;76849458;27544408;eG;mX;D;xjUZLKHzz;RMK;k;DsvavKnhjY;54764099;v;36165294;45181062;17911602;88575458;m;BhL;l;A;K;1997;03;Y;True;vaRziTPczbqJVKhGq;False;True;True;v
690017843;HjsHIGYo;129;KixoN;Td;C;2;Ld;000000000;S;True;rF;23203206;21930603;22527511;oY;VO;V;kJapcOQfD;uHT;W;PARgzxzFDS;72061544;f;53448400;35258695;50570161;52978595;m;IWX;t;x;F;1991;08;H;False;QIEPmSzwfbtZlcFPU;False;True;False;X
310029947;JLBpzizI;91;tkpCs;rT;Q;9;gz;000000000;Z;True;tW;58029819;41487538;91448996;VR;nq;T;bYQBHWtXI;ruY;P;ktYBqBRiCy;39882203;b;42800853;59759635;27252780;63080991;U;Myb;t;R;b;1980;03;X;False;sVqQYkjIEEbjxePMh;False;True;False;t
570002238;gDknhAcF;356;PFCgb;KV;K;0;dZ;000000000;V;True;Yi;62659515;9489675;27218675;Rv;cW;J;oXfxjJbxK;HiH;m;bItrMZijct;31594465;l;92862182;4264020;20412637;24151144;e;VNn;J;E;A;1970;01;H;False;ovPRyUYopPLkqxRvl;True;True;False;D
750048308;QUIxWzfC;707;HBPuo;ZY;o;1;mv;750007171;k;True;Lb;3787040;15359929;94561242;Xv;YO;U;TRGXWaTWC;tvF;U;ABIrJGPRXR;36051294;D;63779675;81433685;70374293;3922648;X;vtW;a;Q;B;2014;01;B;False;kGmmipjAFfSjlZLPL;True;True;False;a
940007941;OAbzlSOB;334;mJCig;fQ;w;1;Aw;000000000;s;False;QX;37404176;18669068;43822966;Ub;CK;y;YJIADLjoD;uVB;e;QEfQyUSEtN;41585289;t;81424037;84801837;22270715;86020400;N;fSb;c;i;T;1986;09;X;False;pgfciReDyMybScDcB;True;False;True;t
890974900;FcFBEUVV;332;AdonD;Ve;z;2;gm;890971146;d;False;QD;73019368;42342031;92685457;pX;GU;N;OQFSunyft;WIh;o;caaMCemzPN;21013562;a;81855817;82245540;72301666;96818231;r;fmo;d;H;G;1996;02;P;False;aumFRMPxTtsyJhAON;True;False;True;t
620017509;uwMfeLWy;863;xnbro;SI;c;2;FA;000000000;R;False;qu;34912906;70836897;46363468;et;vq;z;CziHyOGPE;wTM;a;kiMiAGZZcg;36191729;H;43599003;2192302;69236955;16652852;N;fYi;u;D;w;1982;07;I;False;yeyXiIhZerORdFJBh;False;True;False;K
380004911;MuSIMTEE;155;yFmiJ;Tc;n;2;FI;000000000;M;True;cY;69076866;56663874;42562083;Yy;WC;g;PsDhYCFgQ;hTu;P;WYOOhaNKEr;70676761;E;51631331;23690907;33262434;79151585;K;GVk;W;Q;F;2012;12;H;False;eTZBjPZvisWARwdvZ;False;True;True;Z
680011780;cpXlIvtY;440;ekDyz;Zu;A;9;kH;680006848;E;True;XW;3339058;85338717;15281499;Rt;cH;a;HABGlNoUj;iHJ;C;tFfKMIjWyB;28964032;A;44866633;69882129;79470984;70885004;k;iXh;i;z;w;2004;01;P;False;NpbEgmIjvJqujgMOW;False;False;False;M
430000315;LgzFXeWS;135;kSsAV;wP;S;2;eY;430000075;o;True;iy;45764820;29156388;59869095;mJ;eq;t;GfIEatBbq;bwi;H;lSzjmypXyu;73277240;N;59472109;37963241;69873141;82998104;t;QQI;K;j;i;1971;10;M;False;hITgneMhsVhSDfGtT;False;True;False;m
060788460;IElpAtqH;620;weDZU;Aw;L;9;dT;000000000;Y;True;Kp;10019524;2900604;64798044;OQ;Rk;k;QIbznwpZZ;pXZ;r;dCqSkZjvho;68979956;M;69474681;63830031;98279665;98199736;s;oTP;m;Q;W;1995;09;A;False;yeThkWltWJXZSSErO;True;False;False;f
