ETA_NUM_EPMSI;RIP_NUM;TYP_ART;ETA_NUM_TWO;FAC_NUM;ACT_DAT_COMP;ACT_MOI;ACT_ANN;DEL_DAT_ENT;PSH_MDT;PSH_DMT;CCAM_COD;DOC_ACT;ACV_ACT;PHA_ACT;MOD_ACT1;MOD_ACT2;MOD_ACT3;MOD_ACT4;ANP_ACT;REM_EXP_ACT;DENT_NUM_1;DENT_NUM_2;DENT_NUM_3;DENT_NUM_4;DENT_NUM_5;DENT_NUM_6;DENT_NUM_7;DENT_NUM_8;DENT_NUM_9;DENT_NUM_10;DENT_NUM_11;DENT_NUM_12;DENT_NUM_13;DENT_NUM_14;DENT_NUM_15;DENT_NUM_16
440052249;yapTNE;I;000000000;ZJE;v;10;1968;821;nL;RSe;ZCQK002;G;y;V;b;d;j;V;F;m;Dk;SF;XB;JE;da;hZ;sR;Cs;oa;wa;Rx;wI;zF;ut;yy;Yb
840015101;MmkEzE;C;000000000;Hna;O;02;1961;431;mB;Vvc;DEQP003;e;e;M;u;w;l;S;M;O;rF;hI;mm;eT;So;ly;wj;Vg;kP;WI;vp;je;BG;hx;tI;Jl
590025615;RbHLso;M;000000000;QiP;M;07;1980;867;Gn;lpQ;ZZQX132;s;d;t;W;t;z;n;I;x;te;nP;OH;kz;NQ;kv;Jy;ND;vW;YE;CJ;bc;sx;je;cf;mG
710011966;XwobJu;P;000000000;NKh;g;09;1965;860;iQ;eCz;NAQK015;p;q;F;M;W;c;o;O;i;Ga;zG;vX;FC;QT;Ah;OY;dM;tm;cl;Ka;Ys;GA;cl;Kb;nq
920006657;QHFsml;X;000000000;IgJ;N;07;1991;554;mi;aWI;YYYY041;F;R;V;q;A;A;l;i;i;yt;mO;qJ;Pz;Vo;Vk;jF;ek;ED;eL;PF;vU;FM;UZ;oW;Yy
790000897;yETnCz;H;000000000;CbR;f;06;1984;767;FR;EFi;ZZNL063;j;x;V;S;V;a;T;N;W;Nf;wj;Vs;UR;gW;Js;xR;EQ;IQ;Kk;Yk;Mf;Km;CE;Gh;qw
690004668;HizJbU;I;000000000;Cmw;D;01;1990;720;JC;KSs;ZBQK002;S;j;T;i;S;M;w;x;O;gn;hn;wV;aP;kY;vn;Zk;Ap;KL;HN;Xo;fW;Dd;Sj;lR;jq
620019216;wvtlQH;A;000000000;NcE;j;08;2001;595;ou;iTO;ZZQX123;t;g;g;R;M;d;i;M;s;dm;oT;tY;QP;nd;aw;pn;WP;Yh;vD;li;dY;sm;Gh;kQ;dQ
970403978;BWUUyr;M;000000000;vDz;l;11;2008;615;Dn;NbT;ZZNL063;I;B;s;O;O;D;w;s;O;Dv;vu;Gf;Zz;wX;bF;oj;br;WQ;nh;bs;cp;fm;QA;nT;Wg
750063794;hjGIjU;B;000000000;xQK;u;03;1965;665;NC;jtE;GLLD019;D;K;b;z;G;e;k;q;P;UN;iH;Wz;Jk;nZ;nm;WM;Vk;oG;qy;FM;kt;Ci;oD;dl;nm
690031570;fRoPQH;H;000000000;LMe;S;07;1991;2;gm;gEP;GELD005;M;L;s;q;m;S;q;n;v;qS;Iu;FL;xD;vL;jr;cA;jG;sy;HI;oK;wS;Mq;wy;Oi;kl
310031117;AYHjGa;I;500000237;Xua;a;10;2009;189;TC;HQO;DZQN002;b;x;a;o;f;q;H;H;w;VS;tT;Am;TO;QT;TW;AK;hY;vL;EJ;Cu;mQ;zD;Um;PW;zf
340791516;RGWeKa;B;000000000;UxW;Q;09;1996;688;UF;roW;JAPC018;y;q;j;A;Y;N;c;f;t;ps;lD;qU;Bb;AU;yl;Ui;Um;ZV;ff;Ws;iE;wG;Xp;jC;jT
410000939;CVjCSi;C;640788097;eYQ;h;01;1982;760;og;wgZ;GLLD008;Q;e;w;F;y;s;f;P;y;SE;QZ;mn;Mz;ru;NL;Ai;OV;WP;yL;ja;cT;lv;LQ;SH;NY
870016250;eWJgXN;X;000000000;cgm;G;12;2006;733;TJ;lBE;HJQE001;z;A;m;V;t;m;a;b;v;nI;vY;id;PH;bL;FT;Fd;KO;MK;au;gy;Kt;uS;qM;mC;MD
120000898;HhiwUW;P;000000000;dxT;R;06;1967;251;yZ;oMH;NAQK015;g;l;W;q;C;I;I;z;H;qD;WX;kS;pB;Yl;YQ;qf;dP;BG;Ln;HC;rM;cO;IY;ce;rs
780004883;enYUBW;M;000000000;RWe;J;02;1971;974;wA;HWq;AFLB010;R;H;A;g;R;p;a;V;P;WJ;tT;WH;Ko;oU;Oa;XJ;el;lB;eD;Ha;rt;kr;zw;Jj;cs
920807773;CFdZDd;C;000000000;rcb;U;01;1984;777;de;LPI;HHFE002;g;r;I;I;K;b;g;f;y;fH;yB;AH;dk;Nq;ZM;df;Ra;mW;jT;QY;gM;EP;OQ;yp;Vx
620005017;YnALgs;M;000000000;bIT;t;03;1981;155;mi;rmT;DGQM001;f;t;m;V;v;h;B;i;h;DN;sI;bv;eb;Ns;Jm;De;zi;yr;ti;cp;fH;TF;be;dS;VA
920034253;FhTbil;X;800000424;PTf;i;04;2003;144;MI;YhO;YYYY600;d;g;s;c;t;d;s;B;g;Mo;cH;uv;wD;Qx;hH;Rr;YH;tC;Kg;ne;ZC;DH;Os;KY;gO
950007849;FLpPVQ;X;790006001;dyO;H;03;1971;757;UC;lRR;ACQH004;r;m;h;S;m;F;b;H;C;Xa;Bn;dK;vt;VK;FF;CF;fs;CP;rv;Nk;SH;CP;OD;tl;vT
020008264;yIcEVS;M;000000000;yLQ;O;04;1994;806;lD;uLH;ZZNL051;I;b;Y;x;G;E;R;s;f;lO;SA;Xn;AF;lR;yH;ak;jI;Eo;yh;wO;xt;uY;pt;Dk;ND
130040256;LLqQru;X;000000000;UJF;m;01;2004;524;Eu;fvz;ZBQK002;d;z;K;N;S;y;k;Y;r;rs;hZ;rG;uz;zt;Ao;RR;xv;IM;ii;VD;rq;oB;Oh;cu;Sb
310019013;SncOCV;M;000000000;crU;r;01;1972;20;xy;hZQ;ZZLP025;b;n;Q;X;F;n;C;k;L;sr;PM;fJ;XI;OO;NA;hr;OU;bP;eW;Jt;uT;IK;Kd;oR;Ij
690803150;jePjwR;M;000000000;UYU;h;10;1987;647;Vl;exG;JDLD001;E;g;S;O;a;V;z;M;t;SY;II;lI;mx;yf;HI;KA;pU;VY;aK;QP;uJ;EU;LS;Ms;Ez
270021751;EUiEwC;Y;000000000;QPd;i;01;2015;409;Wc;ZhV;DEQP007;S;I;H;M;b;M;r;o;D;AJ;sQ;Ba;Jk;Ec;YG;bQ;HD;Bf;Vk;XN;GH;cs;yP;TG;iq
710010745;zcUwTG;M;000000000;Aes;e;04;1960;76;rB;RfR;MFQK002;n;B;k;y;S;e;n;o;k;lG;wA;Jd;Rn;as;Io;PO;Re;mS;uv;hL;fJ;Gd;fD;ZO;JA
760004119;dBefFC;A;130039233;nCE;j;02;2000;607;En;TQC;AHQJ021;t;N;d;c;u;M;f;e;B;Od;gw;Ce;ih;vQ;tP;hV;If;eD;qL;tg;zQ;ls;jf;XO;qN
770700185;mjVZzS;Y;000000000;WTs;d;10;2005;670;rJ;psy;ZZLP025;n;E;C;V;Z;J;C;i;M;cF;nM;za;vm;aP;wo;Wo;YO;Do;zx;mN;VL;wW;Ce;kr;zg
910008143;uDROaG;Y;850007220;MbM;n;03;2001;297;ZF;TVR;YYYY146;j;d;s;n;L;N;I;v;G;dQ;mR;pg;IT;yz;lg;pS;Kr;hd;gD;zb;Gs;UN;lJ;eG;gO
770016368;LNRTcS;C;000000000;RKT;r;07;2000;913;su;jjT;ZZQN002;U;U;J;O;K;H;t;Q;K;Bo;kB;AI;oq;of;sm;cN;Fh;Wg;VS;pY;Wj;qD;BR;Oe;hu
440029312;USFjbB;C;000000000;KRp;I;04;1971;391;bO;IVy;HSLD002;N;q;t;M;p;F;J;a;g;ns;kd;aA;Rs;Xo;Hy;kD;EP;qn;Iq;WM;El;Rp;Lp;SW;bw
490544053;UjfRQa;P;000000000;fRA;n;12;1984;441;gR;wwD;ZZNL050;m;d;V;j;Y;N;m;T;a;nQ;sn;md;dX;Kn;gF;Yo;WE;Uy;fF;YX;PH;qN;GO;Bx;JU
950016410;WSWFkc;M;000000000;Acm;X;03;1994;206;ri;Dyi;ZBQK002;J;N;A;v;E;Q;B;R;K;YC;Um;qX;XD;FP;Tz;xL;pu;Cr;qr;pH;Pz;TA;Zt;xz;CN
210012514;xrrATy;P;000000000;VHc;D;04;1994;618;EB;hRg;HEQE002;d;u;l;s;z;P;j;s;z;nc;pz;ma;qp;XY;Xv;jB;iz;PW;iO;vt;pX;dd;Ip;HT;Wf
470013491;vkkfml;H;000000000;xLp;V;08;1976;385;Uy;jux;ZZNL050;i;e;O;d;B;W;w;g;A;AF;xd;qT;hp;QE;Md;tR;ax;mh;nl;mJ;gT;cl;JM;Qs;MD
110005634;KfUndJ;I;000000000;KMe;Q;05;1965;412;Mf;GNK;ZBQK002;L;r;q;S;L;u;s;y;u;lW;qB;FM;rx;Ga;XF;Kb;dc;GT;uc;bZ;dr;Ou;oq;sO;UJ
950009860;mRHlmM;B;000000000;jHU;z;10;1992;525;iq;PSJ;HMFC004;p;H;n;k;b;I;l;m;f;Je;dp;NK;zc;ux;Jv;VC;nn;Kj;hh;nF;OL;hC;sK;iH;CN
570016220;LnYUGK;X;000000000;GBq;y;05;2018;740;lJ;szi;JVJF008;J;D;f;f;K;T;S;O;w;Yi;ah;eO;pv;rq;tx;au;VZ;hE;Yd;nm;Jb;UJ;Sa;vt;EJ
440034189;XUdXmI;Y;000000000;MYo;y;03;1971;788;Ix;zEt;ZCQK004;y;k;a;V;I;K;S;J;H;JB;Ol;Tm;hN;Cc;sD;PD;kT;Os;oZ;GQ;yD;KU;Us;YV;TH
130024730;uRYtNH;M;260007638;bss;v;01;1969;77;vL;kwI;JVJF008;Y;c;P;I;E;S;G;k;E;MW;cu;Up;FZ;Yy;XA;rG;ZT;dV;qp;pT;xx;CQ;it;Bu;eY
280503913;eWOOFR;C;010000081;brs;k;07;2008;477;OY;QWG;JVJF008;y;P;b;w;a;a;T;z;l;yK;up;Xu;OM;od;Oh;ID;zQ;rP;al;ZV;di;vh;nI;iO;pa
910012368;YQypJK;A;000000000;QiG;a;03;1961;474;jf;SUy;GLHF001;h;U;F;a;d;T;w;G;P;eq;IM;Cl;AS;wi;YP;HJ;LT;uC;tF;jj;jL;tG;MO;eY;XC
370006983;sNAFta;C;000000000;Vuh;l;09;2001;371;fP;uEV;DAGA001;F;M;e;B;I;N;e;Z;d;Ct;rj;zk;kz;fD;Me;LE;qi;xR;uh;Wi;dW;Gs;dN;uJ;LT
540025194;outTGS;I;000000000;GBt;B;07;1991;276;rH;Txe;HZHE001;m;r;o;i;w;B;D;w;G;Kw;sA;Fb;Ar;VX;dg;kA;XV;IM;kL;lY;IV;bb;DL;TD;sN
630013183;QfWxjo;H;000000000;Dzr;o;06;1999;616;Gp;gdI;HHQE005;A;s;u;u;i;u;R;H;x;Sj;no;Fs;AL;JE;Fg;zP;Ux;yn;PO;cG;qC;Pr;FX;hl;sk
420002065;FBwEWl;M;110788270;qkc;b;12;1963;510;Pr;iyO;ZZLP042;y;f;z;v;Y;i;f;U;J;rR;Yz;eG;NX;TA;ao;Fh;Sh;iB;kg;IT;Xd;Sc;MK;YS;lt
180003022;XjJkei;X;000000000;cBA;J;05;2013;918;Yy;OjA;JDJD001;x;z;a;f;i;p;A;o;x;zf;dc;FO;be;Vh;ff;PK;nB;Yg;XY;HW;AD;vD;oS;aY;nz
460003494;HwvFrU;M;000000000;nJz;V;12;2012;297;Ry;XPM;YYYY020;x;N;t;p;E;H;k;I;s;rU;VZ;Qq;wV;DV;Yk;xZ;fa;ZW;an;Oq;gE;rS;Xw;gU;aV
010786606;sSukyk;I;490003613;vDG;S;03;1973;979;OL;tFp;FELF006;B;q;Y;G;O;t;l;f;y;mi;XH;mT;pJ;lk;Ej;PM;qK;Ss;Ev;Np;VX;td;mo;pS;ZH
670000611;gcIhBU;M;000000000;HHg;P;02;1988;844;wN;ZWS;GLLD003;m;S;Y;D;Z;G;t;a;c;lv;qC;Yl;BO;Li;LN;mZ;Tz;fs;ER;ae;hw;Mk;ut;aa;Tf
740007273;AnmmgC;P;000000000;Jjj;V;05;1988;961;Jp;nxU;AAQP011;y;B;q;C;R;v;Y;U;m;iJ;pc;RB;gg;sH;YE;SF;Zd;Jo;RY;PV;ky;iD;vj;tp;iR
370008385;lUJUwl;X;070006390;xPN;F;12;1972;520;fG;Fzn;ZZJH003;Z;v;e;F;t;W;I;e;i;VP;Wv;sF;Rw;rz;az;GS;zC;mK;zG;Qt;pi;Tv;yE;gY;dZ
940007180;rMnzQL;B;000000000;CKj;Q;11;1998;639;fg;rxE;ZZQX162;j;I;z;T;S;a;l;W;s;FD;lp;Lq;XY;Gd;GS;XF;LH;rX;DR;mb;wJ;Hq;cq;jm;Ed
910021757;eAEfCC;B;000000000;mKD;m;04;1977;312;ko;CpS;JVJF004;q;p;V;f;a;Z;n;g;D;Ga;Eq;YG;By;Ir;TI;Qf;DC;vz;tM;ir;uw;eQ;VJ;CD;vN
750833675;dIhNxM;C;000000000;PfV;d;07;1970;561;xL;BnW;ZZLP025;N;s;R;J;r;D;Y;c;X;zk;hB;fc;nf;lL;jn;pr;ZB;tr;Wa;LR;uu;mS;yw;HW;xB
560016321;ANBoFA;A;000000000;yrJ;c;11;1999;523;FK;hSr;GLLD017;U;h;o;A;N;N;c;Z;G;YR;nv;qm;UV;EI;mv;dh;Mz;LI;yq;sa;Xw;oW;Ey;cp;sj
750029969;CAbCtE;X;000000000;HTL;b;06;1992;520;sf;tlX;ZZQX128;U;M;g;V;V;D;y;N;R;oN;XC;aj;eP;Qu;uG;oU;Qj;yP;gG;Of;cS;jL;YB;vo;Kd
750019101;kRDdWM;C;000000000;Nqs;t;03;1962;306;lT;vOQ;DZQM006;Z;E;n;t;v;c;b;Q;T;rT;da;rH;hE;BJ;VM;Tq;Nk;nL;Yl;zd;Gg;zF;TW;gu;AY
270001795;MVXtRn;Y;000000000;bgT;B;06;1963;953;Gx;qcf;ZCQM006;r;J;t;P;Z;b;B;T;f;eW;kc;dy;cq;IO;lX;su;dI;GZ;DH;bM;zm;ID;Am;JJ;Sx
350014759;hKodSG;M;000000000;SQx;w;06;2005;243;ry;otJ;GLLD017;y;D;m;z;t;F;k;q;k;dx;nW;sQ;be;nO;CH;zr;eH;di;tX;gf;Aj;XN;fR;xS;kT
750803694;bfmomo;M;220013890;sOG;Y;12;1973;735;KB;hxG;JVJF008;r;G;V;F;U;B;l;H;m;SO;QB;Gn;NR;Xr;sX;eN;va;PH;UW;Oi;Jm;yr;zI;no;LZ
130022361;jBVeVs;Y;370007429;cIY;u;03;1970;480;GO;PsU;YYYY015;d;X;d;n;S;y;F;f;R;at;Kp;Hv;yc;Xs;xL;oE;kx;hp;QO;ab;tS;gM;km;eM;dl
860001916;FWjNZv;M;000000000;XuE;g;04;2010;932;Wc;zRp;ZBQK002;A;K;m;Z;m;L;x;J;G;qM;fE;fM;Th;lY;xz;kC;Ei;fk;Lb;Mh;IC;GJ;Jn;bp;RX
310795950;lqHFEk;P;000000000;vRY;p;07;1991;470;to;oEE;ZZLP025;v;C;q;c;j;x;x;s;T;EA;WZ;qS;Il;Vz;Yr;oQ;fc;Bp;qn;If;vR;Fc;aH;yz;YR
220009658;ntvljd;C;710008590;Pmr;x;05;1994;761;mr;iCr;ZZLP030;j;p;O;r;t;I;m;I;w;vy;Ur;xv;Xg;GE;ET;Sy;HI;dE;fT;To;VI;BV;RM;QF;WQ
020001137;hnsFro;A;000000000;hJy;T;05;1980;404;hE;Rvz;JVJF008;g;P;S;L;l;S;r;f;I;dn;oh;Kh;iz;Mt;RK;SW;Xs;pe;cL;ga;QX;kH;xG;Pd;Xl
740007109;pLsOoS;Y;000000000;mgT;V;03;1986;867;Wq;Owt;HHFE002;x;q;I;A;C;z;m;I;E;WX;jj;Gw;sF;ir;ho;ec;EE;Bs;IU;CW;uW;IJ;he;vi;IR
620002568;PcHkOP;H;000000000;EfT;W;07;2009;913;zR;ofC;DZQM006;F;L;B;i;E;A;B;o;a;KB;SP;Ga;rK;KA;Vr;uz;mo;Wf;sQ;IK;hg;sh;lh;uQ;Vz
120003421;yAuyYm;H;000000000;BEK;P;10;1966;104;Gc;bdk;NEMA013;d;T;z;v;i;p;V;X;e;Ow;WN;Xl;lS;Up;sk;Ht;Wp;qX;XT;wS;na;CB;hG;Oe;sf
640016374;btuavq;Y;220004584;nhA;j;06;1966;924;am;OAl;BELB001;o;t;s;s;g;I;Q;I;r;eL;HI;xX;Bz;gy;NV;cG;CE;qX;wB;Rx;Qg;LR;Ji;lF;ks
300007234;kERwKi;A;000000000;qcc;x;07;1993;118;cU;vyY;NFQK001;g;h;A;D;R;p;K;P;I;bg;YP;LQ;gb;xt;LN;as;QH;NM;hd;zS;rX;PO;jo;iX;pi
590035630;hwadCv;C;000000000;GqV;T;01;2012;294;vj;yXY;JQGD010;S;h;s;C;i;M;D;i;n;En;cV;HQ;Kr;Zp;Nd;GN;Lk;Qt;dX;zT;DN;ww;gv;PU;zq
720012400;grWeKl;M;000000000;FFT;L;05;2010;12;Ud;fAE;DEQP004;I;R;w;B;Y;E;y;q;B;it;cL;vi;pv;RS;DE;BH;hV;xF;ng;zy;So;aB;vN;Ay;AG
300006202;ToixTW;C;000000000;JBb;I;11;2018;323;pI;kVE;ZCQH001;y;Y;C;K;V;r;i;u;s;my;HO;Sh;OQ;YO;sy;px;im;KM;ie;GY;Fg;Ut;DS;Qm;Hx
690800206;eXxanp;X;000000000;jKS;S;08;1985;9;fW;SBx;YYYY128;Y;x;S;W;E;H;F;t;m;YH;yY;mg;ZI;RT;Bz;Mn;sF;YQ;yD;rs;vl;Gk;xC;ld;Rf
590020194;eXJLMQ;P;000000000;Gsq;O;11;1980;162;yq;wRc;JVJF004;I;Q;S;z;V;K;p;S;L;EY;hj;uZ;bl;iV;Nb;yX;Lz;VA;Fz;tM;pm;LS;MQ;ef;MB
530004381;YRrmWR;P;000000000;pJV;p;02;1966;377;qA;HDY;JDFE001;y;s;H;g;e;T;y;Q;Q;pm;Za;RR;Hi;uU;Mz;tI;KE;TP;mj;OC;rj;jP;DA;iG;ad
750036196;WLcaoo;I;000000000;ljr;Z;12;1961;484;Fs;WwI;YYYY015;q;s;W;u;f;z;d;O;U;ks;Su;Dq;sH;eN;vF;gd;DS;yb;Gc;IX;Ol;Fn;VS;dw;Cv
950001461;KqhUbE;B;000000000;gFa;i;06;2012;146;Ek;mUy;ZZMP012;B;c;F;t;s;S;h;M;o;ok;ln;Fh;VZ;yb;zI;Xx;ug;Ii;qF;Gu;sJ;bp;jx;sh;tz
620007716;uMcuVI;P;000000000;rQj;d;09;2007;378;Hl;OKs;JVJF004;y;C;h;w;i;i;z;l;j;El;by;nZ;wr;BO;iM;rw;mB;Dy;oG;Ed;cG;Oy;il;Eu;zn
110000395;oDIkka;X;000000000;mdM;l;10;1961;882;qT;uwR;CDQP006;I;n;g;o;O;w;o;P;A;fH;qQ;sE;aL;fm;OU;tU;tB;wE;WH;fC;Zh;AU;Wc;qN;fK
780026415;DpRNEo;C;000000000;jrv;X;03;2007;202;LR;cGZ;JBQH002;q;k;G;W;r;J;j;B;Z;yL;FH;Rk;Ng;hc;Px;zZ;fE;rU;QF;fX;Or;rx;po;tJ;EO
390000883;YvvDZm;A;970102653;wqi;x;01;2015;3;Hs;NLP;GLLD012;a;b;X;J;K;e;G;T;d;Cb;LY;jw;yU;hO;Zi;ZD;lh;JY;wF;hS;uJ;hi;Nc;xE;cd
440036127;gTueCz;P;000000000;trd;L;11;2003;157;HQ;xua;DEQP004;n;N;r;a;X;d;d;T;G;pv;Zc;NK;XK;KZ;ek;eD;Md;nP;VX;EZ;Ow;XK;cz;ZV;Ru
350044418;EivBmW;C;000000000;mGd;f;05;2018;599;eI;hWk;YYYY049;j;k;M;s;K;R;Q;N;w;aw;ks;Fk;Xg;Ar;aL;bl;ft;Bx;NO;Xk;EG;co;xk;mI;Dt
520001512;rDxFqj;P;000000000;ume;Q;09;1962;992;Zg;jHZ;LBPA041;O;v;j;i;i;u;W;d;x;kI;rF;SH;kA;cs;Rv;ZD;KE;Hh;Me;uH;od;gc;aW;cC;Wt
590025730;FQLjhd;I;000000000;Cht;T;05;1980;736;Bn;nnc;NDQK001;W;D;W;b;M;y;L;O;g;XT;lN;oe;ST;YM;nr;Kd;Jj;gj;JV;XT;aM;Ak;lR;vi;PW
830000543;VBeNeE;H;000000000;lBr;w;02;1970;617;HA;DCK;GELD005;w;f;X;d;c;e;c;Y;Q;sZ;qi;vi;yW;Nn;Zx;GZ;wp;lW;ih;lX;yC;KR;sS;CM;ef
040005340;dVSibS;H;000000000;KEY;Y;08;2015;123;Os;QBV;JAQM003;G;y;R;k;V;m;n;R;Y;IJ;Fo;Tn;Ww;si;Ht;AV;wv;kT;cL;jR;wV;th;uh;xk;vZ
270026594;qnVNqJ;Y;000000000;dvK;I;06;1996;449;sN;pzc;EQQH006;P;Z;z;w;v;n;q;g;A;tz;sU;NH;uF;ez;sO;yt;Ji;uf;NJ;iA;lT;Nx;ni;ch;XD
220014641;kVRFdF;M;000000000;iIA;C;11;2009;209;hS;evo;JVJF008;C;G;i;c;Y;c;t;z;J;Ge;Hr;AV;Ue;Bs;TP;ig;IE;GL;JJ;Cq;ea;RU;Bj;OK;KQ
380004093;GVHbXX;P;000000000;luC;D;08;1996;823;tP;FLS;EQLF003;j;c;P;f;D;O;r;Z;l;lu;ZY;UK;Kh;UO;TR;oF;YK;Lt;Uv;qg;qZ;YR;xB;UR;Ge
740008149;hCHIWv;Y;000000000;SKO;D;12;2017;155;lK;ITB;HEQE002;K;l;T;X;H;w;k;z;h;oZ;cM;qB;HQ;RB;FF;kb;Dt;Uz;Ox;pX;mB;UX;oT;ch;XS
060004652;URDvYV;I;000000000;qCR;L;03;2009;851;QT;lIn;MGQK003;N;X;R;H;Q;h;w;I;J;DW;Gz;yi;HY;BU;xq;SY;yM;EB;JX;xx;Ps;mg;eR;jH;YW
250003506;PNtcfL;Y;000000000;Pjy;y;08;1970;783;VR;RlH;JAQM004;U;G;i;E;s;s;N;t;I;RQ;tZ;tY;He;so;Bi;Hh;Rq;dh;JD;tP;sQ;ib;za;CO;Il
550000400;OmYOWK;M;000000000;vxV;F;09;2017;451;nJ;dTU;ZZQX188;E;o;H;z;Z;f;B;k;l;FY;QU;bk;uD;uE;Bg;SC;lV;an;jW;XS;BU;sd;bD;Zx;UV
770003853;xmfbTB;X;000000000;sCg;B;12;1975;731;fX;nLC;JVJF008;L;f;n;U;h;u;r;u;z;ed;SC;Al;td;Aa;NJ;sD;dT;cW;cj;mJ;rz;Za;If;WB;gM
090000373;IJHKOn;M;000000000;exJ;G;03;1971;890;VE;vci;HSLF002;a;P;e;x;B;m;z;e;D;cK;Vu;ca;Pn;hP;xW;xW;NU;tE;VJ;zu;Gr;Tl;wx;lI;XC
520003740;vdtwdf;A;770013514;VJo;V;03;1998;587;bG;bir;GLQP005;s;S;w;r;o;e;e;q;D;Df;EZ;of;HY;Fo;Gb;Kp;Fw;oe;Py;yk;Pd;jA;hw;fK;pS
030001275;jsFENl;C;000000000;KGA;o;05;1973;599;Hw;aQO;ZZQX069;s;h;P;n;E;s;J;f;R;cC;Bm;fs;IQ;Gh;qu;ns;YH;gd;dZ;DK;Xa;nP;yi;Fy;Gx
670017342;gloOzS;P;000000000;sel;X;12;2019;625;aN;Kdm;HSLD001;W;m;N;E;r;h;m;V;S;lz;mR;Oa;Ld;ww;id;uy;Rg;Rw;oD;Lp;Cx;Lg;Uc;Ui;jJ
350001509;nVhFTa;B;950014415;CtJ;P;10;1972;269;QD;DDc;JKGD001;u;X;D;S;R;j;a;Q;o;nb;DN;Id;Mh;Tz;UT;AS;vD;nc;zw;xX;UR;nt;yj;qB;iu
250017712;XQNFwq;B;000000000;sFA;S;10;2005;784;wB;cCe;GLLD019;B;E;L;i;K;F;V;u;f;XD;ih;Cp;Vp;Yv;bt;bE;th;PO;TA;wv;Cr;cU;Ht;Zw;DZ
760034686;aCaDTV;P;000000000;rCr;R;10;1963;757;bH;dXa;DEQP007;w;V;q;B;T;K;X;R;M;Uj;pK;oV;Fs;pl;lB;NZ;mb;Yn;BF;ad;Yu;mS;xD;oB;yt
470013236;BeoOmR;H;000000000;tGb;i;02;1999;754;mf;YTe;ZZLP025;d;W;x;B;q;S;N;a;i;pL;GG;og;eN;VR;wh;SQ;CM;MI;MQ;DG;NQ;vY;yT;Mg;VB
780027967;aUphgw;P;000000000;LmF;H;03;1978;717;Xx;rYE;DZQM006;V;W;Y;j;F;h;E;P;q;lK;IJ;PT;So;zZ;EI;Lf;pD;GP;RM;cK;vr;vC;EO;UF;Oy
830000626;BecTrj;H;000000000;AGu;p;02;2003;611;Xc;toD;JVJF004;N;G;O;P;l;w;N;R;x;Cj;uc;JN;tM;Kg;sW;zm;sE;Mq;Wq;ga;Js;ti;nP;cw;Ni
180004517;IjNVqN;Y;000000000;zGU;v;08;2015;567;lp;ViN;ZCQK002;a;x;X;x;n;Y;x;N;N;VX;pv;TB;CC;Jh;Vh;tt;JL;Mw;xY;XF;OI;BY;PZ;fb;ri
920017266;SLKPUq;A;000000000;prI;g;09;2013;885;zS;eDv;ZZQX077;b;c;G;J;f;M;k;l;d;em;JU;JO;oq;on;XA;ca;rc;dd;jZ;eU;as;eU;EC;tm;Gz
590005120;yEOgkL;B;370002578;Gsb;o;07;1965;835;Ss;Jmg;GLQP005;z;i;y;n;d;N;W;v;m;pS;Lf;oU;gN;vo;CD;Au;BG;zb;rV;Qz;rT;NQ;gc;sc;sU
440048890;BWcyXd;M;000000000;VBZ;D;11;1979;617;rK;yni;GELD005;F;p;O;E;o;w;h;u;f;HM;Ol;jx;ry;Sb;dp;Sq;pd;bw;Ge;GO;eD;ex;sv;xd;hx
280003310;oInTSH;X;000000000;KEG;j;04;1981;177;yA;RIX;KCQX004;B;U;L;S;x;s;c;a;W;hW;bv;LV;by;HR;eJ;ek;bL;vl;pb;kg;Kc;Ew;de;bb;xN
720001577;VyxvkR;M;000000000;iMh;q;09;1970;642;Kj;bsJ;JVJF004;d;l;N;M;O;W;i;D;o;uJ;sh;Wu;KF;Pw;fz;nq;Ho;lX;zm;KM;QT;Bg;pc;yt;lW
620111534;OaDGbt;H;000000000;NmT;Z;06;2012;127;vJ;pZP;ZZLP025;a;W;X;h;B;i;Q;G;H;Sr;JZ;mn;ss;Jz;pD;kX;sk;uW;Qy;bq;Zf;qy;uB;oV;Ae
970402269;pEkvWj;C;000000000;nuW;L;09;1993;733;zk;VdB;ZZML003;T;z;K;n;Q;Q;x;P;K;wI;QP;yW;av;Lf;ET;XY;wa;oT;gF;RZ;Ox;yT;bn;Tt;xQ
170005169;kbMptZ;A;000000000;ZHU;P;02;2003;771;ox;eIQ;ZBQK002;n;L;W;a;u;U;R;A;Q;ns;wM;CE;gc;ZH;mV;SW;Ab;hm;Ta;iq;zQ;hU;nJ;xE;LN
640009437;kAaunl;I;000000000;LPQ;l;02;1975;701;jp;LQO;MCCA004;C;y;V;Q;o;V;a;N;j;Ie;lL;qt;gE;la;eg;LF;WL;zX;uI;WP;es;nN;Lu;ps;mQ
060019429;uccvsx;A;000000000;kfk;C;07;1965;855;cL;wQH;JVJF008;j;P;S;q;A;V;M;O;b;ZA;ZT;Je;nW;sr;zI;zF;hs;DQ;rC;sH;PN;sb;Vf;ob;tB
350005872;CnSWjR;B;690020888;lVL;G;02;2004;336;io;UzU;AMQP013;s;t;p;Y;C;I;W;S;l;ew;Bm;ZS;DY;fJ;se;ZX;ZN;pO;zB;bV;fg;mx;CI;ma;Rz
350015046;tmxOXp;A;000000000;lFL;m;11;1978;180;WF;bgt;JVJF004;S;a;i;T;i;B;x;j;P;XV;JI;Mv;Rj;sW;Md;se;uR;oo;qH;GH;lm;iA;GL;li;pV
130028996;HfjUEY;H;000000000;exg;G;01;1969;242;xC;QHN;NEQK010;u;y;N;f;j;A;n;F;j;LQ;AQ;Sl;lZ;Ky;Wt;ct;kh;Ef;NY;yQ;oN;ni;rs;Zx;DT
600009153;eNndEh;Y;000000000;lty;t;12;2008;491;eo;lHn;HZHE002;t;h;Q;Y;a;l;r;I;t;dM;pk;uJ;Sv;Sc;ly;aZ;QF;eA;qg;cS;Hl;qS;Gj;Qs;oD
220000772;eqFPQp;I;000000000;EzQ;e;11;1960;892;HV;cdG;HSLF001;r;N;S;Y;F;S;j;E;M;cx;Gz;EY;Dd;Ri;nw;SH;mw;mH;uY;zA;uv;nO;nh;zS;gv
800016800;tIhhpG;C;000000000;QWR;w;06;2012;822;dz;cFk;JVJF004;Y;F;o;y;J;f;x;g;w;mJ;GF;mE;Ln;FD;UD;qb;QX;Wt;EQ;zF;Hi;KL;pj;mb;QN
750822918;lrTUtk;A;000000000;tsw;O;11;2019;203;WI;cZZ;GLLD017;q;F;u;p;B;X;S;i;k;DE;ru;VS;PC;sn;aa;HU;AO;gV;Nq;Zb;lO;CU;CK;zr;pi
460005226;oMIyhO;C;000000000;tJV;P;05;1983;947;aq;jHb;ZBQK001;p;z;M;g;d;o;I;y;Z;mC;Dp;pv;Lz;XT;Qu;uP;kv;YQ;QO;Gj;Mn;Lm;lP;Lq;gi
630002814;sxrJWd;A;000000000;ywN;F;11;1965;174;Qv;lbh;ZZNL063;f;f;j;E;o;j;s;t;T;pb;Vx;Vy;vo;fK;ps;ep;np;eW;MW;kj;ty;ur;oD;SM;Il
320783764;VZSRNe;M;020003588;Cpn;P;11;1979;269;JD;SQh;JVJF004;P;U;J;d;F;H;I;S;B;ql;kU;IM;ro;Gx;cC;lw;iF;sY;rH;uz;qB;Qv;nv;ZO;Bm
500001680;miMsyW;A;000000000;TvB;h;02;1985;507;Lb;XHb;YYYY007;p;j;Z;N;n;Y;Q;C;W;jJ;lA;Ad;YQ;ZA;Ao;BH;se;gQ;vO;Wd;gn;lq;tr;SG;us
270001233;BWqIHK;C;000000000;IVq;m;08;1997;447;CO;MCt;JVJF008;H;T;m;J;f;A;Y;J;Z;py;aV;Dl;sA;rJ;pu;CR;BX;VI;Qn;bp;ur;dA;UZ;ri;NR
440032357;Loyxkw;M;000000000;gnI;E;11;1984;581;em;FzV;ZZNL063;l;q;p;o;A;R;P;z;H;Et;Rz;NE;mm;RJ;aG;UC;Xt;Rl;rZ;Fh;Fv;km;Bp;kG;KV
370006355;PJYKzL;I;440042455;fwm;Y;08;1976;734;Vq;Iah;FCQX005;t;U;V;U;g;T;o;M;L;sE;kh;km;hQ;KO;ZQ;US;tf;qP;oA;Qs;Jx;Yh;it;qa;aN
2A0000170;tJthQx;C;000000000;BjN;q;03;1960;820;Vr;JgH;JVJF008;d;d;V;n;N;J;h;U;U;YJ;aI;nX;wn;Rl;vs;rz;SD;rD;Yj;WT;aF;sL;rE;CB;mZ
330005091;kLEPIj;X;000000000;Kpn;n;06;1985;176;gg;PPL;YYYY015;g;t;Z;k;W;L;I;a;o;mI;oq;bQ;NI;sK;QY;on;lD;CU;ma;iN;XF;ut;bK;Pg;ZR
310014303;tLQyDp;P;290017128;UnG;F;05;2018;304;LK;nlz;HFLH001;J;W;v;w;p;W;g;f;s;kM;yL;EH;Wb;Dt;Nm;tH;Kq;ik;Hq;zX;ar;Vb;FT;qj;oN
600004295;vVpqjY;X;000000000;mYf;x;03;1964;790;Zz;rIb;JVJF004;D;o;L;Q;i;v;G;z;h;Br;Xm;xd;qY;uR;Be;ZN;DF;Vz;KC;XO;EZ;WB;xi;ho;ne
710013574;vRogoy;Y;000000000;sKb;h;03;2004;758;mO;rzW;NBQK001;z;O;k;f;i;G;s;D;A;np;MP;gc;XZ;rk;We;Fu;ka;Pq;Mn;Rf;cX;Uz;Fq;ix;Kq
190011957;QuBRsA;A;000000000;knL;P;02;2009;526;ct;HlT;GLLD008;X;F;R;x;G;U;e;W;J;mz;Hp;og;FW;ui;kI;vc;DX;Zk;iH;BS;Tt;Du;IB;WO;fI
300018058;ptdfre;M;000000000;lyr;N;05;1983;484;YS;mlF;JVJF008;M;A;s;l;F;Z;c;z;C;wy;MX;qe;CG;Nm;Ee;nM;WJ;uM;op;PR;is;Lo;fX;Eb;Pd
490010196;gKbYdk;H;000000000;HBA;h;10;1981;700;hQ;kTk;MAQK003;q;l;o;n;M;U;a;h;P;Xr;DG;TK;JI;Fr;UY;Xw;mG;NX;Qq;aZ;Jl;Vm;My;ui;QH
330051459;EclIoY;C;000000000;FGr;J;06;1962;299;wd;Hop;JVJF004;f;W;S;Q;n;T;j;P;H;ev;Qq;zn;sF;rG;FJ;og;vY;wD;OW;As;jx;kR;oE;gt;jG
180002123;nBTuTu;B;000000000;NgU;m;05;1999;630;vh;XMY;YYYY367;A;l;Z;S;g;L;q;w;o;LR;bd;cL;My;rL;YM;BN;eL;dk;RQ;xb;Jh;sK;BN;HM;ly
440007227;wMnrnE;X;000000000;zLd;y;07;1966;174;ta;BXF;JVJF004;B;a;O;T;k;G;Y;l;h;qI;tZ;rQ;bE;yK;ZP;bX;Ln;kg;vk;VZ;Vm;pL;Ar;HH;EL
750052276;ZTwfDQ;M;000000000;RoN;b;02;1978;249;jo;flL;ZZQX128;I;p;o;P;a;W;S;d;e;Ty;MS;eq;pL;dU;ar;ni;OP;Gk;LC;oX;ZP;UP;dk;cy;bo
490001393;tdlOSK;X;000000000;axn;A;04;1970;931;vA;Eem;HFCC003;Q;m;d;d;K;e;p;d;h;sK;xr;RS;gf;cN;RZ;ZY;xX;Gl;Mp;nw;Lz;nK;TA;zf;bW
800007015;ITkfrw;M;000000000;mFX;k;12;2011;355;Bq;cQo;NBQK001;o;O;N;v;l;D;s;G;I;gv;pm;CQ;Wz;dO;Et;Wv;Sq;jh;qg;lw;Nk;rH;kd;lX;Yx
750050114;XZJEXl;A;000000000;dZV;L;12;1985;373;rJ;BrU;LANC001;H;N;R;v;m;G;W;U;l;Fs;fB;kW;MK;oZ;tK;gK;WM;pt;SY;MZ;ie;wU;Ei;gZ;gt
930026109;XoWNDM;B;000000000;NlL;a;12;1988;135;Ea;EGD;ZZQH033;W;n;Q;I;b;m;v;Z;c;CA;yR;xU;Kt;qc;hk;eJ;mn;iC;NU;DO;du;zT;Ed;Db;uZ
350037669;ysSvji;B;000000000;yWl;D;12;2016;318;gt;rYC;JVJF004;q;S;B;a;F;X;U;o;e;af;Fy;qW;Df;jQ;LT;Vd;Ar;Kb;Np;wC;sl;kL;ty;cI;VS
690046255;lWPPKk;Y;220012660;MoR;t;12;1976;589;fc;Eoa;NAQK071;V;G;p;f;s;I;c;J;r;PF;jp;hh;eM;zF;Co;zA;rh;hR;rF;TZ;KF;dx;ZW;pm;lH
130782634;xeJiLc;I;000000000;IAb;x;11;1978;16;nm;tbD;DEQP007;p;V;p;w;v;t;s;b;D;vd;LY;Al;pp;Jh;TG;Df;fR;gK;vL;Jk;AJ;Zo;gh;CS;Hx
170020135;NqdKAX;I;000000000;KwH;x;01;1976;900;EB;AzE;ZZQX081;i;a;h;O;V;q;e;k;y;aj;kI;dr;oM;tl;zd;sm;HY;Hh;Fq;al;dA;yb;Za;Ri;Ih
680009354;CQSFFO;X;000000000;dUa;o;07;1991;270;io;Ndx;JVJF004;h;x;h;K;K;k;S;T;g;gY;um;aS;To;UR;jk;GZ;Lf;Fx;Vu;eY;jk;yq;Lp;Gz;es
620000976;ZYptDY;C;000000000;xNi;O;12;1968;27;KL;aCB;YYYY300;A;t;S;z;l;e;I;l;C;bG;Tg;bu;qU;Sb;fc;zf;lW;uH;CK;Nv;zi;Zj;BS;XX;Og
590010260;aDjkDH;M;000000000;wIW;H;02;2016;692;KK;yhI;QZFA004;p;l;w;u;y;j;N;n;L;QU;Qa;lF;JR;gt;qS;BQ;DT;NC;SS;tZ;UY;QH;vr;Jh;Ru
590039830;vxDysS;M;000000000;fdW;r;04;1969;743;Mu;vde;ANMP001;l;h;k;K;J;J;k;I;v;da;Pv;lZ;Om;pA;SL;Rq;Ra;Tx;HX;SE;LP;pn;uh;bG;yX
370015125;buzPNT;Y;000000000;pWz;j;09;1995;597;pj;UpU;EJQM001;T;P;G;j;a;v;V;z;J;UP;qZ;Na;Hi;dH;ES;DK;zV;ct;Rk;rY;uk;Sy;PD;yZ;NF
780027603;HTTsFf;X;000000000;mhY;L;09;1978;925;xT;hXw;JAQM002;f;N;w;G;m;O;K;s;D;lg;ZP;WK;sb;Qo;rA;gF;vh;uP;xB;tf;mS;qI;Ho;rf;NZ
090002148;riPlyS;M;000000000;qQq;U;10;2004;421;aZ;pSK;JAQM004;H;w;r;c;D;R;B;H;d;Ca;wx;qk;dT;dr;nH;au;eo;aL;ZM;fu;pn;wH;pe;AW;hy
450021894;zOTxeY;I;000000000;bHB;f;02;1963;584;Li;xBj;GLHF001;P;I;T;c;o;b;h;E;j;Wd;pP;eo;tR;mZ;Gr;qF;Tr;sU;fN;xm;OK;ee;Ww;Zo;gS
800014078;jJHbNP;C;000000000;xgi;O;05;1967;664;fA;yGA;GLHF001;n;m;Q;t;Z;W;W;u;Q;wC;mS;dV;ue;Sm;up;uy;YR;jB;cT;ZW;Bp;PB;sG;XW;bw
560018855;heDpQu;C;000000000;puo;R;02;2006;175;mN;Pxf;GLHF001;O;V;o;J;O;H;i;r;x;BQ;he;iO;Zo;Xa;Cy;Hd;iZ;Mi;Lu;oX;gC;dB;Vo;zI;pt
970430898;kNNdmN;A;000000000;DBi;L;09;1968;382;Cv;jfr;JVJF004;k;y;l;y;h;E;g;T;o;Ki;sG;Br;hc;Tn;Zl;jp;Yj;Hr;fr;BF;Pg;KR;ZX;ly;uo
970404497;qDKFVx;P;000000000;DpB;i;10;2005;503;kk;qzZ;ZZML003;E;D;y;C;y;w;Y;u;j;Cm;aC;EX;Ol;gB;sc;PQ;yK;SN;pG;eT;QU;CQ;NW;zS;Se
690036785;iTZOSD;H;000000000;zoK;V;01;1987;728;fy;uXS;MZEA003;b;K;U;z;L;I;t;b;u;hx;ke;An;dN;HT;Zn;Lw;ae;aG;Fp;OX;Af;vu;Tj;jv;an
590797932;WYILZd;C;500012604;chB;I;01;2019;173;MF;WQJ;HBGD038;a;t;p;Q;d;K;a;k;L;fA;Dc;ju;HS;Zy;mA;LD;Bm;ua;yv;Zf;PP;eC;ML;fp;Ow
590815965;CBcIEs;A;000000000;OQv;h;02;1980;946;AX;nOR;GLLP006;a;X;t;A;z;h;V;x;Y;lf;bU;PS;lr;tj;ed;Sy;tg;rH;Vk;zM;yl;Jb;pS;VZ;Zq
420008732;UqnWCY;P;000000000;Ppd;d;09;2017;179;qf;MBG;GLLD017;A;A;M;g;n;G;d;w;o;Wq;Xy;fc;GD;Tr;rM;va;cl;UA;Mo;vB;iP;MO;PK;KR;cL
490534773;ooKlnz;M;000000000;kMc;x;03;1989;780;jx;egD;NBCA006;B;O;F;Q;H;z;c;m;L;mc;wu;vE;Je;Vz;wS;PC;Dn;ux;WC;WW;sq;YK;BM;kO;HL
330026899;mampDu;Y;000000000;sSD;z;01;1989;102;Ty;WIM;JLDC015;R;H;T;m;p;c;l;H;i;Jb;iG;hl;Dw;Ge;oR;Fe;KF;bv;cW;Di;uv;QY;ep;ZX;su
750053480;zNLwjx;M;000000000;RjH;f;06;1992;701;xP;ckm;JVJF008;l;y;I;z;d;t;h;m;L;dM;DQ;sl;BG;JT;su;ZL;vO;Tv;Kh;DM;Dp;ih;Ex;Aq;ZU
290009463;eRLgnB;M;000000000;mSn;i;04;2010;264;It;WNB;DDQH009;L;f;d;g;g;k;G;m;s;YR;xQ;tF;We;cv;VN;nw;DJ;uX;ts;yk;UJ;IZ;xh;he;Rz
130029762;FrVddf;A;540005048;exi;L;11;1960;907;FI;SEt;YYYY600;p;a;c;w;r;x;N;I;q;sq;bE;Sy;ix;vb;MG;Cx;bY;cf;rx;Br;sD;ER;ga;Kx;oo
140000746;PkZLmY;P;000000000;nkJ;m;01;1986;95;Gd;Lzs;GLLD019;o;I;K;K;l;U;T;A;U;Go;xj;Vt;Mv;cS;Pi;uB;EL;pG;fg;ZY;Nn;JO;eH;SY;tK
810001503;CXkxMT;M;000000000;TWF;L;05;1999;523;Oj;unG;JVJF004;k;a;p;Z;m;W;E;m;D;Ke;bB;XN;Oc;My;gc;th;pW;OH;ZI;qM;SB;vp;Vm;TB;ka
050005586;eiIWzr;H;590038543;aqu;g;04;1969;834;Ll;ojD;JVRP004;g;B;R;t;A;i;J;r;y;aG;Li;Oa;sg;oE;HW;DX;nW;qG;ak;Lf;Ae;wG;zO;uJ;VR
670015478;oMSSVn;I;000000000;Lig;y;12;1977;709;Tz;tSR;JVJF004;k;L;P;e;j;U;a;d;C;lJ;GR;Kx;Mr;nq;LF;yN;HB;ki;Sy;mh;yq;Oq;EQ;bJ;Bi
580002459;enPtmw;C;000000000;mOn;G;05;2007;311;fI;kVt;ZZQX178;g;n;t;h;q;U;T;L;r;dl;mN;Hi;II;bL;BF;xm;gl;oP;Rs;JH;sG;Ad;jV;Yb;TD
970411013;CqPYuY;X;000000000;htb;y;02;1967;405;mK;MeS;ZZQX162;j;H;d;P;h;M;T;I;k;Cj;Aj;MA;oQ;UI;XN;zr;dB;WF;sp;JG;bO;SQ;Ne;UO;xH
870009586;jaXixv;B;000000000;Mfn;v;11;2013;612;TG;aBG;EQQP011;b;G;y;n;w;n;T;t;S;Lx;sa;SL;EO;uI;Vp;QA;UW;Ih;nC;EQ;wJ;dJ;vW;vQ;cj
070006697;CNOCKN;X;000000000;zFJ;x;12;2012;57;LF;YWc;QBFA014;y;V;A;s;N;K;t;P;O;Ut;tS;HW;sq;zi;Ua;Hw;ax;YC;Za;aQ;aL;Oe;IQ;VD;gb
060001351;NvkSef;X;490002847;McE;q;03;1986;807;sG;Poq;DEQP007;g;z;E;m;N;m;f;q;e;jB;px;AZ;tj;Uh;LT;ZP;My;vJ;yG;nv;RA;hi;pH;wx;xn
030785323;xRauSy;I;720004696;uDV;B;10;1968;426;TG;tyX;DEQP003;K;u;c;e;z;k;r;h;R;GM;ll;Lb;je;EE;YJ;Sh;tm;VK;jC;rp;Oa;hQ;Ul;UV;Nl
650003494;UFuRda;A;000000000;TBs;z;04;1960;270;XS;cGb;ZZNL050;v;q;L;N;P;m;U;W;U;sO;mk;Px;EO;CM;wM;Fy;AJ;dL;Cb;wi;JR;Cb;Id;OK;Jw
970209136;zWTfld;Y;000000000;XRj;y;04;2019;475;BF;SZm;JVJF008;V;h;r;B;M;N;K;r;L;fF;Hp;Ai;eB;TL;zt;Ti;se;Rp;Cf;JO;nL;ZH;Zp;Tr;pb
300001088;NsXhzb;Y;640000410;Ahw;Q;06;2015;575;hs;kdp;LHQK001;D;K;P;n;j;g;h;s;g;zK;Ay;vS;qk;XL;lX;kB;Es;pa;YP;zU;is;ff;DV;ch;ON
780011458;NbwQcY;B;000000000;asj;n;12;1979;210;Wt;cLT;DEQP007;S;Y;G;w;u;v;d;q;y;aq;Ke;gi;nl;eJ;cj;xD;lO;lK;Mv;OI;QE;xD;bk;SC;fv
710970963;XhrHPV;Y;000000000;aRR;w;05;1967;705;Oh;Zmz;HEQE002;V;J;s;u;n;M;b;s;s;SS;WA;GU;Bt;OB;CD;Zs;gk;mw;Tk;fl;Dt;Pt;gL;Ge;WE
440003150;dGuMGH;B;000000000;TXD;Q;04;2002;708;qh;Ekw;QZQX004;x;Y;L;B;Y;j;Q;L;j;To;id;on;DV;Yp;MK;ju;WY;GG;hb;tQ;Ef;ox;VK;re;QD
920002813;kKvcEa;C;000000000;ZlP;H;12;2005;728;ya;zin;EBQH004;w;z;e;G;i;b;k;F;S;am;KD;cx;Ik;JC;SW;Xx;ha;nK;Jv;Vq;zF;qg;KU;El;mY
910015452;jMXpmb;A;000000000;gyn;Y;10;1989;409;bQ;nsu;HBMD410;b;d;a;N;B;x;W;n;Z;ce;fS;Ul;jK;oV;nP;QO;LF;je;ny;VC;iC;gr;Tp;bX;mM
910009315;SGwLWb;X;000000000;xEc;O;05;2000;883;ZA;Wbg;ZZMK024;C;a;Q;n;a;u;x;O;r;VC;Gy;Jp;LK;TC;aU;LJ;El;oh;lS;Az;eO;Gx;Zw;IY;YU
300003852;jzELdC;H;930006937;TuX;Z;11;2015;494;pL;mcr;YYYY600;P;v;O;E;h;b;g;i;W;bO;Ze;uw;Fa;kO;ta;hU;Rb;NT;Sc;Vq;BP;nB;Yt;NO;hl
760013391;xvoGEy;H;000000000;nVI;o;05;2004;706;tJ;Nrm;HSLD002;x;i;H;c;U;e;S;N;T;aR;nl;oK;Ha;vF;Hz;Om;zo;YN;XB;OH;Vk;Rm;ne;Av;ZD
610002008;lIXRox;A;000000000;RsQ;y;12;1963;813;Rd;eEU;NEQK010;Y;B;w;V;w;C;R;q;J;SR;Dp;hQ;nv;Ih;as;pa;xY;tP;by;ci;vC;Le;Wi;QJ;FM
460786940;pZaVxy;B;000000000;HOu;o;05;2014;490;Dv;mLj;DEQP007;Z;f;o;k;t;O;j;O;J;Vn;lr;zl;xg;eU;va;Xc;wq;aA;Un;hd;Sr;OY;Nk;fO;sw
800001323;XdjYvD;M;000000000;vub;y;02;1992;919;wY;xqb;DGSA001;h;Z;E;q;W;o;l;b;e;Zh;DJ;Ok;xL;JT;ls;zV;sX;vv;Sw;RH;xM;SK;CL;zI;mD
780000980;NFbWfD;M;000000000;Xot;d;04;1970;551;SD;JOD;HBGD038;R;G;u;K;k;t;o;V;m;rb;jk;LN;xW;nK;Vl;xe;gA;LH;aA;An;dK;Xt;Po;rm;Dv
920010006;paYsEm;P;000000000;aGk;n;04;1990;554;kS;IYm;DEQP007;T;I;a;v;f;a;u;e;B;Od;jF;SF;JY;Ov;IZ;Aj;Pg;hC;Qd;eJ;Mt;Sc;vH;Xn;PI
330047200;jKnVpE;C;000000000;YpJ;W;06;1975;57;OY;YRA;ZBQK002;c;r;D;I;k;S;o;P;l;Ts;Py;Er;vE;xw;Md;Pw;xf;gV;qi;NM;GH;bc;Xb;qG;TE
540016805;QlukBs;C;000000000;gCE;j;03;2016;970;UB;TGA;ENLF001;i;E;E;y;u;v;c;a;K;Ru;aR;gu;nM;Id;OA;em;hM;yX;Da;Sw;Vm;fI;uA;Eb;fw
270020472;OLBgJn;M;000000000;Lcp;m;02;2010;873;jD;oYI;JVJF004;B;Z;K;j;d;G;x;f;v;pN;eS;rl;jZ;jJ;DQ;YL;Lb;WD;sz;JH;ID;AG;jX;nm;qm
770011419;AwSLTP;H;000000000;yDO;B;06;1993;46;Zo;PwE;YYYY001;q;v;L;j;i;Z;Z;L;V;mx;hL;Rg;JO;BJ;ep;Hn;Ps;CY;wW;pO;Rv;Rw;IO;Pf;AW
590024410;oEqpMc;X;000000000;nxb;Q;02;2016;542;QT;iwz;JVJF004;r;U;r;Q;X;P;L;p;h;Bk;Ny;VW;Gm;Di;wc;af;gH;es;jK;rI;SG;gb;FN;Ai;vm
870009511;ColpbV;H;000000000;VDM;Z;11;2010;692;YE;iyW;BELB001;H;k;B;v;L;b;p;Z;z;BD;KA;hp;lm;Rl;Xa;PF;vP;JN;sI;Ea;cm;KK;td;Tu;AJ
130017577;eXhKfp;C;000000000;vLh;m;09;1997;215;Fa;YEG;HHCC001;L;l;A;J;R;V;f;o;E;Rx;lz;bx;Lo;Zi;cS;lz;yB;gO;Cv;pd;VE;XV;qD;xZ;lT
540010386;ubMVLh;Y;000000000;AsQ;W;12;2010;667;iq;sQb;JVJF004;G;a;R;p;Z;u;s;Q;X;zj;lz;yd;sU;Gc;nE;my;AF;qa;Ia;dM;rT;DY;YX;TO;Yj
420016735;EkYxKW;A;000000000;rDh;T;07;2002;324;mz;Otm;JCLH001;l;W;m;b;T;s;B;I;x;ev;Cq;Sb;nx;uu;Cn;bi;Jv;TP;sL;YB;hO;Rj;FO;Te;tQ
620030882;NMOjCu;B;000000000;CEv;v;06;1994;892;SP;OQz;LEGA002;D;L;S;h;X;X;c;O;M;vw;FE;ts;ws;fe;lF;SV;wh;VZ;lu;jy;Wt;zk;oi;dy;Ns
690791595;nydktk;C;000000000;nzs;i;05;2014;144;up;oAh;DEQP003;w;V;Y;p;Y;H;k;g;B;LK;AM;Pm;aX;fd;sc;eO;up;BS;zl;kT;WP;PU;UI;xQ;yr
590022596;MncSiA;Y;000000000;vvE;i;03;1969;245;qg;tjd;ZZNL065;k;n;d;F;e;j;w;H;C;DK;EW;Eo;vz;Bt;cr;kg;cK;xh;ky;tY;Pw;ac;HG;az;WH
290026293;lMnsvx;P;590793345;pjB;a;07;2002;715;bp;YhP;DEQP003;J;R;x;l;d;K;B;Z;S;tr;uE;Dg;oO;yY;lS;VF;NG;Hj;LY;uc;GG;xs;XZ;yC;gP
130004807;LOWLbj;C;000000000;bgx;P;03;1966;279;Ka;Yly;EJQM003;n;c;T;u;z;G;h;H;i;oF;FY;Vn;Hh;uj;RQ;mY;ki;Dq;TS;At;Qi;qZ;sA;nA;fc
640004636;pxbVPG;X;000000000;gfq;O;11;2005;244;ke;TEZ;YYYY600;I;t;J;l;C;e;n;j;A;Bl;wA;ou;PV;gk;TU;BJ;cA;Rf;kw;Fd;eb;GP;OV;EM;Cn
310002548;bdpSGC;I;000000000;ZPA;A;08;2013;755;KL;UXn;JVJF004;E;V;W;Z;r;j;Q;s;o;PK;Ot;yi;jB;sF;pH;HB;fE;qH;JA;Ae;Sf;Xs;pd;Qb;mu
170005284;RwvQjy;C;000000000;lkL;h;09;2016;527;sP;bXv;AFLB010;i;V;i;w;f;p;o;u;x;DI;he;rD;ZI;Zv;wS;yb;xC;cS;xT;dq;Dn;IB;HN;BC;Ab
810100982;mrVgZX;P;350027413;dsy;V;03;1978;150;zX;Bdm;ZZQX077;M;z;n;D;H;a;C;O;c;TO;Su;Xs;zo;rx;uK;mn;Um;pf;rq;ge;aB;mV;WD;zT;Nc
930008495;UDwELt;Y;000000000;ADO;X;12;1988;571;ps;BUH;QBFA007;U;m;T;J;q;R;p;H;U;WR;Cu;NI;Sp;sF;TR;uq;KW;Yn;AD;kc;Mj;hf;wP;bH;QM
970400503;bZDEsq;X;000000000;bqN;K;04;1992;564;vJ;yhD;HMCC003;J;k;A;S;D;V;J;K;S;Rc;vb;ce;EI;Ps;sh;fn;YG;Vw;ta;Hg;tb;Na;cW;vS;Lv
640014478;jdomuQ;A;000000000;geN;V;06;2002;130;xy;owe;JVJF004;h;n;S;O;J;A;I;K;x;To;OG;SP;Tb;oY;Ym;je;ik;RF;Mu;tV;th;Qv;TC;bx;yO
850001967;oLtwdx;Y;000000000;Pih;t;01;1971;677;MF;lDl;DEQP007;H;D;S;S;n;n;z;I;U;lr;nS;ik;Yi;Dj;Xi;JG;lI;rN;Gf;nI;If;mM;xX;je;AC
290002351;tTXjIR;A;000000000;UOe;X;05;2018;80;hs;AtF;FELF011;y;c;i;M;E;f;p;Q;T;LA;lD;Ay;mb;rr;Pf;nC;Hr;JE;XF;Fx;BN;uD;ct;Sr;nw
490005097;TeQOKr;X;000000000;WYV;w;05;1967;972;rv;iNF;NDQK001;n;e;y;a;Q;f;U;N;G;TM;PP;uo;Jc;SC;xq;YQ;Xw;js;OG;BV;cm;mZ;Ix;sx;bk
380021766;sJrkgo;Y;000000000;Tym;F;02;1976;960;hM;Dgx;JVJF004;F;f;d;V;o;p;Q;w;i;SF;SM;Kn;tz;PI;PG;GD;sz;pb;MH;tZ;qt;LT;nD;ck;vV
330005778;LNvKIH;P;770017804;KSr;Y;08;2013;259;YS;GBR;ZZQX077;x;g;e;N;p;f;Y;j;v;AQ;lS;PM;Wj;vE;EG;Zu;wK;Bp;eS;QD;Tp;PR;Yg;qo;wI
370001224;OGoODZ;A;000000000;qjr;n;06;2008;738;ZL;uVW;ZZNL051;q;l;H;T;k;F;P;j;F;Lp;bC;Tf;RI;RL;yj;mq;Ec;WR;CV;mf;fK;zn;yG;Rl;Em
750028862;cighYE;Y;000000000;ObF;x;09;2001;643;rF;GMS;DEQP003;y;c;Q;Z;h;W;w;Q;Z;XH;nN;AT;pf;Bm;uK;Vh;eQ;Om;Sg;do;Wq;uy;eN;QQ;Ml
910007145;zecXOH;X;000000000;SjL;v;07;1969;553;fk;cVd;ZZMP017;m;a;o;C;k;q;H;m;f;OD;Bk;nk;yz;PY;Ir;Jg;pk;De;Sx;jP;qt;Ti;ek;PX;pI
140024647;nOImIq;M;000000000;EVD;P;04;1975;554;dV;hlI;YYYY600;q;k;c;O;o;L;o;j;R;RS;Wb;Ma;IE;dV;qk;Hy;gg;es;Kd;EU;bB;ZZ;Re;nz;mc
870014206;hYJORD;Y;390007342;lfa;g;03;2005;384;TC;cDZ;YYYY020;P;C;z;h;z;G;q;V;P;bc;HN;gQ;sG;CC;XX;LD;gD;fy;OS;cM;kT;SU;eN;aX;Ix
740788914;NODqqL;M;000000000;GGr;F;03;1975;954;nJ;gdw;JVJF008;r;U;J;e;b;O;H;x;X;HJ;kK;gc;Uq;ML;iw;xT;EJ;kW;Ew;sq;wY;ly;ol;GT;dU
540004140;ZqsSmH;P;000000000;MMM;i;02;1984;992;qd;iro;JVJF008;M;i;t;q;u;L;Y;R;O;Pj;eS;jd;Ps;lS;bg;BQ;yW;XP;ZY;Yr;zs;nC;vn;kz;jp
060025830;NNLiZA;M;650005655;EnH;D;11;2006;76;AF;lUj;DEQP007;h;x;W;K;Y;M;j;H;O;Gh;rQ;Pq;PI;qS;Ts;xn;JR;nM;pd;Vl;iq;jT;rk;rK;bv
770004984;DDIuFC;X;940002629;XXt;U;01;1999;631;jc;jRG;JVJF008;L;m;A;f;O;r;U;u;I;fN;lf;RV;fu;wF;vm;ZS;UP;QB;ht;wo;At;XX;Jp;JP;Mr
560015471;TotXBR;Y;450012117;nkq;P;09;2011;964;GG;JGH;YYYY270;c;Y;r;N;w;p;Q;a;l;uy;sm;Xw;lS;TY;XL;rQ;Bf;Fd;IK;or;hw;yE;la;gd;we
950001222;lUpqxm;C;000000000;Xsr;s;04;1991;473;if;dGu;NEQK010;F;v;L;Z;B;e;c;F;E;Ep;no;zg;Tj;FW;Vv;Ie;Mr;Jy;wl;jw;uf;qE;Ph;bu;Ht
160001046;qyjWXu;X;000000000;zJw;a;02;1966;391;wQ;kBo;ZZQX069;B;k;s;c;x;n;q;b;G;wx;Zt;Sl;im;rZ;xh;of;JA;LH;sk;Vo;yZ;gT;sq;Sg;Nb
410007363;euPVft;Y;000000000;jjg;O;10;2016;722;Zr;zSH;QZQX004;E;u;i;A;z;u;g;L;n;Pv;kI;bI;MO;pU;QN;lY;Xu;Xg;ME;ri;hm;MW;BD;YV;SB
060001435;aMFlpI;B;000000000;vAj;w;09;1962;690;tV;sRQ;HEQE002;Y;s;v;Y;S;w;N;S;S;bn;Ig;xg;MU;AH;RY;eg;xZ;jf;NE;WT;rr;ax;lp;QW;Qd
330051186;tCjExc;P;000000000;ywh;z;03;1980;959;YQ;fyq;ADPA009;q;M;k;t;Y;q;c;M;A;Vz;kM;zO;tU;yo;le;xw;Ah;kl;gb;cg;HM;HQ;Qj;bU;Ct
910024124;mYinEV;X;000000000;YsJ;d;10;2016;26;Vk;sng;DZQM005;y;O;q;a;o;l;L;S;V;eE;fr;Sj;lV;MW;Zp;jQ;rN;Cv;NT;fH;Ej;pH;tr;Df;mX
510004443;xxwgjI;M;000000000;vcv;p;12;2012;778;pL;NKE;JVJF008;N;s;r;a;e;A;K;j;Q;wh;px;od;Mf;tP;ev;MK;Zo;qm;TM;MH;sW;oc;rB;jN;Zy
940022783;pcAtFp;H;000000000;Kpz;w;11;2017;76;WJ;NbO;JANM001;s;J;f;k;P;o;z;p;c;MH;do;px;IA;PP;Am;JM;VG;gz;OD;Ob;pj;zI;ar;Em;Cc
560010266;ECuFTB;H;930026950;get;U;07;1998;453;Qp;cZm;GERD001;Y;k;A;p;L;o;S;R;z;Eu;Th;Ii;bm;Is;yV;OQ;pR;lb;Nh;kQ;Ku;oL;Rc;OW;bq
540014131;YACwZk;X;000000000;vBk;w;03;2015;450;Xk;ULr;HBMD053;X;a;u;a;q;E;e;s;g;br;ho;Bq;yG;XR;KK;GX;yE;lK;NS;sa;hg;Iv;LC;Ur;oL
170005599;ZsVkfX;A;000000000;BXq;X;05;1967;167;wc;fMv;JDJD001;q;n;Z;p;j;x;d;e;I;Pa;lO;UE;aK;xD;RZ;sV;LY;TY;Ta;xU;wl;lS;po;nr;ud
830009643;dJnDmm;P;000000000;pZP;y;09;1976;177;cH;hSf;GLLD015;d;S;r;s;g;p;p;V;o;Nc;va;Py;Yf;UN;zL;bx;xA;GE;ry;ER;ey;Nk;io;IL;xH
210012480;YDqztG;P;000000000;gJm;s;04;2000;493;pv;bca;MFQK002;h;G;g;I;y;U;i;g;w;XH;fj;En;iG;tk;SU;aQ;Vv;pR;wx;uS;UB;Wq;hP;gr;sw
590013413;unuTYp;P;000000000;XyZ;R;12;1979;828;dv;KRD;EQLF003;y;s;b;V;d;e;a;a;F;Nw;mi;iF;Ou;JC;SO;eO;zm;TH;Jc;de;Fw;eU;rZ;iC;Bh
130004807;ntWrQv;Y;000000000;dvw;G;09;1965;814;Vt;hoo;DZQM006;n;G;H;n;b;D;z;L;r;xr;Fs;pv;pQ;Pw;ef;oS;pt;Um;kv;fW;YX;Gh;Po;wf;bT
930004692;QxkNWL;A;000000000;vsF;q;01;1987;766;gl;unu;HMFC004;x;P;j;Y;D;X;Q;D;B;ug;uR;mw;DG;Cs;pJ;In;JE;Zm;dO;AW;Dm;Bg;Sv;QS;xB
190013136;tOhJyQ;H;000000000;IqB;i;01;1994;766;bz;atl;ZZNL063;c;d;D;e;T;K;U;p;y;FE;Bo;VW;Iu;Dv;eP;kn;Sr;Mk;UE;Io;XX;Cp;ZN;vy;fp
750048118;KPXVKz;B;600105746;GMC;Y;09;1971;969;Ec;tme;JVJF004;s;s;j;a;m;s;Y;x;C;Ug;Pu;aQ;Rp;eD;OT;LP;Ba;XW;vW;Wm;Pm;CL;CB;yt;uL
