ETA_NUM_EPMSI;RIP_NUM;FOR_NUM;ANN;MOI;ANN_DEB;MOI_DEB;ANN_FIN;MOI_FIN;SEQ_SEQ_NUM;TYP_ISO_CONT;MES_ORD_NUM;MES_REP_TPS;MES_INDIC;MES_DUREE
440052249;yapTNE;WYbTdpeGTKpYbVpIggjGpuUIvChYfUjEGQrymCHZrXMfaCyFo;2015;02;1997;04;1997;04;mzinsSEdUQWURasOtfMcIKjflpnmvjPGuaSeBnpSgLbvEkhJiZC;gXrnXUISlMmXJU;bPFUQLaE;141;Itlw;523
840015101;MmkEzE;fSLZTSethZwkLbtRsxP;1982;07;1970;07;1970;07;u;otJ;CipX;330;AEarRUKBvHwVoOwVZizpLKjbzOYurrlQNv;601
590025615;RbHLso;MsNFtyFLspKAwiYhxzuGuGALdUewUhZxYPFwDjIGXkppPMg;1971;03;2005;01;2005;02;UFkUOtFXHtLkmCyczMKocSWZDRMTKxf;nNOhypzGj;qXkTzQeQwdNrxLLmhH;919;orNBHSwyDUNmJvdjXBZsSxCCTLK;383
710011966;XwobJu;bKcWZpVgSClixypehhpSvGpzOqdziqkGADkNEtyYPoKGtRHeNoJl;1972;12;2004;04;2004;04;SCEiCDrjDPCBsZhaZQdCGfZdJITiyD;ImmTklocjzTTtIfIXUgXJXZMn;izpoOMgSnXSpDomjiYlpjZxtUgUgJzIOKbUOIpSMeUi;733;pxgLqbPkSnVUPGncftASQPNWDtALrEKZoTDWAbtvlieLlOBI;812
920006657;QHFsml;bXFIscL;2017;07;2006;08;2006;08;dfCPCDtjflykruMLBmTuTyZbhDznUhaqcFaJBWZkxCKoDs;BanROx;dwlLP;119;ePfXbLvjZMROBOZYMWgFHNexZeVezCwfgcKDQV;56
790000897;yETnCz;RUGhnAVlLAJWySndkrKbAvKKjyxNfRvBwNPbn;2010;09;1984;02;1984;02;rHGwZdCYWyUDRQLuEGcnGAgNLzKjLBc;QXMCaElgSN;inbOstaDmmkSLzHpHKDLuTUEGtYIlyTxHCEI;133;sIdDfPBOlODbPQhnmoond;293
690004668;HizJbU;bvANjAdFdnOqSPnUBwIzd;1979;05;1998;01;1998;01;WULlkiELalHnzNAeJmhuskwfmRpedtdtZZFnGOB;CPivFnnLHUXXdJdydhiffYjhrzHMPkvBBOhiLzWUCnxmNpnur;vfktGtzPbmYFnZpGooSlIadNnhFAwLNQRRCFtUr;512;OSwiwYbQqrgQuFwLXDJObymJgZYXLgncydUnpZVb;540
620019216;wvtlQH;vZ;1976;03;1981;09;1981;10;ZOAunirFOQNFShgWwSYCYNbHwmwhMIwMarhUphJIHXOzSpJhkb;LyRbSZTWFnlvNnGTER;CZ;873;py;817
970403978;BWUUyr;ivicbhzgLctqyQYhfWonNYSXIypuppk;2010;02;2003;08;2003;08;tQCQXLShdQeYJlrjNzHPLgwaVRGGpVs;kelDmKypSfQcYAhYPbYoePfOwKLXZUVtiIEcyO;TNwyIHyaNgryDKqP;279;WtYAetOtiZasXHaEqmnuLGwLfUaXeDtSGnnRf;880
750063794;hjGIjU;sTqfNpTNLCrkatyfdCezkoRAdpJxvenlK;1988;06;2013;06;2013;06;ZVPamLoVt;BLfplcNAyHAtuQBhvbMccxKOQQhc;gp;374;HNOeLkqtPldp;116
690031570;fRoPQH;RKVusTURQqBMelfrUdoGekfrr;2013;05;2010;08;2010;08;M;vpTbTqoR;wkEmBJbBLoxVFNkodf;773;pxLITetwBvxSxqCFDaAnGDKHmo;978
310031117;AYHjGa;FhTlDlKkHZlFWAyjwloIKZm;2003;11;2006;05;2006;05;LbGtuerDxXOTGfXsDjwxtrxAeHjYysRnMvnBcVFj;xOsFmzdKpDHNCeUoERaLzRvRgzNVXbr;zgC;567;RPdaYVCsiqRaqVNDl;837
340791516;RGWeKa;jyhDdddzduulDqhWnNYSKYarhyfZUsZpLIalRGjpMZHTIQ;2010;01;1990;07;1990;07;XTkZnbsaIyKmNZgsRhZYMLEyivrsJCLLgOlAxfkfHLgQA;qWwPEwBhmlVGyWPDkTYZQyWkpogMHsBk;OzePVtPOIsIrlTpXnJBetHcBpvIXywVLsVwYOmS;510;okVVtAMQRtUfNyJHjq;569
410000939;CVjCSi;nJxlOwEvmQRFHMvkpUmvNeGmCtORQNvqr;2001;08;1982;06;1982;06;DpluXAWTEXFPWXAIBmeflHQqrSmjCkPuoOgYTscFMe;jMsYYr;uTXiKrrnJftqkrrTTe;381;QWADwRnkCnPWVjpwYRncyPPomhfmsu;782
870016250;eWJgXN;spZilBFqHAtLhQegwAeiyofQDCsFoMy;1983;04;1980;11;1980;11;mzGzBfLsKFpIsUBtkfxB;EKAiWRfpLGhiGMTlwBVeOcZWaFNkJrJkcLOfn;usR;641;UfFiRztTBAwBWme;92
120000898;HhiwUW;qAuBPt;2009;08;1990;02;1990;03;PbmkUfiFyHaMiEMCFFHBSduNj;COzKWwWZnravjadFYwoaAsCQYl;qfvRffcWaFFzgd;177;ZeJdwWXEhKcpK;383
780004883;enYUBW;qHWbPmEeaWXP;2007;05;1995;11;1995;12;kcRIndONjBABSAAOfyICcMDNreZoGvTgbxyYwHw;UUZlbgXhUswwAPBTFKUNlqTIbpiQryno;JwzDJZHTWeuYTFEykpqcBMPSDupwCZtBTfBTrToQKqirakhepNJb;712;fJAmQunrjiNDBSPAHlcREZHWqCXgGeIYVKfA;391
920807773;CFdZDd;mBksnYhAWpQZkZEwaNUZAAswsISvmCnRspVMbxoNFo;1976;04;1990;11;1990;12;AkWxGPmNEoJxSIqipvQM;boKPiQVXyznCl;BQFwLKXlpdVIsyQbZVtZTsgmoTkAxNatxmgzEIFZfzWDGBNPu;490;wtzbQXJejjjnsmBhVttNNiSIJZsUIAxyMMdy;277
620005017;YnALgs;qSQHifhlvscYMyLuKtejquEHvpqYrSAZzCOTtPKKdhuE;2003;03;2009;08;2009;08;nPAGSCZYdCLKYqhuwxJtINgrnPlRpLqdZBoTBiQcoHxilmkhUn;w;vigFaaTaqDFxsToRwLULzUThMn;412;qRiWjZTKe;624
920034253;FhTbil;mEbhapuiTeFhMzeRqhbqiDlZiNgfMPzrjNaXldzvgdyfKmtnT;2008;03;2004;01;2004;01;yoATnaHboIVTDoONNKuTKRPtmgBMnoxpZAjbxrmhvrnHkhnM;BPwOCVVfCTbaRsMwLTsDWcTJtuLqAJxZKqtByuxBYJ;YBLi;21;GdCzLraRwzlWZuaPHLLbyqzInaXUqAinCEpeWrKuxir;402
950007849;FLpPVQ;IyVoxjvDFlahATDfYfTccQpkPYRzKpBQXAJYGBXsXS;1974;12;1984;03;1984;03;UrsViuiogddgtjdPlQGtaYoRmQiKCiiVxrQoKiHFLGtl;IuEOaJToNOiEwwSvtSPSWXCPQJVPlxw;nDhWGlBMwhYeGtqsbULEY;224;hUIraZNSBHabfZblPNiczRzvqDw;572
020008264;yIcEVS;GrTuFVWpNlEwnZlOIPJPSMyLCYUc;1989;12;2002;06;2002;07;NUvTzGcxYRlFbNSIohFLUsrjtrHfOVImLrvEKGHtZDZmd;gcAfFEeqoYBKoiiQhfetPOjLKYMhLnefUpXRpabrlJGSohk;LIfXSdDqmhUvKjiqYNleVmjlIwhDHfMtAFDLLx;497;IVSpbKzRoWOszLotUVnJIZobRMFEPtfloERMYkYILECqM;360
130040256;LLqQru;DomKYfXR;1978;06;1960;02;1960;03;qwoxfjTMxmLXdtrdQAlZYQSsWHlcLltfWnBonyRCZPPcdtinoy;mmoHHqWcAkBIbOVyiExwSfDyiUfXs;zrwxAazHnxAVtDuzMPYirAGTMvTZTaWVRMF;820;HUqctpXtFtcpTfgsfGcOFsfzBTajovfsjz;546
310019013;SncOCV;PiuQtSADyaHPGoeCpQybXHfWlHKdqsz;1967;09;1992;11;1992;12;AuTSmOTLZoIQlasYikQGbrIxpxZbHHjkIXkthocMAWSTuhMz;ZDxvwvSWYdbHsgAqwbIhCrlFJbwaObzqo;TQTHXQLlMaAbWSJCgRYOljFwRQygyPFlwEJkNoSHqOKGLta;109;DItPBqLCRvIdTVbPqwHCJGroUzMXFEApHYofLAAzrFkcPnjQpK;488
690803150;jePjwR;FaXUiwrpamymY;1966;08;2009;06;2009;06;fiDLfKHNgoGdWydOtyaM;iPrXjSysUmKRZrvfnsZRCEvwLxgTLlCNfZTXAptOmXcwzfCbFyUq;ZjsvYSDwxlIYAkuUxeGprCVnrA;577;iKwxnImQIDJoKUNeET;11
270021751;EUiEwC;UoSdxdpVdVAVVFfQzGHKl;1989;01;2004;11;2004;12;SEgevmBrvHnFMTGpMxUfVvzEaEOKIcniXsOQWuPVjfFbPgGgaS;bxWSYSjuhfyhngRZOejSNwKGPaAHEgpgiCkvkfxmU;yRveZq;61;UIZwefAgphuQNgrS;797
710010745;zcUwTG;cqCAq;2012;11;2011;11;2011;11;uPcUfhoCqaiuCPhlnjUaNVTINLRshLgnmwALWMjmKCZZ;WEOQcPZMXNobiuxYcNGWCcBYKKnrehxsVDkWQeGkfrXkV;JEDJzQDrAcIfICHSdKwVl;783;sKmhyndUlNmVxrqwx;221
760004119;dBefFC;ekpCertHnxvOVhOPubAGJEZSXoNrMqGneMAalisFnB;2011;01;1996;05;1996;05;gtrwKfEquljpARsPCBzGyTtLDPInUbFb;wLgLWqRw;flnxRUy;873;GvJdAWQzaYKNoZrNjrzXOMMkmyDecI;418
770700185;mjVZzS;bJbIxHpxbbIOvJWiXNNTKOWAzwKGHA;1975;11;2004;09;2004;10;Qh;RWPU;kyZUsLftzembyWKwGrpkOaeErVTBKbVzVkDithm;441;IZgRJluBqFdIEYsgcrRJV;2
910008143;uDROaG;rpJfhyldNVYYcUkXVMWWhjmzUEgW;1966;09;2005;06;2005;06;UHJQNhtmsHFXIdsWSDDFgJTvMejijyYdIGzjIrnz;DXdbYqMqUcPqFUXVtrCyfvfbYFvLGumEKF;uuoUfZKLvnVmXFyhKNiKdgUvmqtCmzMVCvkwScR;172;qInodgvHuNrD;78
770016368;LNRTcS;uo;1970;01;1992;09;1992;09;dlZnzexWcOkbUprXbQiXnVeQSEapxsuPrphk;mWurqfgdbO;RDvtcgdfzUTkPkJxlvd;851;xXWJTGIIUQPljQwsCIVDRkiTvCszNS;796
440029312;USFjbB;lZXwHSHIpoMDBMJkULRiBIMQosQECGYR;1971;10;2000;09;2000;10;WUNywjsrJUSFuXcImykOLridxKtTOOOwObSNzuUdMnn;FKJdJRHtZiFySWmhKL;cUUyWUBAbReYcz;329;JAUGgENqLfshryUakpJbJRzArBlwSjNtdqJWQghOlvKirMU;607
490544053;UjfRQa;yVTesSZuaqsmTuHnqIE;1966;07;1964;01;1964;02;fyJehwgCEWrfnclqEvoCvMoe;TqwrNhUqfrWswjrIxUMMkij;gtKhtbRZUBzssEeXRGvl;861;bDVZKaWBIhmzTOldxgovOpJsBNqEWTQtvtcbH;447
950016410;WSWFkc;cOqMjdTtxJeZqpDtrpDSEZKc;1990;06;2003;03;2003;03;iRBxhutUEEguYWwE;pTuXIYO;ewCrqyjCMptptBAdSDF;199;eBfcbLoYmxMrQFcnzYhbGhteeEQEFjxcmLNtkUhA;533
210012514;xrrATy;HCmOXrXJZMXkGr;1984;02;1982;09;1982;10;XexwZzZRQhnexAHXwlllTgm;tm;WkwPHmkwpBaJzIIRKuwBLVjdQSrwQmharTTHgLn;834;iiuxKLTLMbiDGidGqmuwaNcuiSlvoVlAikEqBp;949
470013491;vkkfml;nPMRHUeQUfirjde;1966;09;1990;08;1990;09;PIKc;anpVgbTZCCpqEovqaPYVCSflySSTH;dxtoQplzaufIfVzztRf;280;rEgfMuKuYlJyvnMDauwRpiJzSpkDtijXAlKhfkOKBedvSlr;60
110005634;KfUndJ;C;2003;07;2018;11;2018;11;pgPheUALSdMwVMcMYwUWDdDEZvrnBI;PtcafUjCXGlVcFHqIXwKAyScKOLDTXFj;ElQjUCtZjsAsdgpJAFxxBYYbXfPZnBpsiVYZKF;443;ZHmFgmptCwvIbuSIGynVnoJZoVJmtcxUpJnmHROzS;1
950009860;mRHlmM;IqxEFExEDFVtKpoVJGFUSUEqqnQQUVNe;1979;09;2015;09;2015;09;H;popDs;yutQIJfkuBTlhfvzVzmOftRiMk;35;UkCdzhhexJWUs;980
570016220;LnYUGK;vWPDNBTbILbyuWXlnnpAftDYVtFWmwnLcwRwVUAp;1989;06;1993;07;1993;07;AIMhCiAqwLOJmCsckKDCAmMTLVuNSU;KdbBxXYqHcSfCQewIvmhjbYgRKzxFRVGVpMQiLYZeLr;hsDKhrgfXcDdnLDYMEyxTKrpQJyiLLuFU;885;lbRoJmbll;94
440034189;XUdXmI;XkrxnSZXJzUSZMXEUPC;2002;10;1980;06;1980;06;bVdhOarZDaKOrcCHrppcDKCeqpufMIdztdiSzrad;SQZtrfZMnAudSUh;iTmb;367;SZnBThjdtcmKOKLzZJpn;69
130024730;uRYtNH;FqByBjrbNWViYeuqnXIMuAUVMk;1989;02;1985;04;1985;05;YYucpdqRNjGFEhnATudECRDvZejmQYnm;nNYESxysYbqoTSzAEpScurUMRTxDHEPABhaIabxpSEZ;iGMrTWTIDJFlpVLYhOKbUHswXNEMfHMGKDDAxm;268;nhOOVXkkvRIcxzWVaK;469
280503913;eWOOFR;YznYJzeIVHOwVWJINNKljfvpV;1966;06;1979;03;1979;04;sLISvkAGbEzxpSgjiutMjoWuckuzLOYjSshfeNXLf;DpMSbJmCdFRPJTuTIxvA;DsYCVfbfs;601;GYSciuSBfChiAYxf;225
910012368;YQypJK;womRrikbVmXvgoWMJXyZgJfiwbiYiNrINBgLxnpdmZtnPuYmT;1976;08;2018;05;2018;05;lQxBmmgRmzYizFeWzrnnXeFnlyEpMHFUVehbtHvfUX;RJcqvnYtGsYDhyOMLWHvRT;whpcuHCEhZlrriNGDFYmMgkHaNMBDpQhPgpgHa;659;cRQVkQnswRpqomgwACufBlwAaZahSqukZjyTNXtznwVM;800
370006983;sNAFta;ETKVSQKpdMWvZd;1963;11;1968;04;1968;04;HkumWRefAsIIJTozdgsWkjNJiAE;qrhmspGlsVIIjxJmPZ;CbLxPoZhKMzPXGkgvwpWL;486;hUPqEFPknkEvQoEcCaACsNAMOYsPjWNgH;792
540025194;outTGS;obWWhOGPdBdPXcFQPhlqOcwsESxIQQ;2008;05;1972;05;1972;06;FJuGUJtAwkdzpGCerW;OtEYjaiMVouIyphyNFFlssuKbfYtvBAxuwKYeRkzYBVvSRa;XYGJbqnkmdWUUTlAIsxoDwFmxptFXwdEaVkqfxWvBeWKRwQhv;641;qXnwdybQbsnGcXNGJArNiwdOOcVuvXCGkqAhKVECZfIVRDBGBkBO;322
630013183;QfWxjo;MUwxRyWwVyjlZBXCdlomiFbBTiqgDKuzDQMZ;2013;08;2013;06;2013;06;EkkBmd;eUKcwlTFdCzkADGwpDwIxeEuiAbpNSI;ruwegDgaJcwXKm;743;LBBcMrKUlzjbpuAEYbvxxDhNRpGOlt;20
420002065;FBwEWl;vzCDBYDqzonnqAWgYgsFMdKxAhVkzEpNaTcOmXBggWdASNwLJ;2019;05;1994;07;1994;07;ZFaiMhSVYTdSjIapyYEUvCbwuHIFfZmPHmorqYhzjRdGcessV;LsZjSbymiNrYWCoVIMROwFKUWAxyCdaXEtImuOSGhgwPge;kRukQAeLHmdsbaxpyfCYNj;661;vNoTCqMdrynfiuGMjUSmbMAbAEyLONsrWmAcTnRSQZj;381
180003022;XjJkei;cgSxOlZpbrSldwdhVdzOkpCKoNLRFrrErWaFFftkg;2015;10;1989;12;1989;01;KeHRWZiKLtHkLU;pUQwvBBmBolwPeiJwHYZCihWaACvejeRc;XOWFAYLIROxtbBSFoFXMfqwTUJ;435;HHeDJEtHhtQpfPHLuvlKAmmKjwHqhPnpHoWRRMBmADFGBEQlT;753
460003494;HwvFrU;ncVixPNNwwcWDrRzHXRduibLrqSjPzqoUUKTKSFuAZqnulvFG;1978;05;1961;12;1961;12;GEmQpCMrZnEF;WXWPIWKugJjjrwVkgtbuWwqaYPtmarVJhFBLjyUq;XQIeZzxZvcNcuUSXWxPRySIqsuUqpjANbnJl;777;cUnAHgjNstWmxEIRoGoDhBErNEfK;24
010786606;sSukyk;vlcZptEDZSKtY;2008;08;1970;06;1970;06;swSQ;eJAFaEeEowObSdBfHKzGdAPGCLraEjGy;ELIXQFbQMJuFWVtVAAD;885;JqkyvKfdCYwTQWTwJrrSgCGVsRJPfShyBnRsM;916
670000611;gcIhBU;alsLnSkcJMgQggQvOSZUGHmTeMErHjhByVZgwoDaMwIpfamZVI;1971;04;1973;04;1973;05;RNwfZHGMBHkdAzVMjoBHMwdqmzIWgfpFJFxoBMVsRHxXtbJokeU;AHyminbERnzuggeQWzBqgUMUxFENNDUolXmLc;PuWyqPshMtAnOkMiwGb;252;zzkmpauGEDksybMtZowidPJKxElCFXameLaUEgsGIDeZi;840
740007273;AnmmgC;ZVNMiIwuxjFxiGaqwIibXpZKqkanrVeonFFlKNlg;2007;06;1973;02;1973;02;hljyZAHwCxGXZsNhbGhPVaiqsRnaDsWuKtTSARHVGxIinyE;iceaOvhjLWJgigMKRlY;qQyNnHUmsWGqm;346;ckvQEuXACNksHxGBjBERASfNJvAkebELlGuGgjdsuQhZuRcdb;728
370008385;lUJUwl;r;2001;09;2007;03;2007;04;Sb;lmCdfMKWBKgDkHBcniMFDFTobQpUIPShSXWO;YclJkbOvGQHHqUEUWhZsiOokpSeciYXTdpoMIDcSoscRyVC;771;tNIkHnDqTrAjLqyQsDAaCxsHHUIklrukz;716
940007180;rMnzQL;OfB;1966;02;1980;03;1980;04;zpGUQAFtziWRZSeTTCCGUCpNALzNpIIlgoCqEiaAQxvPxzlKAW;wr;MzBiUXddsQTpvDZ;647;QbCNJAuJNHPHGWPGCabDOJwma;860
910021757;eAEfCC;HMVkzG;1991;04;2000;10;2000;11;nRGcHVURrnVjDTgEoharoUSCjWOdW;AktxmsSddMtV;pakEVHWrXEEFDbHZNCDsEUoOK;341;EwVLG;736
750833675;dIhNxM;fyaxkxkuhfhH;1994;04;1970;02;1970;02;HFHOLHViMfjagNkVdcshRwqPJJRvmUUAvZWIhayJpQPR;LraeiaRVsjXjIhny;ypmwujdIlnSUtMLEWogciOnsAUMQQTdUqHDlmZJqTuAgsYBdPn;710;MPgvPuzPs;642
560016321;ANBoFA;cgNTgQpv;1990;12;1972;09;1972;10;chnHzZXKoWEsXLxdMGsabNHoearqVchxdMez;lMSqUoYOBeZjvZNNXTSdiBkZBRTXkzRUOQDJZXYHhD;OWThXC;356;QXSKMgDAjOm;84
750029969;CAbCtE;BWbPLzhSlBXAIqAhOdHnLgBFuKcelNtLYIembu;1980;01;1966;08;1966;08;fqtuPtwkJERsKZcqudPVPQgxmtLJon;ZxUUejelmlQOdNLBxXUByhqYaFASjOOwLWBtudMVFRsNTkKzKsmY;aeOLVBDAUjjmlTBjhCWEaGhiGKrMdjixBuM;546;qWPEaoDAgFbwUwPHihFOFCqIvsAgYbkCeU;558
750019101;kRDdWM;tYtY;1985;10;2019;03;2019;04;gQtGFLchyXVYevissQgnSZlXVbVGrhwdRMzbRMjlqZnwW;HFKyLLCxcIwaYMtEEdrXEgISHXVLaWoyYRZNQfg;ssrBILeig;261;BWgRgVFCqG;829
270001795;MVXtRn;DHbtCVERiioNdoENqIAHHGnhIMQYiscfDxgBTOTe;1993;07;1967;06;1967;07;RdtfLFCNdQMzVitoghehvSEv;FDDhnGIziY;RUkxJeGKKWmKkXaQneQCUNxGBqIbZIdRJUwFbh;924;fYMeYukCesQG;868
350014759;hKodSG;huXWnocNJjcQScNtVMMIviXDpdhkmx;1977;03;2018;09;2018;10;FeVttXHqibuvDNTkMFfMLSYLuz;bGCEOGpdQKlOSDdxGNhyEqufpZROKVYQFdbleJOTWULKMvq;DfwcMXggfFvKFAaSHGwYzjTKsaDsk;678;GgzsYYLYb;142
750803694;bfmomo;FyXFOrilEzeTaGHBEEOPPEfuqvDcREvs;1993;03;2012;08;2012;08;GkLwIBfRJktBSJiXzDhsp;xNbYhxqIYKsARSmNhLhbgzZFsUaNwoztNF;ExCeBLzkKuDgeggZiiyzQzmceLqqbzMGDCIqcXjS;523;uSGNklQIVaCC;58
130022361;jBVeVs;HATMPq;1970;09;2002;11;2002;12;yiIBAtTADr;AiKFEGqotglU;DUjv;743;HwlWqMjLkgKQYkkYgVBfXhgjemNENgPtTMGsbUWtzkAmz;688
860001916;FWjNZv;GQCZIyNTjQVLVvGkpmgZARgVSqypwaGZeV;1999;11;2018;01;2018;01;yS;LtgSsfWvaWtIaDLpGDwfoxhObdkmZzSYbRsZFA;hvSZdppmutXsEGbR;896;wpTEXcJvlsNsqrWgdEcCXAzvxukIMnqxMdAvekpZEitUKxXkLLU;750
310795950;lqHFEk;HTzKxDChxCnITNEfADyzZBiTRcMfso;1996;05;1977;11;1977;12;hTmOAdoxiKrrbFPKBnj;CbZWxBGVUpgeVxIrdFsWcnROjgwWrzuyvERHdfDQ;kzvcMUnCxPGOShgvhKzTSDzSlghLTtr;896;vkAtmROfWBTkUFKsfTLrliYGrJuIngxIjIgDZyeCKZtVRSuNgMJ;638
220009658;ntvljd;tsCgWqjIlqPPTpwZti;1998;12;2011;07;2011;08;AFYXKmwZkypAqmTcNnHUoPweEBlvoSZHjtBjnHtWPA;FFJUYqFzWcwgNUeThEjhKvbaFVH;hJsQYvoTHJfFGPWXQZISQdFzNNRXbLTmtWHDlqrBEG;332;sBdJYLUbvfaVapkEiHRlSShZXVsRzApeLbNQmmOAzxrXKOJLOGM;760
020001137;hnsFro;QrVavEQpVVUfHEcPLzugNuaWvblNmSRAQwVXU;1972;10;1997;12;1997;12;aOlajdIyFAokJAsrdBboSZgGYzsQSfMVaHOn;dLlzFcrUmbKMvFKsYWilYRSho;wuHxtSJvnGdaBnsY;311;DCCLXRSnLBZGOZPTDZLqqMuovaHaiHiKKWYuqDumZKiZHR;475
740007109;pLsOoS;kNOZkiAinsoyIhRgSUckeNRhhlQYqanovcTNb;1968;06;1998;08;1998;09;wpmsuwNzXjLczKMhV;wnommKBphprgxx;vSTMgBhcJbTHgvwtPDVPFJI;368;cXiLUTgYWueTmHYYxFVT;667
620002568;PcHkOP;JOXmwvxgsYTregZRICGmzrgUZFmPkuLkqUrXyFCAkZLYsLMBQjg;2004;12;1967;11;1967;11;CWpxlPftpnxCCgZIjBGH;DpKYcUcNQJhfuHYYjgcqqINfwHBnhgfgUpzDtJenLIa;ZCstqSBDRLNRSUQhAoxApiBgeuMnWh;767;SULFonVvLhbXIwjUOjBqCBItuwtaNkfcoGHbBPylULyXY;358
120003421;yAuyYm;nCZADVKKWq;1998;01;1991;02;1991;03;BSiHHdDjNwQrgqIkrlJjFQOjSLqsEPllzcduQQDMyLJgqmHqzrp;kXKoSkRMcYIjQNLgNZoxKBBZSXjbYittU;zHEyCMVKJWRdEpZGtdfQqrYDuFkaytZWLTpNXuKVLYyPUa;860;RcpYWJkHDaHRnWbTmkongEYfYgqhJotZziq;569
640016374;btuavq;rfEnfLlMQLOSXCTqdlQzAt;2004;01;1971;11;1971;11;xk;dNEpMXyT;HGqiAmxtSLXO;711;WjhKygWNT;467
300007234;kERwKi;DCcxmWaxAMgzcIZbKVzXkntsssdlWHqVIKYbRmVaVgxotNf;1967;01;1966;05;1966;06;LpEYXthrzJgwX;rYYFQDFsClmpArGaBcESRgKWtFGVTHmKVOs;xzbOPKBbgptVwMpgMxILWrljlMWStp;287;KbWiqGAGshsvvAOrKrqxqcwZruC;733
590035630;hwadCv;kFQMtqDVhyT;1995;08;1993;07;1993;07;MzJQ;KSDj;rIJTuBUGJiQppZIlIzWfVYM;768;JCHlZ;897
720012400;grWeKl;lhPcFjvRqgXmNvNfcBgBZbGqzDrTEaicgginReQfSVHkvjrNc;1963;09;2016;11;2016;11;ovHBBWnnqEavciOaPDSBZTzLICCWlfdmolujgfH;rtJgTN;uJfAgMzhBWSmdSiNteSdnRxTrsCgqkdKIZNGUfyWC;104;fCktlaHcILRDKDtUgwsUHRKhlbHvkXbgMxSNKWYqFsvNRr;147
300006202;ToixTW;GqmEYAiulhIwgTWzfrFJISwNu;1972;11;1980;10;1980;10;NaQdnghoYGqLeHEJSEvdcbrpQuifFuKM;TABJVnUmGVAQpFNpuXEHaqxnSqaxzQELubJCKQKNfZDeV;vyNcVWDTRadqrNSAvqzDCoePugxVjPVYLlBbmPJSEahEOFAurs;214;ixPTLVAOqdkbUbQlMbUdeVocKvGzZYiLmKhTLaVTfFLnVsPZmmuE;514
690800206;eXxanp;NKBXGqrOCSKsFnhtzNMAC;1964;03;1969;01;1969;02;zIQjbxJQBlvJOcT;JOehVuPORJuYK;lrfXmYyNKEvmxCnKcgrQBjThGmIPvQYvXjYTecIuHICzP;18;pohVnQlFuQEDkGuzZlBRxLRCQKiwlghdoEvdTt;129
590020194;eXJLMQ;vGSIOjhFHbsTkAVumYukeROEssTdfITMXJHFcbvBjXMK;1984;12;1965;12;1965;01;WzKx;PcZSFRNPscGOjACZiIZPlkjaSKVMdYZuxrEUVjWjGJTfuICeGFr;jposhOiKbxWxXBJdds;598;PaTFbuXWOWkBmWHY;168
530004381;YRrmWR;DrzGohkNiWjGeQeGzvgltNhdNkfOyZhrKkJDcmtS;1990;04;1997;08;1997;08;XiRHXIjEiEiaemoJUSayAKVilKRX;FAMuPOVSEWMClbhvuCDbIZaaIPNizWwpasDvhsKUES;bCdbz;746;GyKGjodKjyasevEFWjWSRwHZTshCNSvZVrWWsXqrj;805
750036196;WLcaoo;CyRlVflKilebtKKTgKzGVzoAvSupZJkL;1979;08;1972;11;1972;12;ArjVPkRrvvHCoiAiVaQrjCbSHVfIpqJmvwr;RpwrehDgQAmvPWfIKAYohwudwtu;KJuACLiBcKMICiQBxxZLiimMyqpeZ;535;POThXUElSDBBPMbeAr;326
950001461;KqhUbE;qixtlknkOSlM;1960;11;1998;08;1998;08;dQqWphRfhhWSImyZjPLlDGs;kDnvVcSlUajhqndCrKhDehNIWuhkRNxheHGyWtbnjkzZgMtt;QxjbsrP;427;RjIHFoCGfOrpAxaTebHofRbWnIiihChInczJR;8
620007716;uMcuVI;OEYjYQEPtuRWUq;1962;11;1998;11;1998;11;PvCMtmqJdJvLeKaVNqTXlztgRPjjFuXmQrHsFadPWqQTMdGrXlvP;RCBvVtoofOZDiPKdmqgppCWHKSWRYlvuonCjOtQsobfzMgeZbiCe;WrpTKDuVZNWlDWqeOHCTyboGHHShgRSDnukwqCNOpAhVXdT;909;sXKznWFdnPwaH;40
110000395;oDIkka;CT;2014;09;2000;12;2000;01;QsvVg;oVGLCUpC;txAGkeftGFCkmAiPXwdyfMJPQgFjBNVJuHgcoeJiI;824;mTMUJFEXUYjdkrOqhHVqQWUEYrnOMEB;866
780026415;DpRNEo;JhPbEPnyYHlUYzhmDTBxZeAMexPHGDQUulnoPbixvYWtZQv;1999;11;2003;05;2003;05;aXoYdHwCYVCVCN;ruJGaQMwcskvwmUBAasRgnNFuDyZ;ZWCnnRnZJZLZxMf;15;oavViNESIaZOJXya;756
390000883;YvvDZm;JJCGkQoICeyMhRkZRccQxEDCbJoewxEmPsOpFNy;1960;02;1988;11;1988;11;jJvMGYichLvEcUG;IHRSmiAYedITr;egwW;728;BeQSjpoCMELTJLnY;483
440036127;gTueCz;oYfiCzxXnkSBJv;2004;09;2013;10;2013;10;MevIbpyBMwhWgnjFyrFrVEdnzTMncpQjtfnYGewGiHjlveQ;TMQyEqNhtTSTqdlhQmtkqonXibxcKFgGpLYZXYyGwPPpaBNejHCN;GnwkPGYlmdGJys;935;SKrIaovdMzQpuoDxE;904
350044418;EivBmW;YPqahHoMzTUQVTAmardAtUctQCQvJrBexteauTXLkSDCvNBRaXh;2014;12;1982;07;1982;07;ppyNADJBxcuWOYiOPp;GFluhQAYcKLFrAhDKJbZBNPIGv;qhcRiXPKTxIXSujqRGYWHOQaJaJWfYXXTEfpICX;384;WkdPQUbzTZUJDJVyHgjWGuutMIFSLALHVroWhw;562
520001512;rDxFqj;SwgLvpESkHKlJbzvvtQc;1963;10;1964;12;1964;12;ygBOnwiyiLwdolIibgzsjtSoUknCucmUlUqrnG;oitXeUzlsAadE;IJtFqmuWVSzEuB;875;neMcrINjiHvLUeBYNvOBmBgjkiYyEmBeIOm;643
590025730;FQLjhd;NobGZNNZKFKkoNqkidPdfdEDpmFdylPkywLzBZtuWiqmG;1984;07;1998;12;1998;01;KBSlNmxQpasE;GfOArNnyx;NhmlwvosBYMubfjPpoHtWJSIusVbjwpQZXbL;263;Fdwjfnr;415
830000543;VBeNeE;bRBvApFAbwMTYIhUnYvXZcHuLf;2015;05;1960;06;1960;07;UuOcxrwtWyFxoqNfsqzRsKEhhWXwQIJDmNbUEJDDIARCglXCjtIb;ltIeTBBDQGHYmSVd;x;423;XCJVNJGCDKaDgvdMzOFnfNUU;125
040005340;dVSibS;iFopLCIAsvTEMzrtgGDieiLzhiocVubGXxJYpeDHWg;2009;11;2006;03;2006;03;uRiNHLBfDKhtzULAYrI;ln;JyGjnyQGXdRbExOnDXnLyhKODSPByCqCHHhSvsxigQiwBeMPWh;582;YCSClSpsLOSFdyLlimWSbzJjjCNn;303
270026594;qnVNqJ;OXjkIwWCZajCUiSpgTfZHuh;1978;11;2011;02;2011;03;QyUmaVGnHXcHrTLKJXrYzLTXpyVXXlnGSAXCBTxZwwCfzxP;gTtexMqXcozDyJhd;IYRxedWpUzNyFXPctfRUiLtWAPRUVGHShxunSCxPASALICVcX;157;CxQWK;147
220014641;kVRFdF;yhcMJLjlIhGgKLCmeiHMJo;2003;05;1968;03;1968;04;SnyJiBOlTvkNgXZNWmJBFEreYaJUqJKHwsvPnVILYTgxqDJ;KLdjFxLyUvBdFFmMkJFgodtbIllrTYMsCOKpxVo;LAmXBf;875;Ribxklg;256
380004093;GVHbXX;heLOuQgdtySDZzgDuPXzOyIyyKsbgmSqssG;2015;01;2014;01;2014;01;zpyFDuiUecKr;xADFDtDaCcKdEXcKbMyWfjaggxColfWNtkBOizXQscYWw;TexNLXHTB;571;vDT;414
740008149;hCHIWv;HRCbXOzelegd;1966;06;1983;01;1983;01;eDbrsNetibjDiFgLJtAbOsYYednrMghFxB;xWhYoFcKidOSCJcgyncLtvzJcHDwzvkkbRhxecfGuoaoYuIcqz;WuFGoMGvMaqPZqNDbCOjrIROHczlnBkAmZrZ;521;HxqBwcvvwXH;881
060004652;URDvYV;GbXuQnkEMwAtuQcqTqKzkkyBtTLCfeXEnmFupiuwLeiIsrTqhkt;1973;08;1996;04;1996;04;fnAlJigZwbJOqJJggtAXptlSvbZNOnj;JvCxKrIslIkeifZCKKIKEwyjaBzUijiuGhzYH;zbRjikitfrXaZqb;656;dEAjGUVSCmdHMCufBfQGFCTzePsANZeqSstShbFHMnYfSbxKyjn;808
250003506;PNtcfL;Gz;2005;01;2006;01;2006;01;YrUNPnphgx;ldVllcwhPb;DURToIHcNLopFoxt;622;WPNiIRkYzUZY;194
550000400;OmYOWK;FNbtK;1975;02;1991;02;1991;02;bKDUtwtsnnZZNyNHLxmaplHytHwPgXMDvi;EndkIkJaFNT;ucWeNlCqDBbEVeUsxXPnMffDvuVqqmWjLfZWYPJMisaywXL;627;J;926
770003853;xmfbTB;BXfKArMXQkIcAMVUltwtuhUaDxAcchejtDtjHYFasKmaHNPNT;2006;09;2006;06;2006;07;THBQykIeEdbZbrqsHFKNjSYkaTYDvWRBqALAqNQBGTxFkCufx;ghmlpwQFGSzfdJlMEllojOoKvfdwynrPLugPbjlEtFkCOa;PGqAGUGcrTCQydUCYikRKUejYzeidddrWd;367;slMAJNPRBrZSSlgKHVQmbQpjedNaHHzGyqoCQBpfly;102
090000373;IJHKOn;HbvBfEontZHBEZdwYQyCvDqDajuIqekUQkoSdYca;2007;09;1963;12;1963;12;lTqrRwwRoswRnV;RFIHhJQVXZZtHQiiNVgKH;KTwREbxOnuSOKSmobaEvWxTDAu;806;fhoMxRrbsfAjtnPNcNCpTWk;233
520003740;vdtwdf;bAGXsqeKFQhnUwXXHwVhiaOkeMZgVaODRzXb;1988;05;2016;06;2016;07;ozzbkMHkviPhonWRmYZGrNhJpZscsslfwmQTImRf;NpnKhItZFCufWzEfnSrVOfGWhjmTsrronjxZIljQSNSAGw;spjydCPhMnmjyxecFbclEKhngszIfStjFTjh;485;jSjatwwhxsCaApxozfPLkrlvTPtHuUUcEzJ;791
030001275;jsFENl;wHTKIPNZSGgGPgPrkkffoAsFYPLBGHOjltIiBVUWeqgG;1980;04;2013;02;2013;02;psk;RuRlqBbvJJWILbLWotyDmxFoMjaBP;zGOtXxm;818;GURImDzvlRQkSymxtSZrPCDTcLFPaRhKAevnABLZCgoRbDnnnpz;37
670017342;gloOzS;mFzeafdoNBnAeBdBsMdNywbToXrUxliGMAcM;2007;05;2012;07;2012;08;VlmOYEeGJIFNDJxxezZfxhVb;xTVCOAeVmcSkDlSVgErcefuepiZYLMfhCZrYFRUrSxCLbPPBxRs;FJJqdcwObAJutcRXNEVUBhLxomakjoM;588;YikIbHNEzNtfSmAgMPcCwEvbvK;24
350001509;nVhFTa;QNnlQOPEEUkfjmQlR;1970;01;1971;08;1971;08;WVKDSrbBat;hQNOxWZoRCaAOuTUfkoJMwdUcWMwqmjxTWPEQCHvORl;JOc;651;YJNuwOcInnlU;290
250017712;XQNFwq;JPOsKqnRvXakbBaarCkGiMwsSTTDFmHJdWPtchQyyEp;2002;12;1965;12;1965;12;JsYqoaeIQYbgIFHBdCghz;nmLPeGBJoVBaVaRXZRoguXEvM;LEpIEzsczDsWfOYMULbBVMlMxUNxmOfunmzYFfSKpKHZ;653;YotXzssqvNUgmfaszalSQIdPi;838
760034686;aCaDTV;JOuBQlSXgbPmkpPvOxNqngohhjbtSvfiMxUmRNe;1960;10;2011;07;2011;07;PWWYQOVYorzqLngJXR;leNeyxYWIoHHZrHmBL;MZkTrYrmpDhzKgeWKCZxxrSycWDvMmzzUtaWtqsngIDh;747;bWhJcVkut;235
470013236;BeoOmR;aXgPzipvkuXlsePKNo;2014;09;1999;11;1999;12;OvkpfBBVIZKChI;afZOhZbqgmDIhmRghE;PkOVazkkocOHIQcSMjEmlQvWQyMPsMwJWJKQetyMIkFBQUgdPeX;620;fDobYGSxxHaJUTQDHlmXPoOQSodVZMXNsBZJikXbF;251
780027967;aUphgw;LYlxUDopLQCwwBzmuAfKQLVssJrVHcdxoqbnhKLOTroMsZZ;1968;04;1973;10;1973;11;radGhclwJsIuJKf;sqrz;JdxEpdzdSmQDmmjKLpQOmmSzrKRTMBwjJ;844;zKJKQolzQWYxmJCCdTUc;201
830000626;BecTrj;fqTPZYHMGbpqfiqApLPYxoNEEbtHRzuRi;1982;01;1970;04;1970;04;bGVmBafrdtruSytdzeXJsPmZIzvyvBRxrEXf;hzVbQVdVSfVhwTMiMcMgeLjsgXGbDVka;iNWGWJqSdrJTzaHzZuhcKrWzFbdWWTZftXUisIDStQwaakYh;551;wwOxaWmKdVllMLFbIxJHFCZChLweanyDGJ;427
180004517;IjNVqN;nOGaCowVzbimPVBZEULMQ;1998;07;2015;03;2015;04;kAAwjylYQivvwgIEsiGwAWEMXeKNecZjFnqcgvsREyaxcr;QDGgYkBpsVRQWFKYtbkimZWNxLfxPKYDnEeixa;ziTNXDLVmErE;206;WFCMqaRR;843
920017266;SLKPUq;eEJnhQETiRntGgCVhLUSrhwOQLrd;1991;11;1981;10;1981;10;TsoyAigDGpdYMvLRwaEJRGwzwrwFfXRiArbfaJSUdR;SdCfvBUqAOOCVsfsmCJZyjQcOvcisLGrA;xYKfCkPhMmTS;915;CDJoeHiPkNxRKUtfjIWDwSNpHvZQjnZqZOx;199
590005120;yEOgkL;UlkvdAshrdBDEHViWAAqfxspiCnAmyUkWE;1993;08;2009;12;2009;01;OFAXxLPslsjEFNTNQOfIonSDFkHDwWB;NwgiLhypQlqKXPcW;PSrSFGSWJxQgCGHjLaMYQeFxVCwDkRPUywMpP;799;jmApJKIpmFdfUFQsuyJJGSPOAkyRDJbfTiZlNS;952
440048890;BWcyXd;pAEv;2012;03;1960;07;1960;08;HSjAgHuyYuAYuFJi;iZQpwtimyRSlBLadJAIFQBPsiJXDAfkLPvCKpnlvmHW;DTOhrQwZdvYRnlPundVPkRxjeyXWVyKxeLI;998;KacyypElwFhizYzNpgMHXZArXkaqaRLf;195
280003310;oInTSH;iswFTMAyXRJrfPQXBLbBFHnLsqWsafFMhOnxIStL;2003;08;2017;04;2017;04;NSsnYtwuuXHwkEhSeeCAKkFuXwlfHtiApEXsHoFY;paukNtHDGBPKbMbbIdYlOUrxiqh;JVl;921;TREpzldp;161
720001577;VyxvkR;zuGDjigaqziRKATJfuZsPHjRJDoH;1992;06;2008;09;2008;09;G;EBDfdeicrAZWpZdVmrCKtoKXqcvVmCHSIoFYmOgjVLcFcvdiQK;TBvPzJGAgBjtJkeJbqNXJwMaaflkjKwCbhLwiWuR;204;xcfNnaMBTKsZmhzJhLrnnrOypwitpMOJSMHrOgtPzEbWf;91
620111534;OaDGbt;MFWBDJdEbocOjxcZQMWNB;2004;07;2010;07;2010;07;KNPEVJlJNNBmqsDfgHrcLtrdSbumBfXXNzBdDcHkhmlCux;jCIKFrwCTyyUfiJCmd;tDnbDapVzaVGDPBSLPWNrEhDDujlJruWPGnr;413;AvTNHjEsgncwedxkM;429
970402269;pEkvWj;lAylJAysmIArOOWVxYUlGdvVoRnekA;2019;03;2016;09;2016;10;dkxdZoPXQ;HPmWjnriIptcmgRumOd;euJxzABAijfOBsNJzfDAVSWknxDIkAeqhxD;352;GxqvsL;482
170005169;kbMptZ;EkviLGgpZbAFSDpJNxcGtoxiC;2009;07;2016;07;2016;07;QZYHNJcBDgOdfnSvtdsiIjcYNkRzAaeFvnD;CJtyUoscRqqqNG;cMmBJokvzmmYuitICLQJomTpTmFCPIGdZMsQfusflggwVosnBIU;713;TjyYykCEiKczMiXvloPEDLhlzWvEboarctzKGNRXV;726
640009437;kAaunl;lfSxDxOHgWjQlDMADCwVIYsjLyMHaFxsPDAUSccQohRjuUkfhJI;1960;04;2014;07;2014;08;SKmltcJrDIWLieyKFDWAMbwHlsHMVGsbiuXd;kioSudEpnJgJktIVqUERzKSfjblyKroflIYCHrmJuEO;epD;686;plnjWwdurAtlAYFJhshyvXpnjJrOeBCHbY;215
060019429;uccvsx;CZvyLIHZaelUooPyjlOanycgUp;1995;09;1998;09;1998;10;sxPjJXxLVjqizQxDGofMNhHdHYjfD;Of;bPwl;54;XGkeDvnWlBoYoOsTzBDbSFoAz;630
350005872;CnSWjR;OD;1973;03;2005;07;2005;07;eqTrhPqoiOc;qxMWAnBOFyV;xLdbBxHxsFwJhxfckUGcUc;226;lBaJZTjgLvRbwPGCFrHMtVmQxkbxERQcxV;696
350015046;tmxOXp;VOZp;2008;05;2004;02;2004;02;JESFIaSo;mIlJbuR;ttrVPmnMUCLuNrhINyqmoAyfEMucQApTTVqUB;171;gPkXwVKsbADVHynEenUwifbPpiRymAVZHEvrJo;690
130028996;HfjUEY;pPfUjAgjJgP;1979;10;1961;05;1961;05;MnVf;NuxYomSkfspmJeiWPYmGvyYBtibBrMbRTRTcZBodORB;PqUlvCtkICQiSkuLMQGqiHbnqTlGojrqPQoDkezLNMfpkOA;193;rofnQAWVCeZmwqdCLqsmqnjOPvkLfIxhnEkkCRWG;415
600009153;eNndEh;JWaSmaabMxjffMYPFuunRuvnDUhYv;1979;02;1994;09;1994;09;zEvFimBeDaM;pmqwAGUZByPAKWQwKt;asYLAvTm;850;NTIaklgorYxtHrcsCgJKdtBzRFVGJp;687
220000772;eqFPQp;cxrgDMHfvhVGRCKnSrrNBElKMWwbCSitwbKraviTMge;2018;07;1969;09;1969;09;uLeajydbmZhHczsQhuPbpPz;TPssFyjvUNrrxFbicsjgSZJuTcqiuuzbTOgSeUsGscr;gPPklrCUSspvG;323;jQrpAQYNuN;811
800016800;tIhhpG;UBaCrsULWSxRul;1980;11;1979;08;1979;08;swfjxUePDdLVoFxidggxnSGHTZGcvIpnvwFtkWbaTNPFd;hEPthkeEZjOjfklvZTGljNNsHukdexWggpup;bPpxXdbQJiIBUctTjOsZlVGSWDymapkZU;80;pxzhmCIVWoYSBowxpd;418
750822918;lrTUtk;ZxAAwTgpSdVXyQunOPBjQnXX;2018;03;1960;02;1960;02;ScSMlWgVYVdEgjYunFCzYBbUBWqYEDioz;TialkhkIymuRzbDWXMLcpTBUmonaWN;AYBYwsyyXBkHwxlmZK;690;tYhCZCkHGNozcjgG;674
460005226;oMIyhO;duaEUWnWM;1988;05;1979;01;1979;02;JFDhrHhdevGBMRZFbZMkyKxGSLmJvuwzLJMpceuwnRNZjDAEnjw;SJuwZalDJkkhxnNXiPQqJPRssBHNJrlwFUEkD;lRlQGHBgGLJtJZYcsvwfiEpiznfuOxdOENsC;360;zvyffGaTqxKsWCwVXrjBKwKKHTpnGFpFUk;768
630002814;sxrJWd;FZVBwhCrahQVrmpukxblbbkcMXsVebJgYapOrK;1983;01;1971;10;1971;10;FKjNKoePebpQRFJMtfbzzXaKPCWTaFJxkCrGtdQDNaQGgvQrj;QlCePOjjbvXMleGoFET;RmfEk;791;ojuaJQBDbxMLyGOXnhI;407
320783764;VZSRNe;MQBiPwBOsyzh;1987;08;1989;03;1989;04;LfurdqBJicYSywgqCQKcHUuUNNB;sWxBOrWDXHgomBBjRhzFJqOGuFWCBbogMzq;ZYwxiDRYLedPZlEHMBwSXpbjHfItfGtfDCC;930;UdGniQbEIyxrGPHCPRafRkIkIyqnDHvoCdJFPBmtZMPBINeoffH;934
500001680;miMsyW;myOYTSYDVMRHKWHoHidFk;1986;10;1994;01;1994;02;NS;PZTrePwTlYHgPkaFiwpSrUBFAaoHPKfhuoX;cMLZiETGrjgSYAFopxggrspZIQsIsKUHsbYI;694;oVpQTYkNmjQs;975
270001233;BWqIHK;tuzVjxouIlnpNMyBVvzMmOsjNOSHDKCluxDOcFwCiF;2002;12;1961;05;1961;05;OGrguijdKOzJRGlMTzfVyJnEBUYQUGnCEXldPeBwNcJGxr;bwMPgWpWTDDVvBPxLpyShEbhwRgSFoU;SvFlhchBBCJHTYXSnQfRth;117;iILIMoSUVgQVbgaScdtuSVGFVmXNTxPTAQQbkRtgOKSTO;722
440032357;Loyxkw;JLpXvUVQKzKIHQOaLiKOpiSNH;1983;04;2004;02;2004;02;syaXyuqcOSZgUIJouPVCKbVHfmKwbeybrxgjI;lyrRwxLWFMMyZfvljHcW;elnPB;956;WmZzTxWFCotlZeZuYCYhPisjSXepLZeeQKStqmEUrB;527
370006355;PJYKzL;eHASvuIVbpGmDgHzxYyxSAjzATTZBFwufkKuHJhOHdxHmU;1986;01;1991;06;1991;07;nhzCqpVUr;RHnYXtjeAEUsdKfohS;IkTepHfKAGQSmFTEAyPiVG;545;TbzRCgUDEkYoQgFPAnFNovkfiNltzmPBBnmuiWWntMmkWAqLdlaL;891
2A0000170;tJthQx;xBHJXaARrnmBlfskAVuXVsvjdN;2016;05;2019;04;2019;05;ctPFXUOZFtGcqYpclUqTJMuTeiMhI;eNQitnRRHCc;JfDIGSwzLZNgLSEGHJrrGLHUuiNpreYHgYEopESMROmIDeBvmPP;307;LZcQatYSfCEkJpAOMvfJBEQtHClkDOqxRsdXYBl;903
330005091;kLEPIj;SrJrsnlOcxIIrLudNWcbgOWtUvqo;1963;05;1961;10;1961;10;VL;uiF;BUYYjZdTyiDnNc;724;agVnCHdKnxqmAlwUABcjXMWewaoOesLSuHrSk;840
310014303;tLQyDp;AHTOEzZGQGroMYFgblFvXiovhsI;2004;04;2003;06;2003;06;EGrOY;JBpFmRToOkMUumuOLHekxH;POeLjiugjtGOnqBZCrlRRJqXrmQER;469;aFADmgYfFKuGtwIDsAfkppLQA;405
600004295;vVpqjY;PXchDjwPWewmaifv;1988;05;1967;08;1967;08;gHzXCfraUkHC;dYxUUsnwChKfhiUcsznHNKqsGemZTnMfsZbkZndtncN;bYNz;342;ccuiuvVlfPQZdTiGFswzpiKgZXqoPEhNFYNLlxKCXGG;822
710013574;vRogoy;iuvdMKsCdCNIDwTxtw;1991;05;1961;06;1961;07;mCCD;mbFNgGoxUTXxQpxSPJmopoSMNuQmJ;wNTmrapFastOEqsiIouflUo;805;pRKduRpXYexIqRDoUSAeCWYNeDbmwSHsUyEwzPYCDHE;517
190011957;QuBRsA;dlxyvGBFmoucMH;1983;02;1991;06;1991;06;KvkawWwMxdTKxPQGOkHxTxnkOrtLnmOaZqfjiwXTNqDYnctt;wZPgAbHnuDShxGPO;RNTPH;219;QiytlGuOOpGHiyxKOmCveFuDWhjykSFnzGVjzIwifpZra;332
300018058;ptdfre;jZwGQnTnOdvscjvlSDwRtqPtMhjj;1966;02;1987;06;1987;07;WVlSgyqNUDJQeRndiICUqviiqARxWiawNiGgQOFcXjoex;UiLYWsADReHmbiCs;Ghiii;960;iBWwObbVV;765
490010196;gKbYdk;lGxeyZuAGcSvW;1964;07;1972;12;1972;12;GWmPYcyfJEMBLeTYOBAXrNhkypUHYVVxyzDjTglAZTLwp;PvFHFrzoVkoJJdFTBeKMLpocA;wQTeYIwLyyHnzHeRgWeVakKmaXRRyKQjQwWLWpdrnpPorPrbOfY;344;WlPiAbsEIEVKhWURkDmULrDLGBdMiXqoeQwjvebUo;519
330051459;EclIoY;YYjGLhDwlPIZyVTduAeQLgwyMGdMvPsaItFVrbQqBdXuBQZX;2009;01;1961;08;1961;09;blfQihyMIEHOlKNDiVgljwTzCanoXwqEAWUY;VEmyUDPSbbKImkuDhUFOra;OFohNOFgaLNEkWyKPs;69;zudYixf;287
180002123;nBTuTu;gEPqOkwkQyaFzpbjbUWZPzsPCC;1987;08;1998;02;1998;03;pYY;IXGHguBWKZifOOgFVPNjQPmCyiAqEbwIrE;gWDASCUPWo;595;gHMbEcIfhvTQtPi;556
440007227;wMnrnE;BnUsmwUEY;2011;11;1987;03;1987;03;TBDegTuIP;DSuSKwkrXQbGeCqMEfnVxuKdg;dxw;671;iXyyPvTxOthxXiQsSmnMIhLMawuCnjWofsPEuHkhuAJCNZbVPfH;177
750052276;ZTwfDQ;xVCzFOcf;2019;02;2013;08;2013;08;GdVfCYkyDDRFWiLeFkCBWRuwPsuUbjnaeCMYPNbJCXdmLmpfz;yWNn;nMlHTlIEMbVkmRJimlMnSsxenGAWoGfELuENNdFCNSyWOMrjhcD;361;HkBECCqZuOvZXLPOGxxvkHRXYtst;801
490001393;tdlOSK;FqtXjrJoKLhqrbpMwZovhvmOBIgZYwHqxnuSlhaiLymBWaAk;1975;07;2016;01;2016;01;gzHZRQwwqtIUAXkE;wjjHKpbKKIpiLOVa;VIdpjOYZMeplSqOoPYqqfCYVgCitIuBTXhAXMgLlUj;372;HjAbwPxobgFzdQNJoxlDWweFMA;78
800007015;ITkfrw;BEmoDeVGkKFtDZvCftsTpMKIGhcnOKioiWmGrh;1995;02;2000;01;2000;02;JisnvZYtBWETIBvylRpwMpBlJ;icQSLcInGavXVpmsLlD;yfwIQVwjDsIdPNivfSufmwYaxaZItFRuQizoxEfkXdClxXddRFTL;400;nPyWHmNwkykuKVkUpltSgpUdqyZZAjPKZBl;292
750050114;XZJEXl;pHSTWZOhKtVbxjXXjVVdekDWFmaesyXGpRLSsILjovJNL;1961;08;1998;01;1998;02;WSqcPYNEIPpBllsZSEkZmgaWIixChsRhawf;RagxHY;eATGtfSgqu;441;KnAstRthAprKdujwklpTZyAdVIbwLPGiEYuhoZxHRwLLqig;496
930026109;XoWNDM;hPWHTrHIDOJKFmfHYcSPRvhBNfeDCGW;2014;03;1987;06;1987;06;YaTnrwWXCqiNHTOD;dNiUGSZrUXbPAJoViiFPCISqOnwLFi;GYhgIyZNuSQegyxKeVrOPttljoqrJEiEEubnuAlqiwlWGqAbPKWU;497;yKgnaRPrMSpLPPdRVY;723
350037669;ysSvji;SAAhtffGskBoVZXaRTLjFsxCRcrc;2002;01;1964;10;1964;10;fhaGansMbwn;kbSEDinkwqlTrGEFTMyTnFMsDH;hIYFOQydwZsJjIXWpewDun;782;eceQoHTdIDSMJtokBCPhhqMPcaudchzmmgq;376
690046255;lWPPKk;uJnxQUPhHQFkPcOMRpINGmtTaHDlufQsRbcVMMQsx;1976;10;1962;07;1962;08;CXmt;dTLJydfpbzyGylpx;dyNJRopognrDUTWEBwSLWIrVLYZLTMTSODHWJJkMfdHuFdAiSf;606;vuoKqFSVksEH;175
130782634;xeJiLc;LCOTMjuVUTYkBTxuCwwyZbhDLfrwIspfXUdvNmYtSlG;2016;08;2009;03;2009;03;syhUgFjBZBAMhjlqRPyJwNUWSrVDTLToAeDRdgywCpojTWhQZhel;VsLxLMRDnijJizLnOXBhMW;McWiFwzmwzTWAPdXwHRlFCkOQuybnaykHTKHpjKLUSzf;67;blYXLbuyyUceDGUsoluBpLQIjcDm;189
170020135;NqdKAX;SoRTHCcozdcZ;1981;11;1995;05;1995;05;jsqBmYWhOrGRNDupAPNzxuXOasfpfZHN;vAjVvLPQbXlSawWomqHLSKUkWabrHXnl;qqTnMGOqbksOCTZG;701;WcdmwXpRAOaUAZckHGHdsLdEcIxGr;634
680009354;CQSFFO;qwpzikdJjOTMNlHWdbtMEmsRWZfCsXRD;1970;11;1998;07;1998;07;aezDmihsBehzGfxkt;TMLATigdoMsjvZpGCfqryJxOroMrrIGrAnFwwYiHhVl;tiZhkI;298;EYLGqQPSMNyxZjegVTpeIGMcvN;535
620000976;ZYptDY;pGOyFUwlqyKnDaprYLOZNdvnSwrJzZkvP;1973;03;2016;05;2016;06;wLpsbyZJgJoYdFQhbmgZqnjMtiJaQsdiZnuDGEyJHJwto;EKMBsJSuAdhwIHPQpIQvXWCollOHLrGzhQZkUqMbnd;nTUZcgrfbmtmivZXsQicuGixEWjNgXfocBuO;462;Cgf;562
590010260;aDjkDH;tXSNylQUrL;1994;08;2012;07;2012;07;zSfHpMSSCCkKdclfCXuDOLJtNcKjnjZCQtIBJRVWuOejuSVNM;HeBjsCqmaXPxQnGBsEHghbAydofKEVQIRppSBpfMuefZqXoWlQi;lR;102;TgYfSsEPot;585
590039830;vxDysS;HlrzolrbFxOPdirPPlkjqxKOPHkXzQyoWnObvDgafoE;1969;01;2019;03;2019;03;MdbZQmpuL;IDCkFkULgqVaxIXzHXFAPBbbdGaHPRBrvxnrXunEaXrISxaU;oIYQljeKvLwQkXSIflMuELeAkfdheJPsZjMVtPaBofqKiAmsGIW;154;XjgmRH;466
370015125;buzPNT;FMjBtg;1984;01;1986;04;1986;04;DxSqwkkwJtymHXWZHBGNQWvIwHsEfUJiGGRvCIMWmeLexiXaPR;NuHSHEWiLqRlaBDtjynRUtoIuwRWKYBxSdyqvCxfuhMgpu;AHRGqUEOTJjmewbaPmixxzZEuuwifgpMlYUhvIYxqYmjSHCvC;823;wFhoDgrKUnmfeoNAqGJhesbK;907
780027603;HTTsFf;eIIXUFRHZWnQ;1977;05;1987;01;1987;02;OAyRfibDjwDR;IDjVsVtzxcoUaTFHIkkLWwtwez;QvWKvRcaqcqLIqjzKaS;144;xeTkWEIFcqPMQVGcHCTSLXkxkPPAQrUohIpKlUIN;986
090002148;riPlyS;DJG;1997;05;2004;01;2004;01;AvimFOVJhqzonxOuzFFLiAimNeogpQdidNwuUYyFrQ;BFTotruBFjJhSEWeNUvJcNwIGbFkdtYmnQjN;GotvSHWhHCKAYQuRUJLtiirYO;840;nKMBTGauqgeYRuXkmsgLhtdLHsItSuFsuYeMQyVjoCSpF;603
450021894;zOTxeY;hBdqxqVEZuGeNpXgdsVqC;1969;02;1986;02;1986;03;iBoNHxjGgSR;vvB;sORBGaAXmYzowoBh;180;RFhWLqsSwNVSuFOUY;766
800014078;jJHbNP;qunUzmyxEnpatyECSNVuYjrYMOOAqFudx;1999;10;1974;12;1974;12;QMVOZaTHPcTQBpWefuphPisl;kHBypCZZNzznpAVWHhIJXxI;BHJSaZTfMYIwWBSxidBkpZOPcBVbjfNbaXKRXlpewxFdBR;201;qoSBmpMXFJZaTe;481
560018855;heDpQu;TTNZsbGkJciDllTsZWizuvGQBBBHIVGZQOaPQANOMxQBvs;2019;05;1987;01;1987;01;VXbrvtXYSpVSElJqJljTmgVUKTocFJwijrYVnIRQU;eEmFvdQCaSFLYvPKOyyFUiBBSbXk;vOaxmzxSnbAozcxKSzDMoGRJeUfniwoGdIOgLIaJtxg;423;bVLFtsgStMOxznhssKpoZrZnXxurKQtiMRd;101
970430898;kNNdmN;UlNzymbUyINJtAMRTdGi;2000;02;2014;07;2014;07;ZOCkOXPSXpQSYPLrboyOEBJtlNaiWcWtzNSHpQijOOkFOcXUToN;zfpZhLbnfpDflqZxKDGhtFdGNmfDxoJLYzJXZHp;QyhhTjddZKvvrGY;648;UDjiuOzYVYNhgYmsIT;694
970404497;qDKFVx;lSqHQyFXDzVZoJBADfbZUzjrDYAyh;2017;02;1982;02;1982;03;HQlXCTzsvpfRUFvYTYRSNuUWDehZqZdeEsvs;JoO;WEuO;651;QLMftfsMWyUCSdzvTrIMlKTjUCvc;829
690036785;iTZOSD;rkGTZJfGQllZcPIkhfUACurmAsFenbsjwZj;1983;06;2018;07;2018;08;rPssubbxmLt;IJDNiZcPPCMTbKuCgUPYGoXnbPDGidgeAwvnOlxHLasoBk;euIAbMVNEOnJpIfTEuWzBBQtwrfPEoMPqbTxrZLPr;435;UmphmlNBTzOTTyAZEFodiidAqksgYfH;220
590797932;WYILZd;aWJJwTFRfVGhLbedNKqOPQoyrgpGGjiF;2015;08;2004;06;2004;07;LJfmNmBrMACtlQCvekcCuLSwQENjYKXnXDwHSbWZEcd;hOewvXbwaNRlKSkVXeATYpXKZFvgJP;Lw;434;NJUHHPcvFaITDFWzIPDbvQNNiOQqKEiwKSMxDLMDiWjGkN;517
590815965;CBcIEs;jkRMPK;2004;06;1968;01;1968;02;GIaieuq;aMirdwgbdeXnbfgWPwsTjIzmFznYtQIvaMajxHfCDzQS;lIKvrQExtbzGVDDilomrGCWktjwblskWUpTcc;170;tacbYNvqcUXALTVsBOqgYKZcTemkLcGGcUByqXoxDiMGUq;248
420008732;UqnWCY;doOjPyimdQxskOypkIFRWCgIyVNKTPYYybDjftoX;1974;06;2015;02;2015;03;WhRZUOONEKCytekYXqQanPYCmGeIuiLbmTMKQMmvAmY;QJeuIUuVZXtluTZxEssMTdEZDKKIpI;BiLaCMlTEdhAwLeVxZXLqeWGPDviKDr;267;pAqiMvkyxjmTdFpXcKCPXCaxZIgoPAiVUtAaDj;812
490534773;ooKlnz;xKcuQptGwSPsrWBBVRTOPkojxZfOsDnAVuMU;1979;11;1962;11;1962;12;vQuXroTTjPdiBzsajdVknMKdOBnRFRKALfUYLsFlIfVCMHS;AEOBhMdgjElNqFnrMGXhZUdwGMvNxDxwOPeUspMjSh;wQBT;546;hfplaVxvhdIZDRBgxEFzrbeAzmKzDRBB;996
330026899;mampDu;YptwTsJJXtEQHKgukytyoejvoxOnnQAv;2006;03;2006;10;2006;10;XWONawnRZajij;DjkkpZQQP;yWBgvktnnzxJjASApLWD;272;akoUZYRw;15
750053480;zNLwjx;BMHdWRKsEGWgcYo;1975;01;1968;10;1968;11;YojhUmdQTvvrOtJXyhDRosdvVudOmchOwhxcyxDmTRfx;nekQWmUphYcKAxFWfeGSxpIyoXPf;aCGtnLlNMHwUlPMKqBBTwOiqlK;130;GLhRDnbeiyiejywNXFFMb;191
290009463;eRLgnB;LFEcShiqQUKmojPiXRuTfLsoRZVnAEmnqPPJS;1960;03;1986;11;1986;11;WtpiLPCphPnrmLfyJVCPKRlGO;CRkthrqSIJLpByyREKr;GWRUiisatPpfKhlczXKhuWRxwYYfgzGNKjfBMBMYRyD;952;vbDfWXRV;114
130029762;FrVddf;KkVHimnjVOZjoNCsiMKiPoEGEfOEVIRBdsMywwrDwofzURJDiCE;2016;05;2013;12;2013;01;IoENlZbgdgSYgdiEamAbigWmAJEKcTGiXDGyZSwUHeGGRoCwyKun;Tbl;YmfRwLhUKLefBMxinKRiWLmXCSedsQIevUwopKRLKYMLAFzfQYL;116;TzunhiUZjXPUZ;46
140000746;PkZLmY;ZaUElblcUaUnDBSHCRoA;1981;01;2007;08;2007;08;BIuIGVUJmEWMwHMvGvFUNuTnFNKYLFSyQg;ZgEV;UTuWydxhpicGeIqRIueRKrwsHKiygrZeYBEmvNMmhiThdWjgFpFp;666;ScIuKDeejuHdkujP;507
810001503;CXkxMT;dHgtPircEiT;2019;10;2018;07;2018;07;bEmhGGLYjxkwdcEJFlyScqzhaUMsqroxUf;we;KmHluKpoTc;768;CeTFALiNEItKlGAMeaWUDGHKEQyhRim;296
050005586;eiIWzr;AWaXRfaqBigpjEkD;1977;12;1999;06;1999;06;onEfWpLtqTZRJLTuYtMOSdS;yitDqfGmuoNGSDsVimjEwMaBBYdt;UEyiqZmMQKcrrfWVJZrdqrMOzUkoCBNMTmmU;354;IsLk;906
670015478;oMSSVn;RDEgIDOuFgacRDQbqZkpb;2006;05;2018;02;2018;03;zuoNSqlKMVQwUrteBgbQsFONk;yfKvfwHpjaDJzoYXnECcYHJh;AfbKVSDfEYFVvlwEjnjGdWAUDCMPZsVks;799;kkHuqPPShqidCviKEatnzOECWjzbmchovuyyN;27
580002459;enPtmw;ZCssjALTPuTanmkAtkfYEUdortomv;2012;11;2012;03;2012;03;rftKTBNmfExkVcgG;xKnrNOIJnCJ;zhwPMgjAMhahIobqZOEjuzXHwjoEHNtbFmPYmJqWv;892;ErPWnWjKymtlGdJRxXcPpcubWiztjgeyPjFKEHaRN;176
970411013;CqPYuY;ZAvwMlnGzLNCdVeusjbATql;1988;05;1995;09;1995;09;UmQhYSYfzTBLREZuYtvaqaAoAFROWPZgvCPTiTgAUzSreiuz;rTHRNyTNVEOVZvarBnmcGJlSnBLZltrjLRmLYqZdvSuEAKldOG;iHeSAACAawOufbdcECGQqjbKvPcNvGTUlhewVbk;72;KwgKpnTjGtJzzrYyQmYJEHZbONtXIcdGFPQxgSw;692
870009586;jaXixv;afdbLFFhiOdTdwoOE;2019;12;1971;09;1971;09;jRVNjabOXASUcOJHzvd;QjIOtoLbRVWWFGMyyVJSbqlwbSKaOtqNlM;yoxbMnEiJhTlrHZlCPjQy;788;sSiDKZRPBVbZGNLXyZWxaVivXVAYjvpbvMPmNy;327
070006697;CNOCKN;UWqz;1998;10;1977;12;1977;12;fpMTzSIaH;voBIRZkhk;hdNkBTEVMqEwpfVadPQMooiVnZAtlhrnHzxWQvFNUtipsYVT;643;nRyoXWcfrZTxAadsUHBbB;920
060001351;NvkSef;tGUaqthIRors;1987;06;1981;08;1981;08;uFdDdnhhVpbdUJLcIoMLfdEcJBbefTRbdBQ;SrgWiZSKCeFUbwUSXlgJcYZRhkBiSZSpjVktKQqKWEcxyPhuylrr;OXzmsHYVnVoHZWf;55;hfKeOQXpFaVwDZKxfIplHDjbMphEqlTvALaiagOIpflGHQ;226
030785323;xRauSy;zGLOcQKcyHyHQncXobnURvW;1992;07;1996;08;1996;09;ISclREQAUiUnaRqSbxEgFzsUoDLbxTXQJQQkv;hOzEGGnSXqjBgFVPFLqUANhEatSgIx;DNrPVDfcanHwAJb;836;MAtAMoVwq;27
650003494;UFuRda;eWzqPzPTkvllhjzbUFfpBbHtHkFQSwWJ;1977;04;2014;08;2014;09;hDMkoBSmalDRTrnDxoMPLmnBdkfyUkpvk;URrlSANAVUaCKpvbtOIMbptfdkviNJqTEgrfdacOSYqrU;OFZ;340;JcqCyjnioWoqpqRvYylG;928
970209136;zWTfld;bGlBXtVO;2001;07;1986;02;1986;03;ylNOGbVlFbULDETcKtGqKaMgWaZHqLXu;ICiFieImTQwmzbgRUIveHOLGtVOflUMDRvsgoRHNtvA;XzBTdEhnfOOuQDhNicqCOTqUZmvTzYbEzXSJXhpxheKYOfsxW;324;ZvgysifMmThXGFbhsgYCzwoAkZGoWWIeIIXWtFD;27
300001088;NsXhzb;issTAYIHvnuCtPlZrhHGuBZM;2014;01;1987;04;1987;05;CkUBmMyEOCkWUjNibchUYTY;oDXbYPYvUzzfjVaIszGXUxDBHNOTTpDj;HWoiouPogjkZcBINFetgYBSnjjfnPcTrFvXmoUkOOfvwR;95;iGhnKXAvDoIneHoEaWrrxokWdlhiFGNvicTOxJSF;193
780011458;NbwQcY;LCOiOzOyiRespdFjAcXajIfZhPDMCSGwYQHLvtrMKHNVNlFJd;1980;09;1983;01;1983;01;GRhkjQgOSqzQJOj;DoqzKteoysYzrPUTEWJoynrrfCTciMGbxpNAKoirpLUsUaprU;amzGMvGMau;708;WkbvDYWrxrhVtQV;247
710970963;XhrHPV;GnIYuQvWsxerVNvfWLqzbqtmwLb;1993;07;2007;06;2007;07;jIpmwaLdFjleLLYupefXZERNRsIYZV;CbrOvRXRbpbrHkhlHJAcGpEBKrVVVgwHDcRWVcY;fTyXDvvBUeSkTHIjybrJHtW;248;YAfKxbCMpXuhRsuYExivMTsvWDSCjTqgJvgbEIObvEjoSiOzI;657
440003150;dGuMGH;duGXehDjEhV;1966;07;1999;10;1999;10;jBzbtkvgdaLmnKkSdfQu;FTRytPSrEdpBMsUTnHkGWBmsvHwHtZJimn;FyWhuWgkcH;985;NolJsnsstPQkdwkkLMBJAgBWLyloQgnTVDoNXIKFilrddBIEXx;317
920002813;kKvcEa;PMiAaJWXPzjvBvGJYHLLxNzHE;1992;11;1989;05;1989;05;FsGymhaOCSDOAlOiffg;aNziDayRaPPBfwcMcieZClprBKiqxTlyRQMfywODPGspBIhVN;LjjkCvbSfxAojMTDUjzTqaDIngktMyTE;463;aTVPDKJQGOCZQQIBgRNLQL;578
910015452;jMXpmb;trsviKMHtSHSDahkQuTiwCmWydK;1994;03;2016;08;2016;09;hlJPdomCRGIP;NpMXH;USnXvKXEfQXfoGpaxHLvDJujfgvUwbdkhyAzSg;382;xYfVENPG;540
910009315;SGwLWb;GAwDnL;1996;05;1960;06;1960;06;sVpLHjsOHLwRAnucjTaxzUMwCLWyUElgEdwREEKMuNJrBzzW;EdDyyvVblQrRpmb;qWXLeEqeRaKAqLSZMXChmWFDiMgPsbDNVXa;460;aBDKDAKAtDEkAJPcckAcUwAIWjJFbYafRJJFdeByIGCqqISX;87
300003852;jzELdC;rBxZmrYJPzsTOvixSTx;2000;05;1972;06;1972;07;eBXnPDVHmZhKAcEVSiGrFyjszq;tzWrgTfaCbQecpAhzLoenYGiYnsyDteNHrRAeJRTqxiMrXhy;mcCKylMcDnItWyMAdMVZ;613;ZSSsDGMKZHJiLHDrTIcBvAbaKAHcsqhhgAmThbq;936
760013391;xvoGEy;VJfzPDcKwVdwkuJZAFwgKfEdUTiZ;1999;05;2008;02;2008;03;WUqhrYPXwghfVbNj;OepudGPgONRrqhpLSymJpvNzNdcyARVNrFxpYlOWTKawlWl;PzS;510;IZVmmxt;817
610002008;lIXRox;deEUsAcMxpXSCKwFsolDvmkJMiplPlZifVARYUxmzpSpyyLY;1973;03;1995;01;1995;01;MYhLIUmNsDEIavfEEThGkeFkBVFoSPqw;dWo;FdI;839;csupgjxZrkupCbAAIl;548
460786940;pZaVxy;BCqSAeJowKxoycYKQCpoLtvaTMjbknr;2007;03;1993;10;1993;10;YluxdEaqBWFSPquCNhExf;VBnrJEVaAQJzyLFkqLTeUjBgBlzgobvcoTENIrFh;FCnfXeYtMjIDsWkdvYXONsbVPqwYtClEO;138;ezNpcMCzDgjQVXoFHzNlpAkX;971
800001323;XdjYvD;amHZlSAspdQxMhNhMQDcBpQFHqUYtrQiCyHAF;1965;08;1990;02;1990;03;aJHZfaaJmhAMi;pChzAgAXEqOvpZByJtowhZfurzizPfLOd;N;34;DlJIvNJeHBAwyFiuZNcirnSQZxaNYeFnBaPxoltRLlKSHAsy;413
780000980;NFbWfD;jfpLRRUpExpvQtNBfLcsuzycvHJCEvRknLkrzKEzby;1981;11;1995;11;1995;11;fLhbvOdJiRgQvXadDpTgrbVCweCxUUaFk;LHxQUqNBzhzJYkoVHYgDtlNtVyVpqIEUYBOGVYicPTByQ;fwsQZqxubTSYxooyeSxonUOoVAZqxZpAvpRERaQYNbRqAISS;352;WkJNqeGgTvaeKgFTnAWrZZqjrcmsrbQbk;678
920010006;paYsEm;xXJIIHj;2003;12;2001;02;2001;02;JxsQEGCzHZUmlPEBHLwowQkQsJbEPZkgFFtaujNuSqQaMZTlzOz;GMQYvVRfKhqKeDOFKDruyzWIdrTcPdqqENVvUNEqMMqgLuMBbf;YHg;343;HBDFVZRQZbkrtbUoIPyg;559
330047200;jKnVpE;K;1981;03;1965;07;1965;07;qLSsQqgrHGrDpHcl;TlBnldzwpLZFoCKJhHwNcAvaiiFGtjdAWUUhfWw;wTNPdQS;572;kMxosEaOBJmiGthyVLs;591
540016805;QlukBs;aAZDgIMrRYRFqWqOBCSEFCemJCcIuuR;1973;06;1961;03;1961;04;VOwHAkLaXngQTgkckZfmlVbZeYdLiCpfBIumudjYUdFJEqzdWv;VFjMNDzYPoYKVjHCtVLFqnH;uNXuzJxOSqQBdTuLpMTaYelE;926;bJwodRvPYxUBoraRySoCbjuQbCmKIdY;12
270020472;OLBgJn;FfcasYvGYqTGWDqfClRSBrmTuPAPVolzwETpgxSTAcsSog;1996;05;1982;12;1982;12;tCZk;ITpFOGnHFrFwehTEgTLjoRkQucWBBObC;BeerEjTSgzcHWYCjblvreRp;752;MBxLbaZhCSaRkrkCbDGusKZlKKRUCxRBxt;342
770011419;AwSLTP;JZLPouAwRcNvGQSSN;1998;07;1962;03;1962;03;bivnI;xlYCDvFvTdlzIYabffLhMAAqZuqgORBKqde;FJeoPOqtPoPqXFaljDk;257;bQSEfpBrbwBsHjxDzGAwjZkrPyrP;752
590024410;oEqpMc;DKEupvMzOezJxBuIemCuXR;2002;03;2015;08;2015;08;fnZJzWkhusiah;EcaNPSKsMRYCWTaaSpXkkSJniGEJgRBHc;eEkIgQmisEnawQZATiLeBsj;770;LaLRfTwLCFuDezdlINPGiYfahdHqoPrrJwxIjgerRV;248
870009511;ColpbV;ksajdIvFAyiwCDfkoiFksIQUvtObqp;1979;07;1985;03;1985;04;YDDpZzOnaNmWIqyvwGfcnQTx;PTrcOQIbRQIZlmGEpyrrgZAaoicfOWkWEYdjhOM;GHTSMwGDvrevFmgUALiExATIgQjr;820;vIqhounOYP;131
130017577;eXhKfp;pElDssZDNEKFFmDZodAeftcrQQbXNYzbTQaDmVLq;2005;11;1987;04;1987;05;pdH;puBqaZLiPJwNEoZoiQJwJZPhjOgubxXRsQyqwvczFmzMJLMzY;MgZHwHLJCxjvxekuDteyJM;902;DzD;955
540010386;ubMVLh;AihjwUfvMyiVCLHnqwCNEVWBtxKDwaDtcvwLFvdIwGJsylk;1978;09;1973;03;1973;03;LXKMeQihmXl;HYJvhdaq;Rr;317;aZyynyRqjsPwLJMbGuwq;213
420016735;EkYxKW;xCwHsfTWBbPBxwBAFnPZeTZxuqnNYigUrzJAXSgm;2018;05;2017;05;2017;05;PlyfxFABDQffsYqS;RgRWQYCqeMWsxjssIoynEhgwLnsCAzyLPxVICtJUTDgcyx;XyWGIqoumrjBhdeIlDx;879;nDA;97
620030882;NMOjCu;GmTUMKgVWfNsBRFMCCKKewNXqnhtPn;1962;08;1999;08;1999;08;aRGGhcgSQwNelosOAQMjYgTSWicmsutcWhY;euvGzVyhq;wDgWBjTYGGOUIKiOKLpVkIeYcFMbAxSKCdlPSx;121;egXvVjFHttSxRTnIKgNdpi;260
690791595;nydktk;XTmfTTeM;2003;12;1994;07;1994;08;PiOwLvJZjXJPwbTelUIQWcHpFPbunUJaNh;khMwkVYcgscyvvIfPSIMcKdygxAfvcvoYLvChYGMQxZpCubIWh;csHPbqO;374;ZWQRCtCUkbufrVfFZQMIiuTcwLLVXDoeIbzDfbYLJwtVd;955
590022596;MncSiA;rogrxqiRJaHcGS;1996;05;1966;09;1966;09;tRq;UIDE;iGyCiU;442;mytSyzBxtJcqQzWhXzXFPjEivwFtfFlyCqeibyphgUlz;485
290026293;lMnsvx;VAWJcJpyZRXlxTRlZWvfbsZVywRZfClmAswDFreUJSgZnFhwPif;1984;06;1963;09;1963;10;PPvfcdRJITitMgJyDmbn;OmMeyztFrmKaLrDQsAcqzGSPoSKlMSasosuVzeVssQfetvCq;HFkabeQEsgmkAWrBiBLsdJPLMpgMPxoQlcTDcMHQVTTUDD;117;TPiAYARVnzaSoACOYZAIUywQTbAAAGJoWXJGtEfsopnfBbDKJhO;336
130004807;LOWLbj;Aolz;2004;07;1969;11;1969;12;OEyCwrkBvjKVbHrnvnhhduGIknzbYagwkxEIS;GUqPbKAhUHBFePqwJdyEcq;kgfTJtXWXLhCEVhDaCYPTKWYizfCpTnTEIm;696;FTsviWwSajNMtxuBpgCsZrqQe;49
640004636;pxbVPG;sgCk;2014;11;1986;09;1986;09;aPFcrNmtvpFgHkLyzXtMSLeFHQxCWPuyv;xpPANqacFLhesRsYWrAoNXH;KQCCNsMrxiKTphTptavNqgjn;657;dclLjYAORRgKlQRDhoKxiFG;336
310002548;bdpSGC;YLErekLDRLOjhShDKzV;1986;04;2003;07;2003;07;McSFscdJWslHOKa;nXIZqAjJiSGANIZfpCopBdPJMHmnJJsrXGyNtOJw;CmBwNqizRjZaCuTdcRnhlonZIHV;285;VGCdMgNUfmjLkEdXYUawcPiVwwqr;51
170005284;RwvQjy;QkYZUJPFXwOYpYAOpzFycHrvKsKWQWwEZNZeLsxxJHQtKaInb;2016;01;1971;09;1971;09;jhngkKyYbgMnjVKQiFqYyguvfPaTJeqhgiGmXEL;NlnqjlKFzuatq;TneawJEZdQYjkeCqrFpauQXvZhKvNTWRinhplB;616;VPBSaKBlmWGPdjekkKEdeJXxTbTMGzryi;322
810100982;mrVgZX;VKLwgTJoWtW;1973;11;2000;11;2000;11;IOOhicFZpliOlS;ouElrSnhgpeUXsNWStLuYleJDTLEsZ;PvqVZD;309;UmSbZYvWGaDZnTYWDaE;393
930008495;UDwELt;ELSZgWvdGkmlcYTWSPIYLeFjDvh;2018;01;1990;10;1990;10;OiGAkcNTLXudgiVxOY;TepiRe;MLMVGhXylBfbDkqmHZIeFUkgZcBMTflZJrYjQbafSdg;197;ME;140
970400503;bZDEsq;qfuMYEQxwgVytCcSxxRIFVEXRrdLEuwejXzqcOMxkTfZmEPkF;1970;02;2011;05;2011;05;TfCWpkNnlAMNZlXyGOxvojPYFsqvsFEgm;ArwjvuwMGNnIntqwYleqOSkqobcrBBuDqDhsyDzsGpjaXLKv;MqWCidGeQzSdVgVSHdoEaJasGriLp;995;jlMkmxARgwRRcZnmaFQGTFVHbjpwVUsrlya;873
640014478;jdomuQ;tZmpIrlPqEBxNyaBudflwWcMZgxKnRKUFbR;1991;06;2017;05;2017;06;oDHLJewHxUZcElmwAuGxXm;zPl;DevNGIEYFKfztjVbDoHhnRCOUfxCDQrgykTEbIWW;460;HcJxwGGOGXlI;134
850001967;oLtwdx;NUlTMqhwIKueVzmhNOvLnmxApGXcSUudjhZr;1961;07;1991;12;1991;12;CkYpyuqogilUERmEgP;IyLMRkeRagQIsMMPMZsrJeMdfUPpTRtmpKSKcJfc;CcWZsGJMABdToMOSlNRxpggnNIxVRvDWvgGZzKzvMFYP;891;AhQlCBLSQtCuuEy;698
290002351;tTXjIR;FvhTTWEpshwBaoXVvVMKGvGoSwapXrgoobzPEae;1977;05;2007;12;2007;01;IloRcfiFQfXVSPQtDrgIuwYdaWQLwXvmJ;pTSbvvfIhMPTIBGfAWBl;uDCWPdknnGeXuCWxfQWIZBvmPmhHKImLVH;83;xlGBCgTRSvnnAAZdis;197
490005097;TeQOKr;sVpTLMzZTKPlcWDJojfjwZIcQIMPVpZsNHhJOcxzQE;1999;01;1991;12;1991;12;VrYGKUSyqQCPLaFHJMypsQQsKUtJnIsTWYwFYvbZQXHKZb;avrJsuwRiRzqgbIbmyGsnFmcv;hTNIMML;879;VLAPKffdVzugaOhwIWiTXorjLDQoc;177
380021766;sJrkgo;dmurjLNAoDrZAnHVzjDgDcH;1972;08;1989;07;1989;08;MkUTlyRvNPfBIeugNJmuC;zcnNqBOtWtPyhnuSSuozySn;DlsUHpTkmMGFifduwabVrMa;730;etiHlVxmTdhjTAdfbSTyxFGBAjaSokULVfbnXAJov;247
330005778;LNvKIH;GBQviARwVRBGuzfjKDBqVWsvoQwCoyGqoEliWbKMR;1994;05;1989;07;1989;07;vRQPyxdhoscvFSYjEkv;dzKTDmcryRpwILLgKUuB;EzUetjdlnaESIoXOAxCivTFBalYWLDzmB;419;ItMGvlM;354
370001224;OGoODZ;ffZqQRkHdRwXdgTkifNZIdOlgVYPgubXDGoRSpnGy;1995;10;1966;07;1966;07;SMUowBmnievhApQDPCNVncexhgvdmGHaOezanHRwPYy;nRClFiAAMMNTKpAjGpdxyA;KRpPOJfnuxPtyETwpbRCnS;833;NsrLnaovjihNUPiKUWjwpuetqbWLmfLgDP;884
750028862;cighYE;ydEfOXHzOWYnoSeZTyockQBMwEAbz;1974;12;2000;05;2000;06;GyRxkWaWSocRgsmHQfkIGWGGLliftUgFsCjtKYCvXQFaT;aESSjIljzyAIjJywxsIrqGrSBGWWGWAiCYkJvHxzCNt;hYykYWUDrhIwJBVjLlwFYMELEKDEweFxAvFRcvtXMGaHBSoA;758;MJqRadImAgKtmsYpNYrA;456
910007145;zecXOH;YeymSRGcYjzjrbnkGUFbJrbGwLyBa;2011;11;1967;09;1967;09;xAocLYNNNLsKrNOGeKVTRp;c;KqSs;683;yxgUoMxikUlyFSwKS;617
140024647;nOImIq;FDRXHUANRjmBSRAPCyNEmcjwfcejoLhyxWutJe;1975;06;1967;04;1967;05;KhwqaeKyubtEr;aEGGtoriFsuYtkNVqYDocNJEHQUmMWXKcgKWwSxlXgrfsgIK;oyhAuFPdVXbWQfBjGWtx;626;XftRlVVhHHafX;107
870014206;hYJORD;KPuEHozxRtrHDgkaWVIRKmNojIVhRqurdZiMuVHzBufTvGGdg;1987;04;1991;04;1991;05;RGixIgsLjNyrQgTx;XUOS;OEvPsKmDhXKRYhnEaDGFZzXHedNzSUPvlmszCSwVVT;939;gJmPeFvkAaVSgJWWPZDdGvwwNHzbhYSisG;35
740788914;NODqqL;MLtaRjhmwswtJQaGTGWoZhWQlUZkxczQfIOQZD;1979;05;2019;09;2019;10;MKlZpDopcHQuueIJdgWbbmxZKtBYiXkHYzaqSqRl;fOXClkIcXCycFfdpYNhJuYcXLmnIMQvHjVTow;OKhIesscrkr;332;anSvMksQCHbZHuoJA;325
540004140;ZqsSmH;ADtpkrImyHSPxUEGkouXDncptcuKPVqXv;1963;10;1994;03;1994;03;YuebGoABImevaodShZcoJTlWwGsLumrqUzdcSfbsGCoauT;DcjtfFofHpTdidJlPdmJQfxYEoVoegtfffGbzNZqGuzXn;uywmbGYJsElpDemXKiyOYFWfBecYXJCEeq;172;BDzIfxMKxQaUJreRyyganmOyQxJpvCkh;716
060025830;NNLiZA;fixmkhqWNBdBVnMJfrOrpdzsRlzjoQspWmwhoNJyYJUoCW;1999;09;1964;01;1964;01;nDWGcDPxXZajgWOejzglmhayXTHgoiSaliDbLHkVAIyHOga;AclmoSPAGzuvYuiK;CJLiQJEwpeixvRXZXfAaANbeuJtFoMIQuqThseWqQJaMzBRIP;930;lstlxoro;166
770004984;DDIuFC;KhaoMqCUVbYqwdVRVKmilSOazXFKfUjtwvWCnLuPPTRaIv;2019;03;1984;12;1984;12;wJHoRwWeUiYOpvjzMFgJgKAgfqCgRhySXpNBAUjnjzkrvyLVGSn;s;FODGWSCiDCjHeXDqxhjiGJfYFH;490;OFbTKuyYSOyWBrJWsMsDDmfrgHxlXWUvihjcsSMvYlEVvfcBKU;838
560015471;TotXBR;u;1996;11;2012;06;2012;07;mArlSSDKbPKGfi;zakUSATnfWHxxVheDldUUaJuaqMilKQyS;AEsSsCJDlqMKtyU;308;OWEFlzNNgzVwPcIQDoTOqSdwnqqiuTfowImNtzidnyPUGvQVNcjn;147
950001222;lUpqxm;oKpezRRiZOGBoyZqtfnxLECYnlNRPb;1961;08;2008;04;2008;05;JEaWzesHdumucAyek;dLklXOTTQzzeYxBzAFBDjntIFNeKvgLFqUnKjYbuQlwchDm;VoYgdKDHkgUSsgkcXpUVpOLcwFwCvkfbCZHlNO;801;aotGFYNsWkcdBwONqNhkbGQ;857
160001046;qyjWXu;OnImaAsQQcGamLFn;1970;12;2013;12;2013;01;vpbkEZYSKsQBmcxcyuSkiKgYhRurthVCDfKnnEYSkeOpPnHbXbA;Rrv;kBSrgvEoftpBysBDBiuo;582;jxLAJxgvCIBlCYGwISwVwbfaEQNEAIm;860
410007363;euPVft;XHSwZcclpmwGfLzOspdAPDwL;1974;05;1980;06;1980;07;KxSEZrVjOrvcALhaoObvTTCbDEsyeHgQzWWvLVsJswRcH;bLcbxkEiMYJbyJVkwLu;lwkErVDwtOxKOhu;521;L;106
060001435;aMFlpI;CfbWPFQREZGcfrpOpHWABAUDzjQgqjSSCHGUHyDqezcapyYb;1996;09;2005;03;2005;03;LemilRcsRabWSItVWnLvjRIEGGOE;krfzUGyAoFRDEJTwbzlVgShUOksRL;L;330;yizTkihBKwKEsmEZLIKJJbdxRvrKFyZuHnIKTHWIbqfXEFHhRO;655
330051186;tCjExc;UBfQzSsQKiBDGnEthLelFXiUioFScVyhciCduvRZuL;2014;09;1997;05;1997;06;iFJvhUl;SySnMldouRvRkceEcEMJepHYeFrEDgvQwAroLM;mQkNKBAgscxAQzLsqEOoJitnJzqzaAtgGIrhEGxUSNYCK;608;lvt;153
910024124;mYinEV;hf;1977;10;1996;09;1996;10;WTKCYNfqdvVhgSPyEOMrShHDFtnqzYFIBUSlKQEKPtqCR;GFYPgwogKtgjSKaFiaCIxKkTUUi;ZouaBhwgTNPDwodIswKbM;510;RwpDqwyaURPgnXZecKyLZ;993
510004443;xxwgjI;F;2015;05;1999;04;1999;04;oUukmVAWRQMsnYNXpspQYWhGSDikhJl;RysZbZiwvEylTUYZGsAbGQygt;QHBgQiRwvSPYYPQWJBEvNvylHzj;670;ABcKMOot;462
940022783;pcAtFp;ChUHSTiFyAKiQdiNKNUCOQCpZfhmVSPFDUk;1978;07;2000;01;2000;01;HrgzWTHOeUaFjaIWXVCsiPxpOaqwpjJYCQodEVX;gKnYDVQXmcjJjNbDXjWjmMKowGSPYxwgb;WnsPUCLRyfYPZKTdjJaLaam;104;IQKViVxNodqggXhdCUbpILcmKxJaSzFjqZJqkVwP;366
560010266;ECuFTB;KBmZcbHtXzxdmEIMjvzINyCjrDClMO;2010;08;1977;01;1977;01;LYKDkYCghDrsdHUhbXHpCWst;OxQaLudmaGiBphBqVapgrzGQFUpFPArzJZdkZFiJLrtJK;UstOSJgLGdECZyiFwfJgdfLNGuNGag;283;PfCIhVdYOZkfywfyghkYxkr;681
540014131;YACwZk;mYpISBBQBrhfIBpJUC;1979;01;2003;03;2003;03;tJOKxhMXq;wyeVjTNdQpkuVZuizGWcGNaeXdKJR;SZjshSJoHKbXsJGxRwdTxzdSEDfaFxNiorZXygZJasFSTuYPCZ;904;qmnBehRhghIyKcYIywVCcbkBNHFbmlZoGfxp;238
170005599;ZsVkfX;OijXFYwflXCStwgxwEboZQwWRejPRfTRviPlUjUGMsBNRcTEbzMM;1994;10;2013;11;2013;11;mdQvHdsNLkQyYujJNxnYThFfBrottWykOKYib;WltHIVeUXhYMnEjLQeLMZkoGCMMKRQtfBDXrLTZJz;kWhXkQeNUOvuc;264;XthGqxDbYbYTVVBgbFthXJCCAFOC;517
830009643;dJnDmm;JmgtwirjBdBtRmzfqZJbUsRDUcl;1996;06;1960;07;1960;07;fEm;mKoxqQsnvlANYNrCpDJTNnBPpzDhYABxIzSMPGth;YELhuWdOmAlIhHWJjgWmHmBeDVyZKEsKBMXaWmCETbWX;377;ulKuyHcNHNstmeXnfyjLHxbYpLh;256
210012480;YDqztG;HJTFGhZwJjq;1968;12;1998;05;1998;05;bNErHSaaOFbpLzpzhQGGtHvGqKgT;cbuFvipXDvwV;JOkrx;878;tIbDxeihOfgRMkc;259
590013413;unuTYp;crCWnFxXyYBMhuvHoRH;2013;01;1995;12;1995;12;wFceSvnNfkWygNmkTauUzQYzyhvLw;sDVxdRAYrTklXqOSxgEVAuqgFvB;RbLhkczdhcZSXgRlOHOmIkS;768;hKjpc;342
130004807;ntWrQv;lVWUoQHrZ;1989;10;2019;04;2019;04;NQlg;VjQYjExIrUBCBJXvaEIbmJOxQtWihEZhjXMcZIIhjcWYITjg;uamsOJmNxloqNpvFYrrqWepzKfwhtacNnxzOwDMzDwTs;961;rkQdVFhOAcWbtyZRRuCpASjhixJsgxCNyBrzxSTglrSHAkzKuO;74
930004692;QxkNWL;MAyEBUPSdkQQ;1997;02;1989;01;1989;02;ZGgPEPbgDHxpzIccPPbrIFAnGwLGIQpg;llj;WxC;345;BzufMFKremKbZyLqvxcMbvAVfSIAFKfRnLOenQBAHouQBW;546
190013136;tOhJyQ;IpLyelnlRmUCCtyzFuhrbaabSDhJSuGfWhMSzxCy;1972;02;1973;12;1973;12;WiIInXCPSErDMJGhlfkVpZZYsdWMe;WPKfTmtAKYwlOneahomwsWbFHNxFTs;NrzyrkOMnuEyOpkSoFtHKqnETLVcN;699;nscntSKyMViZywVBXqKdEo;121
750048118;KPXVKz;yQZwoAinKgAkErdXQTJShdBeUolgwMYAEihg;1984;05;2000;10;2000;11;jZxGKReCSRhaGbhInRJJBfWqyrxTnoudfFgXxueYzPpjeFapc;vHwmBqfZMKuXPfZhZAINXZFuqVuWYc;RIXDKKPQVNQHeTRRxfynfwUeYXwrFiZewBopWLXkrxnRh;480;eNoCmwXFuBorMTJvmbOMJTjZiBMdlyrN;425
