ETA_NUM;SOC_RAI;REG_ETA;ANN_TRT;STA_ETA;VAL_ETA;ETB_EXE_FIN
440052249;SISA DE LA MAISON MEDICALE LAËNNEC;KcVBalOLcgIcbNeYerYsZYjHqqPrKQIjlNzGaMHL;DjVyOAK;ZXP;wxwEdsNqqsKQjJsDJsSevTzPTkSUFAoKCrBSgzPVeCqVSEQMLO;gCBhFYsp
840015101;SELARL PHARMACIE L'ETOILE D'ALBION;caUoXKqjCEcVfwYYDQVFuvYJQOvFqFftRoLKGFqv;StOOtIW;JBT;FVvvpacavEoJciqHtOSilGewGoyaMJakqgDrntlXEDhmAguJpT;slrpVOLO
590025615;PHARMACIE DELOBELLE;rezyXrWtUggdtgDQNHrbVPyGfYCWJcMhednDgXVj;QWqZFyU;UgO;moARoNWzkOGBZNzJlSpVsSGBPkqklojeQxJyUEeUOVEBiVzLVc;EcCsJnby
710011966;CCAS PIERRE DE BRESSE;HhdvqZkSYsKIiVGfYwytcIiOEoNyeLYWtvXmJAtT;wyFNFzL;gHu;IgcyuwDFTuSoKibzoxXNQnvcYBZlqlBmrTbhzNvRsQFKpuszHY;XKhuOJsm
920006657;SELAS RS BIO;FexWSJWtWDjiuRvtvwxvZIyKhBSyXxrVtYxBwEnk;McBqCED;hUE;RGAgLYwUjSxzEsaQhhWdYyCvSmnPgxMuuoPMQuCzsxOrwGjdpv;cKBnnEWH
790000897;ASSOCIATION LA COLLINE;OvCwCUIeSUeOkSEqxWPggbcboYTbPnfPBAAapNWS;CsgMdsn;kSd;HwKSSRfOcsgSiaoidXVBHuMGiGGwnebYDvFGMnILjWloTRSSpv;lfNDCfCx
690004668;SARL AUTODRA;qFqrrbgVfJyYkWNFmQxnOHEjcbMmlyWEjIMGKlmM;zdIQPlE;HGV;ItDfeZEtrshsftCkKBRTDkOTQDnTayXXUwugJtSinwvLhBWjnI;juiQnhJr
620019216;CCAS DE SAINT-MARTIN-LES-BOULOGNE;tOrTvEzLDsVsbAoHkekgHvnIQozgAsIxljailTYM;VkMraLC;bxs;suwbEDSYnrldissoCZbhhYTznthHcwxFMtUnlSnDZqNiizPExx;bGZZkela
970403978;EURL CTRE HEMODIALYSE MG DURIEUX;nGkxeIlEaLdFtqIlrZWtEGldKxwtaDtapInxwgvC;NpIiiqt;dTo;ZGUoOwUtYtHudSJtGaVVEAHYZeUcoIcsJKMiVKfKYEIHieUUDS;gSXdIBPc
750063794;ASSOCIATION EMDHS;hTOixBRVZGKssAKEqQuRvGABqFYvLzOguHlkACer;OcEUeHF;TUY;zcMvkXlcRUoZqlTCstuPyxunPOEPxDXDbLjAJmHlZFxlKRUiLR;AhmdFyKY
690031570;VILLE DE COMMUNAY;iphglPPtZGDwvurEBRRZMhQGZzeuvjOwWUmRKZsC;RGHHSZA;rUR;WFoTljlbpvQmTYeCbLFinMfvcVzcIXrFkNJnQNSuaFuCCyVHDS;yTonZiAB
310031117;LOOSAINFJN;uldFYxUTNROglDZWpzKnmCoUHwdZuNMCRZfNVFZy;vJvqICH;TXh;HgtQJdvGFaRxGRgXGYCnpvwKmGZNHCDWYKQrwZErkIrMhqYMHm;kNJxIBYS
340791516;MAIRIE DE GIGNAC;RRhUAyrjnoOgmZiMugXiBPtuzAnZkokfyxMwSCUa;dxJlfuU;XlO;nvBTJVsqCiQvQwYUhJoJJgMnlvwuDmABuZYJXCxIeAqIacVJyR;zTcgUxcv
410000939;TRISOMIE 21 LOIR-ET-CHER;ohkTDqQLKhMEbRupcbSaHsdqoKHtHqpNucbhrJvs;TRscRhR;feN;WHUnktPgMnKErvqsnKXwJcAgqgWIfoqdzwHuEsAkvtQfsEqWrR;ffELerID
870016250;SAVOIR FAIRE ET FAIRE SAVOIR;izvlvZNkbQqPPUsktKTmshUVzoftmhXRSsMpgHWB;KXYItaj;ExM;ywaQwtjjoFYdOTgUwqcVDuTUoSrFrduwJmXGVDjztXHGiCahpw;AWWKbxOO
120000898;CFPA;XTAciuBhyGsuoYlbgRFAZvNfzgmXGctVjpomtxBF;JubRZCk;Can;HqjOLEYMkvcgUClJTuqUxgmXjzDDTenEeuGTizPXRSartEGwyi;OdpxOQRL
780004883;MME BENSAID CATHERINE;dBUyOlzAEZgbNmUFNrbRWrpelkbsBElDVRCKaExY;inIpeTG;yHI;zmjHIHeGnutIWpruPamlAOsMiXhKudhpSTLMHAuGZZJWjBBKgc;KMXiCmeY
920807773;CENTRE COMMUNAL D'ACTION SOCIALE;leKYVRvlLymGtoWuqjBOXRFAeWUkPnKDbfulVrSD;tyzrfFU;Cod;MqUjNAydhgaNeShqZqUKSropVAYDXxthvdgmzAndSDeeSrGadR;ZiKtMQRR
620005017;PHARMACIE HAVET;TYSQWJwPxMOrrexlUSSsOXXHqTxDxTqkNBPxOTXM;spFsbwi;UhE;ptVcjGwavMeSGemCHTKYDQENZLZFVOBfPDeCIvRIAoDypGsrho;vQpJZiOi
920034253;ASSO CTRE DENTAIRE COLOMBES STALINGRAD;SSgWksNVVfpnsdHHjftuMMcCeemursGOetjVxxmH;kTbxwTg;ulf;EaDrZiCHtqeyLiyFqIkjglJRZshOsexlcTrIUBVIGfwAMMfmNO;hkeKmznL
950007849;GRETA VAL D'OISE SITE DE GOUSSAINVILLE;WkJjoKNjNqUmVGYqmdUBFubMOznHRdwQPAhnUznX;jldKBRK;ThC;NGpmKmRZttBTsDBPgyJNccrbZMwQUyQTNtGtHWDUgKanKEdIXc;BPZMXiSA
020008264;C.C.A.S.DE NEUILLY ST FRONT;HFJdJMNRPPkZPzZefQnKoSqysgQPvPqpwnJutbxo;YlnYBBw;ztd;uJFPNxLEAdHzHTxjUJdnAIGMzHqLusYaYysKFEsnPjmdrceCsB;QlCkBBTm
130040256;SELARL LBM BIOSUD;qBtBRTwuhKyXHkRthUQAWtChEureQPLoLUKZKGRS;KzrhsCr;PJV;pqtfCKUttOPFyulZroTqJApaBxYtLAaccRejsSOzcxyHqwuEbe;spudqbsf
310019013;"ASSOCIATION ""A L'OUSTAL""";TxtlJxOSrjSltgJKuPdcrBaoAlIpifnnyAWViRXH;yrmqPaC;xFY;HBayceXPrTcltbeHbxePwjipJcfcGZFQQcqsxkPNufPKQssJEX;zzSwhrBg
690803150;VILLE DE CHAPONOST;vnNYQhQipzpyUIdasXIimlKUdCwJVjCkjAqnjPqR;IduhMAQ;Lje;PQQyIvvTNUfuVPQnQvDlcgpphuqcmLszDTDTIfJRrOPtCVwJYx;IyGfiLpl
270021751;PHARMACIE GRENET;IJlzuNPLQyYuZTwzCyIjUqnlRIwnEkliuyDanbKN;UmwetCo;Hkx;HBZfmMBPcyxTqsJqZurvkMMGtmiMWZeqoYiLZCMLwxUKBWKBHs;sKOmIGqu
710010745;SNC PHARMACIE VOTTERO WATELET;XlfBtiJBVILvzeahkNrJpETSvUIsyPrdZbDesXMc;nDoNjss;xpE;HEwLdnVEHvRASAPfhyuIZUWnhpNeJrMzcPzwwQPwJSHDMNyWJh;pjVydqWn
760004119;ASS PREVENTION REGION ELBEUVIENNE;ynaoJcbYEUWJIzqBrYMmUpZjtSulNUWgJjUJeGmE;IKSqwVO;TjB;IDLWcPBXLnsHiKaCBwKYjaRMRizmhWoxIeOPVIvvtAUxVIpsfH;CREFvtME
770700185;CENTRE HOSPITALIER DE MEAUX;bmOfmLfdjCTmTVZgeTibCiZOUstKSSSqGZNXxPrH;iwQgSdy;YxS;FClSWFwUaEFkPgzPIIYyCMXsDtKBvAUqYGpWICcKzvyJczeZDo;ZuXfjPFT
910008143;PHARMACIE AIT AMIR-MOULINE;JpTpLuTRGrNHoBAhZEPCwvkcstKvIUNTCCGGXqlG;AOXksXl;jNn;iKzIAPjOzWcXVcgucPQeOEYmXtrOfFqnOaRPpexFxMwYIdEVFG;gCrGegEW
770016368;PHARMACIE YEN - DUPUY;uoQNUcRYrmuYfvBhcrjPlwGCdfSLyEgUWRAHaenh;mIGVJGv;mic;vNjGjPBygyeCAxnrzMRVgLkBNHDTQeUrlLeXIeRetatzfPKyYl;PowmRWWz
440029312;AMBULANCE A.S.F. 44;GRxHKSjQXvdFrKOKiVtiLtlLVdoRQbGTMGlINPcN;ZmBHiNZ;Awo;uFkamTfjOvHObmOFLJmOcAkpDCvVlzeAzKzaKJrkFdijLOtxYa;zTVzTGqv
490544053;ASSOCIATION FAMILIALE;FBmZzMmFTqjSnlQTogFunSUZcVyFefiIVZQEKrht;jzDhIwx;mEm;qxIZwbcVpSpGcYpmFOkyBGpTRFWAuIArHGbDHgrEGlOxoyXlIu;zYLASOKX
950016410;UNION DEPT DES ASSOCIATIONS FAMILIALES;pmkJyjIftzBdSHWsJXzRhiIxmXWrdMGcTdlcDHwo;AkfvCFM;GHc;VwpkYZONnmYayXOqZvSXgkxhvwWceGhlmBruKvkSRGFUwsEuWf;oszNuhvI
210012514;SOCIETE CIVILE DE MOYENS TEP DIJON;YHMGipogLVwOYxDwZXgdrqrzvmmYkzilobIYoZqV;sGdkfUT;oXb;uJlTuSzaqAxYtTUTKTOjyyYdIMvZyUDhqHdYDwYkgLljexvYzn;GrhIfXYn
470013491;ASS SOINS A DOMICILE DISTRICT D'AGEN;LodWNUgCuGHTJymOrvZReTBuCyZMUGfHJlOZQdQS;joDgtfP;ErQ;JysWIFelqWIUxroyRdIXxWhVWyaLJgZHbDWmSxgTdxQrRGVohT;qAflGFIN
110005634;SELAS CERBALLIANCE LANGUEDOC;PTysbegwhDUNuiyOTCoafvXJBwkkXgmTuJMYtbiO;KNGRXXu;jdL;avemBeSBdcAIhnknkJphxCUOlpoczfYxkEmElNtuvuTovNrqxo;FlvIyyET
950009860;PHARMACIE BACHELET;JMLAGYVpWeDUTSnfekXGtZCmqAaUNANcqIizzvnc;gOOasCM;vGX;lSayExclYstjgmLTdvGbDfVKeZUzUFdfPoRCGbvPNEiQaBAxgd;HPQAKUlK
570016220;PHARMACIE BOCCI - LEROUX;LcKlgkcWbBHTwvMtZcUVnVUEJkWMpgllIqXWYJoK;hQUStsJ;PKm;QyHexmeICgXrHjEbjDjApVcYpkybkbxRjmzDuxeFnqHACSdbBk;hqfdxpYg
440034189;"S.A ""LA CISERAIE""";SGhpzuILNsRtMYtJVedccKrwrXAisgQzuskggcGZ;lSWOLpX;KSj;IigHwVmTCudGRTVOrclNaAzSixgSIKLjlOdWtCPcrUwbHvrVwQ;rriAyXtQ
130024730;SELARL PHARMACIE DU VALCROS;RVNRawyDeiSiPYjCucysDwDTUHijHOqrzLBpSazP;wAvvMkW;Wem;OfGxtGslBRGXcOaVCljmEbPasFikwgnZrvrmntYvuQjXQmxkgL;YXSYpZlc
280503913;CENTRE COMMUNAL ACTION SOCIALE;vipvbQZJUdAvTACIqhXeThTMnhCWUNWxvriUPElc;CilTVlf;TGc;eRgWftWUHyQDcukjrmzqMdwarKZSFHoxoHUdBwSnzkxRvgmKaD;WqIzJvnI
910012368;COMMUNE DE RIS-ORANGIS;LYJidsCMRKmEjPUgQwWIwfeozYyuSJGYfvKkUFGz;wrEoWUy;LgB;vzKgyqmUrcCCzIWdspiiXfeDCsujWeLpARlyDlPkPXvXWsssFB;nQERexBh
370006983;PHARMACIE AUGER-BARRE;BUFQOPKXZqODgHIaNsayBuGQEnvnARFfrysuRebw;xekKNHW;nss;LXxjBHRmJHpsUHctXmZekAoZDbnQktbMqWXsdYnXyCOiGuCFQI;pMAQLDku
540025194;FREE DOM NANCY;cFvcJaXTtVEiKKxOIlXXULLKHJSZamayykQGMacx;VjfowcT;KBl;YdMmpgIpKoKNWNFaUaqMKxQFwmevjmCOHAJhgFPJaVdfaGgmmn;PrZRlOSf
630013183;SOLIDARITE COORDINATION GERONTOLOGIQUE;XKiTTQGFLOfkJmWAnjQApndZdaAErzWhuCfzPVtf;EVDqCpK;qLa;DYSmEosmVRxUXvJDLwRWWCjtHICCwlMCfjAlcYVhTppzVBWEss;thIXlJSH
420002065;"S.A.R.L ""LE GRILLON""";iDkvuUYfJkitmxywAixUTwufBlXWLMTYiOhAZyun;zdGRolw;TqT;RAjWaONhzhjCwnsiWLkMGAKbVXiWRJvhjoxQfQRTGCQBLcrwne;coxIEIsV
180003022;PHARMACIE ALIBERT;fqJYGHHDCVibIcSeZrIGxkYKpeRjbNECuXaCoiPe;NbLratk;iWB;nvAwrVVMtowvboVeznHYdOmCqeOksdldGsncBjBmyBYMJVvvuH;tGNPsocJ
460003494;PHARMACIE INGLESE-POLLINA;RTgMgNgdLPrytVmBNxigPrZXIVlicJGSbbWJiCGM;rvNLJDg;nIP;SoydQWnvDlhinLgzhnAEzRxjtwxuJCjKXLmwAuMDVjVlbXgWfK;numCEFOA
010786606;CENTRE MEDICO-SCOLAIRE;XEZqpXwHBWZasdExssZMfkXZysAtCkHUurniALTg;ELiEeSq;aUw;FgNWBzEhDSYcAliECLetLwBkBdWxWXJgZkXEIaIPrrGSAwjVsF;mkzGPaPi
670000611;ASS CTRE SOINS INF STRASBOURG...;vTcOMMTppleJJRHWvMDoFvNxlpXmreeIUgNYBCWm;rWYvfZJ;bLP;xWtqdSUVVcNPjMZOmsXjKxiKZoZWTTCXVVJaSgOfepksFIHxzU;gmjxZaIG
740007273;PHARMACIE MAKHLOUFI-BONVALLET;SBOPGenwaStVEAhxlITyrIlhiGuGXzRQGJIAVelR;WcXwWCD;UnH;HBkqbMxPVmNPiIkWFEsDphCpBOaQwlileCMhdQQexrRxZUgLSg;oSIbvjRd
370008385;PHARMACIE DUBOIS;wLKIlqqPLMQGrGbYbitGCRTcDyQIxvnLoOUCOlUb;ppEpRBO;ibG;VtqDHYwHdbSwlUcUwFtAHYhgEeBjnuqBXqwodeoeGxYtaSujIg;rDFhRLIO
940007180;PHARMACIE GODKINE-MASSON;GAjVLObUBBUFkDKNsnMsguJrMgNBMnUWARzbcqbU;tdRUJRY;TOH;AIEDhlpfWRxZyxDQjwuCMcRPfgJnxEsxsHLmxoRQuyjLfOBuQz;AXAqJcjl
910021757;ASS SANTEQUIP;wpfIBEzBfdXpLGsUJclEForplIPZtXTAFEKtQiXA;bgmVpnq;Fco;UVTPcEncTAvFbaQarTkLQMwxoNTQQwwKPCLxzPVwWsFUmhjpFG;xwbJxugt
750833675;LE REPAIRE DES LUTINS;XuKgQWAotijgTiBsfAEPAwBjbFxfpCnnKNzvBbkh;rfIaQSq;jcL;iTyfUVIkVKCAOvefHGsbCJGaumKwchALHKkNygpTQTSpvmVpsK;XFEiKgNM
560016321;PHARMACIE WAGNER-LE BELLER;kMDdDnRBhXTugwglFGfREvPoFsXmALNpJMwpGcxt;vpTyYVD;TmU;XsVJGFWWiaDSCnVphVKbXiTevppanPYIPlsbalDuKnDIqhdBEu;ldvgcSlW
750029969;BABY'S COOL SAINT GEORGES;bfQpyjPnzZbPEbOijQDOPZmFdHvgaqFaZfOSVfAw;dHxVMMC;Zpt;rahQEsrgZQmNhZcWvDisDqkPLBhioTUjLxWKTijAZzcWHrOYnz;jCxOgzFu
750019101;PHARMACIE BEDEL;MQeRLNMOPXJdgaeyUkyqPTlJkfhKzFYKbCgtsKQA;phihZwn;UZZ;MhSDXmNkMswpHaHyRLSnzeoFsMLkdCwXhCMQGhFbpWshNdhoKl;anbnCuHU
270001795;CONGREGATION SOEURS DE LA PROVIDENCE;AAmlGQPVxoNmawEuAndiXWomMjTLWxZZldiaZugb;NENGHJs;lkR;VHiZQhvdeFTEaVhXAkDoGbsYqIwHwOfSvaWnkqUaoiwCKCoBge;TVwbWqpY
350014759;C.C.A.S.;DBLQrGELxVUacRcxTBzPemqQdhOOqnPkuGlnnrlM;GdLOqrr;tEI;HVToGgVHitjKHXmzgNyRBtSFVyUiQVGsjnpZvJqXNUpYVYVOXl;nzxokjZD
750803694;ASSOCIATION FONCIERE DU CHAMPS DE MARS;rsNoJrxHOsajUBShrgkIJjqgBwwYCVIgkkPKyPNk;HaHypUX;UtL;pCLMfzfYjBAHUxNgJcKHfsVzAdQvmkPOozagDkRJYFhcLpOLJp;mCoSoApQ
130022361;SELARL PHARMACIE DE LA NATIONALE;lJvGajmyykCuHZmBPYwQFWomOFGkbbWYXUcQvleu;tQKJQHl;ymm;LxPdJJYyizcWXOpWxowJgeHYGhGSLcpyDwgTERxSzBzjqQfRTe;LddREBuu
860001916;ASSOCIATION LA RIBAMBELLE;GbQqCkDsgrRXOmFZxuQnCRhzJRGEmNWMUnnwYZwH;UOfSAyz;RLX;OPfTDvLbrKUBaoJRrsZhHhEYRAHfEJSTVTfyibNogbRVcUIRlG;FxzMckvu
310795950;ACCUEIL FAMILIAL PERSONNE AGEE;XekHVwpZhTIqdiVDYHCBkKSHtxdKfDPXRyWLYuVD;YlVLmov;OCw;XqtmSwWgIFwAzrrhvfvaOcMixzJXSfuqxeTPfPrOnGGCwsWTQh;NLQUbTpJ
220009658;C.C.A.S. PLOURHAN;zzhlrftDQiktYCEjoJbPRfFqxvnGTCVoSkalBFzq;OGhAZzo;UZB;orhtaVmRgMKIemmAXWPrksXlwaIhNHDbTntjodnGdZZZDjAThf;kbkfzUCA
020001137;LABORATOIRE TIXIER;XhwVwtoWinglQMNMvwzJRuwUYImpxxbVRSegGqeg;VpYamzK;CUe;NFGosepyjfQssaXomPVqxTYcuIIHUegioNirmvYXQgcEqDZHwJ;FFYATGgE
740007109;APE GARDERIE ECOLE MATERNELLE LACHAT;QGNFamVwvpQDseRDaewGaStrBXYEHcgDBYgQKvdv;MSAZbjH;OZL;oPONXnvdGPrNzzvWfTYbxpORUbyeDKIXMltYSVOWltGnIFbORq;JwjHPpyb
620002568;LABORATOIRE TYBERGHEIN JEAN-MARIE;MgwDteDqmlgJtXZKBsARhJefipInywMrMVBZIFOn;AoYMrVq;cFn;fTkQhByjUjHohwHNjLnwjVvnnzMSbVVXrJVGyqSikGkjhEJChj;iUGJOdQd
120003421;PHARMACIE SCHULLER;HyJORHJptdbjHlxyDREvlOkYkEGirWMarcMRtgeG;VDidszm;dDi;vqDxIMmlsMYSgOtgqnbfelEdRSuqtTfozVREFEZqyfgbcrvBye;Hzqgpyhd
640016374;L'EPICERIE SOCIALE D'ANGLET;OgwsqCChWVNDcBLsLkDGatqaPfQgbOsgITVfuDth;fgPZNby;yuI;uSYWQWwgequEPemzQLyDvLwsoTzwJMURKPlGGsXkSgoKWYBGFX;vcTRdjpL
300007234;PHARMACIE MEIGNAN;DCcqZrtVoimvxcGMhlmVjmRsKtTKjsqOGTHoUPUb;sXvqeWJ;sAV;upiSKCWUAqCziuvbsKwiWhUHLSdBGXPzuRPViDlugPnRsJgtia;LiqNKsWL
590035630;ASSO GESTION CTRE SOC ARBRISSEAU;KArAjghCgISXWxkYMYYpRmMARfPYFymbvtkBmYcy;pJcUpLC;OTQ;dHlMLSnlAIuuurvPiAekqNfTjCqeQgdkjCzoDwsQOszEWhzPVD;EhAEUpzd
720012400;SARL A.L.C.L.;kIdfFJkmfDdmUcQCPoYCHqHnrAaHwsBAEhmYbhJy;SuvzkmQ;ZGo;yjIlweLZfAVYatNRyxQHmFXbBjGDgtwRGPsxayGaRhkVWHRkJu;DOpUyzbf
300006202;PHARMACIE VIDAL MICHAUD - SAVARE;eJbyGtgqCLtKHKxgcXIkwEhIYSyAyWnjWHfsjlQo;xIcqmiK;Rvt;wcdsseAolinIWQCAsTFlYsDwTPzzEYSPPxFrFiJqUMtEXkACqy;DcfrtfHz
690800206;D.I.R.P.J.J. CENTRE-EST;AHyKRpjGdTbYlYzauJSlkbUcVdfbtamuEIsCdueh;mInzmJl;woo;XNsWrKCWTZdNwAYLrNwjWyrfpwXqNmpcqTcMZCwKYVHyQUYYib;NHxLNTQe
590020194;SELARL PHARMACIE DE LA GARE;aPnpKIVjOPuclwTQQCiQUxWNzqFTUpYjkFMpSxwc;RCgKtyP;boJ;zQxWKmLEPgVQjtTcSDRQFFqKtTDNSBwrilbuIIlduMheeRUtsp;sYPSekoF
530004381;A.D.M.R. DE PEUTON;AkdNXUpUkikStpakFEQHSjXSbvjDEtYGOPxRlSgL;nLxROwg;lle;AFjALwdXQfulSpbUUIsYSqwhFroGIPUkgvBBODcDAOHCsYouPb;mCcQfyPH
750036196;SELARL SAINT-GEORGES;lqthgktDVwKhpeiymSmnzYOVZESfVFCDbiTgQlpo;CMNfgcp;vUm;vJutjBfVOxKvviHQSaDHFlOgbZKkeDOfSrKdzgNCjhRVydlfKH;MbWlOxTv
950001461;"ASSOCIATION ""LES DOUX LUTINS""";OkwhmpSfpnCpxlMYPOJkbIVQFOKEtMxvMTmcIOYX;GYjBFoJ;gwT;ZxCxbupEIaTiTJUSCrUpRzBlJNhbzRQAZSvjaKzZGExUbXJnKf;rdkLsDzC
620007716;PHARMACIE BOURGAIN;yeKiacgBbytVKMPBWsgBEeBWeuxIUsjSSymTAplt;fnMhlKI;dqZ;zywyhhpFgmrJdSrqPnZufpYXUQAVoiaaBpYnVErTMtNikxFyvs;iRNwxAPD
110000395;SAS RESIDENCE L'OUSTAL;WDgsMzPGHyYqGLVnfzYixJTkaXajjrraOxHKjkqM;DRTpEgJ;Wpl;dnjumKIKRxHuhgGMpZXHfGneRnkemHOKdUxfLipglvnGVfWxao;smpwNukL
780026415;ASSOCIATION FAMILIA;jOHubrJKmFLHHdABjVkJqJQfszZmHHjtGDUaUwOl;JqczxDr;CpU;jwFAWGWuNQyLZWOILewtsvtmAAUvYydpSUKiYSgigHXCNzYLrU;TEBSdsmc
390000883;ASSOCIATION LOCALE ADMR D'ARINTHOD;NwVXIuXnsCfamYOYwfFswhvsRxNxvUMGIPoOelkW;baGySkI;QLI;sHuoMUwPZUmwqmaSlqawlYiWqlBKiIzBMNZLPLTvdKzLVFoBbU;PazedmJW
440036127;MAIRIE;usNprWIsWyvJxOOYfhbNbXzOodIHltLMGdkMQohZ;pmqvToS;wfu;pStVYuWhkPvyilGuOWgSqqNjfkoLWuOuIJDYgQlxNtxeBEDkeG;QxIhyCiD
350044418;VIVRE AUTREMENT;NhOnteIjWSmFlsufCFjzbcrhMtyjJYrNyOquOeWm;fLRdTkH;xqJ;ykpXVZyrjhZsjVwmLzQAmvMdeQWBXMTCRfYBASBJZhXMMsENcL;TpprSpQq
520001512;PHARMACIE MERCIER - REMONGIN;cfQzrbkRLBCryPPxuhSlNgkRObOqyORhXDpYMQyq;GMeFLHY;HzL;rbdcAPhSkRDZkSPZCnEyPfQhIigUdwmWcHvHIdZLBugamtbehl;tiDlVzmH
590025730;PHARMACIE DELSART;JWnFpAlKGVLCoiIKmjrAJqpRmiecBpMjcgfHWQeD;NCfgOej;IXF;pAGEpWHQaOKmatRXKqiKMLTMxjWdALzgezwOiPKDaMZlzhwNHk;mZozdMiN
830000543;MONT MER;VWazMGxbyVAHPDXiUubaUOWeQLsCDBnIKISDIEMT;MfDlqmL;Bxa;exABRHDoWLNPMfAjiSCzZNNyqabNIEzQeSUtztcPnsfCcATqLs;bsYPLcuW
040005340;ADMR AVENIR FAMILLES 04;kJbkHgozGyuTTJUccGeTykQzPVmjXuzPoccBkXPc;ZAbefXy;ufy;hGsxkYfxATshbRikCznrNksbviBirsFhNZoggozzlfPpxrNwaf;bvlxVSbl
270026594;LIGUE DE L'ENSEIGNEMENT EURE;RDaZLdsejuYFDYVBUOWNUEqDSIVJDJGYfsyJXHEm;ziCUCZp;PHh;bPGxPLSJmVBDLaLezvVrtCJMToBZlrvcDourQLEraBZmBHcmeQ;nQHCmfpO
220014641;PHARMACIE BIETH-KERVARREC;rtJZjHjsieHQDTgAlCOBjbqSehCPoNtiEQldNQfF;SXEPLOZ;Bdt;IWAXPKGOoViydcnHVIxiVhBCnUUcobjIdYVVDgMaGfxJUDajDM;donInObp
380004093;PHARMACIE LAMY-QUIQUE;OpERsqpvnupWEfbDsVfsvzdOwZyyqGyMDyxMSQbp;cqRDNQD;upY;uTCzCXIjmxUEIYRHCHFunWNWjhZmZEkscZUzyglhCjAaTMjGlv;GCfdTTRV
740008149;SYNDICAT INTERCOM. SCOLAIRE J. PREVERT;xPeTUVOnkLIiflEnXNYSPvUFjpbUMThoaYEkntJm;QsqpVYf;gKx;DEPnKWmXPWvwqLzbYimegRgJGCpXqCMgHxdzONLHApBXEgbKks;bHQkRats
060004652;SELAS PHIE BORDELET - TERRE D'AZUR;cxfQxbjwYZOHGhkIGKoTaLCINqjasrURdmlXWXrj;MffXKIO;mSA;CheIwYIKbLeqNuWUuMVAYiMgmogqBGTbQHhnJeugoNuzOIOfLF;NgBorxtV
250003506;PHARMACIE CHAUVELOT-CHAPUIS;AbyHFyqzRGaIPAjdUhSyzUUbJmbSzpbZTBhWOwVB;miIxuGd;LQK;ZcZtTCKRxSiCWBJvrnIktTidEOxVAIhegWgRBrdyTyogVJQFVm;zYUoRiuq
550000400;MAISON DE RETRAITE DE VARENNES;JgUzLhTAlrpsfOIMAXICcZMRnMqVRDROBNtbGQZJ;TcTyymH;kTQ;IbdszhIHexVJgiQRauHbYDLxNutibRFVmUqsMYkknYGqNISPwO;LkYwfmQF
770003853;PHARMACIE RIVET-DOUX;YPymdTvrRwecBWMheZNlKFOKgBWiIQNrxxutDSOi;rSKDzJu;Jiw;uPaQHKyvQevOjGwZxPFVRswJROwYIJPDhyHFlFIlDCEhBVAnWy;VFnRUgQV
090000373;LABORATOIRE ANALYSE BIO. MED.;OMxxXohqtSpyPDeDvGooAnaevqwJzuuQMzfeDcmK;qBtcicT;anT;umCFcMPUZnQRKHKtajxcrzPRIvJViZAKfbDWmbVMrAJMGXDjQT;uKIbUZNY
520003740;ASSOCIATION LA PASSERELLE;fFfARfshnTvKbDVilHelKiLCBrsUYjFMjyflYAbs;tereeBr;wVj;ToGKUtuoWEqgzgUmRQgZsLCqxQuxOAUXIKoHGombVjKDoAgDJc;pDGLcZGY
030001275;PHARMACIE MORIN;njVyotsZTLeAFYWMOZZXDzTHLEyRvjPBgtPHxSLN;OHoIBPU;Laf;rRnKGbricbIKiJXFtrfYsIlnSGlHpVAmUCytrZmPRqFxlmGdyw;doaZFOPv
670017342;SOCIETE THERMALE MORSBRONN-LES-BAINS;JzBQFgFaXGAOcCdsqMNWjJStwtVpqceTLhJBIGsf;DoBAyth;NLf;XxtGShbRJTTkbuLTCKgwkYzOZfjZdXtYYJgFNpdNGLxrxGWDlI;FnJBXFuk
350001509;SELARL BIOLIB;NrnpKiIfRHNTWrjBxVMCtlTdPwsymuDLEskYeEto;xuQYTew;AuL;UahEIyqtgwwtGpWjuegFwXSOmhFOkWZvtnYbikyGcGPtnjvHZD;onFgCXqH
250017712;SELARL SANTE LABO;kneLDVbmpTCRPqXOhtMlOUQKQaQRlyHAODrSYxdV;VWhuywj;Wol;fYmWMgleRHFAilTGXcSKMZjZOXzNfqOuPaGdsvhBAbZKXMKUqg;JBuxLhCF
760034686;SARL STUDIA ET CAETERA;FnUjonevFUJhZKALpvPNULUhPVPpuzWIcUgTKOmp;aaIHdgq;JKz;ipbBqOLUSVssAbfbCcUrVJMKmMbZTvLfIfBVHkfnRVwVNqLNsy;XGlUQUno
470013236;SARL LA ROSERAIE;FseDXvQvHsgXuKxKLJyKODpIBjeHoxeIrljQhwKE;UpmchHS;dmr;GKmLbfaWMWwSPraYauabrJYtyjvLNbyUwbochmTeWxLwdhKSZl;NGCHqrnN
780027967;ASSO HEALTH HUB SARTROUVILLE;SqiBdLEmZCLmCJXopMcYSptftHKRXHpwexPdXVJB;qoVlJrd;YVQ;tzzHYBpysgpKbCDuKUPhpUbBXeRhIeZmhIayMqrScVImfXIDqq;TleyBIWv
830000626;EHPAD BOUEN SEREN;NmNXbofTkwIexISudwMZICkuuBfExEJLMuLjDJNp;xxbhKSw;jtG;XspavnrUtIfZMqoRWiAKUORogYjKjZYbgUUUglRAyJAgBOWKvi;USpjJurE
180004517;PHARMACIE LIMOGES-APPERT;DOyynUctxhQMuYicdFtxhfsosYIyEsYXrYqeqYvR;tFheYZF;xqP;FHAlTBTrnnVTjPJiHAeUYeGwZcrgCbtXaKoSNRHdwirSvyZENC;fzSWKRcr
920017266;S.N.C. JACQUEMART;bLMCnRIwMQraoBOrQmeeAUShGXdsqoxuUNqsRdeN;pCsMjpc;kZc;bmMjPkxvDinnEsqhjHohpBsZmmPMTzqvXmqCYqkXisiCMAujfq;ROVCrKXE
590005120;ASSOC. PARENTALE AUX BABELUTTES;KxzvZAjvXqZOEEjXRZrdNTaMTyWsnXuobwqbmetE;FfWrbDU;XEu;pPGeozvOHBjJkikZgHqOZcnuSHpKrFAXrHiBGAwoePLnvPWphj;wcGYubSB
440048890;SELARL DORENLOT;VEcVdnXpjuzbAkWEsCiTpeIBzgiDzIiJmlXxfayn;OcdvoUI;gro;OenLauGphBZMBBYMFYfxYqiOnTodfTNnEUqgFgYHWtOlgBTyFO;OdXRqgBu
280003310;PHARMACIE CHAPPARD ET CARUANA;kTWIsErAQPnQuUnMMYtXfXjFPoULLPeLBWgrnGPk;dWmuTZB;PNS;GIXuYBYLHAsuTMpVTtrCUXSNLqUwbvLeRxTRdkdbQorGtfzISv;PoYPfVkw
720001577;ASSOC MAISON FAMILIALE;JKlYOxRGCtjfBfLRyhHcJsrhxwFzkrbQOLlVVCGx;wnmbZsY;GxJ;oXZIGmGamnGYbfVWEeOqlxQlhwXOaYGraxuQcTEkpXicgORDEh;IDyblGQH
620111534;GCS DE FORMATION EN SANTE;rqTYTJhmpRFlZsVvuLgxfIdZXFWRNKgVPnFWSGTE;kXubIOD;NvF;DPKnhiiLmWwUZdaNchDSJdYBRQWaDWVNkZWyCYNQQqaRCYKjeM;ulXNNXbf
970402269;PHARMACIE JIVA;pknzQNzfxHxkPggYnOqeunAUpngasItDQPEJlkUp;sQMZFNW;RJm;HaiEGgUpIYegVguqlYquZXatnszMVMvbcqpDEaoyIDaZFCnQAD;cXmlEFee
170005169;ASSOC HALTE-GARD.PARENTALE;oBwOqfMoAPiigynwAdUnXeGxaizeZUgzrvqVTeIx;tUfjUjT;Aml;BBQYBwxqPgliDSmaJZekDoupAYgggbnoqiCsnuRxUqufhsBpJN;ByRGOeSO
640009437;PHARMACIE DE JOSBAIG;fpkKHCDsZqxDQXHQkbENrFHaWTuDahqlsynyzHTe;SnExLFo;VnF;BWTbDJXoERNSrlmpEyhloGZevYRRNEHoRnGAWCujBkCFrVAEBn;JxDuVRFe
060019429;ASSOCIATION HABITAT ET HUMANISME;BdCyyqFeNGzkUzeUwHkiZjcJdIglCgYRFwhzfvxO;BvNFxCV;Xzo;UJbYdXABXhszFsNiCFXYuteFNhjcXqajMiHjgYuryosJcsaTtF;keUCMoOE
350005872;PHARMACIE BOUSLAMA;ocnJkAFXwcpgbHoRWTFeTOsJVXwHcKwIJBGgXqgJ;LuYOelv;bHe;HIAwfjEafGWBOeClsQdgqurrcWigQBnWmlwdwYSGOSohkZpMTz;TqaREFGJ
350015046;C.C.A.S.;IzFwllPfWKMQPilocSIiakVkMRelVOxbxtNQvUCN;BkNbfmM;zqH;BqMNRKrXfThNLpQmHRMySGmNSVSJMKrpJNPCpuoNLUaURavHdP;WhfiIGCe
130028996;SNC PHARMACIE GUIGUE THUILLEUR;FOERZPutrNXVOcdGgiAMHdJIVaxlGnTcVmmAepgb;gnuqThQ;JrS;bDTFCSFkpZzRBiUbvFMyWpTIiIipsSKWgdoCGSJZfurzwbbboI;OZkARwbZ
600009153;ASSOCIATION DU FOYER RURAL;EjxolrvOJoTbevzFzAWbpjupPuaGIkceHCREIOOT;olCFTrQ;zcS;AUHcjJPhGStaFJwTSLiIFOtpQDDNFRZarQQTerXslnCYpbiecX;AWmDbIvO
220000772;LES AMIS DE BEL AIR;TPWYNpznYfhbfbSsuXNWcHxFQhnlREpgTAKGKrqF;ICtmDCA;cvQ;rLCVTrzDgSrRklSLHKrYoJFbNktWOJhmvvRgxYOkSWFbKcOFev;GBUeLsdX
800016800;ASS AUTISME PICARDIE 80;vGpACOVqvhjxRRXimpfoKXIYJzjnxoQBlClYMkBR;AbKGdsq;PiP;QMxHRobLHgIAcgjEpIEAYNQVrIXoCbOGhOjYIozjdRiRzFjMgH;xCSeCBUy
750822918;ASSOCIATION LUTIN-LUNE;XsxbzyuuGbkSfNfZXnLbGxnuJqyjFJhVcAOuAwgJ;FRtQQJs;Yye;wvUGdvuMidFfRfwcWCiCTRQGiRdLbgICExffydepCOKyQmAegD;GaDNIDmL
460005226;ASSOCIATION LOCALE D'AIDE A DOMICILE;EXMEvQsLKsvZfMfTIYHodUZZGVCQpNlbnExHXraY;wwmeHtW;FlO;JOSTbSbAAwyvFGbDoPZHWGgxdEJcqOPTpvlNdSQCSlFlYyIHqs;TObNSRAa
630002814;PHARMACIE DU PRAT;qivLAylQKGudYwMylYVGouXGPJKzHBGUPVQzJwaL;cEDxhLz;PYF;PdIyjAEztwpZQcROdrvlNdPpMeEUSeMcVwhjSUgqOyGAUJXMAS;QJxNrGcK
320783764;CCAS MONTESQUIOU;ubUxyOQReqrGCoqalzDukQDRuAWkTCtgAJoePTYB;PoXCewF;HVs;OGgIfCWwIeYbqUKmrSRJaVZUILsKqGolpTwONCuPkmOzrRyXej;ZvQcFkvE
500001680;PHARMACIE DU VAL DE VIRE;CbZRqrkrbUscgUGynTISBproJVbFwYHGyGmzxyMi;pjRKDiV;QTS;RbWVTNzZmXEMAKqODdVUNUfSJLJAKjMGtNKcOPRwQetdcnFZhm;hZTrwYMu
270001233;SES J ROSTAND;tztnQgrFMGYHmsiCMplRzapoWKySrmdaWYKYFEBI;aFwKoQU;uzQ;BxOTjisqgKWtowljHnzOFFcMiYOwLMwSVodiuVREVbPERjTsSj;ROYaSygG
440032357;ASSO.CENTRE ACCUEIL ET LOISIRS;WGqafCBjgTkbuHAtPcakevvDqYhlcXFKTMjUDxBG;IwQyfBA;RYY;FjGPQiMpsVvpVKZMpIoLNzGkzDWYvKdYAasVwGqNWkSkTvrQQb;xdOghvuy
370006355;PHARMACIE EDIMO - AZOUGAGH;EPgtegQCMRLZxQpYlJWahGoUuTpVIanSjmlUqqMp;uwcnSOJ;wBf;zPeBFvxKQWTymDfpiinOeEggvOvOhZMtJMyBDXIDuRJmuKOobI;HjsJtfGe
2A0000170;HOPITAL LOCAL DE BONIFACIO;BSTqJvSbUxlfJeQdwPaHmqbtnBnFBBYZXThqrpgx;SrtCLeP;FSz;XItKPohWwikTcKVDQNgxQprqBvgvEqriYkZcWMhKOxCsfsmwLw;tpruzGCU
330005091;S.A.R.L. LES CHENES VERTS;BiZFZjAbHoWXXyeAkhuXMkZjsuoMsedwgssNKtVX;jyqzfBK;vUD;jeWsGBUZcVYsrhWuPfiMgqTXjalFetjurloFVPjEAhjhvsDHxz;maZGaXGf
310014303;PHARMACIE PRADEL;biWEwzZqEvTSQAmPOdpHHRuCRuwwRHXsasrELnLV;dZVxpgl;GaC;VBWckvrDKQgiirpzkSmqHJHmnohhkvNGNEcxtiqPGjwtXjKxor;WgGtwblh
600004295;PHARMACIE ODENT-THEVENIN;BVoLmyuhOsEFRfyElQQGqhkqBrdlmvRBfEncFfdE;RarHqme;AOu;YkUGHyoygMQKPTcgsgLKRViqjLwxOIglZLVCEFfBlhbypkJZNp;oDeHNsrn
710013574;SELAS BIOLAB-UNILABS;VYHTatVERtcfSNpAMaFmqTVNrAIJSLBqflfgDIQl;xZNjdFU;Qkh;DHJROrckqouvYzFlgxtGsCUDGzKfWSQhdllRbmibWYUjAAQCWF;BtmCfIGc
190011957;SELARL JEGOUZO CAMUS;ZjUGBkEORBbzQrjSVJLmHgSOTFvglKQreglaLMyA;JHwcJoz;RoF;RbXrpEOFJpVKSShyGuLfXQPGAFQEaxskdGmkLtqEzPxYrwthCd;kbUtJucw
300018058;DOM'AIR;eHMeXEHFSEPdWnsYZumIPbeFrsbVqeUoKgRudWwx;QwTrEON;FEA;QWXBoBLhnRBeXiDLHXoQhhTiREFAlxGQWataDxAXfdPPYWHDIH;pngXIaSm
490010196;AMBULANCES HERVE SARL;rUtomgBaTFPNqNFuvNXOtrbQnKzzvNcLjRVOuAHw;sDWnryI;wkK;WARGrDtnMtADAQXdosUYNLJMaNneUkSnevnLFYsJuEhQNZfSbb;exWgbyBn
330051459;GCS GBNA LOGISTICS;qmojZeUxvbMvBgUqokdPajmtdJtQLsaEMfdbxEPm;MynKstt;pGD;MHpdpaYjOHJgoYFVLcQWUnGHidcWasJqDevhwbAbptVDNHtKzR;BrqYWkrD
180002123;PHARMACIE COSTA;TlfFIpjfqfLGWsmKgmpaCpKWpWxLrFiEmeIGXPXa;AqRaxlv;gds;FRxMPnvqbcDDYBitZpegvraWBOsrJLrUgyuGcFxzMPRYdzEWtN;tlBBKSfU
440007227;PHARMACIE LEMAIRE;pBBkGYcuoGltHRndwhYVVfwPhUiPloUcUClAQaGW;Mldcdoy;PiM;xCqkyutEYQfUslBKyzMfFdTpfRKxLKtLJEgVxkRpXEbyhDrhTZ;SqMiwsiS
750052276;CLINIQUE MEDICALE DE CHAMPVERT;lQLeOoefxmlpEKLsCpyEZKvBRQxhcvdqHmptXsOF;WSXryeL;qsd;MJiPyfDqhXuDPgNqXEWkbIvZMatWnZWzCFVMREtkuExCjTdzIG;kkFJPvoZ
490001393;ASSOC MAISON DE RETRAITE;UqpfNYQXKUTVNrjfSJGcXAHSfXBQqLNIjWyXfDQA;ZtnUiFN;CIK;QjskglcgTLdyFaxvIVvoGGrxtlCISRpkwcZhHJIzFVZaLRPlrE;MSYWfZWu
800007015;PHARMACIE COSSART-LEPERS;MkTnriYcVXoBnJCwBmEQWVzdVzkCtALZPJgOIdbn;OBoKKYJ;dxb;lhwuAeSCJRQIguJNBpRKkzylcwfcgUwPsOXGYAtkwTiAifkNfI;utHhZxPU
750050114;ASSOCIATION SIMON DE CYRENE VANVES;ryaCZiirGxCnpitfPnyZNKNGyWToDFZVHeadtPsK;rTfSrsC;WJg;ILTYeaoYBGgdeAvkxgALkdDnKbpfQrpdURHKxsMGPaAABoYFgC;wSyYUuFo
930026109;SOCIETE NATIONALE SNCF;jLcBLXXGrWpfbIVtipopUllxtqvLgDzSYTYojPfW;GBNSmvQ;DRS;POMPSfGBjWBjepXwNwGAGZFQDfadfeXApaPeuDjBWmqSiDPRCz;VsehtREK
350037669;JACQ A.M. / LAUNAY-BRAULT L.;qtewmnbwVTxASvqeHYLRxboZxovHjYiXXdWrXHyR;tiDtOEz;uvH;VZsSoSneYAAWAMGzIsmxWQuJEouahjSFxsnFgxXmFHIqdpZgCt;bUdoRQFr
690046255;RESIDENCE BIEN VIVRE CONDRIEU;BAVCWVAUkjQrKLLsNCwKvLMmlCmjHwmyoKXwPTSQ;hKdnGKd;BqN;gVqegUpxdBmlPyqYioEMyCzqyLHhEKnFBOUZgClvoHwePSQmzY;XWTMeVpN
130782634;HOPITAL DU PAYS SALONNAIS;VjVxsgotEPwRGTcxCRXyCyjgswqYSoGGmTRWCMFz;NRlNycZ;oLb;KANHwpWmseYWOTZnpsezjnhCDjkZxzvTSEXZyutDmhKZKwBgMB;BJYsRDJD
170020135;ASS. POIVRESEL;xZWVEaRLlhqxiPOwHXPVibYPCTNGGoEsSmqgszeW;aqIqLxJ;iCp;BRLpOXxXmkymWSyTfCuhqNLACSopVRdptkeCfUVZlBjmEHTCxQ;HUvkSbsm
680009354;PHARMACIE DE LANDSER;FxLknDMXoaRnNpkjiGbqytrrXukeKNhbpOejHlMf;DOtgpbt;nSR;McagiAPIaihJBnlgImwcQlcUoXUcbXKdBEpXymitkHZZBQxlGe;CaINSXBP
620000976;CLINIQUE MEDICO-CHIRURGICALE;HKzNubefQYkTKYwzEMZtSOdzhvCCPilzCsmovvGC;xiacthq;PAl;pRBPelRbMNNOfhBHcFIaKpmEbJgRjdIaeevmJTmYrlDAvjzJMr;AvTRmMpT
590010260;PHARMACIE WATTELET-DELOFFRE;ujcHELwPgatZbTkVCNpEbomntkuRMQVzejqxnvEN;kHsdGwW;LVU;axPeZXEVCZFdzUckYwXvwDIefIkjbXeTNtRWptJikKbvKmFtTX;auOxFvUv
590039830;PHARMACIE GOSSELIN;DtrgXiNhOGlmMuuWEZspUlkHkkPPEhYQOuyhSekJ;VyPdgLy;pbP;jaFRNdZmKSLPXNxXbSacDmmInDOgwsBizyWEEXXzjPDbVoCITF;DTfyvlnS
370015125;ASSOCIATION ADMR CHAMBRAY-ST AVERTIN;YQCjGeXlKUbJObhgUbidSkBsseBYCXWxcxhRCDRA;mgNjwIW;gLg;auMRWaCocCwzFsjrxyfHacWwRZzjwNFcOmIBKIChBiUnFeqATu;xiVCteLE
780027603;ASSO MAISON DE SANTE POISSY (AMSP);rCrzEyOISKxVTXFUWDWXDVPGSmVZywGsifyUJSSJ;cSXAiHr;bIY;xuchlTymfKiVBsPeSqdyvafAnJxFWcaMfJJEirczbmqvOlCWbz;idbXssiM
090002148;AJE PRO;hOyoPRRscFrOduVVuruOXhQjjDDlYkMATYpudVCV;JETuBAf;BCu;MQFbDAqyHIUeacuqijjGfFcLJXwXDSOoGirmlVbRhMVdggQhku;ZlRzDaFX
450021894;ADHEO SERVICES ORLEANS;TGFCQhSqStwivDWgnuEeawmskAJrlKnHrqBLRXqi;ggsDkjB;ryS;nalvoxJXDcqxrVSvwQmETIfKqwLDzqbvfcUYeFuURAEcFqjzXA;qEAhQGqS
800014078;PHARMACIE DE FLESSELLES;hMBQzdzqLrFYJRPsMKalAOEJTrImoDcONVjdYbhg;EITmCDD;MwT;XAOqYTtgPQxIjntjWWePEtAHIMQPdcIBqseqIddFVUJlqnwoTf;whbSDQyK
560018855;PHARMACIE GUEHO-JOUBEL;omDeHZpwRIyEqxAMaiwMOWVorTtNvvSnkeAjWzrU;fgdEjmg;HPR;fqBkknJhtaiVEGebDNOvrHXkILHennoEKZoitePNBatUSBZwjO;eIlsWHPp
970430898;FONDATION PERE FAVRON;tcaytdgXNDrSOagaTMjckuWHTGZjgCTThBBEUArJ;RiECAvo;wJn;VOTIahdgsJNNTIkOJAOxAKakdacxjAQuHuUBVeXtklRTKSJeDj;MYcppHng
970404497;MADEMOISELLE CECILE GRATESSOL;SXVxReoiEXkLADVapjGQOVwYDoCcRjcvumjfYfPj;mbYXiNR;EVY;aHarECJQgaepdXzfglkzXCORixbHCCSYVqekkKZmGGhhAyhdci;RoBFcZlr
690036785;SARL MC MARGOT LY7;NlxHARPcJdkjFxIERiUrBEfPPzXpjGbLbemyNlGF;UFTEgeQ;JIo;lfoZiMuGjQqmTtwVJYwOJPEEMUvGHOhYVmhaQOmSRvJzooBZBQ;UAPiIkMw
590797932;C.C.A.S.DE GUESNAIN;krxggouqZsgKrJxxGAbXBiZOsUujctTkfNZASdzr;EhWpmNT;LGm;gJKKRmUFfmiFccVSswAdiHWkLuSagGIYiwcVoSiNZjuNBhRMaT;NZwsOGju
590815965;ASSOCIATION HESTIA A DUNKERQUE;oPvsibIXVfFCSuBilAKqRUewnOGdgbstfaKytzeb;Hvltnem;WvH;LiHRUbgtQgZKDCyMtlWQMBwOsTMjgRxyQySigPdwEgPLurqbTd;nvJhwlij
420008732;PHARMACIE PICHON;SErVnWLNCtEJwZGtcxuoyaMrPivszuJWkeZrKiYD;ppGiLdh;wVA;crYhfZjZvAzzlXCAfhxCeLjANdolLIwUyPySwBLnAGCNMwbGZw;iOtNdIIv
490534773;MAIRIE;zkvKUVYUNdnQXhJzJqCnDPMgxlzgZUATrHIRpzRu;LDSjYaO;lzG;pOxwNjmAeqoePmOhylggMicPmYrClaXIImHITrteZwNAZpHWFz;BFJjAPAy
330026899;GCSMS ALIENOR;UvoxKBiiiYfERgKkGDnsImuFNzYsOkwRXYwuGYMi;rnZmTwp;jFN;VdWRQQCuvsbSEAUYMGeRHcVdpAMSRGlVtUIvqXxjAffwRvTxkp;PwDIwbEA
750053480;"ASSO ""FRANCO-ASIATIQUE POUR L'ENFANCE""";wAHFvaHNybRUmSKElpObHsPsrwdLmbZbEBugkioK;ribqHEU;jQs;GSJXXUNlEdmHiAEbIMSvaqvYnHFnDMJJXvUBVCYQoTWdnEzVco;FLjlmmQp
290009463;ASS.DES I.M.C DU FINISTERE;NCILLAIwPxmLPZgiHfkcKCNYTJBVZKOqjvLytelI;jQZlgen;Gxi;NQNyFNlKAVkUNxBDkXGTUxXEdXgZVzsiYpETxJMpumAGPaJPoN;katfJUAN
130029762;SELEURL PHARMACIE PHILIPPE GASSER;fWJhHkgqtMDwJpdkRMLEhMjZwLBYSjYUimcnpnMV;OHNihnS;gTH;QabtgIJwqOEqnGtCAArFLjqEDCzoOdnfRyZorVJgIDKPQMohXD;omQgamPZ
140000746;"EHPAD ""SAINT JACQUES & ST CHRISTOPHE""";LyYDSWObDHsEfYioUZcDobhjUzbTkChIqbWKIKZn;CGMKEdR;vXd;xImjIiUIloIyrfHgNrpytjCQRfJSTuTcEJaqoeaXVNubyAZULb;YQTHGxuj
810001503;LABM ALAMEDDINE;gaKVUlsDfMQnduqKSalvblDaOBHPSHfnTHADOZYV;JjQmPBe;Aps;lbOznGCSFssWYkoQrCTmftcAphEXNmSIEfiGXhOSXvxiekYXAG;UjorinWq
050005586;CIAS DU HAUT BUECH;DOxYJDmnrnGjsmDoQauhhwseqBDpiUCnoKeKkYBU;HCjZwcT;JvX;QEGvPoytKLAWjGkKyGZwGAPRswijyCRFmqmRAjokjfkhwLIqkF;vKNPnsIl
670015478;"SELARL""BIO 67 - BIOSPHERE""";kKtLktyZhvMnSkMIBSeignlBpDtSUZLWLOaExoVC;PyCjbRE;wvS;FlxDQGUfAMpJASVEfeORCmPYXThloqxJLCUxAozeFNABgUXFtE;oxkyodNO
580002459;ASSOCIATION NIEVRE REGAIN NEVERS;WJTCTkccxwcJJqfCbcNJBZtjFjxfqbLXLWwKxvYj;kpdRYAd;rGb;lijObhvcDQEmMXjAYuBZwJDmqEkCAeoGvsuyDPXZwOSiNDkECj;gidDStLt
970411013;GC MS OCEAN INDIEN;qntwCYnFJFyZdPWojuPmJusqukWcPEbecRJaRcBT;IoAzBay;Iad;hMBQJfeTAiIOGgMrxaSwINTgkYlySERKjVIfoctDAQgxTirlUM;uPxEEXqy
870009586;ASS RET PERS AGE CANTON BESSINES;kMtFzuMizOHyqQREqXgAvNlYaoXacQYomtTQbarU;GTAVzyE;YbS;sxnizlCGqHbrrMwdvgVOuErTdlWTDpJRXqpwTyHeWRPUTtcjEw;gUKvhRHd
070006697;ASSO. DE GESTION SOCIALE DU VIVARAIS;RumpgbxwOcUxRfBjHTweVBDaQqyQmNFYxllNnmYz;hRcrUwp;PtF;vtTcopGLuxehsyiivdQxeavJRjRWUulcvgfQmUtTzilDKeDTXU;anuOVreW
060001351;SARL LES GENETS;wTYXhIpOycMrxfVKRKPFQRzduZLtmICDcwBsFFyX;kqCvXIO;oqv;aaEHUJYXeCOJGbVUnUDJVhuZCHmYMtzeXiMmqCdaJFeXqTRhdZ;wFHQpfoA
030785323;L'ENVOL;QHzqWOBxjgcsuGMddgqnJMeBTniODrwvccoMuWNd;EUTIGLa;xyW;rxUhaCrGfZNTAgSWwVMvRgbqLQAGiyIXLEpUoQOkoieumylvaG;qfqbUCgL
650003494;PHARMACIE TURON;EwLSUXUGhYItWSzlcTlAOJZfswDiaEFoRHUWplSK;LXTovaY;TiT;qdIEkvHZaYmtOqewGzzjQqbkElyvVVipIbVTajWAiDOJpohvSs;ZNYXpqct
970209136;ALEFPA ROSANNIE SOLEIL;oSIyFbJsGrLiqxansjWlBGhmMbZDfGzxvXtXVMrP;HPHFYHJ;gnL;LulIBjVnufJPsYvTJnDlstwqwKHddPcjvrdvpCSgqiZauzPJyx;dFpoyjqz
300001088;CAF DU GARD;IbDPfEbrsPmpsZEIGogjNQosmAenHbhnoIEnAZVM;SSkLCeN;jCk;cTNIAvvFUpNZvCWrERNRtAPLJgtJZDaxvePSinwfTfResbSwMA;UsocpQuL
780011458;S.A.E.M. SONACOTRA;TZMFEtcVkMoxbYZvPdQfneTzbWvIIAyJqPodAuwQ;iKHLNNI;VqI;YfFzsbdhEnizSpCyOjUokNgdFJEUDxOVEXokYPyVAXlQlahpFs;egEgZLqE
710970963;ASS.D'AIDE DU CANTON ST-BONNET;CemRuNeuYHbtQcHbYLOvDDIzqRukMcTCdLfKcOge;XmFadSi;XgH;sVfkvtzaVqWidgDTOQOLXipWgnhrbMsMYhZchaLgdaXpsEDTAD;kSgPCocU
440003150;AMICALE LAIQUE DE ST BREVIN;EQIzkuCUQHbQsMshybLaixmZiJdrBeJtHhnZIrvk;eWlKMzt;oyr;uSwekMxqZKFkBErbqfPwuqPdmiyilQARTtkxKRVDLKaUsYRiAB;bBwEOLPP
920002813;ASS DOMICILIA;ZwcQsPtZVysAKMlngMarjyGKTwMbxCbbBfoPhJzH;goVfbUe;VRS;nVFwwGELEejnBimYWceUCVmHWdBMPAhimEvrfGMqIgLYHAoykk;ZvFACSIM
910015452;ASSOCIATION FONTAINE;UkxnqYPVNrqYgJOwWuYTZrCbyLpFdAUlngguBQFm;KTJjEjI;nyu;XZvnDymltqzTkJBUkndiKrRdCBbiXhppzOIGCSBjdtfXJbBXVV;mvlxWDHv
910009315;PHARMACIE PAROLINI-MONGENET;zRYmuktltiljWBYrFlJUuQEavwrCxjfkcPXWEFPC;bdXHzEx;UxO;GtjjJZMpaynfxDmoLTfgfvOUaHbYZszayRemMSxWceNQcasUFt;xfhKSoXD
300003852;LABORATOIRE SOLIGNAC;AXlUPERzhjmNlRuOIEdIfVFTMLIyhEmiuiKetXxZ;pzoRcqX;JzR;wjemHWpHzkwMUsAGvGpSETItewwWFBATHPDjUlQpqayMspPmpB;epARbifo
760013391;PHARMACIE LEFEVRE-SCELLES;yvocrZxhvGRCGbIjfPJwExpZtPBtFsbIXNgdLBqc;hfSaXBj;Bad;fqPgICatgStNOwhpNPxUAXqoBmXERkyTMJdYfQxzinyBTiCsKu;TWzoSjNY
610002008;DDASS DE L'ORNE;BmxsmnPJURgCiQrTHvQQbXMSEHObmzZqrApqFRGo;WXRIgsO;IqC;ZiRjvovasRiYrSjqReiwkIMXPqKJNtRaxZSBAKZxVGymtWQjUE;qeCVyJkI
460786940;CCAS CATUS;cwhVvQaEnyKvqvhfjIezMKtQFGDMQLTylseXsocK;hmZIyYn;bUN;OQtCGahufsTmFjImmuoTlufMXQZzRHPEUUfvdGgRlLeefyoGoq;RuPiLeUV
800001323;ASS REFLEXION ACTION PRIS JUST;CWykmvnoCPtrwWnoYjfIaCGRELfgtBCZWZfyEvCv;jjpWAUK;xXl;VSDgNkAcsnlEstclwMHFWwSxPOzpMSbWbrNOCFrXYsHXEbIGjf;UCmgDgPL
780000980;SA RESIDENCE MONTBUISSON;PhoZNbfwAPJObtRZvdqgFtEiQRETaIPQurqLpuds;bijmfvo;bIz;vZCbGRYTBFZHtJhfFHFWRjdKfCvpkmPvpsbjomdAPwGWJLGvyi;EaNZGvtF
920010006;JOHN TABET;nOHjzuSKWxBXXZIXumncSwlbnhVxKAkuxJTBZmBd;QngPHHD;UhZ;fnVTEdMaubOmOXzIcQxUsTNbQzRBTKoNWTpDWRgjzwPwNVwKFn;CingTYuW
330047200;PHARMACIE VOLTIGEUR;FYiMjQsqDVlQrkrgmfwVBqrMIbYPDryucNrAaiWt;SgJruSg;Rkf;BywipUdEoYQjaUyAUaZYkmcnkbcyzRfZdmIqrkiPNsnpekMWKM;oXKeQLwE
540016805;PHARMACIE CLOP;FFtojoGXkIrSHWeahmJthVMWzzktkadyATOWgVFw;OeRqivM;Frp;jcotxEbxbUcoSJJjrLSyGDqdGCdNChNaULBXYxZOEgjEHyDsYD;yFwiUwBZ
270020472;PHARMACIE LABICHE-LEDOUX;XflkwltkrgxDssIYMtywCObUaoOlavYDfPKjAceq;ehmtukP;fBs;aGmuPfIMFHeUwnBhNnklOaxoVLcppQMmOgDsRaSHASWxSHXHsi;TCHlBQKU
770011419;PHARMACIE RECKATY;feIUqRRqbRidroPxQDankqlXhIJJUwbuWeXTclWh;gqwaHQb;QyY;qsiugmQNFFZxLWnvMRbghsiEiWjychHATjXGMYNuBsCbEEKFhu;wfCpsWmn
590024410;PHARMACIE CAMBERLYN;ImIMxNaDJOCxVvXWbeqicEjdJeHKUlhfreDsxYxR;QwXAaHH;DaA;poukTvjYyaTcesYMPxPhZojeKVzSEkgEgNXZRohQaqKgOxSzcU;nFVJSybR
870009511;LABORATOIRE CHAGNAUD;cYDPzEQzoqROELKeSLyGFhViflJZxQVbfilyHZuB;AhQGRTf;uLm;GZgBylvgkyCeIbrXuFDASicTRdFEoseEhyTTsLMpkNMhetqkRA;LppZfMcj
130017577;SELARL GIABICANI ET MONAT;BHpMPrfQvtmkdSxmMUkVwZxtuwlbYYiDfYNHhcHe;zNKnaAK;kOR;GUyJTWYENOzBNJkUReLKyeFbEkReZsYpOvzAEROPUZsTwESXKt;wKODUKnR
540010386;PHARMACIE RENSON;crBYbJDtBTGPkdkkaHuKWGymZRONSaYXpoSpIWzP;zhYvpMs;qVS;chxBrYHAMSHDpFzewBrKizwWaJkxzQfizGwCvyQIxsyBPsckPz;ESwvJedN
420016735;GCS DE MOYEN REI C2S;zvQbUEsGpEuanwWJVkQLrletVjTbmpDEgDfUFXia;ygfMMit;gPh;DkqLkRHIHJrRpuYzTnuUtrSIWgizjAROwIDFTaEBGovgMllKIi;xuEKehpj
620030882;ASSO ADMR RICHEBOURG;UmMmhlMkNOwXPZXnQPdmDiJhTWPZNJaDeQZJXRqw;BGcpkAg;lZy;qYbTAUxRpCSKToeBQNoIcRKgzTUAAZiIxNssSKRqLJejSmUyrM;zwXLgtRT
690791595;A.P.G.C.S.G.;tMywHirXcGVjCzTteIuVxOYXjcKesqqpWWfSjaHQ;KSpAdjo;tHl;cMSiQkWTAFwNMoQgFyxmMaeVpyQcjNuKNrvVhzadeTRjDrGNOm;tvIPAgGx
590022596;PHARMACIE CENTRALE;oVoahjKeJokolhryotypXIsUZNchrqYtAJzFDwZr;EHDilak;bYo;GUqvnNyfHVsZvXTtyiMPrFMwpiNrhZoTLTCcSwyUkmczesvkxC;UVGeKyuK
290026293;ADMR NORD CAP SIZUN;mbBoCbsBMDSkbuIIvpCPTtVPRqybxwrlWtBDzTnt;pPOlULZ;jIs;VotXDXZouPEwODbiRToptQZcQNeLjpMtVAegvcuZNMjzrCGlLI;YeVovGjN
130004807;CLINIQUE LA LAURANNE;bBXiOSOAppKfRNjsyjMyvQhcPjiQDGWCfeVcEuLN;XnpIRxz;jHJ;mKSzoBzpPmNxlBfSBUBuzkLenPAdvzDosdbvsywIywQLcRahqm;QVWnQNWK
640004636;CCAS GUICHE;WQeIyFyHeHiJpMSwAvZEmdZKmIAbpOaLxOcdLTlj;MBduRQT;uCU;NhVxsEaiTZyFWAmBAFCFYORIjxaOGlgJHAszKtyKVQvicJfjxH;cAsrWzst
310002548;"ASSOCIATION ""LOS PITCHOUNS""";WhJhobLcmgUImBbJGUmxowwnLglaqShwWqCPxBAu;DXDaOMP;BYn;IxVqKIHDqTUfADKmbzaWUSOzpyvfQctqVABgfhQZxCkDJsMKWm;PNcoPKAl
170005284;SARL AMBULANCES COUTANT L;jauFliqukhWHXUnYMYhjmLImGOeSRXSDKvdKQUgV;LoVwunb;BJT;LYaRivDSZrMrjYYkIkhQotzdjfyqtlRPRFZGAPLBVUkUranCck;PVryrHXV
810100982;ASSOCIATION MARIE NAVAS MIEUX;GOLmjnfusGmJQiUtuhLCGiuBfqiMzvPnNIaZaozG;EgZtZGr;WRG;XQvfvRfZcThtJzWiyECkrtBpeXQiAcoFNRkaFOZjUmoZJvjTmV;NgSntIal
930008495;PHARMACIE CASSAM CHENAI;ZMCMEQdmMlujHAaXcUmBWsxPLQNEHkuQtNrvDufJ;hLpjmkK;RzW;YmJTNjOybkiouTKWGzdTEeIFiaBqIIctlpfjnlNRJYdNTulIIE;fDQpIibq
970400503;PHARMACIE MARINO;qGxaEhOLLrsjIyDqRGspzuRqlUVPSLIbrjBFIMXd;eITzFpd;cbg;sebsCHmVEHNqGqciQcqeouVRnjKcTjhNWAhInqnkFiVTQLRsxY;qZNuCgTl
640014478;ASSOCIATION CHRYSALIDE;vZrdvmfAMgYYnCsAjnQaWKWcDelMonwTToxlMQxf;bpsufvu;mlq;vPUTWtuqKGpBnsCzXMAkiaTgBOVwdaicdDXPMmZTDxSuPFtCNy;xXCELLTA
850001967;PHARMACIE BARRERIE;kVoYFgDnrutSpOANpVOtMBXWODYQhbkqkPmfXILk;UCKQFhC;rOi;gpoamOJrVPdwWnwYUZVmCEuMcfVCtgQtrfNMzcnfRQyXWaLaIA;tYENJwjI
290002351;PHARMACIE PLOUGOULEN-LAIR;oJJWJEEHkgFGnkuJYUwPHkyCJKZvfSNqVCYgVGtZ;drDladO;wTC;nREKQMbjvNojrIngHhQZlUhYzSeaGFVHMbWWsmpkTAMhZlbvOT;VMzPNbqW
490005097;PHARMACIE ACHARD;dBpQDsClQODhstWFGmUOQuomdqgIeMfXfcnLcBPa;HCDRGtl;HDh;JkAAlSijdeAeibPptZWYBmcCboZMNLxfytNEXqRvTerPTjQGKA;IoflAwll
380021766;ASSO MEDICALE DENTAIRE DE FONTAINE;xBESanQibBSBkVQqkbEDnLskLGUDHvBAzTSjKiRr;FUTqczX;sMd;mjFcELuyUSbAKpdNYWtYptBdVRcnmdAhbgYgvzafnWunVytiFG;bZMMixuA
330005778;SA LE REPOS MARIN;pCgdJamBRCwVHXImdxPnheZHLSjgqcDWmAAcznhX;PhIaHCf;ygk;IoZLrDcXPkOUEYGajEEprEyZDAUyTvKsOCSTYPHQMYeHgVmvvw;MpQeTTnp
370001224;SARL PILLE;aRXdEqzsXxvmTsZVlxvyGSbMMekkibmCcZoBcqXX;xQdNHUz;ZGg;zYVILrmcEGZqngEaOeWNSZePvkhSSSzcVVYgJXKVjcZxXVlLqY;xTxOrZjh
750028862;PHARMACIE MIGNON;sxDnTqyjkAKoxpVJutvoTYFpqRKRKGKHGIcvbxCl;xdmGHVV;rtd;fssFCxzFagZDoQQWEiwELnJoemnzZJYTWIOdkAWvdwAaXsBDsg;vVjTfBNL
910007145;PHARMACIE DARUL;FrmaUMwnIgcqjHkWLwENPWRNiicPEmWucxmjNXnJ;jBeAvdJ;Vfr;pXEwTkjUptvVbPZgVUsXJuCQEhjUEFrEtYFhBcZXqVpkbTVpWL;UBjpHdiY
140024647;"SAS ""LA CHENAIE""";oBBTcUItcsZOJBvozUTcFUVThJSYpCmnpprpoFkd;isDNwVD;lMa;cWABmjCdjoUrmeoAAoUfjmQMWkURjHfPaASpIQqfNdiphSQzQL;kirCZRkC
870014206;PHARMACIE GILLET-CHAMPCOMMUNAL;WcliUzbDfDXflXhfLjsIAauBfArSSxqySYTLTogD;wVnjGhT;yWy;ZUeRxVsqsNuDdovVQVwlpSdYtzLrpJHEfUnKJWMpompCvpNgkt;vgARvama
740788914;MAIRIE DE SAINT JEOIRE;sEUVfIxpvVHiBKJIGkWvNDfFLarWKPfrOgnnAdzk;TrxehCb;BGH;FqQHNSCZSbAPuKSLRduVdMcdpsXiCjAtsSiwtIIHmIEBruEurS;DeibEbiL
540004140;ETABLISSEMENT PUBLIC COMMUNAL;QSjIAdveKGYwPWstxVpjZQZvqfYLFujvqCUEOxia;xjRwehw;zOt;qknennKrkYyuNsyBEhrNNVZHBXttWVqcQOSfdvpeVJyjKcTVRu;IEsnhjpA
060025830;PROPHARMACIE DR MICHAELA SINGEORZAN;eIhROUlTdRbtSuZhdKgfpmrMUuVMuJhbZlTaCJQX;agjgOwC;NfA;biKszahEWsKANTDdeKunDsxVlAeiUJmpvWmfTdScIEHHwTmMiS;vBvhvvRR
770004984;MERLE MONTETAGAUD MICHELINE ANN;cwivnTxnLBiGSPEcsySeOyxDBMcmeuQIXkRPWaOS;PQIcPMp;SsI;XtpAFLRejQBVFsWSpMPUoUtZGlzCyGRJXQRJwFnEXQqtMbIhxZ;vqxyKulf
560015471;PHARMACIE GUILLARD;qBRoAkExtsFfFvbbiUgxSAthyhXDZNgseNjiGudY;LwsjYYz;ejH;DBupjjzcYkPKZwYBpLmJZNffSnNfVzneLYsPVrwRWsCWhFChaW;VzdYQzQf
950001222;"SAS ""BEAU SITE""";kPCcaDPElyRAOzPiZAfoxDFDmHCeivHKJKUkaqWH;xImWYxa;kiV;pqVnLvxMyYaupeRbydnQJsQtBSiNiujfwqPxCTxQmldtUHITKp;eBloMQjq
160001046;SARL VG & BB;QjlDIXSvEroRXnfLctjLraMfIxxcqnmYIqDXfqEp;CYZVUth;fcv;hKUrZnccrHCiUjbHOOgFGrrGCIlcKrfEcmdMKTpjUcyPTiJgQO;olWFImtT
410007363;CTRE DE RADIOTHERAPIE ET CANCEROLOGIE;lbVckaSxZqxcnikSPNJmdbOyxlvyYplhxwzXvVFm;RDlnKcy;DcN;jYVmiPeJpuHgwDZjLiFnJvWFaQUloUkBiyippFPRmlRjMGIzFq;HmbPDGfs
060001435;MME BONHOURS;tgHoUbHBClpVoIRNUmbVgVJXcKwZNPVCiEoIkdQL;hoWmJFs;ELJ;YCCrUMTQAvUBazPBrjpeskuTiXTtzACCtgAgowuOnBSsrSHMUc;qaOdqKXX
330051186;PHARMACIE BELLARD;oheimSpiIuzsyJphNwZMWKNOUePXqkjawkiCXaEz;rFmJFmD;MwK;sZtjAzAQRQmcymbufCZgQJGyUYWJPELhklaUfkrWsbrXnlYtOl;mJrzIiCl
910024124;ADMR LIMOURS;InlNvbhjnyriWJyUVwmjgyDPwkMGknWBDGyLPChO;idrLeKv;VjE;OdGrxbWMKvCwivVcpyaVXWaVzKrTvtKsXiHbgIJdRurEegGQHr;pZCoZeTW
510004443;OFFICE DES SPORTS REIMS;nMVRoraeMeadCSPbjDHXUklfEJipZoPUSIPyBTsx;lQJKArv;Vti;aoYyUpDatJAWbePWAsMJaMCUAaUVueYWFsIXcQkGnPqlmsboot;sBisEDlX
940022783;MEDICALE DENTAIRE (MEDENT);jVlOKpyNraQkEcaeeJFqwSCUrwviBiMqOMsdrLSd;AUFMSUm;tyV;jRPJqksraNTPfMLZsKPcmyoduoSgdAIapNeNmvopRXitoXeDjW;UrdKGWIt
560010266;CLARPA 56;civBCwarRvyYlXMRqpKmnazFmmfkXJUrdAcQWVlw;XIyqbyq;CyR;ISQmtXbjNvQQQsUMkcKuqAsgHDZbbXGPnADHKOLVSOUijXoDxm;qNVCDMOa
540014131;PHARMACIE FESTOR;IMIbDJjMgKogZrnYYZStCjIPHnAfYLXNDPoyvJqq;HIFsKjX;XIJ;VReoxhnUHvnrVztmiryDostWGjObZqUKpvRTzEKKQGNryDbIxP;YvDNdzsr
170005599;ASSOCIAT. MARPA DES BORDERIES;vhpWFCZNXxuoAIQqTvcnWeJjKmeYoobcGJOHHhcc;JVpappL;Mij;qClYZsYLVEdDKDnTTCqnOsJwnmcUrZjDjfvqKzwySSpbPHKTcU;qcOSUvlf
830009643;SELARL PHARMACIE CLEMENT;kiEaFWbEWHpRKyPwrPvhIPbGICtvMCaafgdzbTQj;WSJoQcs;EXO;VtOEURhWukPQpooLOeMujzlBKliynHhdmGxCkmRuXaBxOMtpcs;kVEpHHOG
210012480;MSP BEAUNESANTE;HRYECMSNyppqASMJIqvAVpZgHRGjsCoGZmJqqfut;GInWKUz;dBM;bdCgEfrbjejEhKUoyJrvgqWbiiYgjtHuRakwJfPcJKQqaymsFQ;aWrmIyLw
590013413;PHARMACIE CANDELIER;XiHFXxVPImxNOkReaJNHtgPXiRZxLHPYsIcCpywK;OrEewzc;mCx;JjfVpqgaKaMHXHPQZPrHbyTBNEbZJXcNPjDWJCrkraLIDxsKOt;gyzrKfPl
130004807;CLINIQUE LA LAURANNE;XBXVasZdzLnNgLtEcMigCnnaeqMtTSaLsotDdyQA;hoMFPOt;oEc;QJlqYCXZVZAMUlHzJlJFvegZchLWoSoxweUhBiCkkWdiuyeEAY;EInJUdEq
930004692;PHARMACIE NEZHA;xRRiTmdMGKhiLlrRlAfLbShnovQMbcsaDvJvCDKC;fEsznig;OOK;ShelwSKDvxuaMBrmnaCQlEGLAVtMpAHAqfZWAMvKKXSWcTfmwq;ZMUVDFgq
190013136;SISA DES EAUX VIVES;PYkNDhovqmqcbxgUZatDRyarJmLFJPStcgjkkLxh;akxjHne;DZO;opfeMRANMkKOrjKkHYiTrMrfgXhRhUMVGmHGRONRacvoDvpeUV;dZQRlhQE
750048118;GARDIDOM OSAP;owXZZFOdjznANHklesQxhTshAsVbpOzrqXdqGHHI;sQGaIhS;aCz;zGcYxlInEuzqhdFibhnMBNsVXlyXlsSjTfCeiRmgHpQdmYxDle;OLddwqfd
