ETA_NUM_EPMSI;RIP_NUM;ETA_NUM_TWO;IPP_IRR_CRY;SEJ_IDT;ENT_DAT_DEL;CDC_ACT;EXT_PMSI;PHA_ACT;ACV_ACT;DOC_ACT;NBR_EXE_ACT
440052249;yapTNE;000000000;izLKkKhMiSHwrUIXBLSWyXHuzNlOCkhaQv;rmnnppRyQXNYHUDZ;740;DEQP007;pejbDTHMZdRjsYnYYtrygnpVUMAPkMTwglDoagePt;sJpGhKEDeqtvBDsxGbwIrYXqVSyZ;sfpNbZGSwSyPUuSrzkjjvXzQebLflUmQhoHWGy;GewaFwUUtv;93778
840015101;MmkEzE;680010394;LLvObYFarEIQdOYDzCElXvZnYQpQLKjdfHPNexudlNJ;XiNrHxPeKGNesTwBSSyFilUzAi;864;EBQM001;rvgrxoUcqHZijMnqamYdTkFRqgzPYOGD;VxnNAQgNWCKAVrPOPnotCkMyIuKLVqotscpbKOpzF;oBSGIABADdDgKryUFUZifUEhjiV;xKdtPE;74733
590025615;RbHLso;000000000;lMMkihquhEufTCjlPqjSxUHYkSiGWhWayXgmSQuDfG;mMSdsvzhnlnSJicLmzu;751;JVJF004;oxWPDcWvQZgvcIlTrWKFLf;RsfDZIIDYdHEpDotvqzSUtWJHyAxlE;jANMmVBlxFXngZlnTIxwCLScabFGqJiGFaucXdQHXpGZiXsUIk;eKTbDRJTiGxstwWpOpsgGotmAldyGMGpzC;63883
710011966;XwobJu;000000000;aZkxDdXZtjkabToKHthVOYeJsJAyrLHva;MLXAEMGiiaBIxtzV;871;GLLD017;ImrCuRmTUmPjoIgZexAoiVMWIGfsmrcYnIaKqatgfWFO;oMEccfddfSsbytSLlOZhkINCYhBCpt;wpSjCuyx;LqPvFaAySCqKguOeCinJwYFcYNDJpXBRklZuHcmtzyUJtRjFAn;24139
920006657;QHFsml;000000000;zMhXsPGTBYBdcBSFqzLESfnBihTNIZIxSpIex;rilAiciEcENHqOyYwC;416;JQGD010;conYVhKyhTyCukWOwnyhFSevzvzlTsFVjutFHAnTwlbKuGxksh;mKcbuAksOIaleMkRIikueowsTUzOOQUzavEkoz;LCUmsZULlpqZTgeiIpfgunxQnjOTUZiJeDkcLsFv;tMhneKJFZoKWIKtIzgyipJXsSQBDZhyEOtiqYbhiXKILjAoAoKk;43747
790000897;yETnCz;000000000;ZReuBIlJoqXetJEIvtzAgvPUpPMq;BPGvkPjLmZRYOhMiKZXIMOUKUTYiyJJbYucpBOSGMHZSfBPayEkw;298;ZZQX081;VWjOCYanIfXtZOjxXZAiduzeOHVu;qoNfonJzAEDgJyzMqsURggKUz;QOE;DWdfeWzx;88084
690004668;HizJbU;000000000;JUKPRutuOhiqFGvcfiWtTshBeFUVPsVoDzRPijIhQeViV;dYHJmNUhjxcvkXIJMubLzkTLBkjeErlhsYDMBCC;676;JVJF004;FzvTZJQdXLklmXTBCRwArDXsWSDgbFjhKdmtsHQDttMxEOrga;HaRoqnSciBheznzurAdKOqfzgJZHMABVA;bcUNKdjD;fAkrPaGPTchzeUVGPESiokSriejyTopRTnDZSDHVNIOGWH;80694
620019216;wvtlQH;000000000;QRFJWIxrLXlIfIZvqswMmDkQdKhWMhtWqSjhzrRFZHhpVTBv;RgDWpuRVubksIJVSABKUwMO;811;ZBQK002;jpSaGbEzsmreCHzZSJlxJqTXhkojQsWtXOxePcuDJXNUVc;JtWDphJtImCobYvhtWfGsXUmfyECoGBfAdOJkUXVGW;INnCNQnryNcQFVbzoZFSRtsVOCNaBZmkA;CkgcCkxGKQ;51598
970403978;BWUUyr;000000000;waPgZtzwTFLcsuNGGeFviVLk;COLZmJQStKe;276;ZZQP004;IQdqyHblLZdVzmEHnHCCblNKrJEFeKeatcsDZwuEKMAZxdH;JSIGFxgeiE;jjbNnMIPcACgqPqVNAdlvjcztCAASAJgxazqiQbSOIEKbOaGH;idHHpMqXtROYqxCZtWuSZPrwPjMDqRYrXurzhXZqpJYpjx;91127
750063794;hjGIjU;000000000;ZWwSfwscQXJocgFxEtOjrfeaNAFAFtppsBZa;SNHLxZgePUhXzDYyKoYcWAdlsaaxAnbjtZvJgbIiUbpM;985;JVJF008;TiSHfNNsfhRroLuvB;kagrJcbpaKJBWpudReUA;LmZgjEJQOgPbHhyCMwARWLdleHyDIpZMsCelpwdNDJcShWkS;lMiLzAsQzRmAVKlCwxPTkztTnExIHTZ;87415
690031570;fRoPQH;000000000;iGQKNethewEencdjUASOzjmDhyhskddbleYfC;UmxwjtROpGANFbvWxgFhPZLzYEBKAlSHutlJnYabnbeLagAmeO;723;YYYY012;PWECwZXtibcScHdujLogoFnfOAedppYPqOskmgSoZ;HcgnOOIJ;njWpuiFkjIctVsxunmjoyQtuoNRwZIYoMyPlC;PXiQFrWFuoGzKPZwmms;24063
310031117;AYHjGa;000000000;U;KEcCrdLfExNJeexQhIhzdcbjaYM;298;EFQM001;udLIKZKpDWEfFKJlGYrLTSKXxqYZfOGdiVHYvHwcX;opdGwaSOEfoeGWXaFPDuHYnasAXUUwmFWtBKOJUJQBbHlsxIPw;BDpiLRuTHqlXASEkPjEUzeMOydiZRHpAxPIpbSsaStv;mjcaiYpfOgOkiFNgvAXCcJboUmKcVbquOzKQC;74659
340791516;RGWeKa;000000000;bUmSAFXqszcvaaOmjYvHginJlvOSsvY;CGRFmTiMsiHDjQIevxnfvHocADgThDhjvKVbfjFbZbAOGZ;613;DEQP003;Yq;VYtXaTOZRfwZAxIPJVmrcbNJRDozbowVHnWVDWd;XYXrGGwBFqBvpBnTWxWgeiswwCPpsvgIFE;hsEdiDlSOdS;80118
410000939;CVjCSi;000000000;rBMMCAZwn;vEvVXxtHoYBPOfJgYadujIGjzzQwRFuQaWOVXelI;626;ZZLP025;izAfudjZnVScgOEjypd;LoYqijCyujQtgQoKDux;ZiUDVLepTjpaXyzkkMi;mtcxAhYOfsagtAor;50104
870016250;eWJgXN;000000000;xzqRKXPkGocVUNpmYzkALplueMFBZdwoBGbFMGbHkeN;cxyFrG;760;ZZQP004;yGwiXZax;WJqSzMcTrpLwESW;wwDbDxDwmXWIkSIeuKqBAHyiLSSaAqBFSAXYfYLqGqYwbScC;VfJINMhXuf;68890
120000898;HhiwUW;000000000;UjwKAtWDVMoAIWacuQmOBtKboUQvEngVefaOcsTgOMSDHqjehiT;xlBQsaCFcrxMhhPfGPhKfXREnM;781;ZZNL063;rbcZskXPTMpVE;cKgVIXqgkNpsyiQUSWowDDLTQutkAdWRdnJFneH;MUjoTwvDzcbewD;auipGFgsOqJQNiMfOeNASPIFJtcGkWpRR;93144
780004883;enYUBW;190007658;GQOkfMrYXARoWIBZgmHppAtCKKHXrMjcunndOL;AgvxwogeoVLykRWyxzqNKIIDtKNwjJTcbHqBDLlccG;903;HBLD020;YVAVPkCC;QWxiMekMGkhhlQIOpWzeROpej;YxKzAGgHmUtQAuYZsGDXaXOLQBOlkyCaMSYPN;tbQwyCmcFZcjD;96488
920807773;CFdZDd;000000000;siHH;OngqIaykiFkylWjuerxXcAKIZD;478;DEQP007;jFkdacebeJJDJoOmjjTONQBD;SxztDbJZrHFsGtBjRpdsYgOmt;NTEeSwwbdsrvZHbXspOdTJrM;HKCx;8751
620005017;YnALgs;080003668;mQiAJwEeuQHrG;QMPSLadKZxkpnOQEFYaqFjrysClLIwa;277;BAEA002;qzDFnXlDM;baoRZwpJnOIviVCJKIMIePjiVmVWxDnkzslpHiZg;CPqMZCrFgwAHUzzDcguFgsUhEdxJBFsAXPdH;iuaQSLbRWcjhiAPSTgPFrIHYeKqVfvd;26597
920034253;FhTbil;000000000;WdXTUpCZVnebW;ynsagqfMUdlGBREpkZAVuXkRsETeykEOnHISbgiYDEEMF;185;ECQH011;ABkvwccAqpdrdkbKz;cCd;hwDkJKieUfKADaPKRxlvdNcCdpk;TQmTZuOXpoegFPSBzJjlJsIWbBfShBqNWCsRawp;99530
950007849;FLpPVQ;000000000;NxCcSZGTCmEmrsuSAeMjiVzzbHJhOCWaeTtVL;JCxYPnpgfIcPKchgs;952;ZZQP004;iBZjljuvJapvxPNDTQdblOw;gqqgkkALxShRECVLtYSxTUDqoRZCUuBTUXxv;Y;yuZ;66950
020008264;yIcEVS;000000000;Cj;aVOYVBsDWgwNzquXvayDUbmwainpUBQfSpa;607;JVJF004;NNiquqMZNpNQQbCtOijKJWCSkLwzSWMtYPeeU;vzJUBzUHUKjhWBDaBqEuweDcAMokYtnyNZJrZux;PccUQLynXfzvAneeopENXCtJISODbDDIHjAdgSj;bSfRBesmclMsrkjTyBCc;44958
130040256;LLqQru;130022148;e;DpwpxBRwlqn;141;DEQP007;XrYDXSZmqGlATqhajnAQltzvSMaLbQUVYsHLJImmcxe;NdARjjQdCQlBgWRccLRrdHXbMZhCbrefIwGvumcgVlAY;PYTzPejGeBSCZvCk;vGbIBcjR;3509
310019013;SncOCV;000000000;bAxgheJEnrBqiMWVETpiW;VioeraMkGAIJhdulTzqeGhWYZNZgygooyCWGKBGVOLEaarg;590;YYYY600;WcvgTGJtgPOfxzZsYVSoqgwBVRVI;nvIBRhxHoBPraszLKpbCHJMUzCtSQHCurbVvaYIxVtK;pgravJHSNxmhiMoisdaNNccPdbWZDPsqJHRRSIWLOjlkPogGU;PbmCeAoSaTlXl;32736
690803150;jePjwR;000000000;TrLoPFzziNoUnTXLtNDmfZrYfnhyxZiNjKQnhvVrPjmSJo;CavZryRGkQjgIev;158;ZBQK002;mxOrkuWQJuJQnrhQYPTE;wzQdOmqkndztpxuBvVfLjOuZLUABi;wgnt;LpaPkFWFY;52108
270021751;EUiEwC;000000000;dZZcRAHeMijxNazVcNKcTnSqqp;qzBhdZgOAWhMCGpkQfRlMnukMaWEYiDxRCpNyisVd;751;ZZLF900;v;UZDtPgZ;MnaMd;YBsnA;12300
710010745;zcUwTG;000000000;axCOFTbiwIedKgEfUAVnAKAsSfpEVKLMLtOaSDiIwiLSGmpSYt;yeOwQrXUZSTjjSSzJdqIBoYBOzmuNsncBLSbGbWFN;330;EJEA001;wbZozsxjeFmF;ERtUFJs;FzQDHgztpFBAteInjyedMxLLwSPYzlfmT;nxkQluKdU;15038
760004119;dBefFC;000000000;JnjxHfZW;FbnoUrUxoHrlYt;819;MAQK001;sKquvmzouMRLtslkdqZvTinkKrKMyeYGDKxOIKuVoiP;RdhbsHzcqpAGEaNOUFIknoULHcqvVN;cj;aEQvTZIjvwVDjRfrInUQuN;77507
770700185;mjVZzS;000000000;fnhGnFKinxwndkQZMoFKFfSNkikpqpXMqJycOARj;CWuqWEVqRcOQqCPhfUtBjoSCXrfDHwkVbr;849;HHQE005;xWUFlMNnyHtnqSdQSAXvqCkKpjXbZpoQiYdHUZPlcbsHdNEmrfA;nzpWzZXkEwyqJeLfJrjYjTCBjoZzLUgrAfLcsLEIHgcmUxEHt;mffzMtlawYCefzsZSBpMIX;lCPrwcXmplvRqYhDHZxlQKGWfXWdMTmjcbTOVmBWKdcBARntMquW;97475
910008143;uDROaG;000000000;qwMMucug;GNmhT;208;YYYY600;GElQcAxPKWGljzKfQSJyXvlLNQA;EEikeKnxwtzffpg;kUFINZWZemUbhaJNzMJZWZxaJSyrVLCThIqDiRe;owhBtlKdsLhGElSbTrkIiFUDJmbqKYkao;4209
770016368;LNRTcS;000000000;deqcidfUMhkB;lSOXQmXOJbrVuAy;860;JVJF004;MEAxBgh;KdUUJetwdvZRyZSoNvmhrfsBeQvWXzoBWodayoURPcdKg;JMLtbCsZPdWjZWa;sORshvgrhuurEWsyndChSidPZAT;27500
440029312;USFjbB;000000000;wQY;lacaEcZDoBLkpp;866;PAGH001;XFvVrHZVeFmfvFdIbMtXVGdhgnDODqZwGYxdkTX;zEWrKhXurlWfjIZXrIQWTzMcVXigqDwIQn;oSyFvYr;SiwhNIjbuBNuvgZfHBvh;26627
490544053;UjfRQa;000000000;kBlSNuK;GmtfbZVusoPCOd;31;NEQK010;SFxHMEqmrHB;tbHmMdWkGR;ncSyRSrmdhVAwMOFkfmdrbxXVIITfAlwazHCSDlmFSTej;gzBDPJjvSZcpYhMcjPsQQfQLdHxKJuuQxIAxFoQvEApR;12447
950016410;WSWFkc;000000000;RhtuCydTerDqFUMT;otdqmA;212;JVJF004;xIQutTghasDaWErYhedNjdS;qBGcmB;GATyYVDbCdJaODvmbfGcZUZmRkRpUPUnoCJy;ItAuwwmmGTJvLFuiqCkWJVIHMnwXehGSlJemmu;55473
210012514;xrrATy;000000000;NSP;TzmnnZrAFfQjCnzizERAtTMjEwCqvpjAiaoPGLdydAav;625;ZZLP025;YBSGVdRmciNfxgZAqg;yndfbF;jeaYsauG;JZUVLrixCzSGbiZlovjYhhmy;88180
470013491;vkkfml;000000000;EpTAichHoBzUeQYsbKnLJMjEkdNQHDxZpUsXd;BUudsBYuezdGlQwuKwLowscDBmjIOHdAdtyXWsRzHpfvGKoFb;223;HSLF001;UtVWaLHRaa;bZERsIzLoihqAOjfZSeomvcHSqOPKczpUHSzbdpf;ypnHPNmbZIeqy;MTmolyHueyLnuBlpqLadwM;15456
110005634;KfUndJ;000000000;TMKejOEuxKlTbtZI;blvRMlWfzWZiLrYI;734;GLQP004;iCOwFNlRGmYcZg;TUZvgkENRCXlyeUQqlRTzmccMCvipJKXnjO;VRlHSGwiRiDBgYlXkfRXqHbBbTShoBzBCxSGkXMb;owxlAOqCQcil;79228
950009860;mRHlmM;000000000;oGQbsgynzR;odtPQCrxBaTaGBmxSQeISICxFTAqheY;65;JVJF008;KLreaDIhtN;xaCgSSEianEptJLL;QyiZv;XTYqiQjXNPjyNVIoJPGmCRIne;44604
570016220;LnYUGK;000000000;nKyUyErHCbLOkVmFDkUPCFVumOvPkpzxCNTjmPOXPeDGDlUT;JaTcaOhgHYxnfUDTZhpjCriObjZTcheWtw;10;HEQE002;EoHEXaeyyDbOfVOrZaCvNVDsEKAORGcnaTVbJxJceRbK;tHGynVePfPmGqJxXzyw;RQEcXgTIokSOOphNk;NnUjdnmaaNYvl;71121
440034189;XUdXmI;000000000;owtuFiKwApmoKwZQB;iuDfSqotZMMmsnMUiqYKKAItuROzNuvkCssSUqpIzlJyBk;495;DEQP007;KVllfrljWdQmdWDykvySPIOsPCjVBhKREacxHoZOGrYza;oHkYaKFmiGJcZQpUukSqWtFuYgzsZILTbkYdsmDvYHgEveOKXu;cVvddqwU;RWfKofnxZhvCVvRIlnlEkCquNHGTrVjezxusR;65054
130024730;uRYtNH;000000000;UGReokXeAzvmTcAiexfhgHtfKX;vfPiFibtXIbrijudtLGHhyiOsqHaqfhFAMgoqbmnTSBCx;158;ZZQX162;VMStXWBQUQFIlIZUWDddMeKOMtZRRiaEOarKOIdRFNKUji;uQmtPHYsiSfMSUxNUPmuXUZSbzbZClGCuxttRnJzleUbj;OGZQIyW;pFeSaiwyICjiCxqMhGtyCLLtdP;6585
280503913;eWOOFR;000000000;tSQFIOsxgLNPAm;levuFjAlcIMKslEchnBvfiIlJmmgVSkNkGpkmOiuRfs;96;DEQP007;wpBpnReobdrUfbbFQjjKqDZsXEUTcCSEocHkH;ycayDTPsVMkCxtyhpLaVQJTmWCokNfZ;KYsQxKLCyLwspTHFRYkTlbzBUjcyCfUukBTt;bUAKEenyGnHcIbdufUDvxs;16224
910012368;YQypJK;000000000;LkVuAqqGPPpNLwNcGOJcwcGATNFBxihhACWcwMcBkNZHXbqe;IuacqgtiHDuSicqHKfgZiPWIgsbe;244;YYYY033;qUmHl;sVUnJIiyWrXIzVLJvIGEsnhyV;ibICsEVNjpVEHYtHRblHmVAcoLFRPcnTtuDHwJQqRsGvfBnDQ;nfkuFNeLoEqipcdMtBaegVKYtwtBUwleVDGDShG;13376
370006983;sNAFta;000000000;MFNldAewgg;YKmipgSzWGhjzZDLrRQbpWUVkEchgEflzLFjENxVbTp;671;ZBQK002;HybfNSlALVZyGIWZUtKYmdZDtRoNwgcmAOrgMsfIlnVjdaMpyRn;Cg;PhnIHiZjuyHckXbFgjtrMchYXWHIPXjNjFpRlHDzbtRLoD;KJClYSCwKMRIkALKLnvJBvqNpCFQZVLJWwuCcH;84713
540025194;outTGS;000000000;SphzEYNOOvNpQtWlTCCcuuUOzxExTOCLEUgdGymeXZgQSdQPB;hofSzrxUwVdNRjKyepwZpkDoyl;93;NFQK001;kcbegwrPnfuhbCUKXzxnvP;DHPYnsszPVXiCwlffhELwJha;yAS;zEwXmABKikXgHf;24425
630013183;QfWxjo;000000000;azkHiPIvnSvedHGNne;AWmAsgnYpkjbCqogKvuXSMyWErsYUgQKiYvRXnRJqhnUpcZsK;77;DEQP003;xymUnOlrnUIaUgwYoUCLbgBOrLDEtVwZbZFXHtwHJXEsVW;XorTrTrxkGVjeNTJqAovYjbcbSSoDLtBlpwElfVObwznh;A;tCAIKeiFyZjPgQljyCwnhVvWDj;46942
420002065;FBwEWl;000000000;ZMRVNQulauKrquTCYEYDmZIQYcCHvhQdfUTKMtYGmmm;TAAHotPWvszOLSURxvJoeLASbwferf;501;NFRP001;mvTBUirWnREm;nIUPOZgvvgPvTCqw;tozCIswxnteuWsjPHx;osKPUsRgqaJNBBnBZTidbPBbmlbBqhyAlxPlpO;99000
180003022;XjJkei;000000000;DnNHTZtjHrRUeJArJeUesHAxArCPxYvEt;zhtyDGgV;795;YYYY033;nWbAKOyeufmkGoYqKTI;FKUEPLaDMdwZkYLpFDSiwPGqbeXGyHCfOUcswfD;oIpiUYPjRaAPxZVHcC;vUuoaAXmgZSKFsjefDHUhEuAWmlQPqEaSGdLqZffctGSMDSl;18190
460003494;HwvFrU;490000122;GrfnTwjZWAAcpXlBvCwhSmdjcg;pwweXhbZAofeOivRIJExzxIUOCNAPOLYDCAgViWPhwc;563;JVJF004;oFWHGcbhPsdMNkGTDuAvsF;NUzqZu;FXdzvYlNpwTFNJwdvlGjNDoljaGgPQIGqWBuJMAy;WrVlbsvS;42397
010786606;sSukyk;000000000;RczyOeQoBo;pBJoCSxwRwdUkHAfGghwxigXOMulXvKkQPEDVgehejKL;292;EPLF002;WnwIWyGihnoqjKZqsIWeaHcvwomaxaNNjHLmoRwGPcOeFnCD;njLZAZlYjmMLkvOkuVzDQxEqQaUcRIPJkvpho;gLcycYrxQhcJgDHUfl;iachNhBtw;27032
670000611;gcIhBU;000000000;fatoKIgLbLBkfsQBrkfktHIhZvKPNKmgIiBLYNaItNmrTzb;uE;157;EBLA003;IMPWoNKFSKNJGdDlhNGmLKIAunhpmWYFxWVEmwLHYvMxNJP;J;LvmgIvG;snc;75668
740007273;AnmmgC;000000000;tXxCODOrwKyrSkSJtVBLXvWNn;tHZ;41;DEQP007;iTmPuwfmMXpZthAGmWtzZYd;BuBgzJZIvqEspxdevcY;WoHdBmPUHTqWghEtRyWbbwQZVVRBvueaEKVECvUtIgcsVMht;dopOFTnrcdTT;46389
370008385;lUJUwl;490014198;HVdme;AjxgLatXaStN;347;ZZML003;UieYPLBmircPTEtpOuJmugNxJrUVXSALZGasaZePCRt;jiWTVKKlSAnc;VGuXeKspmpgPtcoQUX;ffETzzNFsiAhvPBkmXVj;201
940007180;rMnzQL;000000000;njTDoCkpslVpreHABBSmrDhjxRSTLUnCEfUbocGjFDqqhadfOP;plqHurAavtRopdQiwuFFTdaHXYkCSU;487;DEQP003;QbQczoALh;tEYHYUuxpubGVxBWsxFKJMeIPONwULOPIoGYcG;MxXUvmyJGJJ;TBFtuNsKQBOwCyD;72418
910021757;eAEfCC;000000000;vGbrLiAEVsTBeraxlfTraeq;hubCJZFUSzYOhxnwiHxvbUcqThZfgS;995;JVJF004;LDapLDuKwKBlBKpxqhHoARVIpWSIEWGpWaXRQu;grZyxfUuxdDOWjbETcWVjFCUDOJTlzeAnqy;ZPMAVLUBKTMhZzznodmoMlXdUosnebDk;DTVuyMeGBPnpnbrVsglUXqenHhswwLpJSKfRgkAsNG;60947
750833675;dIhNxM;000000000;vNYcLwgcHbqLoagjAwhes;UljIvauUrlGzafvmsHWYzRzjzSwGMTbdHIGcVkQ;757;HZHE002;AomCWytHutcrNipV;EzXTgtVAULRsQkhSFJhzjoUzTJliWUSnKhwXkBFEFC;XKvEmnXSSvpOqmmESPvxDvZlFbumnAJqvDVJaXnbv;QmnIhMgnBxnRndqhQMZbSOVWrERubDh;98599
560016321;ANBoFA;000000000;eTnpABhoaqdYCAXvCJmPYqzLzXGVmrPDhKOzyjtZgvwWnrYH;WxkVmSPwJmORmYhdLaPTaCIddCllqUxeqkdlyxiEkui;17;YYYY015;UXmfCYPbp;AWIWDcgwAbltAOwwVdmWRbTMYxpJkOHhej;rNIYjXfBx;FAtmxJfvmVcBdeWUEQHeXYFnNevOyYa;91879
750029969;CAbCtE;000000000;uu;mfrNJfIlcqJobTqsePqwxHWwncwJqyyDhIDZfNPTeleYERPIyNQ;630;ZZML001;ZsROgsKERTSrfBHaLYdjkgyK;NsK;eqUYdLoJcqsZBLcdHHxhxKDFtCwXxFqyunQsuavNyF;YNewpuVfErBzCibyADKGpUWfBMeCbXrUHulquOPBNzgO;17189
750019101;kRDdWM;000000000;nS;SIY;740;ZZMP017;CDmQlVSdMybfvwGNRcjYTyAaIPro;AuJZEvoUPcKYYPXgxkubEdFBWztgtht;FJRfFafDEcSncDGS;oivexBPwXAAGnfFwheXJaztnnK;99112
270001795;MVXtRn;000000000;ldJfeupRPjYITHsDxBPiBgcIYDOhIEBczTWZXrZDsZwPzM;MKkLZDBTuzpdNjYxMuIDDVktYQpd;462;DEQP003;pkRNZkOhSSRvfQfovDqQhBNIYpMvXPWKKydvasNw;gIrUnttCexUmSwGN;uierLOJptLnXxeyuIPvcIJoQkyjsgy;LRNjQrDbKhrqTmmlbtcaelAFZBnGAZRuVmjVdFnY;50805
350014759;hKodSG;000000000;jhvFekquFtEAcIyepousENVSIwvatGrPwgDlNPAzJavT;lavQilsROhRxnOsFWraBJFgpzkrcdIxOYVIymuKVBYmQrQxzAfV;59;ZZNL054;USWiWHhBUBVfTCigSKZbUGmVDkCacWAABaMUCIgrqiOowDnR;VS;OqJVNBxaPEtdwFufptHcEXglZohTNlJbhklfQFtRo;jdVbgWETRHMTTcqHwKLwceZAepHJsMkVtbXp;38702
750803694;bfmomo;000000000;vkhjtmfMPJbql;SSBUqgyPUjxBXPCeFCVKcDBOtbL;139;ZZML003;UTtdbAuQwrMKbeeyCxJMfmraNxgNlevrr;FNyMAbGEzRKZywHrICBYDrGcbCVKRtGqSSWdifYRawdKjXfTvipD;MboOaRvaX;PJDHGIoShNraeE;35324
130022361;jBVeVs;000000000;qPtOYZpOltyV;DURCwySBhOZJEChoPMTcKQZLGXhMYwSequFZJaCn;950;YYYY047;qUulGHzHMYAlJnC;LkXHyLvyNvXJ;zbhtAXfrAzZESDpdhDXyhfapQKVNYuLOMNEXYhDlmfTixz;GVslAZAvmYFpxwBXZlcRfxDmPQxaDYzScsuuFxDZa;62910
860001916;FWjNZv;000000000;eKIIndmGkUvSFDdMxAjFjgeSvNbPlQKhIUHBrMPxZA;oFoMYcSySBweuzFfxejTEJwnQZUeoLOSCGRMIz;758;GEQE004;rdWpmqVKioNHViOPcwcpPtmOoVhrQ;mvYABRQzxYMG;pdvwssTGMxqZqAqZwxYUBSJyMSjuiyEHxAtJZj;GnjoG;62034
310795950;lqHFEk;000000000;JhMsqBBkQewumRfPKeogPPgYRhbehWzGmvRStzMJREdO;gcsANHxcP;156;ZZQX162;CvNQpFBRzofFDgfEUEoREwOjkf;RDpoUnrlaqhavRJbrzwRgjuOyFfDgz;UreqEhlhwzrEYJEbRuddsiyZClsJKFQjetWikkpmywqKKdPiVU;x;10378
220009658;ntvljd;000000000;nDdih;Cndh;117;JVJF008;osBZyVpDeZlWLgbVENdkVd;FYRAYDWSzvjzybdRziUZFxHdLpmjRFxnWQGhoD;BnjxeYoYkIFhDJmNs;bATdYdHYM;78357
020001137;hnsFro;000000000;QFRGtrFmhmOiYGaWvHPAwQWShDhY;OgIYGImLlDCddauzEz;229;DEQP007;cgMjPLnYDvbUxEKJfgVDtynWWgCUwM;DxJuntsZcoVzcnLXyNkO;rJQByOxWOQHntaxQncpXMreErxwyRpJZaFVHZ;oGWumxRkciaQHasJswrZsqNoSSye;84246
740007109;pLsOoS;830013702;qEtaHsZXMIoYpEhecuVVqZxXcdkfTMY;zaLYRMvQuZsNkWGAzBtnDqZAOhMKyMotIWbCvcJRHZQpzbLBwgeR;974;ZBQK002;kIRFpvqImFxPEvXLRD;MQRuHbwnShFrHboKHmKEkJeehQmArNNiyXMy;gebxhKqeZqqkIQHXUBtsbNsLWfT;uknCYrsAQPeWfvkFmywRGoyrfPSdzR;19778
620002568;PcHkOP;000000000;elJkgJoLwblBZZZKcglAbjEmRBXWqYrimJQJezOZUUQlr;wGZDTTzzRbMqMUIiohUDEEToxCaONGMyNzjZgpWLY;123;EBLA003;GJIHPWiYRxvovkHpMRSrbfAQUNJDqQ;zgwoauqeeqUCatuCfwtjkbpTcO;SicwaOzSCQMhRgdXZTiAsRTugmGpZ;LZWnONwOdqkPfhuAneFCjaIAbQcVmNjjev;43517
120003421;yAuyYm;000000000;xwMnFvMPMflOrmdWJ;fGqcYlNgacNLHWJPkMBGLzAKIMSzjFLJCOUHiKCchvtmugTW;935;ZZQX162;yviSdlJdnfZfywhHgwdlWsciLagouWwEFGbXiOEZswRbl;cmQPViLmYXZZkZrvmmfr;HCyFmEisqOiFSis;apugJBZIHVXKHYgmLZtpjVzvUXmlCmBANLlFNqnbEvZgWIudfEp;2753
640016374;btuavq;000000000;llQNEYRAqZEaRdSnDhUavkpzRJAdRtsqDfRkTZ;TTBZhFoCiTjRzkGfrdgXkddXRHZEP;140;JVJF004;biCBiRpKAibbWcdkimHOTbnnxxEwAPdURVqhqbWewdNIQNMN;MkMOYOETKmzSNNNPeNsYzthdRkHSEjSUqUyoryHOsVMOVDpWKBc;JgHChUnrFixKffqeRTXviqguQj;dLiJOkFtARcqsWcnxPtGDphc;80708
300007234;kERwKi;000000000;DmWt;rtSCUQjRxumGHsWETPDhQKfcJBnZDZggvDcxHu;611;JAQM004;ueprgVRufGYeeiQpQuxzTbUdpN;WTZThGbKEqt;RegZinruRXdaxDGdVbcEoFscnfZbLDwbATeaPqrfQ;wiIXlGAHWSAYkqyfGmeJWCWTQmegsZKvxxxfsrQSfSgFkV;91969
590035630;hwadCv;000000000;yjIBLIGURWeqZKwETrxisbfAwRas;PrEyjlEJiyMjZqRgLYheCToSegmUbIZxtU;528;GEHE001;oaOLHmmzMfmWvMqVbXITdetC;SaSKKsVHycVwEltnuhMyEnzMSqsHI;ZvzwQPsQ;FnEcdckuggLASnXxhYPRgrXkWbvhOcLvoMUIZDUiAwPpAo;84559
720012400;grWeKl;000000000;qApzkwvTGHwRiDBdPRbKuFItVmguqwKkhuXfTLFdOJ;mh;218;HBGD022;VyIdKuDGwSakkSsTBApCxWaPiTvkECCOHhFNykvHHuFOOsjPhh;VsawwOhgvPguhsPCBapXBJyhwAy;PQakvDOXQLlkCYOojRYqRydlqCBZH;ZOZzVQOytsTXQRNfFmIaBDaQpJSWWUdQGwSekQVHSs;35443
300006202;ToixTW;000000000;KlhljWKCYwJvDeOXJzlVB;YyixgyjyXdFSvYnUPD;321;JVJF008;dzJG;LIgNEfCHeqDMppjoNZKwRhgiMTvKg;WDfBiwDDMDrfeoSvYESb;lPZDiBpKVdpxWlHCDmOGiDa;293
690800206;eXxanp;000000000;RHDihrSuKWMpTtIrtdssiV;MEnTVSlVORpffFldnyXSYFhDwQQbtuMGwpHm;971;JNJD002;MjQARBMDEdVMYiaXyfIFVWuSXyeywaeXrngZRStOQmEWsCj;UYvMaKwqJOKWUwIJWdYnNoCdJsrrcULWbPBPo;beXwJT;PTkRiMnVcAHiTebwGQmBVmtrIzolnZ;85716
590020194;eXJLMQ;000000000;KxZrvnIDOHDcFpBwQhnpWHUrYxTZCKekXETRXiuGcPpDcEmZmIbn;zxUePGLAJlEgNTzDIgasJNEANiWTUKoacnEhIexE;504;ZCQK004;ADrCzOn;wGSBfPeMDHLXHtGctWpFRsKPKVQfbVGThIWMyonzORbRlxxqa;XHwVwljODHMpthIWPJhnsMZiGhndLHomK;RnXNUkaXbTNqyKEzSVWLgauGQtZRAcvYGykAuTClmlW;76452
530004381;YRrmWR;000000000;qVsSIUpWbPVruvRNnlLwKCdimlgauZymZeHBWMdtsxJrsBqGzEXm;JirsQBrlfUJy;255;GELE005;hspgvsQZKxFUUryFjoRsyh;HLSQHuiCRfSEytvdKqnxwtFTLOCvUGRZvmEoDDzh;BePQAtKpeGjsoeURLaEOnBSFUjLdmjoVQQdJfVyCGlCWzd;LeSrxhLefuPWZ;98914
750036196;WLcaoo;000000000;sUgpfNZIvGLWGjWglcXFqIXIYqrPzHmTP;VatTABTexsyZIyOAUmfKMwOOdWhpKaPrScwtBBLTzMFPDy;461;JVJF008;JRvuqvXbhRGmjMBnDUzMXwHfZtXkJOVbAUAjtYOgTvDYL;khffraxRjesEWhLQqirGcUqeuF;zvsiJmsvOvAMKbYO;zKWnrDnefxclURtJayHsysKzbja;48479
950001461;KqhUbE;000000000;AogNNKjeAEwetPIzbWhfCvl;uPRIkXdyDXelsQPNhULulMwpXKFYVqqWlVkCrdhSNu;969;HZHE002;BXlAXNGMLJhpFYdGIWHLxBQ;OMevkzyfZrxSqsyeHh;UYklnbicsFgDrq;CDhQDHeadujoDfekXvWDWntZbgCVHgPTLOuTukVAaOnWLtFv;69002
620007716;uMcuVI;000000000;QeOq;BljXHVIyFTtgYmKbGUUXPtHyawPcfFnOKruaVeEOdCeIYAj;500;JVJF004;mWSXqpLyUqHpKGntAOO;eXRwOPAGvDhOuYjXLJCZFxLONUuzjlCdmChejsgDkKtDJOWiY;lZswI;LifdVBZvOySxmslPRuoIjwIZmzAfbolmynIkHTWcrx;94296
110000395;oDIkka;000000000;aaYGHXgwbMYSRAPMZgERCxuOiTZDlyPnYKDVGumu;yYgeAjHSxbQJfxx;582;GLHF001;UZkrAkgMmwPbvOehVhvADYNTGvPbplzyeUwOD;iGfaUkxNVAQFuDznCj;CBRRiWwYVxpfzVLtbPNttFBgvriIeXymPHJWjMci;WGEExwDdVQtYdApnYmPMDBeuCqfTf;85758
780026415;DpRNEo;000000000;zQQlRsflJpoVtgIRUxuItoqtFgWaNXkNICaWFMQxPxImcPhSv;wlDLfviXtzU;313;ZZNL063;FWHmqboWxpMyzqkMHxgeUyRF;JYsgtfhj;PzZrRXXdVYDpLRbdzsSilsJLHns;IdbTJBhSJpreWMGLEDvtoMOVxTyTBXOAHVlYnOAwjNJLKeufHHwv;87186
390000883;YvvDZm;000000000;RwzZFIoum;xJtABHQLVQLmeMVjWLlfNyHNPUfwObvIc;775;ZBQK002;YPEPPcIOuJLKhhmQwrigXVJfsMjamlUmvdWavhQtLD;keniTeduZbKTIcolylHHhjAavaZuPOCTewkq;aEgKvVvdAksFvaEW;JYzkGRPFNVIZIRjKcycsrPKqDwjLvtOCCyfR;67380
440036127;gTueCz;000000000;ie;vfmLIEjCsYseGtqBbYOPSIFuZLgsGCDyamZPQtTdhfOOIGGAMIQy;730;ACQH003;XEIRgxQWpYOUoaoGtPMLoDIvRDUDCEHtNugCPJRihtXTsWUwmU;WV;OyNmNqydPRQLyhPbSCkWcWRagwYZXuY;WcjiooAFRe;75519
350044418;EivBmW;000000000;rtmOdtfhqoEBQhANDGeoK;dWqAIkxZLAFWrUNYErvuRHqIOxFgqARgUWtKLEIAbhQJcuDjq;176;JVJF004;MhgJchRIkFiyajFrXHqJvLnKGGzQZpO;wIXAGgq;OTgmlFBfHHLdyTptZStIbHyYhBxyzMtHEeORALOUnhZqexQ;kzuTbpQKiXLGgHohBF;47410
520001512;rDxFqj;000000000;EfAFtSQpTANWfyKGzQQbo;MOiSJhyPiTk;281;CBLD001;zTucEYrne;okOX;kXuNYrXoJpeUMMGjoWYnbGrNjB;bYVEOiEPVvpKalGNfP;86044
590025730;FQLjhd;000000000;sBLRbO;BqifEHOZKltWFUVN;159;PCQM001;DM;EOVdKyKtJtmFUUvmRJhFRIbXgxgccBwbUJRaodzeIEqgeSL;BFrHnHzyChxBXhvfMMqhJabEu;kvnsMETBYUrzHwt;60632
830000543;VBeNeE;000000000;aqhM;JbidimddCAeRLiyjRtXqIlNtWfFNBeaXBj;532;ZBQK002;vTAlPkwU;DTctcyVJUgrTjohhedIOuQfOgPBker;uJhsPAvyXRtpOuumenmYfOWFmnaPtT;Wg;55519
040005340;dVSibS;000000000;COpCfUYxdeUGvDTIMtLTuZCdbdw;oWnUkvXvYRixRigv;613;YYYY600;ImzwWHzCXuwDEbIicXfsEUjcGMoTomSuHiWW;vNdOPuZomSUTtyNrTgWSmnrL;tSww;ARyambJew;27044
270026594;qnVNqJ;000000000;OxhJnfXTwBvpF;NgDWnzczdlKxSWotzBeOQV;663;GLMP001;YvcHQjwiCXdkJDm;cCMKQXYlkFnYHqjZsFjrYOieBJeNfpzxZqjdkvCqHF;tjyDULXjQbENxzmvHWyxRVXPTmJMFP;CaRdKuHmQnaGgMFUcwofGvqNwOlaEcKQPAWKkMhe;8514
220014641;kVRFdF;000000000;ijywDTNPJZhivNAUlEAeWiNXbrXrqd;FJfqzrAnAfudEuUUvLRVpubuFEXKFncEUmZ;638;ZBQK002;EpvuwJgsmzqQnd;jzJj;GYaijVUqoiIZTKuWE;IHlnSdHZTLbbWQOSlRrnyFlq;40468
380004093;GVHbXX;490007622;DrEeurALljmsMFTVRcydNFYsQtlIQDn;gOuofMYYADODuKza;729;EQQP011;NESIINgldAcDspkMPiGib;RFPQZbmuZHaAAOuYcBrJBQqAahc;bmNSCDgCvVnqDaSnHgCStUQfvFLoVThlvCNvAwf;DdPgoQl;85926
740008149;hCHIWv;000000000;fqwgzjPuxkKhdb;VoGcmUfxTKb;395;JMPA006;ERipKJzkS;dnCvJqepqwbiAyRhyLVLHVaW;zeTyLprVebJUCqvZcMiiNjNQImaLbxQScaj;UtaVspBDmcBgvDMEtZbFQgMfMPINzGGYQch;3515
060004652;URDvYV;840005300;iDRjwbHazhXTcRlDaSloflnWecSXfJLWrKPh;edAkpsnIMOFuCSdTdOPVuNr;316;ACQK001;vMkiqtqhivNUdlvygiMLUhRQwOFTEptaNwAxbqXcUjA;gIzuAvzvDIliEbDqZzmPDZUFiQKOOFXOJUBcCLaHbYMI;kNY;KGuPizopOlPpfMdMcc;47662
250003506;PNtcfL;000000000;hQGzShUuVkPJAAdMUqzCBgCRwAmBBeoLLsxkf;XYzMalxfztdiFbJStbbgIcRZdCWDU;298;JNJD002;oiKUHvBOLpMTxKSulkUKrhXtpyrgUGLulHYbkgHWZITvuauOeFP;CoOltbMVpUmLjnsPfCWxulZBnZPwLSbwALHdkscPCY;YhfhMrQ;XUtdMQVVQmJLFAgtNHwrG;72868
550000400;OmYOWK;000000000;ctKiXcQRbfpzSDnIGCetoC;eCwIhhvjyUXRxQdvwaJHqjrge;920;ZCQH001;jzcCZzfAVbIvxXgbFvXXt;gtXlHDmRwApZ;SiLD;eEXFcnjMkmvVyRfdmRwaUBBGmdEXrrHFvMkNQoqXzToPINWhT;20400
770003853;xmfbTB;000000000;CAAdTKBOGLtfgAUobzZryOvu;ulcKEgaQJdVblegvnezmETZmkGdQf;155;ZZQX123;M;YnalDiuPHaDmphMEkzv;csAJmBitpxNlcZJsbDQM;SO;4337
090000373;IJHKOn;000000000;OvVEQdnDdMZuNKnFZqSscnIaOqKHLjanNBEPX;hvRsblVZDIQSKWROnRqGedYPpLUtgiiRxukBRzNyPfqm;619;EBGA001;gijeV;jHQauMxMWbYncXjmJmLGpSPZUVrjJDnRafGHHmaPFogpteyT;NPDplChGyZnP;lgMIBEhZBVCbzmxbSyclpZolVzGXpZAKnICvsmHCzca;92029
520003740;vdtwdf;000000000;nPxajCdQOkVzlAAjxeSWCVfDoTkCqnYWGLHUBobHwn;aIFpWRveatzl;931;DEQP003;XAgibvJCYGjCPjWIUGeEJaeENVYyVYQrdzQQCvhDpXEPbPcc;EBBXPMZbcYmgwSzMmSOqCZLDHI;wTn;ByeufOqItjoaquAibVKOJAmtsypGtnFCbkeGCPGsETqFnew;55691
030001275;jsFENl;000000000;PkZeOBrKtydPfAYe;bPjXJHQUUEKmhcMvZpdhuvmE;930;NGQK001;AJekVOIEbAFHrvGXIHcGTnKDvolsnHWUAqowIQfnvrpjlYQsymdp;Ijlum;aFPrjdDaVUQfARGmZHKGpIt;ObXccekRsHyAHtVbMDERSbGW;39343
670017342;gloOzS;000000000;kXNiIxGeXijPOC;VEvxJMbWuwNkPcdrpe;557;ZZLP025;vVQpuZxNvolqSxiYwnXOGRwADxVNFjxM;SuaDaEXyVGAfnBQBRCrGWtSnDUtDQkqABawYg;hYzQbuILUZFKuWHqYBngaVspasuNdkuCVbfc;ubzovfYpXnGaXRfNI;29798
350001509;nVhFTa;000000000;PqVjYznwqIcCnRgQmFaASHkBXPrHEWYPisohBGnj;HxkawOEeLDGNZCuq;318;ZZLP025;nlUDkSEbHf;acVmSOxRVXQIYKUa;VHAVXCWgwPdyxefoqhdETgLhUphSXf;otCNdVSSLvoYEMmORAvDnkTmuMziQJOwZietspnBSYjV;88502
250017712;XQNFwq;000000000;QLMcFzqFUNDXHxDpvPJDoOwjqjRbsDXrt;QtuJKtpVtsGsbPlLfjNEQWiQmNyVYSgPeIjFjINmTqBmPGdm;739;HZHE002;Fm;haHubCIgeCnnSXTPTlrJrlbvdZlnZbKjYVJmvC;DBEjhcxijpuZnhHNiglE;isHSemidxSnYYoDayYXAkBAMQNixqlINftlh;2039
760034686;aCaDTV;000000000;WNaID;RQOSOU;255;FELF011;jHpVQjySiLLjXiRUSzYNfU;pQrxglJsZLvYphNaHmrKGORJJoltM;OiMohbTdJwUSEMSxQUjmuKXzAPIMcYFyuNVSyBT;PfwIszkhPckvFrxkuivylczRckjaScNfmqygqBrlWkrdGMJYS;16446
470013236;BeoOmR;000000000;MI;KRdfzxGTIDAjVRtGdDIzBSuUuTzXTWSEAkvDscw;767;JVJF004;BAJUvcCONQotZVbveKNgCubJxOuJNkegvNYFEqXMEGD;shX;ZfjGIit;OcpjLieRIzXJExgZnEqBzEGJoysfwRULthNulUSUOqQYSp;15818
780027967;aUphgw;000000000;CkheqZgoMcsbgcFOQudZsieNOIlTmXtsRyHJMTFwkJ;NOuYumktADvASDGvdHFXeBlQpFXlbIvqOoKOqbihD;57;ZZQX069;ucFhOCozvVPjeqDkoWWtXP;bSQACocVavBtgLyoqqETXzn;NWiKfiPVOFUlt;impuELORLEXuDfJuYupaEfgdcAtcPoTNeULGzgyIzYH;57053
830000626;BecTrj;350026720;nGnOgpMfAYiWeJiorNCRomheNwNvoQvaLvaFGuZiVg;QwPKmNKyoq;447;FELF011;XqRhShPZECjBC;BKYrndSWglWKNMZ;NdtSpqrqvjWbcPQbKgIbEuQA;NuVdBpFNuiljLYJjdpjvOXzkMy;55063
180004517;IjNVqN;000000000;YOfPAadpJugZteOgSxoHQIXFLHUtwIbMbbZYdQgfBVyCuats;MxxWcoDVPdihWDdjjTJbtnOMjNcvyMLZew;753;JVJF004;cwvZXYjtWXaCPzRHZBZUJTuuAfTYaeAW;TbIIIAEkUZzFhhMAQhSwhKmiPl;XgndPxU;LPAjxWVlHeMpjWitkIsuMpPkimQzFRASeWWZOhoFOghUlozeM;29317
920017266;SLKPUq;000000000;npKGflcnxdNTzRIOBjpaBoraiYHBveJ;eosRozPuznSZUiGQHinIRpTWwcRSZkkFZqIQng;327;JVJF008;dVrnB;fDqyhaErSMQfOsBaMzBOdcnScezYJavzfeDawBHs;nWGysQwKNUQaGIuXMSzJDsCSdGkxlIBySfV;czkiLXRrtFnpCLpyeKsVboenpfSsDEkpSXbCNBK;88859
590005120;yEOgkL;000000000;aLZMrZZdOHOkcNuHrOKBAvpUIwoIMNuAqSWOTvWVosVaaqOBTk;ygmopsQAlFZGhxjIfvbRGyOxWPEcsJU;460;EBLA003;LYxPtKEgoPYslSJdmkupcrROXmrXzIjwoifEiOdubXdvmn;rgtXOErxTRpYMuWXPdAscDliqvJDprgyQpKZpz;nVnWcOhOwYrWSgVQUmdjGuysZTjmHr;ZbPAcwRonyDiCk;244
440048890;BWcyXd;220000319;pYnGurbpGpjPUgcv;tOAOhWiemVeHeHDiRxXHnxDxerHjee;906;ZZNL063;WSfCnZhuJMExSnofjvNfSWyrKjMrwRglPrgvCNacDyesNImbDY;AvoCyqyWNOgn;brQpDLG;ErhkYFLsukpWbNraFuFeGatXv;98953
280003310;oInTSH;000000000;itrAqRRnFcCuKwNjohWPDWkzUaDGwEO;HHNGZiApwaBghPpDyqLVPn;967;YYYY011;TnQCfAHojDjVzbPnRrzIFEXYDZMscfRBuTEy;MrEKKyXaZkgvf;CRAtOzsDjexKjZlJgMGlIEVCGfQzziWVpywiRrtxcpOC;QhAgYpuMGJHVvyvmkVjEYvJaqkANSHkF;81660
720001577;VyxvkR;000000000;iXFUQURMfOoNyYIAuLQtxHY;KGjZbiDUDvnvxSMKlYVKoimmVXquR;716;JVJF004;wjZGkaXlzDC;PQUWRdNBqsYIlenYTwaCMvppnPnhlTfPewZAgjAXrzhhQD;kPk;ZoAr;17290
620111534;OaDGbt;000000000;AmUkEZhoGrvnayseBgIzWMkGmqVfg;pntDfqMlhVuaALktSoYJwmrj;434;DKRP004;RBMbIwaDYqaFREjfyJppQzhcpevdpuVkliymexGfFNRFxKJPAEiV;WKgCpRbjbiqlpIvSb;rgklTQUmZREiXxwxRckajTXtk;AmeQ;44909
970402269;pEkvWj;000000000;uvGTghMEnYLgXXFsHqzLSVGNeXmy;xJrbG;868;JQQP001;RHHOeldWFCztdgRVajaWqelQvtZYCsM;GjLHzqqTeNfvadBxCYigUmoMoZbe;DLLQwxJgsqkHAYevUeC;KMvLoIyuc;32102
170005169;kbMptZ;000000000;pWTFihuGvIjAbJEluXgCguH;PjjzghnBWCMbgVdjkBvQznBcZCWmPEhhxMixOzhKESiYjTjeL;867;NAQK007;GTwY;roPsBTkweuZUk;RVriWuTmWhtyDwAEsDhCocaPSnPB;PfrIEzzSUpZWfHZvtdgxlyKloSniVSBZfDgDWjjrpWagD;80255
640009437;kAaunl;000000000;jftxxfZikBkgIKjCKKnvhiCi;SGdGFRDRYudAvAFj;150;ANMP001;GEXxmQTBBpVvKrhWjagubWfVljrDtfkIblF;wKMNXmqtZVnYwvjazwyRlIaBHSwxdNcFDgaPgBPq;wJAkfoeYMrqsIURMirIcgRSRtSokwsR;FXpZvggKPVqEMcpiyCKo;52440
060019429;uccvsx;000000000;gsMusBCfebZOhslWVXUalxstQIwSxZTfEYkWtWPYmI;fWzgAGrqfADfvGzTKaUkmJNSSTwNKatgMAQWDjDbZ;22;ZZML003;QaEmSRsJJDpmvOEzlbSQHUxBGQSppHvqMlaxhOpgRRuf;pjRsqNmDpUkqTJybdftsduZVwhZIKvQWADWRoyRcEa;voYKnocHkQJaszUOUiCg;lIXxpGjFMthQeVRWNvJbTrTxEdIKQhlxMVeIzOXNDxLywCBCPMIg;65922
350005872;CnSWjR;000000000;GS;LXqPKrllNilnCDyGcqQw;953;JVJF004;eqZnFtouZGejcwvAuxWuEYXyzxVitHLMjfGjmnWunXGlujX;vDprigbxxVaxmxLZIFZnIeoDAAICvwaxRxnr;wrjmfZdwfDaLKLkBdQgWSEplyIHWlXRisWNXBRusDQhE;uXRVPLUiYNvrTzrzEjYCANTDIbIEjKXIyBV;99751
350015046;tmxOXp;000000000;mVATRtBmRDSZhNXKzAIyScxwTbTLGrIbalSn;YruRpRzJIvJaFTnxxjpaKbAwUtMwOipgIXXSgqLSrpAE;978;JANE002;ovIvUxTUxTNrRdltAW;fhFMsFQM;wreiHrtrjOcqdKHqXiYFTTcJDAJyhMjvYayjFWENCt;SUGzfq;16035
130028996;HfjUEY;000000000;gWSIoxqmiIMwSBcaFigZvpPibmrDCqMeTALuPEL;TYyuYtuFbWwDfXBLTbfUCSo;55;DEQP007;NIrZaOcyClnbIEGrwmoJUORUDcWuGYbtNPFiZsWoZZHv;YNTMwkvUnCkJxSGNEEnCFwtnQHlTdDcCWscypkUdgkpEGlyn;s;hEzPfVhnxrmaWoiCdnsYyDKHGAR;12077
600009153;eNndEh;000000000;SpzUcZnmTdoKTaTTVxDedgUwLRD;wzlBUMvKdQMZnwbVbefGPtJoQvu;505;HFMC008;zlfxahMTmiSOnH;IB;azrNKKQbsmckQ;icUDNcKMWEnGpmvivuxtZwdJqOsKyz;97222
220000772;eqFPQp;260006051;vJFdoPJHmcyiunCxsfGOhuyHZrXScfUVCyVkm;gNuvEBiFQGy;107;JVJF008;UlpENsKSVUMhojJZufmJFzYkhUtnWI;oXxZaByHQBi;BhhRGzVnOwjkBawdYgpegKovulPjFHGHXZYOKMGJ;ybQBBCbwVnakMhQbebMjugkzMJDLjmVwTOhnJRXQNS;6417
800016800;tIhhpG;000000000;xRdNIYFVMjtpfzFYZdmLynBKh;SouaKenyvmPxtSbChcnWiDDxZe;766;JVJF004;jJmNJhGEK;PUaaZnAciCfZpMsrdvoNNajhjUtkQIIjETdCRkv;OugHjuhahroKoxTTSyQbtaDEqfUdHwpXrCToEVyGakP;KujvlAHREEkjqDBnAGklRdfNKrpIdqdFrUVhobIfg;28654
750822918;lrTUtk;000000000;rg;SNoMnHgmdUzCJgm;740;ZBQH001;lZZdyjFxZP;AzWYDDOtwVlYgXunAtmYXhcXQBBmlhqRJyhcjdryULKTPgPg;jiFJratkChvm;uoGzBetmpQZLGwrVxmpCAC;80867
460005226;oMIyhO;000000000;szQRWfwIJEMOrmBGDQzISD;sXnyRSBKPnKWWHFWLZaJoxmjmErQqAcWzm;798;JVJF008;ffGVfMrNNTNwyIeuicHzCIVjxombKUdOGGHmsoJ;taMYXctNYUgIPgsRiTKKmVgpVnWaOCPBaScIoNMPE;sucSSXXpTfRpoJXUU;bDpTKDomMaEzIUSZhPcoKpxPjeK;90860
630002814;sxrJWd;780805669;Nk;lnMGmQXUohazccKoRcxZzcnEJveKLLhhJrdOyqZpYqMDZECowUL;32;EQQP011;jzzNPxMgUHZApsfKWBrgJDdnQbT;gUkYxSHMu;GGsqWnzXtXNbKbICEjV;CTFopQugOIkkWJsfIXCGSDvtWKFTgNOG;9052
320783764;VZSRNe;710002361;TxindTJ;wuHFvxKEzjPsGSRBKRtumD;729;BELB001;OWetKvxSKzNvFDHKhkOzZJSvSvxIfJHcrqqnQXfPSolNsxCwxPR;bXMjIKHzxpUCBZuzIAGQ;SlFcYuoj;raZvHtOSIbvBgZViDLgnSxWpTwGMP;87407
500001680;miMsyW;000000000;EErmlqChwDoPxGtcwDGEzXgwVufDJp;rsAlrsVBnpRXuXwJaCVhJNzsdnff;111;ZBQK002;pxCjrxHVCZEkrxMDpggOoxxwwFYWZwiUHojJgFQJQy;VwWhiWsKsiEJDmfCjYPzKBdYNFeOdCgedCgalXoiuSonYHgwyE;MRidixE;IVcm;88558
270001233;BWqIHK;000000000;CiYgojlBWtoFvF;mSMMMLUFQi;950;DZQM005;hAkOJhQET;wHyKWujitBCxouIYSAOIluiEPMqycVkavwvydEJEg;zpglqQP;fb;25094
440032357;Loyxkw;000000000;lKiNRyhrwgjyvmUDvowrfQOMKV;eCuKNDpCfXmtJNSadzaqy;930;QBFA007;kChxqEYYQvHBsOivQRKFHLWWydvFgNZkCaBeM;pMdjjskLlCDOvdQJjZjqpGErVFnBmR;xSVkJBKYHjrTkJOzrdVYtmOkevbybqsdbOPTKAoQUDfZEkmZIWSA;DUoVOanD;77705
370006355;PJYKzL;000000000;VypmfAAtJRhCCXEbtcj;eTMGmJcVEPJHUhKLnfWlWiNHegcHEBvkOnmOExLZYAhRKesl;890;ZBQK002;zLHfeELyHsxDUxYJqLGLAsjZpHBgA;veUaUdviTcZaNEdXXXwLfwH;dOJuHAihopFfwenoomhGaAp;xEeCDWQrTmFvrGkmQgWMkelrRrfdWbtXAxqXrtJkpKlN;31959
2A0000170;tJthQx;000000000;nbFBeREv;HaYikeFBWcnN;363;ACQK001;AYczHduPlyFDYKKKYQgrWYjHsKOgDmZIBhFHKRtUWmCpFKejG;AJUuqyR;TeqPYPgpMKXdMryJmbksioxKmKnZExsejKDqAgLVFusOKyB;GAyvPxmLXQzdFzsDtBKBUVzThAlX;10155
330005091;kLEPIj;000000000;cr;oOwvGhusQkUPfsvVBmvqmaCGBRMWNRtcxPoF;740;ZCQM011;lzYyCiLKGHUFFMTwZvmfVWcDrHuqvBCzW;IunqgfoesyZAsVmEPysNMqFiNOI;wTRUAafCcHzTUUrWJhU;EHSDJWUYmXUWwbfemFZGCm;32568
310014303;tLQyDp;000000000;ZupCfUZAbbnXAwGOKJtInNb;uracNeLquAlBopIJZjqKxFqwVOqJxaFvFvaAVaaQIxOgmPjkzF;717;ZZNL014;TuIFMuxtTqo;AsIBhTjyGVaieMDwihvCmYGySKKlvSvFNwSrbQeySsWi;POLbqYfiIMEeyKMjFHpqPSsIzsKWwkuxBH;rQTVqpFENTdZpkOBjPltvpreypvrIsUhRuDlqNSjyYUWAIInZB;66487
600004295;vVpqjY;930001474;GkoWfXUlq;safWReCyGNicSXQdt;943;JVJF008;PmfbpL;txxLvAbTZky;p;vPzdMVOTxAfGTmoyOQXJfbamzhm;61291
710013574;vRogoy;000000000;WFvDfBuXQlhcRKMVGoJOlsIRbSyMhBbWsI;pHwsFYtqn;230;YYYY600;DPo;wawlGMoyeZcRLCPwIsbrwogdxncFTzIRVpPyfnWKyTpdLXtFAmOe;BLVOyqQpYRhKLUjEkdSeIJwHQLEhGXL;EczazzmOend;41503
190011957;QuBRsA;000000000;NzMxdzoyZjAgptNZHvjWrjhcyQuflIohzKvM;AsdEfrpWPyCSfjhrrosELbgDbYrExPoGgcElojrmYHfWyhMw;329;JVJF008;kQuSrMQjZocKwiNzaxmJuZ;iJRGCLvLr;epVkQnytRHDKIdzTAvIgHZlhZVnCZe;oavWnhlmYWPzpcvKZDShbBLIXpxAslMfDSYxQLsMTzRBiZuL;92783
300018058;ptdfre;000000000;NZpLLAck;PEnTKhMXiWPcDEgCKOsyJsUDzAjo;306;JVJF004;iwVcwyPXPeZjTrEbRtfwogFCycttsGZOWykXqfb;l;EPlwINfLxQzcurGuFOrxmulfZyfNQYetXvONILYhQWJMBjLcvh;bxrFppwUCaZucZfkANb;48300
490010196;gKbYdk;000000000;fNqRxvKBcNSudYgVMuhWqUIyNShBCUSuEcYpHENxWHPcCfIdv;cqVqejIVEaCKpdGWNzlaDlXCPpsN;29;JVJF008;hYfhq;hHWEupNoNAcLfDWMLzLzCZnuUNDOQdmJRcIOEFDsGHbdcdiW;Tqav;aPDsurcFisrcEWcc;86617
330051459;EclIoY;000000000;PgmIkwip;cHUwMteQDkKQaMGcuUiEsUfMHzJlmJZxOKkOmqWA;752;EQQM006;QgMNEmvQVaracQWRAjRdwpFBNxgtYzqOLxyPifeAOApCKXH;KpBUznjALOcaAotXhJKzRfwGyPDFNpOrUgVUSxsdVduCyGNKr;tGSADDCgfGQVzPilAcSzcIsYoCaIjhzGjeVpkBpSAcLdKEXMu;zdhfzZrHWDiasHlR;83535
180002123;nBTuTu;000000000;iLjiumyTdhZU;bM;90;EJQM003;xFayTYpUNtsLBDqZRKmowwstpgSheoqVJtmoqICXqzTrPAIm;GFwwU;bdeBIHYdWNgrfCo;RFBBuGRBuE;39027
440007227;wMnrnE;000000000;nVvqAwVWyaUmdjxaMgvVGb;hpoBVZDCjZCbBpjLJAVDNsZEErACjbEFPzhXAd;358;JVJF004;RrnpnurizFzzJsgfdyIKEnVePwTOpK;iOreuogXqApTYFxBCrpcmr;owIKOkirEhRznzqgfhvxuFtuHTzawjlOxcRKtfBVWqrIvb;afjxQxoWRZctNrY;98094
750052276;ZTwfDQ;000000000;fLpOAnPcNIsjoCZZpYfZBOYatnZFV;ZyhJDMTIVCelbJIXFrQQvbRJBFTDTZVTdPRfePEoXdDpnKFMzbT;385;ZZQK002;rrdfJCyHoHerhZujshyHZCYIZzclnnW;lfaOCuBjZsLVUXZWXH;A;I;22830
490001393;tdlOSK;000000000;xChapJGzsunRfnjvNyGCFUOFiQDmhmQAAoMJNjdBuS;BmUfHtQdIZGsWkArnpPFvSmdjbsPZflkVZiNkzUQWgDOV;754;NGQK001;GuxVpRyhfqdijrBhnAHIqvNweKerUIkKQCRTJhWnhwqBVe;OVwlKLEySiQxgwKYaOxaLOVwXIbdWkoBGfg;tKsJSTqznzZFgvzeOFbYryHIUCZaOpTXZzZC;RnaZYOZbxUpztkxQCynafkuoxvnxXfcN;65140
800007015;ITkfrw;000000000;hZqdjgzDOKuDnuIfeslvYFtF;lyoiUqcVmdaEZAIXgJVEpOKFEPg;804;GLQP002;BTlBEJE;VLZqvguFpkxRvQxwqUtXZXDyXxtDAie;BgdPOVldAoJFkZoEaRhluyIJYB;sLZiDgPIvOfcGvzpOUfLmSrJvgHK;24741
750050114;XZJEXl;000000000;svIXLlWjjaGMkmDWnEFUFtLzCwlJjEzr;TukhrBpiAfUQyOUrKPJP;680;YYYY190;VsUJYDwyZIx;AgKtuGdKn;POrHvIWbvJcKrBuaOlaWtJwOHrSvPaK;OmkjhnHSCGibvEFJqb;1382
930026109;XoWNDM;780000329;YkSvYjaEHRfyg;hFeJsqD;784;DEQP003;nSmYehZbnaVRajCrAuYokzkXelDoobQcnANRrjtQxqhauBPwZm;QnthmGfRlLgagRSagyiukrP;LEeCoCYLOImLpudSiOhUFYHOsaQVsCATemfQEWi;YPfkOXMTtNMGzCFtHqZZeTPTqtWlWGxK;3766
350037669;ysSvji;000000000;kYixpbjujyOWCsTaMNj;jQzINDmnmRKXJyTZRzXPENPqKPXEIxyIsGVaC;822;JVJF004;SQHrbffMdhNfLaopfntWUcCayhtgicGfVQhmXLo;vEEVOTVLIHJYKhwyrfqQFKrMaP;sAdqkcPawKCRYUrq;CepStYsspMFcHVV;64720
690046255;lWPPKk;000000000;bUttoqdddvzXUfNGkuNRTlWilUzEqsjRvDySCWuUlsPDG;GWyfZA;673;ACQH003;bHL;SYlJytnFfT;QeqBWygzPXwkiHznWyzjJDrThzLvKrlsaLv;jAAXsSOdkhMMpMtmYkEoDOZ;13300
130782634;xeJiLc;000000000;EBnNlPhLNBFwbhQAhADeSnZbLHMvpLEkYb;vNX;772;NFLA001;IlIREhOMjSHBcCbYDhR;lPFlSrnsz;CTEKnzQIataMWwIhg;ITWjtbKQBxxoQoZfjyflPFLRFsOWq;22372
170020135;NqdKAX;000000000;giwXnz;BoBLTGFnyvrOsqlBSLZZKIAspatjuOozicbVuGOvcT;153;HSLF003;DdreoRUlzAlXiIjLOrCAYJliBZFbtGASFEo;EHilpmcNHCUYByVRyUZOVWBSASVUqdPoKGFAa;BfwLokQRUEnzqaYGOwkxoSzzbzzIW;hGIYstgFDHpuNvEEtDljMUWWWgVrnUcGUNGTykswmTCLDL;16950
680009354;CQSFFO;000000000;FkhxDDQQjiWOseOcvpkPHLjCuIzNdMeaLNdfTUfp;lzgcdOHqXdoyt;539;JVRP004;AlNNphkqqNBBTiMDHdSrTFYhnCZwTkkpslkiKNeUDGPavUNQSMX;NeIupZUkQoxEQhLHPfUFNNNbvPvWupWYDaREoZmWIjuXu;oKKzo;uEIBAeWkcvDOVgTPQ;74366
620000976;ZYptDY;000000000;ZAnANOoDOYWftyLlXXUwUbIaTronBaVZQxRmDPRNwEEDl;NuEQixLHtWjOPKRQzzFgqikVnbCTpwFuKMFsKqjZC;562;EQLF003;qXDacdeqajKblLjrlgsMfHGBbFVE;FEOnaamqXnbEFz;IbAAbMFhZcBHPlexFryEcopYzwQstVzeBeWOvpIYHaY;wlbsKENSQMJHsERyxOBcwSKnsi;35361
590010260;aDjkDH;000000000;YvNuAyx;RnzqvEkrlUZroMkeEdEjcQFZeBLubuWUo;690;JVJF004;ZLNIrhQpseTadeYfAgsuLZebLuVnthf;rLJ;lkyviAyhNTjfqGPgGxCWgkOQPHFIB;qJBqzJPdoXcIbghcVsAtFFNnyKUDfuFicxgngQnTdozOMAr;64633
590039830;vxDysS;000000000;UPvGvvkGksNJEPXrUqAZnqPdjlljxeBtR;onCVzehNQkltYnogoNYtrVvDXXgazroWHHFILq;403;YYYY015;hHLsUKJWzRORMiGkqGCGyhRVvQDkWcdAmqlTouEwLf;LGkvBMDDvfJrDXjJSVBoSqsuMWrRJNcJqtpnyKpZuPfVzqwA;fVxQqvkkeFMvfTNEpmuwtINQiClS;mYrEiNBBKdhAwTobkRuvhvNYDzxNzHeY;19692
370015125;buzPNT;000000000;jhFbyrGYpvbldDBbsZCWOaSLiDFCaxRdCoFrjdgB;voYKZoVWruCPrtxOfWArbUIyFUKbBAIqQcbSdIPqgLfpZeawP;277;DDQH009;VdhIiObfXcKurgTjjthzmKCRyEIWVzzNulUcmVMGVEBVvMey;fRWXowqhnyJbkYWgvnojchbFmQAhjelC;SMrdZerckfuePvhrqWMbSWt;eTVunJxrqDNBvtMJkt;12653
780027603;HTTsFf;000000000;FCvBfWUUPFptfCMgxIUnfSaxfuHQtopzZmpTYFAMTaTCPzXKEGB;hJZtAUhlMlqLpUcHlnFFSgeohDSGUUOgcJLWzfTDjl;92;GLLD017;SBnBbCAtEWaaFfZnRoCQJTvyUmMGgnBtxExEtDC;eEQKNXvyCyOFMeNt;RsvJFguYCuFEKQJAntAqXB;GiJpViooyGWEMOVKfVOWgdER;23813
090002148;riPlyS;000000000;yPVcLbUCoHcwfusLQlqabtBTCHJwhTPYAZqPAfvSdv;JSinZxCPUYxoOvESXuNUKUSORlkXYyo;337;GELD005;dfuRDlcVkQvVuuPEVYUuesKyUJvgxqZUjF;yQzumUeaFJVxGqacHEJGOGysfURoDaZsEAjpBS;MVkIQrDYWYPuFUmFKMxrzs;WWbDqDoLoYACyTZgRbGEeP;22878
450021894;zOTxeY;850021072;EiTtjmLZRrpjounnjjyvGvTCKkTxiXttekPW;PfwpbTjQefwJhOmTEqj;918;JJFC003;VGFnNOaoylZyJrALyxUiXdKkvAyFtcLutSpILpagErRFd;RUKwWNOZeSfWZeFKVJfqgCqTxHQrfRPZPKsucTa;KyLNInNDhujIRPPUHTafoeOAnbnRuDPUmjfFvSVrJZVPqzeCHL;C;34694
800014078;jJHbNP;570005496;YEBcRcwEQJjsYFtnxchcYHgVGfxnC;KUgMtDFQ;986;JVJF004;OMBIgYQNSdCkcdwygSFnIOHSgvGJYeRa;HRfMub;ZzYzvlAHuTAvHmVthaEUvHDyYFVf;KTcVaEuYhimqBYQGLjoRZwftSmzMsUuLrgEutpISEKMW;10347
560018855;heDpQu;000000000;xlIeOUvKRkQtigtklOfS;inxXLzyQktGwzSUcDncdOmVZQVXmpchLZuRUwmuwd;699;ZCQM010;VHIrmSkAUrWxdPIyYNmTNBlpzNflcpfrJhgHEJtYGptBSLXHO;XAemkAAYslSTJdIskMsiWcJrDmqvzemrYN;LDnZrHfUpazHPocOoxxwUBOcHxI;SzpMZJhfdQPpGxPGTmorJPtpLUHUYqPhuLYWaNsyIHMW;83695
970430898;kNNdmN;000000000;rsEUhpnNlytrPTvfMdYykFvWLMbTVxnXeUFGkFjsXlENsSBr;jyBwXMxMnCbuzhHAllCnbBiE;613;JVJF008;mKEFBaBibdLHziJyDoIslWEStBFbTTlFxawwVuSN;ADjSYNzA;MXRVVaTqrQBXItjVmX;KOuURuWVYJcjNhujIhcoAqNKkKjmZjvrTZerMvwkzlsdHLmirB;15120
970404497;qDKFVx;610005290;yS;VmKjrqJMXoKbwMeQvkqwCLDJGLjTbXAERb;28;ZBQK002;GHTqDQTSxLKjMRMBkxrBPeJyYDPdWw;sFvQezCgDpkeJoxPYlusFrKYttdUEtLn;FZqnPQQpnbKwlpsOOphVRajHNMhLRZC;EPEUzrOgFQy;98856
690036785;iTZOSD;000000000;uE;ROYrKxxjegULAGqqLHhyGvrDIsWswqdb;322;JVJF004;cAbiOYKjaMQVRAxqcZZyWMlJDlVTErFQIKfecyYWJAsLPJZN;EVgeZZKmWgvCOwZasVUyfBDPKBOBCbYdha;ijhwyJJIyahTnXzNgyGuRFlZGYMManrLqQ;quGlnROmUyMgzRupHZDzWH;61319
590797932;WYILZd;000000000;KQTCKwYKhEWdQCRPopiQyoNBaaVAA;xqkUtWhLLmjZlLSauOKZAWYAgETiLlMgU;425;HZHE002;KjDmQWJwihhinvcKgPNcZ;DELSkIUeUcXnukgpzzFSuJOPNKLC;elKrtUNnoflHDFgePBfC;eymaGwGGMGFSlosGpIwDxczuopNDqSQyorNzkmmNcc;89007
590815965;CBcIEs;000000000;gaOuMCiuhwpDiXqjSHenCIldTc;KwtgZasRKCcTcjSNCPjjmDOAknoGgFszkEwKXLGCCGFbFXhy;606;ZFQP003;RiLFuEDCvIOfokSYLkbvbgQV;LVYNvktTCTjaBoitNA;WvkxWnRrqmNWIyHjgsO;gUPYokkwgQXwbCibzSGGt;71272
420008732;UqnWCY;000000000;vHmdnfQXIhoAEokxaepNipsvvtNAqDUIkHm;JeEZYfDDTrRqHc;15;HBGD044;GCvQw;ztbFuQtjvzAPofnqAaVByPAhzwgIMJYBeReJxu;OPMQJhtoiWWageUEBNrKpTY;ICwnrNKGqPnnkgGofCPEYsWxITRcOj;83220
490534773;ooKlnz;000000000;TSLOoZQhnYZLvvWOAwqHQvIKLgFvQLogvbWRFscaw;TsIqgYeezsSXzih;979;DGQM001;ihBgcbYqmUkvnCvKqNIEQAUaItQ;hTOqVHvrusVYHVzXrQYAqwIwvMTjFOyUPVFnnyicTet;TKYYkepPcdsJpiRqtJZRGMfvrVmXuYLEigRaBLRNhDHWpalkqPb;hcvqoxAXJHUOyVXPXXqrsbHlZYQgGUOQtWzaCVTsnglBHCqg;21569
330026899;mampDu;000000000;YtSqBpHO;NcXiRBpNhN;447;JVJF004;jLnTEeWqLOBcOtFeKMUUTlJaHgfJzc;YRhUDESuoFBgVMdvvGhrReslIrZXYskQxfYnPRR;DvA;EVyxMtOxrwNquNhHMZtFtpZfOLtnraRpmBBDbzONHeX;70928
750053480;zNLwjx;000000000;eAWNhhjkvSIUuxyBxafMIB;ZrAkkwmTTFlsTkQdYqgFTOMNIHAyx;743;GCQE001;bvjvUxzVTUlJcRjeSpNMaMKbxwjStQkUxWL;BCfczAhJLEuZfDWEJgJoVDuNMft;oaiWZHmpIPxjwLYtJyyLLNCBKhyMsKHukyftLQhqRCgvNWdVJ;mJiDkXjHrjFVVTPjeJjeMDbdsRcRsopvdOrvI;92581
290009463;eRLgnB;000000000;RZsLTPQTLsiHWEHzRsH;MR;823;LBGA139;JMCQwjvvDrDvOMPSwJAWmtmnVOiQZzEcXvEby;XVyrcwaNRWqjJVzUCOf;WuXzHacsPYDUMqWccktLEVimdCrzkornjWmaJB;iypXGMXmpdrDpUIpAVPgPblhJHlsKkaeedjWqnhwK;80719
130029762;FrVddf;000000000;HHOdBaUUXJFnVQxRdIcVWhjrl;VNgslPxNQudDLztRBEsfDmkrXFCsH;940;MDEA002;tmwqCsLjgx;eFxaznKazVmwPwfGkZGREYtwx;vGBPWzesVeFBzMQvyYoQPvVgGY;bEAsiwmVbxrkfEUmRTMjAkcjNNphuScSycVKNLySCVm;31927
140000746;PkZLmY;030001036;RTNNfijOO;AuACxwuXgPmKHntHzLnw;138;DEQP003;ioANArwFxpZCUDymusWLorgRlytuytYe;sQtlGEnlSalExabExPwaGrKhYwNy;MrFDsnmmTuntpIhsR;RntSCZEdxUOQunCZRPjsFOIpMvWQ;90523
810001503;CXkxMT;760791186;FnmkDJcABkiALcHcCodxFAsCipjnCoIFKWuoc;DqockPcoVBcWEwghRRmMsFVgTOnhpstwaTaBsWOFqIArGAMYGCN;451;GLLD019;jeVWuMpLjMwcRGkLKkgMExzb;oBbXpGNlNFdODeXivypcq;tjqBOtrWljpGCzjD;QRCyhIaaoGMMAxGpyAbWCANqxjVMz;42739
050005586;eiIWzr;410001176;qREkQFAKSbfJAfYOyicSMzJZ;JyDlAmfQAHBWUITIcoRjLmiIUervYXuPIqgE;227;HHQE002;dYArHMuwkQOzaEsuoTiUKEM;GkuheX;dGXHoUbthDNhzgNsLoGcDtPQawiibVt;tuhgbVcsSGcVcOSFjIIawoaeqDHhfbVACPlSJ;81971
670015478;oMSSVn;000000000;QXyWMjkwGGfpdGVwrrmNKCyLwcBujOnfgFtXprhMmYHvbi;iUPcEzgLxcGPacIWXpM;234;AHQJ021;QmsAmjgwiomZ;Wg;rsnFf;msMHTWMKJPIXZmOOXpwjvrNOTTTMBSXNk;83578
580002459;enPtmw;000000000;DNpvqYCTEWxNyKvgXZXZdeHWOlLzqXcWjzHVLhPofyy;imiRWsTBMBrxXGDTTpCYrNZvENHbKyHywoJ;302;HSLD001;ylTgNLLX;TNJaomSohnmBDyQgFtigcLGCpAmfvmdZSlMZxUFfCtbvGm;erqUOXctccIhElnusoeFFTdOhXLvxHpQVEXGZm;kgbPMMtVdtGCYZNciBvzgeFmkrwkjWoULWlfdaXnytNFMnbGv;59119
970411013;CqPYuY;410004402;gWNixhMDJXGBwjLyiifLCRHBHhbVTOsgfxQWb;LJcneyRwmZLHX;100;ZCQM008;wIii;tESctNcyPRtKelMpRBwecjXZHEVumtbaVeJ;tACMVbYCVArhIMPbZAeSAnbukEfRTlsoAZbtIC;dUFRzgdPZruuIcQJDmAs;36612
870009586;jaXixv;000000000;DLPDaPZeLYydiAckiCxqSgRwRafozaYDVdLVgXCoxmk;SoZbawNfaxWbPoBdqwJXQVuZddjVuqDccYjxITBJPJNxQRP;62;JVJF004;yrtoLoIOBazWUCQQQSPuGnPRVKiNDZSNSRgOBQTMGdrx;ZKchJHMNRTSzGoKDKeYVbaTbfFekPF;HLyNFQFaMFJCCYJEsStQuJwTWJgFnSyQcWTHltj;rWU;49383
070006697;CNOCKN;000000000;aGmoRYdqlRa;G;479;EECA008;HasRcVZaZHIFwIBZplrZwYjwB;QloCOVrylNLuyjdFpjcOB;YHqzJcPWkXCcsart;KnIavBJDTnxUnZneqhJbWWjgmFGVnhMjpFS;36527
060001351;NvkSef;330025099;myYcFSqGraGqccYSoCN;qHnSdmdTrVsvqQxdEHwOflflqc;382;ZBQK002;mUVGemmxFHstgVnmdIyZCCdeuSQNHlojFbmdMFV;hPMfPXZMRwihSGQRRCSozNouCpPvSGLrjOuIVM;Grdr;iDRFyHJXvXojFvpvRJenxGlNeyOUMRWvWivjQPfWWGFa;79877
030785323;xRauSy;000000000;TetwSqDEGXgeoXelCxURLBQeemCvBFDjiy;LOVWgpOdjjlXdAqkHhDOZiINJqaXVFZheaesIB;917;HHQX005;vuf;EIXW;nZQdMFhtwekaBrJwJmtgFVSxBTflvMC;pDUWZlREdlZngMRttDENUuhMEsJGzjYbQiqeg;55736
650003494;UFuRda;000000000;ZfHPtrMfkEimEdwuITRrWdH;RaVdecKwnbNMLZdTQYiVBQbSjltMNmOQeVttDyyWSy;847;JVJF004;woeTmKgkhhBnbLCZonQHBgUpGxokDgoFpPtXYJNj;qnCKjGfNHm;X;AxnencTYcdNucta;4654
970209136;zWTfld;000000000;DMDxVQgMEAkHN;fLP;767;EBGA001;MAAgGIHHTGylFRSzvxthXzRTULn;MDCvQbTcgXzljoPUXboM;rLHRBixBGoeJSIlcmSNkIXcivwIbxtVh;IWwGwPbUiDy;73754
300001088;NsXhzb;000000000;LlmAKqcrbChKtzWaoGQWmsfRjwHNDdBzhgYuvg;c;633;DEQP007;zJzdSabsSVOvPapbTdxJjkoiPaLgoYYxDduPJFB;KAikNCkrC;qIQCTrCJzvTQvwxEjSnkxtaKkGSTFFqNTYiuaRsHADfIReFYsK;RoePlzsiqi;84156
780011458;NbwQcY;000000000;AHdXDeKeDYKBMjAxMJCHfCokIXegJGugnEalNIhmSKJ;qNwMxMRvlHAMAXVXqtNPUQ;228;LDQK002;GXhhJyJTTfoGLFiUsZOMKWYBHttqxdhwbgB;gJUDmeXEdUfsEVIGCqiOBNIXkKUtlbbzdfKSalJLHOXRz;knacVcbRLI;JTO;52166
710970963;XhrHPV;000000000;jjCXhuHmsDhQvnwEFQTo;NrenhyJMRs;704;ZCQH001;tjqEqnDVNGVKTySWbvgJ;uJefjDmJxXCkgEsmfqgXFoQAGijhHIsilehyDpqeIYsxpcqrpc;NaJlzzsPTmAFBEobbRtTMeY;qvpoutLmPpKnTsapzywUtlZHsoZAkRBKE;62005
440003150;dGuMGH;000000000;tRnQojsQJYHwobD;hoKIYKSIoeHN;695;BHGA004;gdyMaDHZkVmafdtFMSWPwAQmekcVDUc;PZGouRpOAAvHYYnIzjCRlyOPPkOCSvOkqZPhXGi;gJgBKlQbgTaHdESijgZB;cnBoORN;13491
920002813;kKvcEa;000000000;nNXArgsnSGlfqflO;roYaGwdOC;600;AHPA009;EQKm;AOkcAkeinSpqHRFucLZPf;vkJUjPUcagPUTEmwkzhJzDmMehIwpSto;QZYraViRirFBKuPYPWLtwNIYEEHqqoIaZUwnzeETjcvRriuLtYRW;86711
910015452;jMXpmb;000000000;wderQerEOkOElBAt;wLbjaCQTLwpJrixLtnWIHxYsm;762;YYYY001;wMyaxrvWfkglotdKihSEsFPlU;xyFGCDbwbEQqNnICWttqjaskj;UUNvaIRPZprnkuWLnPdAGuBGMIe;JQvyaawcONTsibRtEERMBDANIwtsVedGwkNzbaZgO;83977
910009315;SGwLWb;000000000;LqdPrfdejEUWsBFLHHqmhTDsSsPgaeGiFlRUkqBVTLhgNfXmRY;mpibgRoSFCtlUsFIhN;244;HSLD002;yLYKfaqUukPIIRQmnirwtsmtdTJwNazwXauIgtFI;DsOPQ;vDRfmkmWACksdbCpqKqrEFJAsWLbhpdbRxzZj;awiRQCtacrMhSKybtLbi;54042
300003852;jzELdC;000000000;PlrnwIQUkLzSwbkijUPPGYiNRAPtIoWqFJzOLlntwZwZdVIxiiY;bpBygzfrWveEnZlSMFDASnxCZKTzaQ;928;HBED028;JCgnaZLEZVlnhO;OFCQgnMUaNayEGWeFksFtvOIayivFrYXXyf;Jf;ISYlFTSgyD;11754
760013391;xvoGEy;000000000;cQccfHnDMvJXQUvielCCDpeEfXyzPdfUvBpmqrNnVAHMn;EHTOFwqKVDBDyDMXseUDQAORsE;543;JVJF004;WzSubnBRDdrYMmiDauZLBuvZiMHJmlCXldwxvOpcAfPsm;GoZuubryENaBNvNeLHlampjxcKkSCaTJQUWCPyptv;HwtdjplwAAEFFHrxmMBWrdVNwMNextlPWRQfUekfzucdXNZ;cRknvlPMdgwJBywbfttnqGReZwMAionjeRupUE;40723
610002008;lIXRox;000000000;FEpPnJMmxkrkklTWxehOpTgRqxRXttV;dYUZgdKCHZUqPGtbyjkUeJGPrVhQvWgeqsfqcnWrXOPfpVDVoVJA;671;ANMP001;DSdynBxgiHEBO;FslpwszJjyBSXWLetdamZdhQIKXHVmkzxj;NDyfpgzgjQlOxxhpCvmttkYtupMH;igJRororSwMBYRqotSNVZzmjRGmrGdcst;12609
460786940;pZaVxy;000000000;eIFcabOpqztjMMDtLQBDvOvWPaPod;cVaWdLxlaMVfMqQ;445;ACQJ002;WdsdRdcRhUGCbVWLyyTSIhIZIAlv;TsKlAnXUzbtDbdtuoXUEXSTUAbqKdykNmdJBFkngFpyHLi;YFWOHTgjgmgLAIENZdZpZUUmuKDnjCaSrIqnbUMhbcFmHsODIgr;isVFwozfBCdEhUdcbwUtywWzFytrksDSGpYf;87885
800001323;XdjYvD;000000000;xGwPguBxHiKuGvUtEQBVfGvN;uoYnYqkSzKpxbJoMPHgevYZWWSvpq;407;DEQP007;ltKhvkgdRDzxWjJlDxHRVOGwrwPwtsRyGXEcjIRstgeyEBMMg;FQiPyntbfaNsYHjjRgOaZiDKTUYLPmyFbUiyXQfTkTSIo;QWpXWaNzKuCMEVhhGPRaMnrFJvyeQIFnRweMOLblVIwfwAQc;ipgfOcidQdCMWSQxjYhGvWQerRRdTxnkvhlmaWbnLAZNApHEwZh;59808
780000980;NFbWfD;000000000;FFpBAmJrOQTHFTVDhVEqKpFCCnnbOpkWIIe;bba;635;JVJF004;GgleMalVoNhGtfyHYTjnmPNSOgldJKiVIWcWTVsEKyP;aHJHDVjWsolaiOMzMFSvrqjJZjGVYEP;rjttoepsvMxFkJNRlJPX;okCWZEvBzlrTy;20073
920010006;paYsEm;000000000;oTABhpLSEJxloih;qjIbXNCweoe;608;JVJF008;yjfJaCPJRxUFIkQhUNku;LpjtOcNlH;FpSWoMfaCXFaUDGl;KYoeidulVQPhIJghy;95356
330047200;jKnVpE;000000000;EqEeNEvuXTwfZT;AOHM;183;YYYY128;KScsdWtbHACdimUBOUSsFSvTDqJGCGNoTvbvbEi;iSSJFeYRhpeaJWBmKlcGjenXkjdFqySnvAYNYiYxmitLeaW;ZpaAUsvMltfUYpiGYauKZDyGEbruEz;MUQhNbBFcFSZvldeCDiiJZZcxiVwPuYNugPjQzvjpPAumcDyagJ;25074
540016805;QlukBs;000000000;CBGwgSgTxfv;PaYNnbJWFzNkqZn;979;JVJF004;mqZzWYBHpzGyyNAQeGkanjmzTuLNLaU;D;RgtjrsApiPUzCdLoLopKVmMVJyQOVFuJrLjuAmMVW;dyrggKOFQVEFSjHuMfFWxSHyXVpOXlLCdCneuVMKfBDbNVHT;33600
270020472;OLBgJn;000000000;jPuz;oCjXMfgLNuN;614;JVJF008;LPDtwTsRUxebzoZWDMCrszLstCXuaVmW;HvRshlstVEJKJOhdZBhGGCfrMVcrMcpRvGria;WVqSuzJsWkLRUjEjvqntJnpTgWBUG;HWldyLiwHfBeJEgsdJKZMytwXrsGbYPpcoznZkSJlhoSvJjJ;42427
770011419;AwSLTP;780001582;nAvMnTlyRnmnfYOtvPsmo;RUVzXUqmjawuZ;938;YYYY250;nAyMLSiEQaGq;NnZAhwmunj;ibTBVXUMGzMYfJhQntPXQyfB;FqngtFJTVXqrWqENlYQeesTKWHvfhaUxmBmkqnunvitlwPrBla;17934
590024410;oEqpMc;000000000;TGwEEjqtBrvENuMdGangEcSlg;nAflKypyameRygYLMGllMQFlZoCfaJLTyLDHSnmMZ;429;ZCQM001;bQXSYZFsHbytYeUZRNdJEyRrubeStJsBTnVPuunBzTS;pjvEtxlG;aHbOdeC;ZeNWbqkkiIugsmAHSDczLrMcYLhGlAyOWPolWumcvvRwMnrtV;24614
870009511;ColpbV;000000000;QGzPghPIWGCijBoBrt;GqXOTHuuCAHigzTKLwzhIgDOff;54;YYYY600;BaKImKNoslrivfvfEtgKqTWyyddKkSIYtxyGYePiHnMxMs;g;SOVwPrswbrGqHznNGefnaSC;HMoSiULISNlvykPzgWbTcQssksVyqfNMzuxW;44429
130017577;eXhKfp;000000000;jGWoLgosMYepfqzNRQKTRiJzvrtugZFZ;ZPWbqNdLTYAWJCJTHKlQuJEtTlkdpbPMSKsfPsAUkZsStP;524;JVJF004;VYFNrFzXuaObLKNAjhzofkxEPztLUmOVplCLnQmapIgJB;QiueHhtjUMWTFVfzViWa;UMCxJebmbmgLUZGjsuProrxxXpAsJopmuKHInPLXCWnmvKDaHJi;jjuVrcJuDeigAVTqJthAYTfkYMFsNInOwdkvTtlCJfRyBDCZXA;45017
540010386;ubMVLh;000000000;USxusUsnZmjZQnzYlxyyTylUPucGZBlxwlSCOBEUV;YPkYiHgJEiUubPHHyifyMvT;232;ACQK001;HLWgmkNvJj;dqxjwdvSFdunJGnWOWfXJmhjtmbhnoCXCRTZRhvHnIymhab;boEGfulmSCZEskDcLmWRGEPymFGQLN;lBDxnGAJP;25683
420016735;EkYxKW;000000000;xoaOuNUcDXVtTLNoH;TdOdTQiCQzerEccyVGzpFjchlxxPmB;503;DEQP007;ZgUVilWnATQtPXXIdglAsoAoWVmoGLkMIu;NcZikxwIlrhJTJh;exEGgSneoXYLu;YHMHoTWENewgBzlOjUNaIJxaSkflRICmmyZ;7025
620030882;NMOjCu;000000000;osdYyOAulHqDmjXHUPoRHlWJejnuKHAaChfBCMOhNo;nYluxhKxzjFuboc;452;ZZQX162;jqkkjIBBteYYfGwNNRLnszIbCNcYvHmvyxnsKbyiCrfLMug;iKHczEbeNIPh;vTImhHpqsh;UvFdXaqIySquVHWRJQZRSRmiIZgsrULtSGDoZIfviJCndT;11079
690791595;nydktk;000000000;muixZGFXTA;zrmTsuafPAyounQBf;407;NGCA001;UlyOhrJZjeOsNeRskLdTchTuVwWmQrUkIw;KtsOIDkKdPWXzOaDBNflTVkdneMLeRsy;SNYevvIGLkBZVrSulhPPoWcza;MRhBTVLrIOo;23905
590022596;MncSiA;000000000;LkDUiglBturUrudyFypAdxxqqozmpgyLUZECzgZSHmJIA;euOn;109;LHMH027;B;r;RiMFUeZpHEUwwQDmwlIwiolhNHZXjUcSzLdoHsnJWFWsGmRc;QqZfJzyWJYbdFqryaoSZyCPhhWKbpvovz;57240
290026293;lMnsvx;000000000;DIYbJoCrnpMlISDj;tpoNSQGnnUBdvofbsGSiuLPfCVCnSSCooKDdBqrGACZ;789;NZMP003;SDEatMirIzfMMsNgpv;CewQMzgoWmMOZJQnsjNevIFSdOsWhtqeEsRtXuTFyeleUhW;ryMyqsgTgypxHeJVTFjZVSxmsSNGOFeokC;fsRDCjdGnzYnJfUnPsHznjOpzMGIkxcw;48902
130004807;LOWLbj;000000000;JnWZXiwBMGgJVEuYHWwNZ;DwmV;462;JVJF008;tfagTgHCASMxQZKYBTJChPxIXOBdWSQqyMXltnAPYmOSSrL;xEISnRnNnwTkNpPWGBUwvMxt;gjLJJdbedIEqHFNqHfrPQbTuXiHkVJDntespgAuUuJ;pDTgJRyddIuYjmHoPZqDhHvuMADfITCjkiADTESULSjVp;10349
640004636;pxbVPG;000000000;aLPUICZXvCBzBL;BQCUlOjwmQwCBRYHnAXtNBwCrhllYLYGBbhXUjy;675;QZFA028;jXKVDVIPDSve;wImyiAQkNwkxZp;SiUEcWYYfaoVWdSvweqQbJMJKOLMFmhpkIFDAIj;tsHyo;51593
310002548;bdpSGC;000000000;UlYuWeusdFvZmuxXpajywSCqCcYlAjCuCYDVabAnZuSc;suEwwFlxIyjKQxOypTpDYsNZLaWJHKjOUUylWJuNupRTP;482;EQQM003;uhsTxCAhOsxKOuYULmgpJVDjZYySlwDMCr;BLXLI;EaeiDyzYZBVWIoiRbMlGr;RWariXjXegYdAyTAKjTmCakqxyyUAYELDRjnMC;21875
170005284;RwvQjy;000000000;PaKaqQEIPdVOwtzydGZmzdCwZftwTPaBbNIHOqhmp;jRVwUorXvLGCPMdEwikWcSPOdbDwhJQ;254;JVJF004;XGHjEzygTqbCGdPK;fruhTnkKqkRLuBIOfVpag;ledOMPmWoXkwpXURIEOVnwXvVgwtJjvTEYgiHHT;EZLLiQMaKpvPYsmbspIkpAziLomzaoMuPoZJV;5778
810100982;mrVgZX;000000000;tfdukPvXAjfTjhnvcRWh;lFCkBCIqwoazBgLavXDoIOoOngKDBsfFi;527;ZZML001;ggehEyKCtFZSwpjBIoSjU;JPZXmrxwtKCTAKHYPcNpqUtfIDNsTfzjdAvJPMLNHwBXGMJrI;SvBwfctMNkWstjnqrDCQuOMJKICfXsyPFtyZKW;YqLkuhZeXOXmjsYgJafIYVNpbsgKoCfVAHWr;53074
930008495;UDwELt;000000000;hmbGOIXPaZQjCVOskiWiOglgXPytvPqXDvjxcLIXCmgVB;ACQpvHJCLcaMVIPc;965;JVJF004;hYvegKKhjEnzuWJAmsLiFHuNfToxhWYamHQF;LVRdEQLixmIOrRkhTkijYIPWCOTsuPPYDyCXXeApNKnQm;VvACHAvurLmoiotFrDEYfhJkbpjMrstEU;p;22085
970400503;bZDEsq;000000000;BFOLRDbPDrkQjl;VXxoZ;884;GLLD017;vKkVvKXzlCXG;ScuapBQvrskbOIvdKlsvxNBu;BTxWi;qHBxJWZFCn;23675
640014478;jdomuQ;000000000;FaCosMszPyNCfo;gMyYGeAcfHpYDGCd;32;YYYY312;teFMUithizGOtbpQUdgAjmFg;NjETDTqMUUEpSBsDichtrtMfydrIFowhEVroTJUHtYgouFJL;QMTqMkDrMOQFdduHrqaeNmDcM;CTQyqWDVfLgsQzxiPHCREinVziM;5374
850001967;oLtwdx;000000000;bwbOJIrWhaOAlRoPgRMBrGNlANnEU;lL;542;ZBQK002;MKSFEpcGtxKsmQrIJSgQSXnGKXaBusgNfPzJql;ORExyevBTXzqPXaWPkqLGsNgzMuhrM;exrCmJIHplrGwKJAvzVPAbHP;MdfkBTHOuwQsWaIyGwBerRgGTxjrThBGsOhWgMrFGEtnCUi;30872
290002351;tTXjIR;000000000;ebAErskcLbGiVXiHuNFaUOcgacNUsKloRd;oEwRwhzbnFgkWtSqZuDOKiSUDdHUuOYQTkFdXtdvb;326;JVJF008;xhNHdxPFpZwlpZrERilHzMwV;pExv;dS;HMRRXEnOmyFlr;70078
490005097;TeQOKr;000000000;JLYGJeAOvQszQuzaEQQUDxImhxuPPnUFrmS;JwHDVGaQzvjvLtzRR;473;JVJF008;KKXaDnRDelGcTjapULIAtYjgIDKsosIZO;JJshNFgguPrnZxcWWZXakMNIhksUmKHeZDzLevIVqApkHBRmnl;udOadJnnFBJiE;aJEzjjtHxwuYwUSe;25649
380021766;sJrkgo;000000000;IzjIRoFsPFWVOddeISPYljFnVpYcorwlbD;ZGsjDqjYjpzn;705;ZZLP025;DLDMQRpYBBebdBNPbQkxyFjHnAzPkPHSTYllfooKSZZ;fnFbmkUweBTvEfgHAg;NmsTasyLVTnBaM;OMjDqtOgBMWfYCrRVrRCCLZnehVIYVIPqrmevSDNjmpdIE;27287
330005778;LNvKIH;000000000;cJFEagbEeZquKtcrtHUEZRvpVLxXJSurbjQLQDLnRmynlgIo;hCDLoULJBMpzYgaOa;234;YYYY600;RQeZTDzHwkOUNxqBVcGfzsoZDEfBtQpgpWzHZwVwNTFhYoZk;jnuNiwqsbZBEuQlftZYhbTlYzDfzJmrKdLDQXexHteVXlS;GuRfQkbcMDd;aGKEyaegBcPnghsgMEaPyCHer;32856
370001224;OGoODZ;000000000;TMUogERPSkrGtJHbHWozgxCFaDaGSXqAKkuUtgbolxuDr;bcMmfYUuZVfmElhjLnglluexJpqgjoRmdxPRPRnmmVXnexGTvnG;10;JVJF004;psWWoKSmXvWpeUXXhSdkHlidTeFhEMODuSpnEHeJsT;CnIwMEHHYfnYpiy;YcBmhnumbcWGBLSCWJtJqtLyOlXYHS;ZIkXMhuyZCLuRMwMQdUpGGInMedqfE;88315
750028862;cighYE;000000000;LdchfFzjOkucWDuUxNqeohjtybuWTSvVnvebBXXMiXmoBdErENRY;nwkEQeKTtN;443;HBMD134;phbypGjUU;eCfriQ;ZMEumtOUJPkjVIni;dNXQWHBzlwaPwUAeFcEhTMoZVSFrwZCuLuAfVeJeMiAlGOaUFupu;39897
910007145;zecXOH;590049581;ZAmKttWlsiCNi;CEEWkizbzTbktzHMwjxKzWEVVTLqCVELWgRwAQVBrLISgAFR;478;HEQE002;DETSwgFtopAXLGRDgtX;LJ;QqlaAdmLYXfIUiXGZNNvUrndZirCrgVcurGwKjiEL;xwdMDZjmEauOilDblFCF;7503
140024647;nOImIq;000000000;ZcGjtPJVJGWhbNIWgCsNjLAnJVR;RlMPFkfWEIJqUkTvLFtZerSd;813;EAQM004;LwOisVNAbHWwB;EPIAFYkwyrz;LMVxDVcJzElljdDCSczoxQk;xeQFVLZhcG;35490
870014206;hYJORD;000000000;wjscVddteWhImAncHrz;gRvJkSoUbMzEpKVCjAZWRZIMeQGO;380;ACQK001;rUZrDsKgLMfrJoTUMzHKYWmovaIQeLHhefosPISiD;IkYoEjLTW;tUFAkDjpZSUnzgaMhbmsxyQqYpIWuOPpSuhxMb;PGkDkBIvTGjUJapzqBYwtgGzwFGTrok;1575
740788914;NODqqL;090004094;xl;ozHSoqGsfUyWyzVWDGkFugkVcGXVfrkPBNEGlvIs;956;JVJF004;DOGCRxzdKqcjdU;ObcjlSArWGdhnBXqyEyHqj;kXBSmjsOVbCCjfCaWuMqIYyoVZmvHStKmGaSBBR;sMvuNPXzdsbZAKTTL;72270
540004140;ZqsSmH;000000000;rCgCxlRnIIrftQjPFrBVFHVsgSmOdYcreVrKExEENcgkse;hYfAzy;409;YYYY010;zDmatzIgbZuTrCGNGTTJIlupqcViQjaLc;AbLwLwehUcUzNKtDtmIPripqviziooKtqGentZZgtZtCMWctbym;GDSVIW;k;22673
060025830;NNLiZA;000000000;jpSUUDDLEQaPXxHaLDBtBtwJRvhpXoROSG;dEopgPCXJqkoSbVxyxQSzEDNdqGpfMwAswfzp;97;DEQP003;JqbKxHpkughdMAuJLbJNGyZmNNDvGShRNfRey;aTYVWMbGcaWJlPHzvr;YQlYqqpOOvrjPJOIBcRKkUQBNKpTZfaeaB;oImxb;66768
770004984;DDIuFC;000000000;rYqP;aYJTdxZbpgczivuiCnpLvqsRpnZNLnnbhm;921;ZBQK002;kSnOnrRulVjSsboYJPcDkcHrSkGDC;CSHmEHDKEXiAthhWgplmjWlRwqexhrmcVrpfMktDqNTI;wWAnwKoOgDrxTQhzxHODdjXJUgTju;sNxeptpbeBBiMQPEXaxizRNfAOnyFtjUGUR;32202
560015471;TotXBR;000000000;VNWkCwCLHZsiMPHe;bPXqBvHHwOkRROzopYYeqrjXqmplZvjrUWQthYPMtOozkoOTbffU;556;HHQE005;fbPSaPgeUIWmkqQFxksVyRKxaZqMcoRdJthMyw;ueyzCToKLptYCjwHE;jygHGBZIbMTCcunbfmBJDYOQFLR;mlqeFFZTDpEYmhEmYxWnSfnVQzdyWdXJQmMQbdDNyIDMz;76268
950001222;lUpqxm;000000000;kTBbVt;dapqOueymatfdaoILZGlCZMVGzytpVWcrgqIhmOvzHNjpyGh;81;YYYY015;oBUMmDwhHRip;PFaNtZmuWpvSXkAVSPXEnGjlIHiuMUKfuB;SmqkgCFuLQiYoWYUEFpwrAreknk;CYhdwnNalwLEPjtkdCYwtVeDhhqovquBKpyVwbuOpk;35473
160001046;qyjWXu;000000000;yzoQDILYGkeobjxjss;vmnFdSySPQlCxekHOIkfyuBdFGzmtXItIocVBeRbECC;544;JVJF008;DEZLnLbWbIuOzEOHQJdiFUGyeLyoMkxabzTKSevGfCGumfkq;viQQDDjNs;exitmufRNaMaTxHe;gKkyYnGGx;12427
410007363;euPVft;000000000;hbUQfTXxgRKYc;sRmGqrdoWFNcdddUZwRnIWvKKnbCgUS;201;JVJF004;nhKCXsJetpQSEtKZhOCkegXWPIN;byWDUTgOOACQqmewuNKzKUfpNFrNleXJEnUFDjGkWhOHbsOn;LbOSfrtoGAtoLgUVysrpPFGQUykQPxdOIgutoLpOMaDwSoORCtD;nbOL;87864
060001435;aMFlpI;000000000;unklXwmbOONcTYVwqL;dEzEHtTSDGMp;127;JVJF004;VAkEMRFGSA;XPvANjOukNVkzR;NNzrV;LvUcU;97431
330051186;tCjExc;000000000;UQJbrPcsoVAHddusMtUrUCGZoiGEUlORqYOtyNjhNYXv;bmJiwdehfWaNPGlRGAstiVGmqnnqRGg;70;ZZNL063;oduexFiZDOeiPMWbu;mnOCwHclOWlAfKQFrWqApTeXOk;KCkiGE;wmCWqxEgylRS;82439
910024124;mYinEV;000000000;QqdabGrFMbsMlMqPkCdqUccXlXdSMRm;NTyrfYSTSDZkjoTuFiLocnAKxEwpNuFNTFDMxPHtXnVMjpZjvAn;887;YYYY020;SxsuVvPUnvbroflJggPkpdYgwaiDZCYcYBpGSe;XrWBvXNfGcYfdZubwiDRbeKYgeFexVbHNtDzCErzYcqdTM;nbcPaotCleTYYYCbIpuNnBUVEvT;tQgpJXsPyIbgXmarCpVskrdEwGwDBbBIOwMCHbf;34158
510004443;xxwgjI;000000000;yycupnILSAIuWUXetYJvalaESvpsUjqciRhptDKlTXDqsgB;nUdXKcnmxHgzBLJeEWDOLVcEw;392;JQGD012;WgoQERMaNofKyjJEXjUsZWWJh;VwrsXPlSaiJhVbsRp;DPEEQXpXWzsGQbZcxTIOuZBqukQwOeDGoHSEHvUkgEytcjeetazU;yhfgBcadxFweHtXzvZerquyUqPtu;17650
940022783;pcAtFp;000000000;XfhKhXLxlKPz;ZpJcHzHOFWqcRGqirMxLHfoNaa;497;JVRP004;gezTNOjWMwNCkeOMKtFpQACWrKBuwboWvoGtd;BoHpZnqrxY;YEsLUzfHyRyOmmvv;MwnxfKPgICggNJBZpAZILshGWglxk;82072
560010266;ECuFTB;000000000;qbDCpopYX;OYOllIxbvHKczijFmyFXepRImCHUktALkUqrWCtx;906;DZQM005;QiJsKOImsvF;eZxcBgtAEEEiVBmfTTSILXKAauPmyrIumptuI;NmxoBZcuhV;KHZeNkteyuGXTXlLcAXYiCOO;53746
540014131;YACwZk;000000000;iVbSNqnimaSEStrMnhWtpLHVnKgNXUbY;hHyOiHLPuNI;603;NFKA001;psvURGKgRhuNLWLJaQgXkqqELnlZsEAvhesWAtHZsMmt;MaIDMvjgnJrBCrpOhjLRmNSaIAl;eONbTKvprimrNjUVGDwWsQNawvrlByIHAbofudV;aiRlQmBMUXrrcqRmMpKyHuWpuIXgQCqfkRTD;74070
170005599;ZsVkfX;800000283;NzIXEiCMLuofZQSedIaxRLWsvHsUEfHNjfv;yGqUkyAVC;817;DEQP003;lxBtIqtXAlUisJdCAQTPWurAKtrjrZwQjLdqQZBABrOgroaGr;TXyiztPtDvfaShKWurLtbgHwMJDkGwrMrGhhWXzqUuWcmaovTc;IJbtEzRqPGlwP;abhzPmFaNjwYhNMWmkdYUJSt;97686
830009643;dJnDmm;000000000;WkCzGjeAugaREyxVx;iVCFaxRihgVLGZACQswJakRuCYKVWMDuc;6;JVJF004;VOAVGhuInXEdpVGlWUnhfkCHGH;WJsczofYyOiWpxJADQAqMD;MvmgKmOHXnmPjjGIiOVYVJSKYeQtaEtnGZdgAgjsdR;mYveDDSdHyyLHuPtVxUpBimCZQxIuQBGCgOnkEtPNjwhFiJHuu;9870
210012480;YDqztG;000000000;wLVAFoAPulRhVOqVMoVaoSVwadiLnntIAUrIOgl;diPdOaVGMtCVVVxvFiKJDXGykiPC;156;ZBQK002;nJi;rOgSJTuZTfMbTDiqhbsmMmhjqRykpsekhLcKLXwK;ELQzVYqnpzpMPikkvvUlxXHHzxcIVM;CzHgF;62412
590013413;unuTYp;000000000;qLz;xcYBXaxYlJxtHTML;381;GLLD008;qxXdomoBUcgMLkwPsCDrWcLMEhnZLhmFidGfsulvaUgI;MIeNZBKFaUSvatBNBvsjOIfZjvzhMldjrRJgQDQuqufLjSsK;qUfCNEBWHyFLQbkmpJHIEgLRPsu;WgudzEkXONauySNDCEJkbqPGdikX;97445
130004807;ntWrQv;000000000;HBG;SLsHDMJAwViHmzhZUexyXSXDsacVZKgKHjMcLXNmzBDvIggQnV;897;LHQN001;xjLOUMIILqRFtTelTPFoaOTVKgtWRdKKveCfZQcfvJeDhfRAqj;jFCjGWxGRtTTFzHPgUSjkDKpkNCgYMGHCEVraIELojrDUfeJzUh;vhjFZZJviTetgqavmbjcTWUkOWFxIWwQGQQbMdSUoGKemohQkcr;rIBOlteFkdrUWkLWrFhVglJdFRkiTCdGybEPENeqZO;77128
930004692;QxkNWL;760914473;WURFQdaqAiMdYCTFqKRRYzCWlPWmQJdUvVECX;ddBGYIFioMX;680;EQQP011;kypvvlLvIh;QeqbziWOFHvqUlmiuvmbG;wMnJ;lvgVQlfSJuSTeGKvmztsNuMfsSBpAVPkWEzcfEVQdahdPIflf;88202
190013136;tOhJyQ;000000000;mFBJtFqrxXmJYUUgNHq;apLHGIqmKpkYJQfULquiyPPpcdKqyaYC;204;JVJF004;MeoNthEcOGaqWskrGiuImNHZSIYgqMBhQUItfjRpsHaiYfQ;cWnykyMJXinUafKfXJu;pgyl;wFCnzzeirAifopqolCZyCRCVfsKbppWRJsBpzPgBpbqWqUjjB;70390
750048118;KPXVKz;000000000;NakcIWcIygwWxms;INIxWDmDETAOjK;398;HZHE002;vnEMNZBsJnMCN;A;MUbErAMWBNBcXVCESGDmMgMT;HrBSbYfyUexMyYfFXcVoSXZkyvTikPBiM;45492
