ETA_NUM_EPMSI;RIP_NUM;TYP_ART;ETA_NUM_TWO;FAC_NUM;DEL_DAT_ENT;ENT_MOI;ENT_ANN;SOR_MOI;SOR_ANN;SEJ_DUR;SEJ_FIN;ETB_NUM
440052249;yapTNE;I;000000000;lou;700;07;2002;07;2002;360;k;UJrBYDsnVmRwKz
840015101;MmkEzE;A;000000000;RLH;460;11;1967;11;1967;12;J;cdzHCgJYRbbkAB
590025615;RbHLso;H;000000000;pWS;871;10;1999;10;1999;67;A;BCuEevsmCHtaVD
710011966;XwobJu;B;000000000;BIe;544;03;2013;03;2013;893;R;joazvYXdLxaZsd
920006657;QHFsml;B;000000000;dAF;803;10;1993;11;1993;35;g;ZOMcrFUEHbsDvG
790000897;yETnCz;B;000000000;Jxc;920;03;2007;03;2007;33;P;fUlokuGTtZsJtR
690004668;HizJbU;M;040000911;scC;390;03;1966;03;1966;507;C;FQHLcvQMPmDEpf
620019216;wvtlQH;M;000000000;cPR;707;02;1962;02;1962;176;P;CylHdXkGYuNFtS
970403978;BWUUyr;X;440038594;qtd;770;07;1963;07;1963;370;q;nMUBLxpjKQAIdM
750063794;hjGIjU;I;000000000;cDP;596;12;1978;01;1978;215;t;PtdyuwXCQeoIsb
690031570;fRoPQH;I;000000000;EJZ;873;07;1964;08;1964;378;A;QwEFXMucsPHISy
310031117;AYHjGa;Y;000000000;Iwf;428;07;1966;08;1966;152;L;qLZTWHJkiMzsER
340791516;RGWeKa;X;000000000;ceh;68;11;1979;12;1979;820;G;GEhjavjNUbqNLL
410000939;CVjCSi;X;000000000;OnW;823;04;1995;05;1995;61;o;GvVMalpoQZYwsY
870016250;eWJgXN;M;000000000;lHJ;155;07;1987;07;1987;65;R;ACJAkZuYCSeXBb
120000898;HhiwUW;P;000000000;ZeU;597;11;1969;11;1969;298;z;CZRrtxBPhfBXIG
780004883;enYUBW;I;000000000;VWN;452;08;2003;08;2003;466;k;amnRwYPeBTicDM
920807773;CFdZDd;P;000000000;acl;515;08;1971;09;1971;583;X;CYxlLaVuxzLqOu
620005017;YnALgs;B;000000000;gKn;301;06;1987;06;1987;262;W;MHHbbRyWMXCNxS
920034253;FhTbil;H;000000000;GjO;272;05;2004;05;2004;571;c;OmGedLtFSrkIoG
950007849;FLpPVQ;A;000000000;iql;733;12;1999;12;1999;83;b;GRrJAPntbPPwdV
020008264;yIcEVS;H;000000000;bTu;811;02;1970;02;1970;109;A;tAfDEClsaPHHfG
130040256;LLqQru;P;000000000;vgw;832;08;2010;08;2010;615;C;yysewnrUjShlAe
310019013;SncOCV;I;000000000;QGL;673;06;1990;06;1990;190;z;carxzQGdTFxdsN
690803150;jePjwR;H;000000000;Ujy;653;02;2005;03;2005;116;V;hOteJaYsTeMZBd
270021751;EUiEwC;C;000000000;NpU;464;10;1960;10;1960;33;x;OuNwrfLDoKZvvh
710010745;zcUwTG;X;000000000;Tud;639;01;1985;01;1985;862;v;qIQKhNnoylSLyW
760004119;dBefFC;B;000000000;nVY;939;09;2010;09;2010;255;j;gXbZXywdPOYMCk
770700185;mjVZzS;M;000000000;mRm;368;06;1990;07;1990;872;h;uDWeeoWVwaYtpc
910008143;uDROaG;X;000000000;QiF;905;02;2013;03;2013;945;z;ylycRdxColCBPF
770016368;LNRTcS;A;000000000;hFK;132;07;2002;07;2002;339;I;bvOIndNFpFoBhW
440029312;USFjbB;X;000000000;utz;924;09;1970;09;1970;143;D;wnBFxBlDixkCdT
490544053;UjfRQa;A;000000000;Oxi;511;02;1966;03;1966;375;p;xedUgyifitQUGg
950016410;WSWFkc;C;810003590;xzl;645;12;2006;01;2006;352;Q;dBmANNnecokvWG
210012514;xrrATy;B;000000000;uYw;838;08;1972;08;1972;40;N;SwhEgjCIGJUXLO
470013491;vkkfml;C;000000000;DGH;495;06;2000;06;2000;225;D;ghkOSVdZwHXXJs
110005634;KfUndJ;Y;000000000;jfz;214;08;1965;09;1965;550;A;ttzpZKIbakVUwa
950009860;mRHlmM;H;000000000;Dvi;451;09;2011;10;2011;998;A;LRAKCneiGfycfT
570016220;LnYUGK;P;620026690;QvV;304;11;2013;12;2013;610;e;fFvVuuTDzpInem
440034189;XUdXmI;P;380787556;Ydd;775;05;1996;05;1996;1;h;QzdshcvJjPnqFo
130024730;uRYtNH;I;000000000;Tmh;249;05;1971;05;1971;359;U;qughIhWrYKamSK
280503913;eWOOFR;C;000000000;bQs;474;05;2012;06;2012;623;e;PcGzHkkxckCZGk
910012368;YQypJK;B;000000000;boG;697;08;1970;08;1970;224;Z;lMDRYtdfoTjSuk
370006983;sNAFta;M;000000000;Rvp;117;07;2001;08;2001;830;c;HBUpfXRuMMRECH
540025194;outTGS;H;000000000;FFP;261;04;1960;04;1960;28;U;NnyAywkfSqkauy
630013183;QfWxjo;P;000000000;pLk;270;06;2009;06;2009;355;B;VDgKZDUdGznHRp
420002065;FBwEWl;P;000000000;zaw;346;01;1979;02;1979;379;v;OoZMlYQlpUkVmu
180003022;XjJkei;H;000000000;FIt;851;06;2016;06;2016;150;R;KmDvJPwKYAerqe
460003494;HwvFrU;C;000000000;Mqr;148;05;2013;05;2013;599;L;jdJPvnybwLvGPW
010786606;sSukyk;X;000000000;JgM;906;01;1962;02;1962;803;t;xFejNAoRNqfCMP
670000611;gcIhBU;C;000000000;WNR;734;01;2016;02;2016;814;x;UwxPgZBTUKaOiv
740007273;AnmmgC;I;000000000;UWa;115;11;2001;12;2001;372;y;NKwSvdpsvYGjri
370008385;lUJUwl;M;000000000;GBy;913;05;1984;05;1984;206;c;JGeZFKFUEWdNNa
940007180;rMnzQL;M;000000000;uOH;507;07;2013;07;2013;442;x;ekxXRvYWJjlPgZ
910021757;eAEfCC;X;000000000;zbu;416;11;1978;11;1978;147;M;FMzMUHNnefAQRT
750833675;dIhNxM;A;670780451;KLH;792;02;1981;02;1981;799;S;xbHuIKUwLhBtir
560016321;ANBoFA;H;870003696;wtE;555;04;1975;04;1975;835;k;bEsBOfiosKzlly
750029969;CAbCtE;M;000000000;boP;739;03;1972;04;1972;723;C;JIvpgFdzLTGMjk
750019101;kRDdWM;Y;000000000;gMB;230;06;1983;06;1983;215;q;spbLVsOIbylJVn
270001795;MVXtRn;H;000000000;OgO;473;04;2013;04;2013;622;V;YkVfkttszpFrow
350014759;hKodSG;M;000000000;cGM;43;01;1992;01;1992;736;w;wkOmIpFmLjUHpz
750803694;bfmomo;X;000000000;OFS;696;07;2000;08;2000;243;z;vIuYtXPEcrcCmy
130022361;jBVeVs;M;000000000;Cle;375;12;2004;12;2004;861;D;jaSStXvEjKxaRu
860001916;FWjNZv;C;000000000;arV;694;10;1993;10;1993;571;M;hTeCIShJpvcOPy
310795950;lqHFEk;X;000000000;wSp;258;02;1983;03;1983;410;g;stdxEpKwAGuOOK
220009658;ntvljd;A;000000000;xpr;306;12;2011;12;2011;129;B;DYPWlPsmddZwPf
020001137;hnsFro;P;000000000;fOu;365;03;1961;04;1961;43;h;cfAIibKTfDleFU
740007109;pLsOoS;P;740007729;kTZ;842;01;1964;02;1964;483;l;bWxDlYhcduQtNa
620002568;PcHkOP;I;000000000;dhg;127;12;2018;12;2018;852;y;dwpeqRoTctvfpT
120003421;yAuyYm;C;000000000;hrl;355;02;1968;02;1968;369;Y;KgiYtpZgloIqZV
640016374;btuavq;X;000000000;JYw;782;12;2014;12;2014;441;W;jawPVFZnYLNyNF
300007234;kERwKi;B;000000000;LuM;682;10;1985;11;1985;162;n;WOWGcsJcwjRvQF
590035630;hwadCv;I;000000000;jsY;656;02;2001;03;2001;636;j;JSVYEvHNTrndib
720012400;grWeKl;C;000000000;chK;215;05;1982;05;1982;478;Z;sqJzsonScCLZaV
300006202;ToixTW;C;970108023;WJy;314;10;2001;10;2001;626;G;TybEtmjmcLRwfV
690800206;eXxanp;M;000000000;Lxf;859;06;1964;06;1964;248;Z;PRlFqqtsBqQnIi
590020194;eXJLMQ;A;000000000;WgM;128;12;1972;01;1972;780;D;IKsrNjOJdlnAiv
530004381;YRrmWR;Y;000000000;gOC;867;12;1983;12;1983;641;U;KIGgCwUAcHzOkZ
750036196;WLcaoo;A;000000000;Rkx;955;10;1987;10;1987;584;K;TLBBoCKdSjvfMT
950001461;KqhUbE;Y;360000384;cYr;658;11;2002;11;2002;97;z;WEdoTzuDvjAzzy
620007716;uMcuVI;I;000000000;JdK;942;01;1990;02;1990;416;I;uyJqAQYFvNoEbq
110000395;oDIkka;X;000000000;QWl;808;02;1983;02;1983;865;e;nUBUeyKXodmCAN
780026415;DpRNEo;H;000000000;Aib;296;07;1964;07;1964;9;a;aFQEilAfcgXtVO
390000883;YvvDZm;C;000000000;mGV;475;10;1967;10;1967;115;j;kCLBOQzWBLSEPw
440036127;gTueCz;B;000000000;iSf;924;07;1978;07;1978;373;g;pScHiecueMrVBb
350044418;EivBmW;C;000000000;lvS;958;10;2004;11;2004;162;q;jfnUsBGjCNLTNb
520001512;rDxFqj;M;000000000;ZEL;685;11;2000;12;2000;538;g;djjCLdhvqXuVFm
590025730;FQLjhd;A;000000000;KJD;706;12;1962;01;1962;688;z;fnpDdfWeOhWbPe
830000543;VBeNeE;X;000000000;IFw;662;11;1968;11;1968;793;C;qrBRGywEYWJBrY
040005340;dVSibS;P;000000000;CsD;85;10;1972;10;1972;889;o;mMTblieQndkpTO
270026594;qnVNqJ;C;000000000;xgq;920;02;1983;03;1983;974;s;rxerYeCYHXLUuR
220014641;kVRFdF;X;590033429;woE;555;11;2001;12;2001;371;y;dokrHQVkfBmmre
380004093;GVHbXX;Y;000000000;Bzs;622;05;2006;06;2006;870;B;qqxAVQNojxXZmI
740008149;hCHIWv;B;000000000;ptJ;321;12;1973;12;1973;511;U;aSWyweCEKxDbHk
060004652;URDvYV;B;000000000;NQe;370;05;2016;05;2016;669;O;KeQxCxQpYyRoaA
250003506;PNtcfL;X;380787473;LbO;365;06;1964;06;1964;487;J;ypGoTFApAHuwwR
550000400;OmYOWK;I;000000000;XDf;392;12;1971;12;1971;769;c;EXAONwXOKmtgqk
770003853;xmfbTB;M;000000000;uxg;473;12;2008;01;2008;553;Y;lVnUrWoHeSqLwK
090000373;IJHKOn;X;000000000;dOP;25;03;2013;04;2013;649;Y;kzAxTJLnjmCXnH
520003740;vdtwdf;M;060787918;IWc;918;05;2011;06;2011;308;V;lQZxKLaithupHG
030001275;jsFENl;B;000000000;TIR;194;01;2006;02;2006;389;a;clyhzHqJsNhVka
670017342;gloOzS;P;000000000;pss;9;02;1998;02;1998;43;c;UQRVezFrjUocdV
350001509;nVhFTa;C;000000000;rVS;239;10;1972;10;1972;16;o;pvbafCaGSebJBB
250017712;XQNFwq;B;000000000;xAS;735;11;1985;11;1985;433;F;zvSmdqOQFAcqkm
760034686;aCaDTV;M;000000000;kLC;187;04;1965;05;1965;933;g;BjUgvPHXXcmekg
470013236;BeoOmR;P;000000000;FYP;408;08;1964;08;1964;960;I;IxTCUFCBUSKiwA
780027967;aUphgw;Y;000000000;ToA;435;05;1981;05;1981;645;y;gicTEDAqfsBbSE
830000626;BecTrj;P;000000000;QPl;468;12;2009;12;2009;702;j;tqCmQpKrFjyjnZ
180004517;IjNVqN;M;470000506;TYz;331;04;1978;05;1978;637;P;YkahZaYsrPRVOC
920017266;SLKPUq;X;500002795;wqH;383;03;1967;03;1967;70;q;AqQYcpkXFHIzsa
590005120;yEOgkL;P;000000000;KgL;169;07;1975;07;1975;929;I;nLsBmaiqstrKmM
440048890;BWcyXd;I;000000000;zBd;151;03;1986;03;1986;716;L;YyzirKHirfwDQa
280003310;oInTSH;Y;350028262;erm;811;06;1978;06;1978;361;C;dpUXKVGAkRDuzN
720001577;VyxvkR;I;000000000;PgH;185;12;1966;12;1966;648;r;kbXXarYJHihjDz
620111534;OaDGbt;M;000000000;igp;791;10;2018;11;2018;39;b;lIcYfYLVhbuYMa
970402269;pEkvWj;H;000000000;Fsb;908;04;1996;04;1996;764;r;pTwyJwVJrAnkVN
170005169;kbMptZ;M;000000000;Vtw;636;02;2005;02;2005;693;e;BFQfjlEGpOPCdH
640009437;kAaunl;Y;000000000;Mpg;267;03;1995;04;1995;622;v;PdVWjVUdzfMKBm
060019429;uccvsx;B;560003519;Azj;16;06;2014;06;2014;94;i;heCPdIKcJnushn
350005872;CnSWjR;P;000000000;qsR;912;08;1987;08;1987;503;Z;BrwqQxtbaecnhC
350015046;tmxOXp;H;000000000;VrJ;845;09;2005;10;2005;218;N;jtDVkhOtXbugWp
130028996;HfjUEY;H;000000000;FHZ;105;04;1971;04;1971;46;x;qSGWgRtFkHDCas
600009153;eNndEh;H;250004298;kHp;685;05;1991;05;1991;625;C;RhgIBlvJSasyrA
220000772;eqFPQp;Y;000000000;CIh;668;09;2010;09;2010;740;j;KdFoRybxPwdPWV
800016800;tIhhpG;A;000000000;pYr;684;01;2017;01;2017;815;o;rtkPFfnYXIugdy
750822918;lrTUtk;A;330015728;uQu;842;08;1969;08;1969;420;E;oKXqiGbYCBHJBm
460005226;oMIyhO;H;000000000;Poz;156;02;1971;02;1971;831;O;LCrOAOKfvCktuW
630002814;sxrJWd;P;000000000;mUn;542;12;1998;12;1998;831;t;vcDGQpjluTcHTL
320783764;VZSRNe;A;000000000;sKQ;848;07;2005;07;2005;237;s;fehgcwxpotdyve
500001680;miMsyW;H;810001313;pih;690;06;2004;06;2004;472;h;xxyjjrXKVgPscw
270001233;BWqIHK;P;000000000;FKV;655;05;1994;05;1994;513;R;vBcuGFTGbsjWdT
440032357;Loyxkw;M;000000000;NiE;950;06;1970;06;1970;932;m;xlDpmFbjBsBqmO
370006355;PJYKzL;I;000000000;Gbr;451;08;2007;09;2007;989;s;LIERqvdHFDuujs
2A0000170;tJthQx;P;000000000;frw;553;09;2012;10;2012;576;N;YXWBNePQlqHwir
330005091;kLEPIj;I;000000000;hRz;34;06;1991;06;1991;371;v;FQoYDWAqxgDeaq
310014303;tLQyDp;P;000000000;NwH;664;12;1974;12;1974;317;h;JHzVfypyQdrzpr
600004295;vVpqjY;B;380010058;xlB;469;03;2003;04;2003;109;o;doaIzkzOJJBWNu
710013574;vRogoy;H;000000000;Wqz;796;05;1983;05;1983;533;D;IcByZUKEMqEPQv
190011957;QuBRsA;H;000000000;Xls;196;03;1975;04;1975;929;o;dXVbwwqoqrnkzq
300018058;ptdfre;P;000000000;oeL;955;04;1997;04;1997;787;t;kkHllozXQcnlSQ
490010196;gKbYdk;B;000000000;vEI;460;10;2005;10;2005;8;k;cTbdsjwoYozhvq
330051459;EclIoY;C;000000000;EzI;653;09;1980;09;1980;779;D;UHGJpWGqXswVCC
180002123;nBTuTu;P;000000000;CmK;281;01;2012;01;2012;529;t;bYuPfYgSqNfNgY
440007227;wMnrnE;Y;000000000;alf;208;11;1969;11;1969;804;K;qAPQzaiwhPJokl
750052276;ZTwfDQ;P;000000000;LKG;223;06;2018;07;2018;972;F;uWkLTWMdpVOGtq
490001393;tdlOSK;I;000000000;jpR;858;04;2018;04;2018;968;x;OYaVzcNVBoIYOh
800007015;ITkfrw;I;000000000;YOm;719;08;1998;09;1998;529;r;qgSsUylQVOGtGx
750050114;XZJEXl;A;000000000;uvm;411;07;1976;08;1976;606;b;VtePnHjgaZgTwK
930026109;XoWNDM;I;000000000;Yqz;859;11;1977;11;1977;845;H;JDjxwEPFkfJFXU
350037669;ysSvji;I;000000000;lLO;238;03;2005;03;2005;872;C;qgCGAGQUWoWDbG
690046255;lWPPKk;M;000000000;pCS;913;11;1984;12;1984;239;O;UzlbryEUSdiLvz
130782634;xeJiLc;M;000000000;Awx;990;03;1982;03;1982;331;F;VAgbIiiSgqKRyf
170020135;NqdKAX;H;270028137;OTN;788;07;1983;08;1983;182;B;tBVFIwcVXYOCrP
680009354;CQSFFO;I;250007366;zGM;9;07;1978;07;1978;391;j;oWiaExXShewWyY
620000976;ZYptDY;M;000000000;tiY;540;08;1996;09;1996;843;q;gUtoBoeENcNtkK
590010260;aDjkDH;B;000000000;VBH;374;02;2012;02;2012;583;L;bSIcGBAFHUCUfy
590039830;vxDysS;H;380789016;gHY;338;04;1976;04;1976;777;g;TIvuSNCdyERGkZ
370015125;buzPNT;C;000000000;JHl;976;03;1984;03;1984;919;K;bbUTEkqVmuYWVU
780027603;HTTsFf;M;000000000;rPn;602;04;2008;04;2008;604;I;cQowqbAgmQINtB
090002148;riPlyS;Y;400011342;hKv;918;04;2012;05;2012;653;Y;JahNeiEGascciw
450021894;zOTxeY;M;000000000;INj;591;11;1976;11;1976;67;N;haFxgpuWMYKnBz
800014078;jJHbNP;A;590034997;weC;138;07;1992;08;1992;608;M;VZEwYAmrdlnBJS
560018855;heDpQu;H;060020526;JLN;41;03;2007;03;2007;942;Q;sVKXnQaTnYqClm
970430898;kNNdmN;H;380785881;IWv;795;07;1971;08;1971;952;a;fmCLNoGSCZlYVu
970404497;qDKFVx;P;000000000;xfB;926;08;1971;08;1971;438;R;NrmqkaLwYvaWFp
690036785;iTZOSD;I;000000000;yap;188;11;1981;11;1981;51;I;oQLKLWieNiiAla
590797932;WYILZd;C;000000000;Qvt;351;10;1975;11;1975;972;j;hGeEJbNMIuPEED
590815965;CBcIEs;C;000000000;uMk;165;09;1973;10;1973;140;W;kPOBZVAItcNiyu
420008732;UqnWCY;I;000000000;VzW;985;09;1988;10;1988;581;d;iblvUSCxVgbXMV
490534773;ooKlnz;Y;000000000;TQk;272;04;1990;05;1990;243;g;eLMKPEMlZdOxLO
330026899;mampDu;Y;000000000;rMd;753;08;2012;09;2012;139;I;XxtleqtESTSOxY
750053480;zNLwjx;C;000000000;vYt;553;12;1999;12;1999;604;D;WoFjZgIqMgsriX
290009463;eRLgnB;P;000000000;wxr;431;04;1984;05;1984;11;v;ikCSvYxfmEezIG
130029762;FrVddf;H;000000000;efr;11;09;2016;09;2016;743;f;okVfAwHRVGEvks
140000746;PkZLmY;M;000000000;dNB;523;03;2012;03;2012;793;o;ublrZhYPbRYSfu
810001503;CXkxMT;B;000000000;bAg;769;12;1986;12;1986;18;i;qifSpUJivKgKfP
050005586;eiIWzr;B;000000000;FsC;481;08;2019;08;2019;28;n;sfoWjkUaXwSKVH
670015478;oMSSVn;Y;000000000;ebT;228;03;2014;03;2014;42;V;USyzXRpTDlrWKg
580002459;enPtmw;A;000000000;KCG;162;03;2013;03;2013;229;b;jGUfQyRvSLpAxD
970411013;CqPYuY;Y;000000000;XwO;545;07;1971;08;1971;572;Z;KCNTsJkapFyEXf
870009586;jaXixv;X;000000000;ovX;438;01;1968;01;1968;763;s;eCxJXpOrjmkbaG
070006697;CNOCKN;H;000000000;buZ;400;02;1966;03;1966;729;H;BpWGNcrzmrWbeN
060001351;NvkSef;A;000000000;tPT;532;06;2011;07;2011;318;i;OtBvMiYLwWRobj
030785323;xRauSy;X;000000000;SKn;644;12;2009;12;2009;82;l;TFvhRGDSlGOBSy
650003494;UFuRda;H;690031638;Rpj;516;02;1995;02;1995;38;N;cJMofvzdpJgWEx
970209136;zWTfld;B;670000181;IzK;143;10;2010;11;2010;297;O;hgupPiOSmOAQKn
300001088;NsXhzb;P;000000000;NVf;540;04;2015;05;2015;517;v;cARoddVSFkbjfM
780011458;NbwQcY;H;000000000;pqw;420;11;2016;11;2016;420;p;YKrOzXybPFFQOj
710970963;XhrHPV;Y;000000000;Rkd;427;07;2002;07;2002;872;n;JFNgQFxykodEoq
440003150;dGuMGH;Y;000000000;YGX;30;12;1992;12;1992;568;e;uPEMVeKSPIiNaU
920002813;kKvcEa;I;000000000;idm;354;09;2007;09;2007;509;j;OHWIJcjdYaSTsV
910015452;jMXpmb;I;000000000;KeR;608;10;1975;10;1975;883;g;dtyDwuGzwdgLSp
910009315;SGwLWb;M;240002576;VvB;822;04;1999;05;1999;648;k;KmRPkyRBVcQHwl
300003852;jzELdC;X;770015519;ZcL;208;08;1968;09;1968;700;U;PhfjQTmxVnQtBT
760013391;xvoGEy;I;000000000;NMX;371;02;1961;02;1961;664;o;kDRUXChszAaeFI
610002008;lIXRox;X;000000000;pJc;378;04;1965;04;1965;347;A;aVFYvkrKjFjFNO
460786940;pZaVxy;B;000000000;omp;290;12;1962;12;1962;231;D;dtXOYRgSEHOKWG
800001323;XdjYvD;I;000000000;nku;75;01;1981;01;1981;699;u;LcipjifBcoghlk
780000980;NFbWfD;B;000000000;ODf;640;12;1983;12;1983;436;D;ErJNUerNaTxQRj
920010006;paYsEm;X;000000000;BeD;167;12;1976;12;1976;620;w;RduwhMRPqWqMds
330047200;jKnVpE;H;000000000;lwV;134;09;1977;10;1977;280;P;HhTudJQGxgGKcb
540016805;QlukBs;Y;000000000;IDc;226;07;2015;08;2015;211;V;drqhiyGNSYrDeV
270020472;OLBgJn;X;000000000;ufb;284;04;1994;04;1994;108;v;EZNgzIcUqlybwZ
770011419;AwSLTP;A;770022911;YnI;52;03;2019;03;2019;785;J;PmPXoNPXoADSMR
590024410;oEqpMc;M;000000000;tzw;520;02;2001;02;2001;101;d;OCJYNZONEUpKzd
870009511;ColpbV;H;310784426;Ann;878;12;1976;12;1976;36;q;ecbvnceVgHEOfw
130017577;eXhKfp;X;000000000;Qzg;338;02;1997;03;1997;13;A;rWBKdnphohsbhr
540010386;ubMVLh;C;000000000;EMp;112;07;1961;08;1961;898;l;YBwJCnfOtjzySb
420016735;EkYxKW;P;000000000;sun;824;10;1985;10;1985;149;P;blbpigXyLAZwAZ
620030882;NMOjCu;A;000000000;TyA;882;10;1978;10;1978;421;V;YZVjcxMOsHsKfd
690791595;nydktk;M;000000000;Oqo;42;07;2018;07;2018;885;Z;okdWhUVMjOpIcN
590022596;MncSiA;X;000000000;BJV;426;07;1962;08;1962;813;P;JYucHpmQQShAxo
290026293;lMnsvx;H;690000096;juZ;426;06;1986;06;1986;413;v;ZElettxEtdipkt
130004807;LOWLbj;X;000000000;HYg;454;08;1960;09;1960;564;B;jGkTSmiiVRpYJT
640004636;pxbVPG;C;000000000;IxQ;939;04;1978;05;1978;861;a;rLCvBbZAAdYzTu
310002548;bdpSGC;I;000000000;zkD;581;10;2011;11;2011;141;W;OSzzeYLEyRFRhg
170005284;RwvQjy;C;000000000;NZQ;137;10;1993;10;1993;804;U;OBOtLZFKGXVqVs
810100982;mrVgZX;X;000000000;zYk;212;06;1997;07;1997;550;F;jydxTLkSfRRFIN
930008495;UDwELt;X;000000000;cHf;946;08;1964;08;1964;955;K;bhAcJoBbuYwyTw
970400503;bZDEsq;I;000000000;AJt;837;05;2002;05;2002;511;k;PFmRxfJmVIBtsa
640014478;jdomuQ;H;000000000;XLJ;64;04;2003;04;2003;710;G;FVxZbSQXGlONaw
850001967;oLtwdx;M;000000000;NYR;751;11;2003;12;2003;419;N;lnBQinRokbcyQY
290002351;tTXjIR;H;000000000;ykw;354;12;1970;12;1970;495;x;vRUbAqaCsxjQYJ
490005097;TeQOKr;M;000000000;MUh;248;02;2008;03;2008;897;r;ECwQrcdunAvaWv
380021766;sJrkgo;C;000000000;pSN;920;12;2015;01;2015;159;R;vpMhMQTCBPynpW
330005778;LNvKIH;M;000000000;FbZ;590;02;1998;02;1998;416;r;fIFBhZfIlUtGRv
370001224;OGoODZ;Y;000000000;HWY;83;03;1966;03;1966;505;c;hYycIZjNcdGJZk
750028862;cighYE;B;000000000;SMm;857;06;1971;07;1971;701;m;FndIyCpAgUJbPm
910007145;zecXOH;I;000000000;qMS;851;02;1996;03;1996;456;C;gwrqtNskIAjgmk
140024647;nOImIq;A;000000000;Ryu;395;09;1976;09;1976;156;X;fOaHmDLuKswOPu
870014206;hYJORD;A;000000000;QUO;835;11;1963;12;1963;90;F;NLdYyGazGXmbSH
740788914;NODqqL;C;000000000;pUp;790;06;1992;06;1992;650;V;DrxCmsYkWCHUrX
540004140;ZqsSmH;X;000000000;Mvi;202;10;1974;10;1974;499;h;IFMblbZJkLOstN
060025830;NNLiZA;I;000000000;PvK;354;06;2019;06;2019;302;t;KGHyrFKugqBUsV
770004984;DDIuFC;H;000000000;zLT;231;08;1960;08;1960;47;d;PMTDqfmAhGqEbG
560015471;TotXBR;P;000000000;shM;654;12;2010;12;2010;906;M;hGkYaQzuxPKDJH
950001222;lUpqxm;I;000000000;Ruz;727;02;1963;02;1963;155;l;mNoUjoZziTnenW
160001046;qyjWXu;I;000000000;Pvz;300;05;1991;06;1991;394;I;jmsFrMNYNhfvAu
410007363;euPVft;H;000000000;wWX;813;10;2009;11;2009;258;U;aaQDPfYKPSshFo
060001435;aMFlpI;I;000000000;dhk;905;06;2001;06;2001;122;H;XlObUCwAyccuaC
330051186;tCjExc;C;000000000;sse;799;10;1988;10;1988;999;a;nkoNYhBDCxxQjX
910024124;mYinEV;H;000000000;aMi;859;07;1985;07;1985;595;d;xvFQQuYfqWDOkq
510004443;xxwgjI;Y;000000000;zac;51;01;1996;01;1996;631;n;UpRnbpSHXdYpMf
940022783;pcAtFp;M;000000000;mqF;345;09;2007;10;2007;746;v;XHcpvuDkZqLvwH
560010266;ECuFTB;A;000000000;MQD;928;10;1978;10;1978;452;f;xKHkHLZxZkVSfR
540014131;YACwZk;M;000000000;pfV;702;09;1971;09;1971;117;n;oxBgtNnpyXPTrg
170005599;ZsVkfX;C;000000000;HtU;697;02;1983;02;1983;822;z;dUuAsTnHzbvSsC
830009643;dJnDmm;B;000000000;Viv;391;02;2016;02;2016;970;y;XnpuymfeOfxpGt
210012480;YDqztG;A;000000000;cpM;76;12;1994;01;1994;977;Y;leqFJRrhEYTkAy
590013413;unuTYp;C;000000000;Yri;412;10;2002;10;2002;321;z;XGzgifLVRwakCL
130004807;ntWrQv;C;000000000;tzt;186;03;1983;04;1983;41;e;UGoSbuVcMDrGSJ
930004692;QxkNWL;P;000000000;HsF;853;09;1987;10;1987;844;M;SSSohKuyMliWUj
190013136;tOhJyQ;B;000000000;VPy;381;12;1967;12;1967;22;Q;LrzxkTqdzgYfXU
750048118;KPXVKz;X;000000000;Xxz;593;10;1987;11;1987;594;Z;ZHdmtsTQoduCde
