ETA_NUM;RHA_NUM;RHS_NUM;MOI;ANN;COD_ERR
400015020;oQyGCad;fqR;11;2003;aFqX
400780268;xEALOVb;mQC;07;1983;ZkSb
330029968;UziApcu;AyS;09;2014;Gyje
730012382;tRyupmH;NDq;07;1986;yQBh
730009065;lQNaYzD;YPb;12;1985;vqPr
340001098;SNbCaYm;gig;08;1967;MCEe
860790179;qZDgRdF;SWa;01;1971;udxv
370000614;RtrnYgW;TbN;03;1993;JCZD
680022415;kJPJINT;wWL;09;1993;DGUI
010002574;POTDqIF;DCS;11;1988;TNFN
380001230;RIOTiBQ;NpY;01;1966;rdLr
500000757;xfEaDxB;bAn;11;2011;YSZU
670794726;SlMvPby;UAh;01;2004;Nosc
440011096;lmWuMjm;DEB;03;1974;rYUr
340009596;dgNnGqU;lYB;06;2000;uQMd
490539160;zuQQSMn;ALe;11;1994;WSdA
590009791;QiTbpPZ;txQ;06;1971;Adfa
970430906;PALediM;UXu;06;1988;siaz
380018069;NtjWBqy;sKj;05;1961;BAAL
590798211;IxWBqWw;CAx;10;2018;PhHF
630002038;VummbXc;SpP;01;1996;LYfo
500017520;BwNmiGj;ONA;08;2004;bAMs
390001246;ZlSGCMv;Iry;03;1983;uUSD
300003506;Vbzsblz;MVv;08;1962;OcGO
670002948;NZykzar;smw;11;1986;reMU
290028141;ddBBxjZ;vdd;02;2016;ekVc
330046871;LfOeuZq;VnZ;01;1976;BSho
130045164;toFcmTr;LCc;05;1977;vnEW
290001924;YLRJXLQ;mxt;09;2005;pOay
060002169;tqhGTdC;yaR;12;1966;axTx
910010719;jBATyBA;lMT;07;1981;RPRr
250012358;AMXfrht;jdy;12;2000;OTJq
440047389;AFOlCpf;zhk;01;2006;JCHo
440011633;ftmkWuq;aMr;07;2007;QQAH
380014316;fxYNlTK;AvV;06;2012;ozXJ
620012278;PfwmmTQ;mBx;05;1983;WITn
750022691;UcsSMwI;iCr;05;1965;fmSA
130016777;vTtutrn;zXQ;06;2007;NEdZ
610007577;xVxATow;EGN;12;2000;flQR
300008687;xHLAMpd;qZu;01;1984;NtuY
350001780;HYJMoLv;ucX;04;2001;MSmN
800013716;FjPlrAD;dxi;12;1964;xkOR
760028035;GdkriQa;pfD;05;1999;JzsO
590055398;GftvRDQ;FdM;04;1971;frfq
950024802;lkziWal;PMa;12;1988;dRoK
630005791;gWsZmHP;Qpr;06;1994;UlSs
940025653;vouJILw;JOC;10;1974;rQFq
630180032;IorzbXD;GyV;03;1970;ablR
150780088;QbDFbiq;BuC;08;1987;lGdv
490000163;MBnadmx;xxj;04;1968;faoY
870001161;dAtDmdN;OOO;10;2008;qwBg
380010595;saziDFe;lLV;10;1976;ehiK
290037340;jBPHfGq;ZqM;11;1987;mVCd
830018008;HfjUWyc;UHY;11;1985;zRyo
290008333;JhEmWWN;EIe;08;1988;eNmb
910011204;hvFPEaO;OPY;11;2004;jVkn
770010171;bvKAUOt;Aiy;05;2012;qpBm
850016742;CIhsBjl;bNY;12;2009;FBPs
160013181;zvSFrRG;uim;07;1981;kokh
370012635;rRRMcWN;wtX;05;1961;VkcR
560021735;ZvNeATa;Mqa;11;2000;mSzv
640012035;GELFeqS;Gsp;03;1995;msbT
350052791;eQrshEu;TWe;07;1990;nUxE
350050811;tUljMpT;kLb;12;2003;gkeg
130050172;HBLCIMw;QWs;10;1989;fxhq
670005701;YzqxNCq;BoS;12;1973;eTis
240017434;EEiYiFa;XTZ;05;1992;NtCA
170000731;Pekkgre;cAq;01;2003;rHVt
580004513;YjfOatO;chv;12;1967;MdvA
010000644;IwDVsKF;EgD;11;1991;JayI
550001812;KhpkWxR;CcB;07;1977;fPUh
780708442;qpbyGKj;DGT;01;1979;zHiW
970201844;aavHVgv;eJW;12;2002;CYUL
290026194;COXlWxb;whz;09;1999;KIng
410000590;ARntUmf;iCP;10;2018;MGDA
330041336;JklYYtA;XaL;05;1980;SOjx
130026941;kTqDMcm;YRS;04;1974;OQAQ
910008762;qZLQkOM;xRh;05;1998;OmND
820004513;RcQKxxa;VNi;12;1988;eNGV
380007443;CbEgvyi;VdP;01;1997;Rtjj
490001351;BeUvUtD;zJk;11;2008;ViPg
760027086;TjwwVGA;lUC;03;1999;xEhx
950011999;OGxQKYz;OjO;11;2007;TpIX
080008790;IRoqMPE;TLo;02;2001;ayaH
930021191;xEebkmA;GKN;04;1979;HqYC
610001083;uTvSivB;wjK;06;2015;HTic
130041379;Agzaqxv;mgh;08;2013;doei
380017285;Ljpwpog;CZB;01;2019;tPRZ
120000955;UXQJuxz;hqn;11;2001;Yfnn
880003314;gxsyJST;oFy;07;1993;tAnP
950001594;vVnEtKI;emF;02;2007;BSzo
570029348;OrecXhB;Myt;06;1990;zoGL
690000732;bTSmlRz;dJE;08;1988;Domj
640000683;xUqmGJH;qpY;09;1967;XFrX
310029186;pqvoGnb;Yfr;09;1962;uVzS
060016250;pLezAKw;BYf;08;1979;mBsr
350037537;uayDhsF;WPV;01;1974;zEAC
130049372;GVZeqEQ;SMJ;08;1995;CITQ
690004486;XObUEHB;VXQ;10;1975;QVEA
940008840;DHmsAYh;HmE;12;2008;KInc
810001701;IKOHFsp;wyV;06;1995;jarj
390006013;BkbceZc;wQN;11;1969;MpSU
320784044;VyjGsui;VaN;05;2005;EZpd
940013204;eZGLxCM;Wom;09;1998;gqsv
830022893;csMjVYn;wkR;03;1995;jOqj
280003476;WhlThta;hqI;01;1979;vxIO
340007046;MytjEYL;kFd;11;2014;IIlD
760036954;gTZutvo;ANP;07;1982;rSug
860013358;OJARlOV;znB;02;1965;ejPr
830210480;ezMFzuM;lIH;09;1999;dtio
840003289;FPlwiKh;XSe;08;1972;zojG
470010687;qKrCGiA;wbk;06;2002;MNRd
180003170;QshrBDK;taM;10;2017;hBaB
610000499;onWfBLA;ugL;10;1985;GCwl
340000637;TIscqIt;OVE;11;2017;yxtU
640009973;fICpIGD;dpa;11;1960;bDMy
970303376;NAiAGvw;PEo;02;1966;YqIE
950005413;NJyGndJ;CiI;07;1994;QzIG
290021005;coLDZug;yWP;01;1990;NntR
750006082;bYlpQtu;EUx;04;2017;IpjU
210985735;rxfOMBb;TGB;01;1966;pwQa
490005907;DNMkdyD;MaL;02;1975;pisQ
840003263;nzQMTqF;MLS;08;2002;JTKo
440018638;sZodHcv;Ypm;11;1977;TUmp
840000988;dCKwxZV;abY;06;1988;tySs
170005524;lSItqqu;dut;08;1971;KSEg
950023945;HvSjlqo;jsS;02;1990;sMuk
680007101;Nkysmly;Knt;04;1997;tIwM
310021332;NyRenYT;hbG;07;2009;IQVJ
330028648;fOieidt;VMM;11;1984;mxDJ
750804403;whofHsg;KWQ;10;2017;gCFo
060011004;OFDexOh;qCE;08;2003;JDsH
130046139;mLEREpV;fhq;12;1965;vGVU
970107371;NEpgQEp;BrF;01;2006;CVEX
950009092;WPUwGkB;pvH;10;1965;ulUZ
540021425;mbTShpa;CTI;04;1989;ISVp
380790618;KZRLAdf;Oak;07;1994;WEzX
510010481;YrzRWCP;tkH;10;2016;RwlE
940002439;TrSklLq;nuv;03;1974;MVBU
940012602;XAeawvy;YIu;06;2007;eDDT
300011954;hoLXeWT;lvY;09;1987;Fsrn
950021741;BhNvcRt;fVq;11;2012;cOep
620112268;phdaitv;AWf;02;1971;TykT
330050634;XPiAERE;TOp;10;1995;upGk
820000206;hwYqoRM;pIW;09;2004;iubk
160000956;WERznin;TDN;12;1985;OyMx
320000508;xETOpvl;EFn;05;1968;wdCi
210000725;BGbnPBC;YoX;06;1982;HkUZ
910006618;eLECusR;ACy;07;1970;dBjN
350049094;JyBAcBg;Grx;04;1963;sYLt
330053794;YaYFjjP;CoL;09;1964;dbUv
850025107;RUBRgTx;mxP;02;2007;WczQ
590016945;DgvuEQy;Fmr;09;1960;GxhN
010007169;oeNjpWh;KAM;12;1992;ZKUY
330057175;itQvgsA;lIA;12;1992;JOER
590007035;qHYjwZv;spT;06;1993;tadi
400009981;hIsLbXa;TOs;05;1998;oFEw
250020856;wefVgss;BhU;05;1982;mnwc
570017434;Iogyfjt;Hmx;06;1978;ySBC
810008243;ZwtEWJA;VIk;06;1993;OWDv
270018757;aXOJVot;PqS;11;1982;lyTp
250007598;jfXlcMV;wpo;12;2002;PxZY
590800645;bEVSAga;smW;09;2011;MbNB
840003990;SEnaVhn;StP;05;2006;voIb
590054961;dqQJgIX;ELz;10;1992;rsbK
590027710;evxpflc;rPp;11;1985;ykzr
780012100;TidVHoy;kDI;08;1973;tfHq
420001075;mdOXvGN;zTq;06;2005;DXVe
340013507;kgBnyFk;gnd;09;2013;eanw
350042438;TVSVNcB;rCp;01;1995;WOsO
880007786;caqwGkH;LjU;02;1975;sZwX
190013110;IRiiAlZ;ODN;08;1963;ysbK
620002402;AjtVKGR;pcl;07;2009;bKNY
730008125;cgQQWLj;zsM;04;1975;jXGF
790006282;bTdKEZQ;ySf;10;1977;opkj
040004772;TgKylEP;uJJ;04;1989;pyUk
340010941;NtoczuT;AfY;11;1999;JNuj
610007353;ouOPHlw;VZG;07;1972;oqpM
620008805;zklvHbF;JvL;12;2001;WmiW
620001529;gvTzzOz;TlF;12;2019;NWTv
010010403;PnEJhyc;VvH;03;1990;qdcX
690010814;QfljBIB;gBu;04;2006;TYtu
330052721;JcxHtWA;CyY;08;1978;utGp
750822546;eLWRoEF;jSh;02;1984;tVLZ
600006464;nblVGYY;NGi;12;1999;yBVy
220003172;WFbgtuO;cmV;10;1964;fAIU
220012868;xKWqCYW;lbt;04;1973;KnrB
060003258;DaVRkPC;LJH;12;1984;DjSj
690009576;DDjzFXy;DCq;07;1968;vVrt
270027147;hrpGdWu;UTD;02;2014;rzOo
140021775;YmtLhtp;BIe;10;1973;eLpo
900002015;dTSkdwt;tWW;12;2013;RliP
640004966;wCPdTSb;OTR;10;2014;kALI
930007331;eKzXmFn;VEe;11;1962;wKny
700002835;zJBxWQC;FPF;02;2011;avCn
310002092;ItWvAtb;jHd;06;1980;UkFv
590800413;airZsxL;BKX;08;1980;GQlC
590002895;xhoKskz;wRl;02;1998;AKDL
930008990;IVyMGWM;qTY;06;2009;UnAf
310016985;znFJmIu;PGX;10;2013;kcHu
560014334;EqnNiBC;Pom;01;1992;ZnJP
130035967;tnqcYyj;ClR;06;1995;LqUc
860012830;SyaxuiY;lxV;09;1960;xkis
780808929;hENfSOi;Lcw;11;2017;YvZA
340006295;YTdSjiT;GpS;12;1988;kuUa
950028076;KMCndvb;rkh;04;2015;AEOg
350012555;VUgBdFz;ZPv;11;1984;MyhA
590052338;PRVRsoo;ttT;05;1966;csHI
600000855;ArJaAzM;MRK;08;1964;tdzO
060001633;FXdklJa;Kmu;12;2007;gxUd
920026796;cTsHwmE;Rzt;02;1994;BYsd
630000628;tAIzTzr;GGl;07;2019;UHPh
570003285;KWWtefq;Tac;12;1988;AyQX
630005809;kVwSzln;okG;04;1984;YtcH
740006283;VsbvRtS;VLy;04;1968;eYnF
340003581;dKmrJdx;LrW;01;1968;YEci
020016473;rbCxQgG;Vcd;11;1964;reoZ
100000330;ZKIDiQU;Bpb;02;1965;jBQI
310001698;MvRTONi;nin;06;2006;kkqW
270000995;TGyrWZi;cZf;08;1966;vtVf
760000513;DsdFJNJ;lJB;01;1985;AVgG
110791803;nggoNuI;gsj;08;1986;qVoP
190000331;dCoKVFT;mZV;04;1977;pKix
420006553;llCaKqY;jvx;04;1969;nCDw
950036129;CVgVvVM;XST;01;2007;OmzX
190002519;FpHjadZ;JXJ;03;1993;YVSg
300001138;QLuKDMU;LRN;07;2018;QdSc
940014483;PFnpsug;DCh;09;1969;LjVq
330796236;rNiuHMJ;PrT;03;2004;Hdnx
650002769;sVmvYAC;Cfb;05;2015;mDwm
190007930;fhxCiRl;JNE;10;1977;UOjw
320000326;VavqBEQ;idP;07;2012;GhjF
740007539;USvCeeD;agy;02;1992;XZsw
710008780;zQHexXt;JML;10;1988;qzcL
540001930;yUPbKDO;BFJ;06;1991;havm
130001571;sUaQIsm;siv;10;1969;ZjQI
600107296;QrCeuuE;mYI;01;1966;qpGR
950015495;JgiaBMG;RxP;03;1982;VepP
130804578;MmlzWRy;wcf;11;1964;AoSB
180003071;dxkkcPU;RDt;10;2000;fFMv
540010410;WkMYUuC;HHk;12;1988;axfO
240008870;oaGJnVU;eFQ;10;1995;Rqld
350045209;fxYqoZR;kTx;07;2008;vAxP
900001306;OEDxZdr;uAL;08;2003;vqGy
940001894;ouBkCXL;BPs;03;1981;Teqh
450005475;mRoMNZY;OPa;05;1965;CyGF
750031213;qxAWzHy;Xgl;04;2011;CXfQ
750020836;HTdVeoq;sFt;02;1977;TXiC
130037724;CDUAYEk;rpF;04;1986;tzgt
950001545;SLwIqeP;qFA;04;1982;xmtS
940014616;ZvCaZZZ;hAg;11;1984;ePPE
