ETA_NUM;RHA_NUM;TYP_ART;RSF_TYP;NUM_FAC;DEL_DAT_ENT;PSH_MDT;PSH_DMT;CCAM_COD;DOC_ACT;ACV_ACT;PHA_ACT;MOD_ACT1;MOD_ACT2;MOD_ACT3;MOD_ACT4;ANP_ACT;REM_EXP_ACT;DENT_NUM_1;DENT_NUM_2;DENT_NUM_3;DENT_NUM_4;DENT_NUM_5;DENT_NUM_6;DENT_NUM_7;DENT_NUM_8;DENT_NUM_9;DENT_NUM_10;DENT_NUM_11;DENT_NUM_12;DENT_NUM_13;DENT_NUM_14;DENT_NUM_15;DENT_NUM_16;SOR_ANN;SOR_MOI;ACT_DEL
400015020;oQyGCad;I;M;fNo;509;LE;ikT;JVJF004;q;j;y;k;L;a;K;T;E;zm;bm;Qo;Ow;fc;mj;WN;KI;CH;Un;DT;wj;GW;eW;kO;Qy;1963;07;954
400780268;xEALOVb;P;m;ZHk;727;RW;lVp;GLHF001;X;T;N;Y;d;L;S;I;o;hf;oD;IY;qr;XE;iu;jT;uv;Lt;MD;uF;qh;JU;LF;Qe;dg;1983;11;533
330029968;UziApcu;I;u;uhJ;569;Nf;Sni;DGCA028;r;Q;t;r;a;U;E;l;P;IN;Ij;zH;CX;uQ;tv;Ja;fA;GI;gA;uJ;wl;gB;av;bM;CH;2011;12;371
730012382;tRyupmH;M;U;lHp;503;NY;hPK;ZZQX127;L;b;W;G;r;J;Q;F;Z;Nd;wp;aO;Ig;jj;jp;Sf;Yj;wF;Fk;OR;bt;hm;Zb;cm;eH;1990;02;723
730009065;lQNaYzD;M;y;Ido;864;wX;qvq;YYYY600;x;J;k;I;m;f;G;M;i;CU;Lq;JR;wQ;cQ;Bj;eR;Fr;dl;WK;Ms;EP;mS;YA;XK;qG;2013;08;489
340001098;SNbCaYm;C;D;mWI;676;ND;Xys;JASA001;b;e;S;u;E;y;a;V;S;aW;Qs;AU;xm;yS;GB;BV;Rs;lj;hI;aB;Cy;pG;BN;Yi;Ju;1991;05;778
860790179;qZDgRdF;P;S;oxo;225;fI;kzo;JDLD001;L;w;u;u;B;G;c;F;O;cz;MC;nN;Ny;Ud;ZS;bj;Wo;ut;vr;oY;Rg;GC;bg;Jp;ei;1963;12;607
370000614;RtrnYgW;X;F;EUy;386;bM;yUY;ZZQM004;m;t;Z;r;T;W;S;w;p;zA;iq;sj;Up;ry;zk;AB;Sv;aN;aL;em;Ma;Em;UO;Bv;Qz;1985;03;37
680022415;kJPJINT;X;U;voA;858;LG;Qtm;GELD001;p;G;M;X;W;T;g;C;F;OE;zQ;sz;Es;fy;iW;DN;Qh;nS;GA;Zq;dZ;cd;Er;ZN;HJ;1967;02;78
010002574;POTDqIF;P;a;YDX;407;oE;JYM;JVJF004;o;y;p;p;R;a;n;G;u;hV;Ph;Pt;bS;fF;yv;iE;Ma;TH;tB;co;ma;Br;ik;vq;QV;2019;02;276
380001230;RIOTiBQ;Y;t;SxE;863;GQ;VGQ;HEQE002;z;e;w;M;w;k;J;z;k;PR;pv;xu;eI;cP;cc;oM;qv;Cf;zj;wG;bF;TI;iN;uE;jB;1996;11;970
500000757;xfEaDxB;M;A;FCk;651;Qz;Ocv;GLHF001;d;s;u;B;v;S;x;d;Y;IW;Zu;BK;Mw;SD;BH;Zm;qd;Cu;OY;hj;Vl;iP;Ic;wi;PU;2004;06;666
670794726;SlMvPby;X;V;Jlj;390;Ix;IMo;DEQP003;K;i;t;Z;D;S;f;x;y;EB;Sc;tU;vE;uC;Uq;sI;eq;Rx;Ry;EY;hO;qA;Dz;iH;kO;1983;07;481
440011096;lmWuMjm;C;U;Xfq;620;zs;jpt;HEQE002;T;y;M;N;q;F;u;T;k;Nv;pd;eT;AN;PR;Oi;Yf;ib;mR;zO;zD;Em;hq;VY;lI;gm;1999;10;226
340009596;dgNnGqU;B;H;SLu;590;rr;Xlr;ZBQK002;V;C;d;Z;R;b;j;o;Q;oz;ca;Ur;Nk;Vd;ca;gE;iv;Su;OE;Ed;LN;YU;MK;wX;zS;1969;03;939
490539160;zuQQSMn;M;g;qNQ;844;NQ;kpQ;ZZLP025;M;v;D;Y;D;N;b;c;n;rn;DX;wU;QI;hI;ab;qp;YW;Yi;qX;qW;of;LI;Ox;gf;ta;1967;09;57
590009791;QiTbpPZ;H;W;vNw;772;Ew;ZfM;ZZLP025;f;g;a;H;T;A;O;v;l;wx;cS;GS;oa;Ua;xQ;vY;xX;zk;hG;IR;aF;yv;bP;Cz;lH;2001;04;844
970430906;PALediM;Y;f;EIF;530;nA;hwE;YYYY020;X;t;l;q;Z;h;J;q;F;Xe;VD;wn;Py;ky;Hz;KF;El;OR;RZ;ic;cF;pV;wX;DS;Fm;2018;12;817
380018069;NtjWBqy;B;t;fyF;570;XT;XlR;HBLD020;M;f;H;F;u;T;H;N;T;bF;hb;Rj;LE;AQ;oz;xI;hC;KI;kS;ji;rT;ME;wN;ZR;tL;1994;09;519
590798211;IxWBqWw;P;r;VpF;822;YC;TCT;HSLF002;a;q;w;k;Z;X;m;K;T;mH;Zy;Hs;jE;LF;Wv;Sa;CZ;Tz;CV;DQ;uI;pL;JW;jR;Ln;1960;06;245
630002038;VummbXc;C;R;iOr;48;Vy;nKl;ZZQP004;W;q;H;J;F;r;U;b;J;YW;Am;Lj;po;md;ab;Hv;pY;xU;Ag;FZ;Pi;vP;TC;kx;ga;1963;06;311
500017520;BwNmiGj;I;k;YRn;913;rm;FaD;HEQE002;L;n;y;v;K;q;n;B;T;wf;fi;As;OD;Ig;Ph;RI;kP;gp;Ai;Vx;Zu;xL;PM;yU;Sq;1969;05;653
390001246;ZlSGCMv;M;k;ZSG;207;Wu;dBw;ZZNL051;i;b;d;b;a;Q;A;c;n;nk;Cl;WA;zZ;Uo;Nr;Ov;Oc;tA;kc;ZY;tB;UM;Ox;Hg;bm;2002;10;462
300003506;Vbzsblz;P;d;zEn;504;kJ;IYr;HBGD171;M;L;D;w;y;V;c;h;y;Rk;MQ;PQ;ai;LR;Sz;SR;Ni;BX;tn;cJ;HI;Vt;al;cz;PW;1986;11;564
670002948;NZykzar;B;f;JVT;72;zy;AVa;DEQP003;e;P;S;g;b;N;g;e;t;LM;Jv;VO;xw;LZ;Ob;WU;NS;CA;CU;mr;Nm;oa;tF;ed;Ln;1973;12;825
290028141;ddBBxjZ;P;E;kYU;8;GS;LWo;JVJF004;b;v;K;M;I;E;g;l;d;Xn;dX;QD;UW;OU;Vc;Ju;TP;hP;ml;tA;zD;Lu;jV;GS;Og;2012;09;464
330046871;LfOeuZq;A;I;vSy;219;EM;ucb;DEQP003;R;d;p;M;X;D;c;k;T;Ca;wC;Jb;oR;OE;lR;Tb;ll;lH;Py;fR;BZ;Vt;wc;kO;bp;2006;04;336
130045164;toFcmTr;M;m;CJj;824;sh;Iaz;ZZML003;q;h;P;u;T;Y;i;J;q;SZ;nu;IA;Au;qG;ds;Am;Zb;dr;mp;ti;Bs;Wb;wn;cy;Gk;2005;01;604
290001924;YLRJXLQ;C;e;tTs;723;El;psA;DEQP007;s;H;h;O;S;c;A;H;g;pz;sS;ER;de;XR;pg;Zn;UF;Ns;bW;Qz;QG;gB;dw;uM;jT;1961;03;358
060002169;tqhGTdC;X;E;WQV;431;Vi;SnQ;DZQM006;L;H;Y;B;N;c;J;a;a;Ah;Nt;vO;SI;Qg;Td;AV;hc;GG;lo;Oj;gt;GH;XQ;EL;ot;1974;04;858
910010719;jBATyBA;I;G;WBe;360;DK;tug;ZZNL063;u;B;i;q;u;s;W;T;F;FH;sf;av;Hw;OJ;Vz;ST;im;mb;rJ;Vy;LN;Av;SC;gf;vh;1975;03;264
250012358;AMXfrht;B;G;hEh;102;Ji;Vtv;ZCQC002;p;J;b;a;a;P;b;W;t;Bj;SJ;Rn;ly;Er;lh;dv;ku;oZ;hC;ez;mW;lZ;Ts;Jr;VM;1996;12;640
440047389;AFOlCpf;Y;t;Usw;780;by;Ayu;ZZLP025;V;X;c;J;a;i;y;W;W;QW;ZE;Zh;ST;hM;fA;NP;uC;fC;ZX;YN;aX;kj;cp;Iw;rL;1992;12;139
440011633;ftmkWuq;Y;S;Ptb;484;nn;RLb;JVJF004;X;S;V;q;j;G;z;D;o;gn;Vh;EH;lb;hJ;VV;yL;IX;RD;iU;vS;Yu;hN;Qm;wh;hQ;2015;07;45
380014316;fxYNlTK;M;E;Qjc;282;Tf;WjQ;DEQP007;s;S;a;S;N;a;A;G;S;GE;qz;lC;Ga;sM;lS;Vb;mB;OC;LV;kK;Nw;xD;QC;wH;Bg;1966;11;188
620012278;PfwmmTQ;M;j;mbI;539;pr;zVh;DEQP003;c;b;D;W;s;x;z;X;t;ZZ;ve;mS;Jw;Rn;vE;Ux;MB;Ui;tz;aA;BL;Uc;Yk;er;dW;2015;06;889
750022691;UcsSMwI;P;e;iNG;659;hT;mjP;DEQP003;R;K;M;y;r;R;a;l;F;yo;dl;Xw;fk;Hx;ic;Pj;iJ;iY;BZ;es;ld;SJ;yE;aB;kK;2014;03;161
130016777;vTtutrn;A;G;kMA;576;Bd;DOU;GLHF001;F;x;h;B;w;w;A;I;O;pu;Ru;na;Rn;RW;NQ;fy;YB;Dz;Ir;xV;lG;Wz;xD;Vv;qh;1997;02;528
610007577;xVxATow;X;o;HFk;974;lH;xWE;DZQM005;S;a;k;s;U;q;Q;S;X;xE;wK;ff;yU;RD;ix;bP;yj;JN;tM;Pt;jH;eK;Se;ip;Xb;1981;03;549
300008687;xHLAMpd;Y;Z;URR;326;HN;goI;DEKA001;u;s;T;i;o;c;o;G;G;oz;Lf;Tz;xc;Mu;yY;Vv;oy;bV;aR;wK;qS;zR;sl;sA;Fk;2018;05;593
350001780;HYJMoLv;B;z;sLQ;866;zN;UZx;JCGH001;Q;g;o;z;e;T;v;q;n;RP;eE;bg;Be;VW;sd;lZ;dR;Cw;Io;LS;xz;hX;tn;iz;OS;2002;11;240
800013716;FjPlrAD;Y;r;Oow;664;Bg;Gji;JQGD010;a;R;Z;d;G;F;a;O;E;UQ;tw;Gq;zX;AE;qq;Tr;qs;kK;NI;rH;PT;bR;EK;sm;Xq;1964;10;69
760028035;GdkriQa;M;j;fBe;705;Cc;ChN;EQQP011;P;r;U;i;D;Y;G;K;H;Oh;Cd;Xn;po;MC;Ej;no;WQ;qe;gy;uR;CI;ms;yS;Wt;jp;1975;09;137
590055398;GftvRDQ;I;q;IIk;846;xI;PHl;DEQP003;i;l;t;c;L;C;d;c;T;SR;uH;hQ;IS;oL;pS;OV;CP;Ib;nA;Lx;rD;iz;df;rM;Jf;1970;03;926
950024802;lkziWal;Y;K;IIc;75;lP;hxv;JVJF004;M;b;E;m;K;B;E;Z;n;AN;Vw;WP;tV;Ju;hz;NS;QW;zV;kK;Kp;bu;VQ;UG;bq;lt;1971;01;197
630005791;gWsZmHP;X;U;PYk;930;BJ;GSA;ACQK001;V;s;w;d;v;x;v;h;N;Xb;sO;Gf;Md;xK;On;Vv;yQ;ng;hG;QK;Tj;Ii;vU;sr;OV;2004;02;201
940025653;vouJILw;P;R;wyQ;571;ai;ZHA;DEQP007;n;k;v;W;U;N;F;i;s;vx;sF;MJ;Xc;GM;zw;lJ;Np;EK;Fc;eQ;pr;Mz;kA;pq;DG;1967;11;805
630180032;IorzbXD;P;Z;cpr;13;XU;AGr;JVJF004;R;v;r;u;g;X;C;Y;q;wg;gP;OX;aF;BQ;tS;or;Lb;NR;al;Af;nw;FE;ny;Tk;eI;2006;03;356
150780088;QbDFbiq;Y;I;VRs;225;gy;SUd;LBGA139;l;s;N;u;G;C;H;d;a;oZ;Qg;iB;lY;yQ;Ag;vh;oG;Fy;jX;Mm;As;li;XJ;Hp;rt;1979;10;544
490000163;MBnadmx;M;J;IQp;788;jN;tWQ;HZHE002;O;c;l;Q;K;v;O;Q;U;Dn;IR;vp;dK;Kl;UM;MI;rm;uF;Or;rA;VF;hm;oq;ob;fB;1966;01;703
870001161;dAtDmdN;P;n;VNp;268;wo;Szc;LHQK007;Y;M;H;k;p;N;V;J;D;Bz;ia;si;lz;ho;Wv;Se;kh;gH;BK;qU;cN;ej;TB;Kx;iO;2006;04;127
380010595;saziDFe;I;A;Ipa;739;kj;iKy;ZZLP025;X;Q;Y;V;b;Y;q;d;h;sr;fZ;gY;om;DB;Hw;fs;kb;Nu;xw;Cc;Sn;BT;FM;FM;KD;2014;11;431
290037340;jBPHfGq;I;i;FMI;865;VB;TzR;GLLD017;s;s;z;a;L;r;e;X;L;PO;uL;xo;sa;mz;at;tk;Mt;hW;dn;yI;pj;Oi;sQ;QG;zq;1980;06;892
830018008;HfjUWyc;I;O;lUY;189;BT;dWb;ZZLP025;B;T;x;w;J;V;b;E;r;Um;CG;rS;aq;Tc;SF;ay;lZ;ND;Ee;Ax;hE;Yx;lB;ml;JX;2012;09;228
290008333;JhEmWWN;H;Z;eMu;107;Oj;WqM;ZZQX162;k;g;Z;G;I;O;j;e;d;ZD;LK;NW;qe;pH;eo;WW;Ma;wc;vl;BJ;OJ;Tw;We;Yg;CV;1965;09;125
910011204;hvFPEaO;X;C;tvH;386;jP;mde;JVJF004;E;N;R;Q;d;F;j;Q;U;ZK;Hd;mz;gg;YT;dU;Du;ub;LE;wn;wl;hk;AA;mQ;bK;Dz;1974;05;182
770010171;bvKAUOt;M;A;oPn;761;MQ;KUn;GLLP006;O;i;G;o;p;h;R;O;i;BK;dz;YJ;rO;yx;QU;jo;pq;oJ;rT;xa;Vo;rC;oI;XR;mf;1974;07;851
850016742;CIhsBjl;B;V;fie;351;Ax;kOy;JVJF008;q;V;x;p;w;m;x;J;R;Tm;PI;Mk;ft;Sz;ux;ZO;wL;XG;wx;no;dd;yB;aZ;Oi;Br;1967;02;863
160013181;zvSFrRG;I;r;tCC;129;Av;hoJ;KCFA005;l;s;U;T;Q;C;x;Z;a;Hc;Sh;tU;tg;EO;tQ;du;cR;Oe;Il;GO;wn;xN;tQ;Xl;KL;1996;05;842
370012635;rRRMcWN;P;B;lre;374;dm;BOs;HSLF003;v;d;e;m;n;s;X;V;o;lq;pl;Sx;IH;lW;Sg;Wa;xs;ZA;Qq;VZ;GY;Xa;Cr;ZY;GM;1995;05;146
560021735;ZvNeATa;B;a;Zfu;514;II;UXx;YYYY270;f;r;u;S;L;B;h;v;o;SH;sl;gG;DK;fL;WO;bw;GJ;IQ;Vg;cV;nW;OI;ZP;fY;iz;1961;04;853
640012035;GELFeqS;C;e;SuJ;549;FC;sUD;DEQP003;J;S;x;N;I;Y;c;L;n;pL;uZ;UU;QY;Al;Nr;xu;xG;Oh;PF;qS;CM;HO;pL;oh;bd;2013;09;501
350052791;eQrshEu;Y;W;bkZ;723;Xb;JSB;ZZNL063;J;y;H;x;B;J;q;N;Y;Eu;Xg;zV;lJ;Vy;jv;hm;NE;tX;jd;BX;Qj;rU;Yk;MX;zB;1981;04;958
350050811;tUljMpT;H;V;OUi;962;uz;ukI;ZZNL063;x;c;F;j;y;K;d;z;t;gg;pW;sY;jM;sY;Yu;hr;fo;zY;Wx;pV;ro;iP;cE;vu;Es;1968;08;556
130050172;HBLCIMw;Y;q;SJN;749;LR;xsX;EDPF009;j;z;V;R;V;s;m;f;I;bQ;pU;Ii;pk;jE;Dj;cu;Xb;aI;sH;Xs;bP;jO;je;QF;np;2008;12;656
670005701;YzqxNCq;B;o;mLV;162;Cr;Pif;JVJF008;R;i;G;h;Y;H;N;k;k;pp;if;Ez;Ut;aI;LU;Ik;yA;Sh;iw;gw;NC;JB;Rq;fa;oR;2010;08;585
240017434;EEiYiFa;A;E;fXi;903;eI;bzU;HEQE002;N;H;F;Y;h;a;t;k;V;Zv;RU;Xu;tl;IW;Sf;SV;Sg;cU;kg;Iw;Ky;xK;Xt;im;RD;1995;05;213
170000731;Pekkgre;H;G;Jeu;397;JX;ZgA;GELD005;o;u;f;J;T;K;H;z;c;ph;NW;wW;sp;OP;kO;jR;Pu;ET;Se;nM;yV;Id;dX;Dq;wY;1995;03;148
580004513;YjfOatO;B;A;uAK;159;IZ;gyM;ZZQX128;f;o;l;f;n;C;e;K;r;Cg;wy;nR;Qz;eP;fK;Fb;GW;Op;Co;ir;zi;zO;UG;af;kt;1961;12;613
010000644;IwDVsKF;M;W;IOM;414;oi;KPb;JVJF008;S;i;T;v;p;E;f;q;w;xB;qk;BN;Ur;xJ;or;nm;uy;qz;UG;An;Gm;sK;AW;vE;XE;1969;02;846
550001812;KhpkWxR;C;b;NRv;277;fS;dvm;FELF011;G;q;J;K;r;y;B;Q;I;eW;fC;bt;eR;Zc;ab;pc;rr;nC;Av;wE;rX;xX;tf;ef;Fn;1963;11;164
780708442;qpbyGKj;I;h;dln;638;Mb;Lks;ZCQM005;e;k;U;L;J;n;z;Z;D;vC;xB;YU;Xm;pf;il;Ex;KH;Is;Mt;bW;hz;wF;pi;gD;KQ;1994;11;199
970201844;aavHVgv;M;F;CHI;199;nC;ZQx;ZZQK002;x;S;M;b;K;g;s;O;C;SQ;ua;iR;nk;Vw;MP;iX;HL;Vp;Rj;Lx;iW;sB;bI;Zc;zL;1997;11;676
290026194;COXlWxb;P;U;loC;961;tp;XKH;DDQH012;w;U;o;n;l;k;Q;B;k;KR;Yr;EB;tW;Tx;Oh;Lb;qT;qQ;sJ;pG;lt;nh;Lc;BR;pO;1996;07;776
410000590;ARntUmf;B;x;utG;639;oP;LnG;JVJF004;v;a;k;p;a;P;S;J;o;TP;UD;cH;rg;My;Yz;uS;ML;iE;FK;ej;vN;fZ;nv;EQ;AY;1980;07;68
330041336;JklYYtA;H;a;tZC;938;wu;mxR;YYYY015;G;g;B;F;P;h;I;v;q;zV;Uo;Nc;NG;Ih;ek;dP;gQ;FV;Xo;Uk;nm;qZ;Aj;MZ;Sy;1987;12;870
130026941;kTqDMcm;X;j;dip;806;sw;pMM;JVJF004;S;f;M;W;b;c;F;o;h;Bk;VO;YW;Cw;MG;sv;we;Ta;EV;vx;Oi;at;fP;SW;sa;xx;1979;08;965
910008762;qZLQkOM;M;a;ppH;953;HQ;mtH;NAQK071;k;p;G;z;E;B;F;q;H;vj;RQ;Nv;Yr;QZ;Hx;GL;Ne;mm;JL;is;Mk;ZL;kh;QV;nt;1990;08;548
820004513;RcQKxxa;B;z;Aii;783;Yt;MSS;JAQM003;b;y;j;o;R;T;i;T;r;KT;fq;zy;ur;xf;Cc;Dq;gj;xe;nI;Rn;KS;EL;zf;Sx;Fx;2019;08;407
380007443;CbEgvyi;M;D;Hph;137;xr;End;MFQK002;V;m;O;q;K;I;V;v;t;il;Gf;ZS;DO;Sv;UD;zV;zh;rm;jG;jx;Bp;LP;RB;ko;tJ;2012;01;24
490001351;BeUvUtD;Y;q;aYp;815;JN;oFO;DEQP003;U;h;q;X;Q;n;o;q;c;dg;LB;fx;wX;bA;kl;so;aM;AM;Rz;Ra;Xh;tw;MQ;tB;wM;1961;02;76
760027086;TjwwVGA;Y;o;mYv;196;Dt;eGs;ZZLP025;G;S;I;s;s;Z;P;Y;b;Lx;gO;nh;ek;ZU;vd;eZ;Xu;dv;Vi;Dr;kW;hH;Gr;Ez;rB;1993;11;354
950011999;OGxQKYz;M;d;wss;217;av;ESk;DELF086;K;x;G;t;K;K;p;h;Y;PD;fi;Mt;QK;ph;by;wM;oG;Fr;xW;Yd;Gs;Cb;ne;ZB;pK;1962;11;692
080008790;IRoqMPE;P;B;qmQ;458;ZZ;qhv;GEQL001;N;a;N;E;U;y;a;a;v;uP;pg;Hz;xa;cd;mu;Jb;VG;Om;CA;ql;nD;in;Zk;FT;Ca;1967;03;528
930021191;xEebkmA;M;u;KQd;656;Ik;bsI;JVJF004;S;e;C;s;J;m;A;I;T;vA;ew;nY;Tu;QJ;wA;Mj;zC;yd;GO;kS;YW;vO;ph;zZ;Ju;2004;02;860
610001083;uTvSivB;P;v;RKt;55;sx;Nmf;ZZML003;g;W;H;J;S;Q;K;I;R;eG;Ek;rQ;xx;Pk;MC;nq;Qg;ws;iS;Zh;UW;ZQ;eF;sG;Ar;1997;05;164
130041379;Agzaqxv;Y;C;czt;338;MS;bes;DEQP007;l;X;k;b;I;l;t;O;n;rg;fo;Yz;ys;jI;cL;RM;aO;AX;Fk;OC;CJ;Pv;ow;AY;Ag;2005;06;840
380017285;Ljpwpog;B;V;wSX;79;Gi;ACC;HBMD038;j;t;B;Y;I;L;o;W;Z;dO;ry;IC;CC;NH;tE;rX;vN;zt;xq;uK;zV;kc;fq;Wn;Qs;1971;12;579
120000955;UXQJuxz;B;s;Rip;268;aG;riq;ACQK001;p;q;a;m;R;Q;H;e;W;Sg;AL;gM;Vp;Ci;xC;IY;Ba;si;Xe;XS;SV;yN;su;WE;Qi;1981;09;578
880003314;gxsyJST;M;w;pXc;553;um;uIi;JQGD012;q;p;R;E;q;d;f;l;G;hs;bM;CQ;DP;pM;fd;yh;wg;xD;So;qR;mQ;Di;jt;FX;xY;1964;05;54
950001594;vVnEtKI;A;r;aHD;822;Fv;knw;YYYY600;y;F;p;G;P;X;S;R;p;Vu;bP;KV;Yi;gJ;Jg;qg;Du;cg;Zr;PM;Bf;kU;Xv;SW;hj;1971;08;336
570029348;OrecXhB;A;Z;bvS;675;Tf;hVb;NFQK001;z;P;D;c;M;y;g;j;e;LC;Wu;EH;Eo;JY;jA;km;NG;xJ;ET;DL;Ze;Le;sT;Zh;LQ;1988;03;543
690000732;bTSmlRz;P;S;rPO;534;zC;RoL;ACQN001;J;d;E;m;v;o;K;Y;n;BS;us;GQ;aB;ix;OK;LL;ZV;EG;EU;ci;Kp;jX;hp;YA;Gp;1967;05;431
640000683;xUqmGJH;A;M;uLP;265;PH;kuN;GBPE001;V;I;L;e;f;g;V;m;w;BI;Uh;hj;QQ;RE;cS;Uj;Ii;Es;rG;wi;DU;AY;wP;EE;ze;2018;11;800
310029186;pqvoGnb;B;S;yAJ;585;GF;ODn;NDPA004;P;c;p;o;g;m;F;s;N;Ar;QY;aZ;sZ;Kt;Pf;vP;bY;zQ;HS;ag;vr;hc;jS;zL;rS;2009;12;897
060016250;pLezAKw;X;Z;AVJ;313;wE;IlJ;JVJF008;w;c;X;P;c;n;O;J;w;BV;yN;Ni;IL;Df;kB;je;cz;Ow;WI;ww;SO;wm;Ez;GD;ZA;1969;08;158
350037537;uayDhsF;Y;c;BgP;443;LS;ttN;DEQP003;P;y;g;e;X;X;S;N;r;Ms;FB;lo;qo;Lk;jT;fi;hP;uH;Xa;Hi;zg;Zp;oc;eR;qN;1993;06;324
130049372;GVZeqEQ;I;o;nfo;665;LV;Jzc;BELB001;a;Z;c;h;g;U;q;F;B;Br;uZ;qM;xJ;St;xb;nJ;kc;eO;RE;PY;Vi;fP;po;sI;Ac;1985;03;421
690004486;XObUEHB;M;M;dpD;183;JS;vbh;MJFC001;D;H;Z;G;S;m;n;J;r;io;Gm;QU;TK;wA;Ah;Lu;Op;sg;Zd;Tp;EJ;QP;Lm;gy;vJ;2012;01;982
940008840;DHmsAYh;M;E;mJN;308;Nj;gPd;DEQP007;s;b;W;h;E;J;E;B;F;eN;BD;lW;xz;Un;Dy;nP;AF;kC;EI;VI;BR;pG;Ip;Nw;Dk;1978;04;415
810001701;IKOHFsp;A;R;WPg;338;aH;ZON;JVJF004;T;V;Z;h;V;p;a;u;G;Nj;io;mR;mM;cb;TU;cg;Iz;aB;AK;yQ;gt;VV;Bq;Wo;YI;1991;05;644
390006013;BkbceZc;P;o;aDa;467;wq;MWy;DELF005;X;k;t;a;Q;t;W;p;H;bj;GZ;um;pg;Vb;Gz;lI;bC;lS;KM;tu;ha;de;fs;bt;df;1994;12;492
320784044;VyjGsui;I;c;xDE;339;Lj;CRi;DGQM001;K;T;A;T;D;p;P;k;U;NU;rb;aH;nJ;Fc;bQ;xA;Ti;EH;ML;ZC;gc;Kr;gm;Yo;Ms;1999;03;25
940013204;eZGLxCM;H;I;sMy;204;ka;XaU;YYYY600;U;P;C;U;z;R;A;q;D;be;Aj;CX;YR;oU;gT;iM;lL;su;kx;Kz;af;Ms;Og;ss;Md;1993;06;484
830022893;csMjVYn;M;e;nTU;361;DV;YJf;ZZNL063;d;A;n;T;e;x;A;S;T;Nu;Vq;ll;Ya;qJ;cO;EL;XO;Mc;tv;FC;AT;gk;Ft;mt;nV;1972;02;888
280003476;WhlThta;A;M;dNQ;994;WZ;zYb;JVJF008;c;v;Y;y;b;a;v;a;d;tS;wj;iZ;lc;cC;Dw;Cp;tf;yD;bi;Rx;ii;Wc;dz;Td;CB;1987;04;639
340007046;MytjEYL;I;D;Tbi;281;RS;axD;HHQE002;K;K;P;R;m;z;Q;I;G;GN;IR;wN;NL;vE;hl;LN;GB;eZ;Ns;wz;vR;ig;Qh;ua;fW;2000;10;298
760036954;gTZutvo;I;M;EON;351;fg;Kqk;ZBQK002;c;X;e;Q;i;S;Y;V;n;CU;Dn;Bz;aL;Mt;tw;sS;Rd;ik;bW;AT;lO;lN;MN;Bw;dB;1968;07;387
860013358;OJARlOV;H;v;kuK;360;mQ;XxQ;ZZQK002;M;R;O;T;h;u;Q;U;B;HP;iV;QB;Jv;aM;df;vM;Xo;JR;Ft;js;Fh;jM;Uk;kw;Ez;1973;02;515
830210480;ezMFzuM;H;f;qlX;386;Ap;KDS;HBGD438;U;F;R;Y;e;I;i;r;i;pg;HI;uB;yp;Ty;FA;Ev;Ed;Rv;yL;nC;pV;Kn;nE;KY;CI;1974;07;326
840003289;FPlwiKh;B;D;LmO;327;Ag;EGD;JJFA008;U;e;v;M;y;d;U;U;O;jd;et;we;Gl;CQ;Uy;Me;FN;id;TU;wc;fY;xL;tS;fZ;nk;2007;08;20
470010687;qKrCGiA;B;E;qgI;587;bO;Opx;ZZLP025;Z;L;q;K;q;d;m;a;a;Ib;xU;nw;fS;mD;Kd;zm;Li;zF;pF;WF;qR;cv;PJ;PU;vD;2010;12;870
180003170;QshrBDK;P;O;GOx;841;gY;Qre;HBLD470;s;S;g;M;v;U;X;u;v;gX;PU;pB;Yo;ET;zj;Tf;Zk;IC;Fg;HE;Ws;Pg;Ll;gD;iP;2017;03;416
610000499;onWfBLA;P;h;aUb;159;SB;pRI;HHQE005;m;X;d;T;L;H;d;N;r;CJ;jX;ZR;YI;kT;ay;lm;JO;Fv;HC;sK;ou;wu;MH;OO;hE;1996;10;500
340000637;TIscqIt;B;z;GJH;987;UW;Nst;JVJF008;P;s;K;Z;Q;m;d;j;B;OP;ce;Fl;Ed;gd;qA;HL;zk;bY;hI;Ez;rn;Wb;BO;Sm;IU;1970;06;535
640009973;fICpIGD;A;d;UGo;663;hz;HkM;ZZQP004;x;z;i;y;C;u;T;G;I;Mb;tw;Bo;fQ;uT;Mf;Bf;cR;uM;Pz;sV;ER;uI;RH;Ml;bV;1990;03;153
970303376;NAiAGvw;B;n;haG;215;qt;qzI;ZZQH033;D;F;p;l;q;G;x;s;S;hq;To;Dz;LA;No;gK;ZO;do;gD;Vh;yq;vR;OS;Le;ao;XJ;1979;11;560
950005413;NJyGndJ;A;G;zWq;249;ha;YuW;DEQP004;i;E;P;N;D;i;x;s;B;FW;Nc;FQ;yq;uk;Se;Py;qC;Tb;Mq;IE;si;pp;RJ;gx;YU;1965;09;348
290021005;coLDZug;I;D;DMl;6;Oy;NTP;GLLD012;k;P;Y;g;o;W;B;w;N;ts;kg;EY;hS;NN;Ks;hX;gG;sx;UD;Sz;QK;Ie;uO;oB;mH;1973;08;518
750006082;bYlpQtu;Y;w;BoS;311;nT;JPN;JVJF004;T;c;e;B;g;c;x;w;H;LT;Lr;Uo;pR;Jy;Bn;sB;QE;vG;nZ;IZ;YD;Ng;xx;nN;hp;1962;07;351
210985735;rxfOMBb;P;m;oLv;201;Zc;CuP;JVJF004;U;v;X;T;g;Q;P;f;A;oT;eQ;EO;Fm;KG;Co;wS;Ip;vf;XC;XR;gM;qp;At;np;Po;2001;11;837
490005907;DNMkdyD;P;f;mhc;363;eJ;XGe;HSLD002;i;J;g;j;f;x;n;t;L;zE;sb;xT;pX;Qh;mw;hx;wr;LX;hO;WD;Nq;Bd;Ij;tD;Ts;1989;02;344
840003263;nzQMTqF;I;o;Qxb;171;nq;tpt;EQQP011;B;K;g;S;g;s;p;m;k;sQ;XE;DX;BB;Gu;tL;qa;wl;Tl;GX;Me;qM;ku;Bn;Ft;nY;1972;05;141
440018638;sZodHcv;B;O;ezy;781;TC;GcC;HBGD038;t;F;z;Q;p;m;w;n;O;jA;AY;li;iJ;dR;Ht;mL;bo;BY;zR;UT;YG;wq;Xy;Xc;DX;1995;08;480
840000988;dCKwxZV;X;h;ypR;867;ao;MwV;YYYY600;N;T;Q;B;l;p;H;M;N;fA;ww;cK;vG;Kg;gR;Sc;Gi;wA;ey;iC;uh;CY;rx;OK;BP;1972;03;416
170005524;lSItqqu;Y;w;uvF;533;TN;jLs;JVJF004;E;q;v;O;j;A;n;q;o;mF;Qx;nd;Kj;wa;Lw;mn;YO;sc;RD;Sd;Km;VU;AS;zR;WE;1993;03;261
950023945;HvSjlqo;P;E;jQH;929;PY;aHA;JVJF004;R;w;g;w;U;V;i;x;C;Wa;Yq;tj;zW;QF;yP;eC;iu;mz;Rr;nV;JC;QR;tv;XM;wD;2001;10;14
680007101;Nkysmly;I;p;Jlo;367;Ba;Eej;YYYY600;F;J;U;T;i;b;Z;p;J;dL;aL;Pv;zz;jw;OP;iB;Qw;yo;Kv;XT;MX;Ne;UD;Go;ib;1994;07;116
310021332;NyRenYT;C;g;fuy;657;ZU;kSa;YYYY015;A;Y;T;s;y;H;m;U;a;pW;rm;CX;MJ;CF;jO;bn;WA;Vg;gj;fK;Th;wq;kt;sR;gW;2019;03;818
330028648;fOieidt;X;X;jlk;152;sF;Zez;GFFA014;H;p;r;t;e;D;r;q;U;aW;ky;Ms;Zl;uK;LI;jX;tz;nY;TG;PG;TO;Zb;fo;Bg;iE;1992;09;760
750804403;whofHsg;X;R;NJT;765;cD;fYv;HBLD046;z;Q;D;c;n;g;k;z;t;Qc;zf;dx;Mw;em;oO;CC;WK;Ht;oh;uZ;UL;kB;WI;ev;aI;2008;07;500
060011004;OFDexOh;A;I;VlZ;112;JU;sUG;ZZQX200;t;J;g;T;r;p;g;R;H;di;SZ;Sf;Rg;ZE;BA;uJ;kH;th;ZQ;oR;XW;gF;uW;BM;oX;2016;03;406
130046139;mLEREpV;M;O;ZkG;795;XG;ylt;ACQH003;n;F;O;J;h;k;V;c;U;oK;vN;hM;tK;XS;Xz;gK;VK;IY;fo;AH;ys;co;aI;fS;Vj;1972;06;420
970107371;NEpgQEp;P;o;msg;948;UQ;TeA;YYYY041;m;w;L;h;B;O;j;T;L;cH;rg;rc;Ns;mu;TJ;kI;UU;AC;sr;JM;qB;eG;XO;zG;Zd;1992;05;213
950009092;WPUwGkB;I;J;czB;572;aM;aOj;JVJF004;a;F;j;X;K;Y;v;o;b;XB;ai;pD;bt;GN;Bz;Da;CH;Qw;qr;RM;ag;OV;Fs;WI;sf;1961;12;598
540021425;mbTShpa;M;S;oiG;400;Sf;TZW;JVJF008;p;k;w;L;G;u;m;S;w;Te;ZD;WP;xV;QO;Fq;vn;gR;aC;XK;fx;gc;vp;vE;xN;cP;1974;06;194
380790618;KZRLAdf;I;t;eWU;572;Nt;qFE;JVJF008;v;N;f;O;C;Q;B;f;U;ng;cO;Il;rV;Zd;sc;vf;iU;tc;nb;SM;oV;kp;am;au;ip;2005;05;110
510010481;YrzRWCP;B;p;ksx;246;xw;Zjs;HEQE002;o;C;o;l;O;n;G;X;g;oN;Yg;YB;HS;ba;lP;uH;in;eF;IZ;eq;sk;rb;hR;qO;MN;1972;05;861
940002439;TrSklLq;M;o;SmG;180;RX;LiJ;YYYY600;m;M;q;i;P;f;E;t;K;of;vm;Iz;gB;fX;FP;er;PE;LW;OL;gI;rZ;nk;tF;Dj;ts;1981;04;24
940012602;XAeawvy;M;X;CVu;154;al;Obv;JAQM004;A;O;B;y;h;q;M;A;I;iR;wk;eV;sC;XT;Ru;Wd;Uo;nw;Za;dI;Rt;iM;eB;Po;wn;1973;08;227
300011954;hoLXeWT;P;z;FKs;984;eZ;Yfd;DZQM006;C;U;F;h;f;N;G;o;W;ma;LA;pj;av;Kv;Lx;HQ;VP;Az;fC;wm;Kk;il;DY;vE;qR;2013;12;629
950021741;BhNvcRt;P;Y;pdr;566;yb;UAJ;ZZNL050;x;e;o;e;H;m;I;r;K;rt;JS;aW;dA;hq;XJ;ce;fo;cj;Er;Yr;ML;PH;lg;Xg;SE;1995;07;242
620112268;phdaitv;P;x;rcb;820;oh;fiM;GELD005;h;m;Z;d;s;y;K;H;x;gX;ov;vx;Vh;Oh;Lo;sN;Mr;jc;EQ;GC;GN;yQ;gA;uw;Al;2019;03;743
330050634;XPiAERE;P;R;eVr;926;zc;wXz;YYYY600;L;b;D;R;q;Y;I;A;T;dj;HU;sw;VP;Xb;EF;Wd;gC;xn;ob;DS;bb;Pc;Ft;AP;tU;1980;12;579
820000206;hwYqoRM;Y;m;eBj;543;wG;Rlk;HBGD036;Y;x;O;j;t;z;Z;I;Q;Dd;ff;bu;YU;jf;Rm;dS;nO;hU;MB;KD;dc;Jm;DT;Wb;uk;1975;07;991
160000956;WERznin;X;N;cva;618;Bl;oVG;ACQK001;e;Z;Z;D;b;y;m;H;Q;jO;DF;UU;su;CA;va;Bp;Vo;or;hQ;cX;qk;UF;KD;He;kn;2005;11;590
320000508;xETOpvl;A;P;hDa;386;xz;fHq;HBAA338;V;j;W;E;L;i;V;s;z;xm;Ea;Sc;Nw;Za;fa;oH;Oy;Qj;rv;rh;yO;mH;tD;Ik;fk;1999;10;745
210000725;BGbnPBC;C;b;Jhw;294;BY;dhx;EBQM001;E;z;m;Y;R;x;n;B;W;dU;gA;iu;bL;Eh;ST;nf;UH;qo;YQ;xv;UL;iU;pR;qT;Cb;1966;06;182
910006618;eLECusR;B;r;ORh;795;qK;lne;HEQE002;t;W;Q;b;l;q;v;t;T;vi;Uv;YQ;El;nQ;KG;DO;oH;Dl;Uz;oA;to;kP;gv;kK;MY;2013;08;351
350049094;JyBAcBg;A;O;CTh;428;qY;UJj;LMMA006;A;Y;B;w;V;l;X;E;P;Is;FS;UE;sV;ex;dh;UX;sM;kD;Jz;Vx;Tx;AS;rE;kT;iN;2005;12;523
330053794;YaYFjjP;A;n;jmr;265;mT;mbd;HEMA009;x;z;q;j;K;r;l;t;h;Bg;Xg;Sv;RQ;Oq;Lf;Wz;Ju;vi;So;gt;EC;NF;IL;nW;mU;1987;12;303
850025107;RUBRgTx;X;G;xzD;373;Pi;Kbp;JVJF004;Y;R;l;e;D;w;n;o;t;td;Td;wu;bG;oo;nE;VM;Uq;Aj;Io;GK;Iw;Ae;On;pP;vB;1979;09;562
590016945;DgvuEQy;Y;z;Msg;871;YK;OnH;JVJF004;k;U;w;a;a;O;w;m;Y;lK;tC;xj;wV;Yx;YB;NT;AF;fh;Ao;DY;Go;iK;Ux;HC;zE;1996;08;318
010007169;oeNjpWh;C;A;oBD;880;qz;XLJ;ZZML003;j;I;P;G;E;p;i;a;v;ZH;DP;Oh;XO;RS;eF;UH;oH;fh;aG;xd;Uq;TL;oH;ri;Jp;2016;06;659
330057175;itQvgsA;Y;X;gPK;780;jG;qqi;MFFA001;X;g;S;F;J;X;H;N;v;cH;sK;sN;oq;BB;yx;cV;YN;dY;eH;qA;Py;qk;VQ;By;yI;2019;05;773
590007035;qHYjwZv;M;h;nle;12;ZN;PYz;HBLD232;c;p;C;i;a;r;s;q;A;Xc;Ei;XG;vU;ts;AX;PW;lC;QT;Nk;mp;Ls;FC;vK;BD;dF;2005;01;260
400009981;hIsLbXa;P;B;Jqp;509;is;QNc;JMPA006;l;A;i;E;U;t;g;F;C;ui;av;ZF;kk;fT;Xn;oK;FG;bZ;jQ;GA;TE;GR;Od;gn;TP;1988;03;238
250020856;wefVgss;M;j;fNz;595;PP;dYz;CDQP009;Z;J;b;F;K;j;x;P;R;bV;sV;zh;uX;Qy;eE;nx;Hn;Zb;Qi;gI;yp;vr;hv;Pt;MV;2015;05;540
570017434;Iogyfjt;A;z;LEO;133;BO;rKS;ZZML001;j;a;U;B;K;v;v;x;Y;mZ;vJ;oO;kX;LU;TC;Po;st;rA;rI;nN;He;ve;Wx;JR;Qa;1992;01;199
810008243;ZwtEWJA;P;B;qQT;687;Wd;Wkw;EQQP011;y;H;S;z;r;E;g;p;q;ZK;rE;er;ne;ER;Pz;WU;KK;bp;rk;oU;va;Lr;YA;cg;YN;1988;09;270
270018757;aXOJVot;M;V;Nhv;297;zi;nDq;ZZML003;w;V;V;i;d;M;B;u;r;bX;bs;LC;Nc;Nu;Av;Zb;uN;KX;xY;tV;Om;IR;sx;iI;Nf;2000;12;22
250007598;jfXlcMV;Y;o;Hsu;80;ke;XPz;DEQP003;U;k;G;Z;o;P;I;m;W;RR;zS;yT;Aa;Yh;iG;xr;bR;oY;cV;Mg;Ix;zQ;re;RD;fB;1980;10;143
590800645;bEVSAga;I;m;htl;660;wL;gyp;BELB001;Q;S;M;a;s;Y;W;c;B;kj;gN;vV;vZ;ny;WF;UE;bW;FG;vL;Nb;xn;Ac;CQ;Is;Dl;1993;02;946
840003990;SEnaVhn;P;u;NxD;744;Fb;gzZ;BBPA002;J;Q;q;j;q;Q;o;R;J;Yy;qZ;IR;rg;Td;FA;kI;qC;gg;Iu;Gn;Yv;lP;oI;lz;BR;2002;05;997
590054961;dqQJgIX;B;Y;NgG;440;JE;hdG;AMQP014;t;I;G;Q;T;Y;Y;t;d;OL;lO;nx;fC;IO;el;rC;qj;IX;ra;vE;vZ;LG;NN;Yr;kJ;2017;08;791
590027710;evxpflc;Y;O;qLm;865;JT;Qxh;JVJF004;o;C;O;K;G;m;k;n;r;wM;kN;mx;zG;QC;eS;XP;Fg;vj;iO;bV;ZF;NS;ug;mT;BI;1998;04;513
780012100;TidVHoy;X;t;PLC;924;bj;XlI;ZCQM008;g;v;u;c;B;c;C;d;P;yS;Hn;az;vk;WR;UJ;MZ;uK;CH;Ja;RS;JE;tb;dX;mD;pG;1997;12;969
420001075;mdOXvGN;B;W;Ble;981;vG;Srl;JVJF004;t;U;O;n;r;g;H;L;j;lC;oN;eN;KO;Wa;rU;XC;Kc;by;gR;nT;Tk;yL;ty;gl;Ig;2019;01;127
340013507;kgBnyFk;C;z;MRt;764;ol;rHU;HSLF002;Y;J;d;c;g;u;n;h;y;mR;zn;ZI;vu;BY;uA;PV;Xk;DI;LD;xP;uN;zw;na;Ov;aQ;1962;04;915
350042438;TVSVNcB;A;t;zIG;510;Bp;uZY;EQQP011;F;z;S;F;w;a;C;B;n;Fx;lU;jZ;Bh;bE;li;PB;cF;XN;jW;FH;mz;ij;Qd;eR;qR;1979;07;140
880007786;caqwGkH;I;S;hHG;325;nr;Wae;JVJF004;z;I;T;i;e;R;Z;w;i;Iz;ol;Qj;yA;Ze;An;Lw;An;Og;kR;ts;IW;wi;tQ;Hu;aN;2018;04;377
190013110;IRiiAlZ;P;Y;Gvb;590;QZ;QpN;GLLD017;P;P;J;S;B;x;C;q;f;by;qW;dY;le;lv;rM;eH;eW;Vx;EO;Dx;md;hd;bu;EJ;fp;1971;09;901
620002402;AjtVKGR;M;x;lHV;901;yn;NIq;ZZQL016;u;E;d;e;d;s;L;W;y;JL;lD;Pm;hD;Qe;ln;Rc;BR;yk;wA;Af;di;WE;HU;As;Ty;1976;03;565
730008125;cgQQWLj;Y;m;yVN;327;lM;LLp;EQQM001;f;d;m;D;G;v;w;s;U;rl;Ss;vp;Kt;SS;ph;zm;XO;Yj;fm;so;nH;Ot;No;AX;eH;2007;03;288
790006282;bTdKEZQ;Y;m;wHK;851;TT;WBN;DAPC001;d;s;O;T;g;t;h;Z;S;ZF;An;xH;Ra;xs;Xl;nS;gc;Ak;CR;qG;iG;mL;RZ;EE;ku;1992;02;473
040004772;TgKylEP;Y;t;Mkp;441;Qa;QPN;JDJD001;O;f;W;H;U;s;R;U;F;pb;Fd;Ys;uM;DF;ve;sq;Eq;pr;ae;Tl;FC;ip;uv;hX;Sg;1960;09;491
340010941;NtoczuT;I;J;BLK;63;Gc;wKa;FELF011;M;L;X;g;w;g;K;U;n;fL;yO;aV;uI;UW;GF;Zl;NY;hl;km;Db;eN;OT;JW;ar;dH;1967;04;380
610007353;ouOPHlw;B;q;JPo;101;vO;xbu;EZQM001;O;W;u;A;t;Q;K;R;k;kP;Nl;Za;wG;JR;QZ;XA;Je;Lu;Eg;tS;IT;or;mM;YS;ip;2003;01;904
620008805;zklvHbF;A;T;kJy;681;sM;Joj;CBJD001;z;k;N;O;D;z;N;a;Z;wk;MZ;nw;ET;Ck;VZ;lU;UB;tt;yi;nl;GX;Ze;Yb;NQ;eQ;2018;07;945
620001529;gvTzzOz;I;t;aLt;567;tM;zId;NFFA004;Z;F;N;y;K;R;A;R;I;YB;rF;Oj;uM;VW;eL;pe;AW;hU;uk;PB;Dp;ss;pm;vo;NG;1963;09;666
010010403;PnEJhyc;B;Q;Jsj;611;wl;UiF;DENF018;P;h;f;Y;T;Z;l;H;m;ID;Kl;qE;UM;Pf;DE;RT;ZN;XA;Os;pq;zT;eQ;Tw;zO;QT;1980;04;627
690010814;QfljBIB;I;x;akB;221;Jq;GqK;ZZNL065;k;F;k;X;c;X;S;y;y;LG;pb;HM;kB;Xm;Zs;JK;BO;oX;LB;nj;jD;KK;xv;zR;kM;1997;06;515
330052721;JcxHtWA;H;K;bJa;430;pk;zYQ;ZZQX128;v;U;B;Q;m;x;X;m;S;IL;MN;aC;DB;wS;Bt;SP;DN;VJ;ML;PR;le;iM;Sg;Uc;oe;1966;08;186
750822546;eLWRoEF;Y;m;cmE;977;ye;AVD;JVJF004;w;b;s;W;a;C;D;p;q;Fh;mC;Xs;CI;OG;Ys;qR;kX;by;PL;zM;Cm;Qs;vZ;Ua;pb;2019;09;388
600006464;nblVGYY;C;x;DGM;984;zR;PKU;HHQX005;U;k;Z;u;C;Z;p;p;k;eB;Zw;El;zW;Ol;zg;xE;nJ;ej;XB;Qr;JU;um;qi;QY;kN;2012;08;32
220003172;WFbgtuO;P;d;swp;389;NV;upM;ZBQK002;X;h;P;M;A;o;I;H;S;JD;hz;VE;vE;FN;ie;Mi;LQ;qF;vK;xu;bV;gT;bv;Ht;DR;1960;03;342
220012868;xKWqCYW;I;u;NYv;82;TM;AnI;GLHF001;t;j;t;j;B;r;K;o;K;kA;Tp;Fm;gA;an;MW;CP;or;Yq;bu;Sm;Dv;uP;Rj;yg;FP;1998;12;669
060003258;DaVRkPC;C;v;MOC;71;Cs;ETG;JVJF004;I;J;u;h;R;P;p;g;B;BP;Rg;RI;tw;Qb;No;nx;wz;Ci;Xx;Of;Lf;LW;vn;uT;oE;1982;03;757
690009576;DDjzFXy;Y;l;SYY;67;IS;PiS;QZNP023;x;C;x;c;E;g;U;Q;D;oi;ZA;Oa;Ay;kp;Vy;TR;oU;Bg;RL;uR;zV;Fx;bx;oA;aT;1987;03;187
270027147;hrpGdWu;I;W;gpJ;298;Kh;Quk;DEQP004;S;G;x;H;R;o;N;X;v;jW;EY;tr;HC;aq;Cb;Dj;OA;TB;lF;LK;mI;LZ;gU;zk;dX;2011;01;265
140021775;YmtLhtp;A;b;SVH;535;Za;Qti;ACQK001;u;K;j;w;t;M;M;W;Q;fY;kn;sF;JI;Nt;Ag;kR;QY;WP;Rt;QQ;Hu;YU;Ml;Zy;Gw;2001;02;321
900002015;dTSkdwt;X;u;VPX;134;In;fbO;JVJF008;a;O;B;P;S;h;e;m;d;nV;Tp;sS;QA;jO;bZ;DQ;Ys;wE;zV;hr;UW;iP;No;PB;Mi;1961;04;200
640004966;wCPdTSb;M;r;hcI;634;xF;hnt;ZZQX081;k;v;y;r;N;b;o;p;S;Lf;rW;sV;hg;FO;th;st;DL;LX;tb;PM;EY;Ah;ql;el;uL;2006;06;552
930007331;eKzXmFn;C;b;ZsT;121;UA;lgg;YYYY015;L;q;H;D;p;A;y;t;o;pb;Vw;DA;eD;bE;Uq;hJ;Zk;Iu;Fc;QH;BR;Nn;mt;yC;zR;2017;08;575
700002835;zJBxWQC;A;B;tci;208;Bd;bzY;ZZLP025;y;T;J;o;W;u;R;x;W;bB;Dq;YN;Zp;UI;TS;zt;WV;Fd;Co;Ah;ao;rt;nD;UN;Cp;2008;04;9
310002092;ItWvAtb;H;L;wwM;233;FI;NNm;JVJF004;N;k;F;c;s;d;X;p;E;ve;wu;QW;FG;eZ;sT;px;SG;jP;Sl;GR;Oz;Hs;wF;PS;zu;2013;02;161
590800413;airZsxL;B;S;cwZ;325;BG;LHQ;FELF006;P;j;l;Z;V;H;y;J;Z;WM;fK;iU;Mi;rP;im;Ob;wF;NE;Sg;yJ;jW;ZX;qW;ur;OQ;1982;06;165
590002895;xhoKskz;H;l;tOn;738;bz;hBY;AHQJ021;V;H;I;s;K;a;r;L;l;GV;HD;jp;qy;bJ;Ic;cZ;XE;UF;VJ;oK;ZN;pE;as;Bp;kc;1994;06;20
930008990;IVyMGWM;C;a;ZvI;731;ia;TZF;JVJF008;T;Y;g;H;e;F;i;H;I;wg;iK;Jk;bG;mh;rH;HW;MY;xj;NI;nw;VN;Vw;JL;AV;Yw;1988;01;249
310016985;znFJmIu;B;Q;pzX;172;du;eTa;FELF011;e;q;q;x;K;h;A;b;C;Lp;zF;sr;ih;cl;HG;cA;Se;im;sZ;Lv;dI;sk;XR;yS;CF;1987;07;126
560014334;EqnNiBC;I;j;KlN;258;FF;Vxh;HSLD002;P;Q;H;A;J;v;c;L;k;AQ;Of;FI;al;RK;Jf;HR;uB;yd;Vr;bX;Uv;jb;ZP;xd;XR;1994;10;360
130035967;tnqcYyj;I;x;xbw;525;fW;UWp;JDJD001;s;K;e;J;q;C;W;I;D;es;Vg;OZ;aa;jT;DW;Ph;MA;Kv;vW;JV;BY;Yl;NP;dV;WR;1960;04;802
860012830;SyaxuiY;Y;Q;nVV;896;uf;PSL;GELD005;V;B;U;f;h;S;R;x;y;YH;OL;zY;kQ;CD;zS;Ze;zF;Yo;mn;ui;MV;Ra;ZJ;pU;BL;1979;04;102
780808929;hENfSOi;C;i;uQz;239;rn;fPq;ZZNL065;z;U;E;f;V;B;M;E;k;hI;mb;ZU;ZS;hb;nI;Bp;zF;Tq;gV;HL;eW;tU;vF;Vg;lO;1963;10;38
340006295;YTdSjiT;H;F;akc;291;lJ;VeJ;BELB001;u;E;Q;T;z;t;K;l;S;hu;UJ;Gg;cS;bz;yU;lZ;td;vV;Dy;On;PU;nB;rE;lW;Ks;2006;11;241
950028076;KMCndvb;X;o;OIw;134;wl;lnj;JVJF004;r;X;b;T;I;q;v;u;N;le;Zk;gE;Ht;IO;ox;oG;vW;JQ;Nt;XX;qC;Nt;un;jo;nt;2007;04;891
350012555;VUgBdFz;A;r;uoG;843;ux;qZE;GLLP006;J;X;B;K;t;L;d;l;h;PN;pe;wy;lh;Oh;yF;Pe;rI;AC;ch;sW;Gd;gx;Xy;UO;yY;2009;08;874
590052338;PRVRsoo;X;Y;HBk;697;eL;bcb;YYYY015;x;T;k;z;E;X;A;j;Z;dl;tC;Ta;mZ;la;wQ;ut;pv;EE;eV;Vb;ZB;Xo;st;Va;pW;1968;05;925
600000855;ArJaAzM;I;z;dyU;446;fr;znt;GLLP006;v;v;S;S;V;J;t;Y;W;sn;aW;Pp;JD;HG;ma;ie;vD;PU;Wj;eH;vo;na;qN;pS;RQ;2005;09;499
060001633;FXdklJa;I;e;CZa;519;cO;BbE;ZZML003;S;w;D;U;m;f;V;D;N;KF;CJ;dM;vn;XH;AP;AH;fg;om;Iu;xe;Qc;FH;Gz;nv;CW;1973;05;169
920026796;cTsHwmE;B;G;Uqf;243;cl;Knj;JVJF008;Q;P;V;J;w;J;a;b;X;Gy;so;tn;xG;Gp;JY;Td;Rj;oU;UI;zS;uJ;jc;yd;Ny;js;1982;07;702
630000628;tAIzTzr;P;W;uvM;68;pD;anx;HENE494;Z;r;V;x;m;Y;I;o;L;Uy;jI;Tr;sP;Um;ME;zk;dK;CD;nX;op;hl;rt;tU;SA;he;2005;12;769
570003285;KWWtefq;Y;W;VYA;679;UT;aYE;DEQP007;g;r;l;w;T;O;u;v;b;XP;rT;nn;nt;Ct;xW;HL;Lv;Jo;YT;ud;rj;Zk;ug;kC;mi;1961;07;935
630005809;kVwSzln;C;D;VAD;319;ix;sHY;AFLB010;D;l;T;Q;B;T;K;Q;O;Fv;SS;Ww;pW;zX;KU;In;ER;Ay;ja;gN;SS;Hj;oL;nU;LQ;2018;03;55
740006283;VsbvRtS;X;T;xpn;854;WH;nLH;ZZNL063;H;W;F;x;p;k;r;P;H;lW;Kf;XP;IM;CZ;OR;zN;OE;rZ;Xe;Ky;oZ;Az;Sd;EK;rQ;1977;07;430
340003581;dKmrJdx;H;V;IJn;3;Br;emI;JQQP001;c;D;B;L;q;h;Z;J;j;gN;OU;CA;Ya;Fo;aE;Nl;WY;pd;MA;Wo;na;Pd;uC;bt;Ev;1975;03;527
020016473;rbCxQgG;M;n;KJp;129;Hi;dOY;HHQE005;g;Q;j;f;T;f;t;D;O;PG;UD;zR;Ku;Bj;qs;AB;HB;VF;Vc;Zw;yY;CJ;zQ;YU;Zt;1969;10;833
100000330;ZKIDiQU;P;F;dev;366;bj;SwH;JVJF004;Z;S;u;k;A;y;q;h;m;Gj;iH;gx;ez;eS;kQ;TH;ru;Kv;pV;iT;Mn;WG;na;cy;DF;1966;05;551
310001698;MvRTONi;C;Z;heA;403;wr;qTS;JVJF004;N;s;d;t;v;B;z;T;L;DW;Ov;fH;oA;yQ;af;DG;Tj;gB;CG;rz;Zj;Fz;bv;iw;bS;2019;08;414
270000995;TGyrWZi;C;D;ZMg;516;Bg;Brt;HFKD001;j;G;Y;k;y;P;H;G;U;bO;RA;UL;Tm;oj;zq;Rs;hD;UN;qi;UI;Jh;MG;Zw;Ox;ui;1966;03;138
760000513;DsdFJNJ;A;e;eTy;185;pi;KEW;ZZNL050;M;f;S;O;a;g;X;b;c;LT;FO;ru;fs;ac;pP;Ya;oT;tY;Op;lI;DW;iz;qc;Yw;rh;2017;05;49
110791803;nggoNuI;A;v;tHB;290;Bm;vUT;YYYY002;J;E;z;Z;o;W;a;Q;m;Rd;By;VX;hI;Yy;wY;WF;Rf;fM;Lh;Fg;wv;TX;ui;hj;ZD;1990;03;538
190000331;dCoKVFT;X;e;pYT;617;nN;ONR;YYYY600;h;K;I;A;T;R;o;P;t;bd;cd;ho;DE;oe;MI;Dw;eN;LP;gQ;qG;UU;zr;ij;dn;YY;1984;04;411
420006553;llCaKqY;Y;y;UcQ;63;xy;aXF;YYYY015;p;G;F;C;h;e;O;e;S;OM;Uv;mO;Qz;jK;tc;EL;Ep;du;Fg;Xf;ka;bp;se;AX;OX;2012;07;973
950036129;CVgVvVM;C;C;kjY;884;mk;oMs;JVJF004;Y;r;H;I;w;j;v;o;M;Sl;Ac;Hw;YG;oK;mj;nu;NO;Rw;gR;kQ;of;fZ;JA;YK;Ax;1974;04;278
190002519;FpHjadZ;M;d;IZW;536;VC;MUb;ZZQP004;D;U;w;W;V;O;j;U;E;ct;mh;Kq;tf;Jr;gk;HX;Oq;ll;Bj;HM;be;kn;FQ;Rf;bm;1986;10;447
300001138;QLuKDMU;C;o;jhL;957;ca;Fwk;YYYY076;W;K;I;v;P;u;e;y;x;WR;BI;vC;gJ;BP;bs;ch;cw;rJ;yA;ct;Ah;zt;Tj;jU;lR;1985;08;446
940014483;PFnpsug;H;R;nIa;944;fZ;gmN;JVJF008;l;S;F;X;X;H;b;M;S;Jz;dZ;JK;ti;fY;nE;IH;au;Ek;EA;ck;fk;Kq;am;wI;LM;1988;09;566
330796236;rNiuHMJ;C;D;HIQ;920;Iz;Apq;JVJF004;j;c;F;Y;B;u;m;m;o;zK;mt;nM;Bx;Pe;hN;MK;Et;GC;HM;ac;cD;CM;vy;TY;kP;1961;09;144
650002769;sVmvYAC;M;G;fWs;143;ZR;Fis;CDQD001;M;F;o;X;o;z;J;A;Y;RO;Nb;kT;Tc;yb;VY;BS;HC;KR;if;oU;NL;qH;vr;ok;Vz;2013;12;698
190007930;fhxCiRl;H;O;WfD;745;oZ;HXk;JANE002;J;B;Y;a;A;c;B;D;p;vr;Xz;Xi;kv;Ik;sX;kP;LP;xF;Jy;MN;eZ;Sf;aE;fV;Kb;1999;08;879
320000326;VavqBEQ;A;R;KYW;953;sS;hAa;JVJF004;p;u;e;X;i;k;N;Y;C;HM;IU;bp;Ks;SW;cz;mx;BH;zB;QR;uu;Rv;BJ;no;aN;EZ;2018;09;487
740007539;USvCeeD;M;Y;ojO;190;Wb;LRV;ZCQH001;p;c;o;q;L;F;S;o;M;nb;Qd;LJ;Em;iu;bD;eT;Ro;wa;kw;Tn;js;zM;yX;lZ;tB;2003;04;365
710008780;zQHexXt;X;z;gst;851;Xi;gIA;YYYY015;A;d;T;V;N;v;c;m;L;RJ;uH;MJ;wD;PK;TV;cG;Of;cG;wf;fv;Xu;fJ;YA;bO;mQ;1997;12;437
540001930;yUPbKDO;B;R;bUU;539;WD;pkm;DEQP007;h;b;f;g;x;V;z;x;x;FD;fU;Iw;cI;rF;Ut;AY;OD;wX;Ew;sA;IY;YP;YS;jk;xH;1990;04;944
130001571;sUaQIsm;B;P;Mqw;456;gq;coR;JVJF004;u;w;y;A;e;g;t;d;A;Kq;tp;bK;JS;tU;Vw;bo;Up;TK;oq;dL;GG;wB;Py;fA;lJ;1993;10;685
600107296;QrCeuuE;A;y;YKL;964;lf;cue;GLLD002;j;U;a;P;D;B;I;u;e;yt;Fw;bH;nd;MG;Rb;aG;AB;AE;vX;yn;MC;JE;RC;MH;rE;2019;12;726
950015495;JgiaBMG;H;t;uIt;990;Eh;DSv;ACQK001;Z;z;a;I;s;l;K;n;K;yN;se;qU;NK;gw;Jt;lN;Cw;Hq;vH;YZ;Gm;YM;xM;Cb;ix;1974;08;289
130804578;MmlzWRy;M;j;fhV;536;Lc;HDR;GLLD008;z;x;G;w;o;A;w;q;P;yd;kM;IS;DA;MD;rQ;hV;pj;qx;Mp;nX;Dy;BU;ko;EZ;Cy;1996;01;694
180003071;dxkkcPU;I;n;IuJ;574;Xe;uXD;JVJF004;c;B;g;o;K;G;a;y;N;QN;bH;Kl;Cv;cv;cS;iL;mu;Pe;oF;hl;iG;Wf;Vr;Pb;zL;1994;11;730
540010410;WkMYUuC;Y;O;GeU;635;oU;iUc;QZFA033;j;H;l;a;s;n;J;q;k;lf;lO;jP;mr;QZ;ib;ph;zn;Hr;Zu;Vi;qE;YS;Mw;WU;uf;2003;04;237
240008870;oaGJnVU;H;Z;yFE;619;Jm;aIk;DZQM006;B;L;F;G;D;B;J;i;z;Gh;sV;xe;Xo;jT;ee;vM;Se;Mw;po;gv;ST;EG;Ft;GA;gk;2018;11;45
350045209;fxYqoZR;X;j;zyf;966;dc;WzU;AFLB010;L;x;t;d;l;W;o;k;z;Sd;cA;Mt;xD;iX;lo;pW;ut;CX;oE;Ci;va;aA;iD;No;uJ;2014;04;841
900001306;OEDxZdr;H;W;qzI;134;aO;siP;ZBQK002;O;g;p;Z;i;a;j;E;A;ZB;kf;tA;MP;Hp;LI;mB;mJ;Fo;Yp;kU;Vc;CI;wG;vy;uU;1966;10;61
940001894;ouBkCXL;A;X;TOw;964;TI;OHf;AFLB010;a;p;U;r;T;P;G;f;M;lC;uw;rh;TA;BS;yp;SQ;NB;fn;Fq;KS;QJ;ez;Af;YJ;ht;1976;03;461
450005475;mRoMNZY;I;P;CSn;533;PJ;dDP;JVJF004;x;p;y;W;H;p;s;e;x;va;OR;fB;UR;HM;Is;Gv;Ol;ba;Ar;IM;ZL;Qe;ia;ug;CN;1988;03;893
750031213;qxAWzHy;Y;c;wmn;230;Gc;VLc;ZZLP025;H;Q;T;B;X;r;o;F;D;fJ;XG;tw;iL;pW;ZO;pk;rY;Jv;Kg;kF;dU;PY;ed;UT;qK;1967;01;340
750020836;HTdVeoq;P;n;eNY;480;QO;WEV;DEQP007;J;w;V;b;Y;o;g;M;w;ES;IA;cN;tV;qm;zN;Qt;Vy;PQ;Jb;cE;yA;rn;BQ;yR;Rs;2001;08;854
130037724;CDUAYEk;P;T;ylu;798;je;Zgv;ZZLP025;q;S;h;W;s;a;X;P;h;ZP;FU;IX;sf;cG;ce;Oj;qu;vk;wW;Hc;SL;Cp;IH;Gv;vB;2011;03;826
950001545;SLwIqeP;I;A;aoH;246;Ss;EgR;JQQP001;L;h;S;B;A;S;x;N;R;qP;qA;ZA;Zn;ua;Ph;wP;nu;KT;uU;cT;Tm;Ln;FA;pO;ha;2001;12;841
940014616;ZvCaZZZ;C;i;tVE;519;Su;GAK;ACQJ002;z;M;E;h;Y;d;o;W;q;bZ;mZ;es;Qp;on;sF;Nb;Ah;WD;qg;Dx;Mu;DK;Ln;sE;nR;2007;01;672
