ETA_NUM;SEQ_NUM;TYP_ART;RSF_TYP;NUM_FAC;SOR_ANN;SOR_MOI;DEL_DAT_ENT;ETA_NUM_GEO;PSH_MDT;PSH_DMT;CCAM_COD;DOC_ACT;ACV_ACT;PHA_ACT;MOD_ACT1;MOD_ACT2;MOD_ACT3;MOD_ACT4;ANP_ACT;REM_EXP_ACT;DENT_NUM_1;DENT_NUM_2;DENT_NUM_3;DENT_NUM_4;DENT_NUM_5;DENT_NUM_6;DENT_NUM_7;DENT_NUM_8;DENT_NUM_9;DENT_NUM_10;DENT_NUM_11;DENT_NUM_12;DENT_NUM_13;DENT_NUM_14;DENT_NUM_15;DENT_NUM_16
710003120;NMVavikj;A;g;fMt;1998;09;836;000000000;cI;CYe;HHFE002;Z;O;U;M;g;U;i;w;c;LI;MI;Mn;gt;FM;eI;qo;Gc;wL;jU;Bn;Dz;ct;er;yq;eX
840010466;aooQqdKp;X;C;YQR;1995;06;148;840004279;WW;TJN;DEQP007;g;Z;G;X;Q;X;f;O;C;XX;tD;mS;gR;wS;Ab;aY;Kg;nq;kH;HJ;pm;dm;fd;sE;bQ
130023393;OICCMQFq;C;x;rHo;1997;04;269;000000000;wT;xcw;BGQP003;d;w;v;h;S;R;c;Z;W;bv;qP;uf;rL;pZ;xi;lH;rF;to;we;PJ;jS;Kn;Lp;ul;Zh
220021638;AZPxGpWb;B;B;Rkc;2008;06;94;000000000;NS;iHw;EQLF003;y;N;m;R;O;Z;B;d;I;Pj;Mg;to;wP;cc;aQ;or;sj;uV;QS;ba;KS;zf;bY;PF;mX
110006491;yUKRXYnw;M;e;EdC;1994;11;558;000000000;iH;Mrz;DEQP004;x;t;j;s;m;i;g;a;X;ng;SS;KO;qc;zp;pi;sE;hX;ME;co;FM;WV;Gh;If;hy;mW
970401881;AmISvEOl;Y;e;QSM;1981;01;511;000000000;Dr;qoU;JVJF004;F;e;Z;s;x;I;o;D;h;be;Nl;Tp;vq;WO;Ll;tL;PN;Qh;Qr;gt;We;GV;Fz;ZN;ix
490018587;AxThdcEq;A;D;oMr;2014;01;478;490003720;xl;gQP;NAQK071;a;P;e;b;m;q;A;X;W;cv;sM;KE;Cx;Eb;kF;ob;Ew;Mw;ex;Gf;wJ;Et;rq;pM;lF
840009856;yAAzpPuX;H;L;Ivx;2013;09;300;000000000;Gs;ixh;HSLF002;K;q;p;n;C;k;X;Y;y;Ot;To;so;hP;IJ;pY;vB;Xy;bw;LY;OW;SM;nu;uq;EY;jw
670000702;ElukPbEk;Y;a;Bje;2002;05;363;000000000;Ma;cNd;ZZLP042;b;w;J;U;I;L;S;n;i;lf;eL;aL;tQ;UZ;tn;jM;AV;oO;Gu;si;eV;Xg;bj;in;FJ
100007921;ONEwqnDO;H;x;nHo;2003;05;755;000000000;Bj;pmZ;ACQN001;P;E;q;p;c;u;h;I;N;mg;Kt;sH;ZH;YR;wV;fK;le;mH;wl;kd;Ot;ql;sJ;Sv;Vk
490001245;cbRQgvqF;H;Y;sDW;1966;05;250;000000000;cs;mIg;JVJF004;d;H;Q;F;O;r;q;h;q;Yb;AR;Hb;Vy;fA;pR;ij;Po;NZ;tB;nn;Wo;et;mk;aj;BQ
250018512;wmdywOGD;A;Y;DyK;2003;05;379;000000000;tB;ySq;JVJF004;K;y;U;h;E;X;U;B;f;IT;WP;Lh;wK;mF;Dy;YJ;lz;ES;wi;bU;Ck;cS;OX;HT;GJ
340018415;APKVVbtE;X;g;kUd;1989;09;85;300013273;VZ;ZTR;ZZLP025;c;b;T;e;f;H;N;c;k;xP;Zi;PT;AK;IT;qW;Uc;Ia;De;RQ;BS;Ke;Ry;Wo;Ry;zc
880780309;CsvnWvQL;X;E;qpc;2002;10;697;000000000;Ix;iYU;JVJF008;a;U;R;Z;E;F;B;B;w;cK;ji;Nf;XG;JB;Am;tx;Su;Oo;Yy;QC;jR;rN;Eb;yP;aX
400006383;HGbStHnR;B;W;ThM;2009;10;452;000000000;Cj;dVA;YYYY015;r;q;a;I;Y;J;r;l;h;te;yL;RR;YX;lN;dz;gb;uS;hX;Gw;oC;TJ;eW;lX;vu;pW
920718335;rukkFwSO;P;V;rLS;2015;03;627;000000000;rE;viy;ZBQK002;Z;J;c;d;R;O;T;o;O;sd;jH;Pg;lO;ey;oZ;KC;Xs;XM;Qe;bA;of;Ty;mr;DV;pC
720002534;jbMWkpGw;B;U;XXZ;1968;04;130;000000000;NS;rzm;ZBQK002;S;v;v;K;X;c;t;X;E;Mi;Il;YJ;Oz;cy;dK;Ec;ZP;pa;lb;vj;ZM;qE;ab;zw;jx
890003213;WDdkdtvl;I;H;uuj;1964;09;28;000000000;Lr;idV;EQLF002;P;T;H;T;C;R;F;e;j;pX;xs;hF;Ur;Dm;Oy;Hq;VO;cq;qC;zw;CS;sw;vM;hJ;Ul
940006091;rvegcnLn;M;e;gmP;2015;08;254;000000000;zr;HHY;DEQP003;V;D;n;q;e;U;T;M;X;JO;ei;bM;Hh;PD;tg;ie;bx;sI;Cq;Os;Jb;uZ;KL;RW;kb
330004797;fhtjHWww;I;x;uJE;1974;05;562;000000000;gr;KtC;DEQP003;O;W;W;V;h;H;O;l;t;MF;vM;GX;iZ;yo;MU;Qa;op;fD;px;lD;hH;eQ;dp;vK;Oh
310788716;eTypSWAL;C;J;oZH;1963;01;472;310781083;PG;Jyu;YYYY033;z;m;s;L;E;Q;m;f;y;PE;wL;rN;Zt;lt;em;mP;oc;HL;Pg;kq;oF;OC;Sa;LY;EZ
440042620;orsTlLJH;Y;F;UbO;1963;11;797;000000000;yY;wuh;YYYY152;k;Y;e;U;z;c;u;n;A;IT;Pw;Me;Cj;ix;LV;UH;NQ;lk;xx;yS;ae;sx;Qq;il;yL
640015251;JxEHZZdC;M;O;GZF;2016;08;568;000000000;Ri;cqV;HSLD001;J;O;C;P;X;Q;b;y;u;mQ;Qy;ui;ku;SA;Uv;IF;md;Jf;rH;el;bR;Gq;HZ;fr;Mx
360002356;SbeeTwBA;I;j;QQT;2011;11;668;000000000;Ax;nOK;ZZLP025;K;g;Z;E;L;g;j;k;d;sH;SQ;nS;UI;jc;NJ;OK;zj;tT;Pb;wO;BS;is;BM;kM;FG
630011278;jFtXQUEG;I;P;dUN;1999;06;290;000000000;cW;LmB;DELF005;n;m;S;y;g;l;k;X;v;qM;dC;vT;PP;Pd;ZU;sa;wT;Yz;Bf;ju;Ch;vX;JV;sO;ei
340010131;IXODOTZG;A;A;HcH;1987;06;472;000000000;Ca;Jbt;JANE002;o;v;C;v;e;k;C;c;a;nC;hR;YP;hu;yk;Ey;PE;Ur;kf;dD;XA;Ui;za;QJ;lw;py
970114328;OZcNRgyI;H;I;lsZ;1964;08;850;000000000;mi;Ler;PAGA011;v;S;Q;t;o;q;L;V;V;vY;lo;fu;On;rF;mO;oE;jX;ga;OW;ss;Qo;kA;vS;bz;sz
800001547;AuDeniDs;B;Q;tdy;1982;10;180;000000000;GN;qPu;HEPC004;d;U;U;J;k;O;A;X;t;lD;HM;et;Zj;cM;wN;kW;MI;jt;Pm;Cq;GS;YJ;nz;Tb;ST
830006623;PbaUSYun;H;j;ElZ;1988;11;769;000000000;oG;aWz;ZZNL054;N;g;V;J;p;y;a;x;u;eE;de;TQ;HB;pn;oW;jh;gJ;su;Bk;qo;dp;lJ;zR;gN;lp
910011998;PufnQFqV;M;z;FEk;1960;03;415;000000000;Nj;xMj;MFQK002;u;p;U;F;d;B;e;q;O;aa;mv;Di;Wx;Nl;cL;dG;ZB;Ub;qR;QQ;Zb;lf;Xr;Vt;ZD
880002415;pJMRWCLr;M;Q;XpK;1982;06;290;000000000;QB;CzB;DEQP007;X;F;W;M;X;m;a;I;g;XK;ta;JI;EX;ci;zu;ic;kh;QN;QS;ag;Dj;Aq;FA;Yn;wJ
450017215;SuTMoUBh;H;R;VzT;1970;11;527;450009873;Yu;lnv;HSLF002;Z;r;b;A;e;J;P;P;b;Pp;Vh;HI;Ye;dh;mT;qp;cM;FR;nH;zo;Vg;OV;tV;Ow;oU
300000247;ZTApkHMT;X;q;RtZ;1981;08;209;000000000;FB;lny;GLLD017;e;j;q;d;G;K;u;K;s;XM;UA;hl;wH;Cp;Yt;II;zX;OY;Xf;SW;VI;qt;Js;UX;UE
150001998;YAaBjVns;B;Z;Vrr;2019;06;374;000000000;OR;AyF;DZQM005;c;J;M;w;l;D;a;p;r;za;gB;BU;Nv;vw;Ym;iX;Wi;cI;Zq;BJ;PD;VQ;Gn;AJ;Cx
710013442;QIroRbcs;I;i;xpd;2002;06;820;210011094;BJ;Jsh;JNQD001;y;B;M;s;T;t;F;M;W;FP;Ra;Tg;zq;DC;Iz;nA;zm;Ee;fj;Mc;Bp;AT;RV;BV;AD
480782481;BwAWfeEL;C;t;rVA;2002;06;411;480782077;Ad;eqU;YYYY015;C;H;r;E;m;x;u;H;d;Xt;lZ;iA;LN;eM;Bs;SV;nT;mp;cJ;GE;kb;dd;Hz;GY;gK
750062168;yAZNnZYM;A;j;EEJ;1973;12;941;000000000;fl;Dyj;YYYY049;B;Q;c;g;A;N;W;y;X;Oc;Yc;Kf;dv;YM;dp;FY;CU;ql;oJ;Dm;Tv;Zc;bn;ma;ul
640012332;tadhLllB;X;V;ddj;1999;04;373;000000000;wh;sos;ZBQK002;h;o;L;R;D;e;n;J;I;yc;qT;My;qE;tf;sT;it;aQ;MV;sK;oQ;YW;Om;FR;om;Kp
060000676;xFELRRoB;B;P;kyS;2010;04;246;000000000;ni;LHW;FELF006;e;v;j;c;v;y;g;o;h;yA;Jv;Op;Rz;bZ;zJ;II;hv;MV;vy;DZ;XP;jQ;YU;ZS;NK
620019091;CnBPqPjX;Y;R;hUy;1973;11;294;000000000;Ux;aqv;JVJF004;L;i;r;f;e;S;X;H;x;jn;bd;Pe;xq;nS;VQ;DK;VO;ts;KB;Xn;Dn;xp;JT;gC;VX
660785692;yjlgZESn;H;b;PDP;1999;08;254;660782988;wm;ERs;ZBQK002;n;s;A;M;k;C;V;R;n;vj;hc;hb;cY;nF;tC;mi;mS;Ui;MG;Dk;Iq;xq;cH;WN;Ru
140014481;TrqXccHt;H;v;UcI;2009;04;891;140010182;jK;vFJ;EZJF002;l;w;L;t;r;p;Y;t;a;wj;uK;yU;uL;tl;Qd;ja;As;Ri;IN;QO;HL;ty;In;Kf;Yj
130039514;tmLVrHkS;P;n;zBU;2009;01;55;000000000;iA;Dus;ACQK001;X;R;g;Y;Q;Z;M;J;b;rg;Dp;Du;Cu;MA;Xq;Au;rh;sp;Qp;Ca;bg;OB;LB;Hi;Hm
870008968;rgcdfOVA;M;k;Cot;1969;10;561;000000000;ch;pzg;JVJF008;B;k;L;s;S;m;u;E;g;sG;NO;Ef;cf;ve;pi;Bl;wV;LO;Dr;gl;hU;KR;LI;Tc;BZ
750003022;zlaTemtP;X;A;qDq;1964;04;960;000000000;iq;YLS;ZZNL063;e;t;r;T;E;a;Y;h;p;PI;Xm;TU;fy;MT;fj;QY;OF;YS;Ev;PC;vB;oy;hM;Gf;wu
100002872;NfzDRhnd;Y;A;uWS;1964;03;588;000000000;vG;bpR;DEQP003;J;n;d;k;F;Z;V;F;p;cd;DG;of;Lx;Oh;wD;Pw;dI;QG;jm;YA;JK;AK;Kp;Pn;Vw
690018296;OIOIOtDH;P;s;LgJ;1971;08;164;000000000;ve;jKH;JVJF008;C;T;H;w;X;i;m;t;E;Fw;fz;TW;Vh;vG;CR;xG;aM;pN;OM;DF;fO;Lf;rW;Hm;SR
720017961;qTROmvRp;X;D;zll;1975;11;650;720012590;Js;IXF;DEQP003;o;i;e;J;o;p;H;j;U;Kw;it;wy;MA;aF;nm;UB;Dc;Lo;zd;ae;RZ;CD;rZ;SK;fj
190004747;KlGCSYBC;A;n;Fkb;1990;09;280;190002089;ZW;wGm;GLLD017;s;G;o;Q;H;G;z;W;V;aK;lA;Rj;Zl;Jj;Ay;eV;KK;hT;Ri;TE;Ot;uo;So;Im;RW
010000305;xtKSXdvY;H;b;Vdi;1976;05;83;000000000;SX;CPM;JVJF004;m;O;y;q;W;U;Y;H;U;Ig;CM;EY;Vf;No;hG;nV;gD;gD;Bm;Yv;Aj;Th;Sf;BE;Ro
130022197;FNrxpCiR;H;w;OVX;1967;08;378;000000000;fu;zfA;HHQE005;T;k;s;T;R;P;l;N;Y;Kl;qT;vA;GU;op;kX;bM;Mc;fl;AV;si;Qc;AV;FB;ZM;vC
170020226;SzeMntqf;A;g;nKD;1967;10;976;000000000;jC;nRT;NZFA007;r;F;B;f;G;H;o;r;h;tn;Bd;ZH;oc;zv;cr;mX;yT;zS;sj;PD;UK;Pf;DD;un;qX
770000545;stRsJBQb;B;X;HWp;2001;10;826;000000000;Kq;vLd;JVJF004;u;n;C;l;s;R;L;Z;M;JW;rh;Xi;rl;Kb;Cd;sW;wE;cg;ba;aL;eM;ci;tq;fa;xY
310002217;eGnnfsih;C;F;oaq;1977;03;513;000000000;Uw;zCe;YYYY300;O;E;B;x;D;h;p;Q;j;CC;bt;IO;OZ;VJ;SX;id;pV;Rq;IN;YN;Aq;Pf;HE;yb;eg
630007227;FjQlXbsJ;M;g;OOo;1997;05;613;000000000;NS;Yzi;NJPA017;K;A;M;P;e;X;j;T;a;tC;rG;ax;wB;iT;zK;QD;xx;kU;zW;Yu;fl;ma;iT;Wn;Qp
910022714;cKiyrmEr;A;v;sUJ;1989;02;695;000000000;pI;vWe;JDJD001;v;o;d;V;g;j;T;P;h;yM;yu;Ui;DU;ZF;cJ;zZ;AD;wl;Hc;sZ;jO;he;Uw;yQ;Vr
310795877;bEVYHYAZ;I;b;IGW;1969;08;144;000000000;WX;JGA;JVJF008;J;Y;V;j;m;G;v;T;N;QJ;VI;Ih;lw;yU;Hh;Tr;Ux;dS;tm;Jf;fD;ph;aK;gO;Oo
090783333;YMXcFheC;A;h;dLx;1977;07;19;000000000;Ns;lGV;PAFA001;u;X;a;i;s;O;I;M;B;cN;uR;IY;RF;Qd;Qb;fH;QB;ZN;IC;FU;Ib;JJ;RN;tH;Ux
980500938;GkKlosnd;B;F;sQH;2018;05;490;000000000;wT;pkD;ZZNL054;R;C;a;Y;w;N;y;V;z;gL;NL;nr;kL;Dn;qk;Bm;vA;HJ;BI;iI;Tl;pB;zp;js;PH
2B0005920;gNUMuOOQ;A;A;ghA;1966;05;610;000000000;zI;rzi;HPJB001;h;i;a;L;s;k;m;k;L;Yj;pj;Rg;cc;fD;RF;xL;eG;xG;fU;yu;BY;DO;uE;Iw;EO
150001592;msUANTPl;I;X;xpy;2019;05;324;000000000;XX;zvq;ZBQK002;t;u;C;W;T;y;o;v;S;RO;YV;JG;PI;Ml;jK;cu;En;ux;gn;wL;uB;Du;wc;QJ;Oh
970407599;nUMuynLq;X;x;ejx;1991;07;855;000000000;HA;oID;ZZNL063;n;O;w;w;s;s;U;a;g;go;FW;Di;QV;bp;vY;yB;wJ;Wc;SE;KD;zf;Qz;sK;yx;hQ
340008473;XWzlLdIf;C;k;NpT;1963;04;523;000000000;Pj;nVs;GLLD015;i;W;l;K;q;H;W;g;d;tH;Ye;ny;GK;Ve;pY;Pn;Ip;gG;qC;ta;di;MF;Ea;JM;nu
590005187;NEclEMoC;Y;Z;sIG;1979;02;373;000000000;Fm;xEh;HBMD007;i;M;X;R;X;V;a;t;H;GX;hH;Hd;Jq;aZ;Pe;Kw;YV;cA;fQ;EW;UQ;lR;Ys;Qt;mO
820005742;rKnxdCdH;X;Q;iSs;1995;01;814;000000000;bI;mrV;JVJF004;w;p;v;L;j;B;N;d;T;Su;pG;bA;NC;xG;lR;Bp;BQ;eZ;HA;NV;AT;cy;od;ke;Id
340009794;xVjzpEms;Y;f;eoa;1966;09;813;000000000;PX;Mrd;DEQP003;z;G;y;C;V;P;w;v;S;RR;KQ;pY;Ul;EV;FN;IX;bX;xX;Wq;KF;rx;Kb;rI;bN;ZS
430003665;rduFnwrR;X;V;jtx;2016;06;853;000000000;va;oPU;GLLD015;q;B;X;z;l;D;C;j;N;zd;JY;ey;YN;Jr;vx;kR;sR;Su;qC;Dc;xy;wy;IW;qn;sl
470010265;opDTZQFq;A;x;gdJ;1971;02;602;000000000;Fe;gPt;ZZNL063;d;Z;z;r;g;J;o;p;J;Zt;Yt;AT;BU;dw;Tk;qZ;En;bR;eV;tS;rh;ft;Wb;DL;mt
760030734;rsAKCzwV;X;V;ndp;2017;08;675;000000000;pj;MPu;AHPA009;e;Y;L;F;c;b;r;b;J;Kl;DQ;iJ;FC;cQ;Kw;pD;tD;ya;AS;Ao;DC;jf;KV;ak;eg
160000618;WgPjBmKy;H;s;PMa;1972;11;524;000000000;fI;NxD;ZZEP004;r;H;T;n;R;G;g;L;t;Wx;fB;iI;Lj;fl;HR;qx;Mg;wX;vJ;DT;OH;Fm;DI;hw;SR
590001574;pJVglwLc;Y;E;qsh;1974;10;833;000000000;Gg;GLu;CAFA002;n;w;g;a;o;H;i;d;k;lV;Nf;wk;Ft;vh;QE;Eb;bf;zp;aS;UX;Xr;Eq;uu;jq;Hj
970100673;ndbmjAAE;I;I;IKO;2014;10;55;000000000;ZO;Ude;GLHF001;K;V;s;R;m;Q;q;f;M;ci;PY;wl;Cg;fT;Re;vA;bP;am;PV;KH;sX;cp;cX;GZ;fs
780008223;YmUfZDhi;I;O;vDY;1989;06;427;000000000;VF;cGw;JVJF004;d;n;L;U;h;B;R;K;j;RR;qn;Ua;kn;zF;DF;Uu;qu;nH;WV;QU;ds;zo;Dl;Io;DI
350037206;XXNaCRTY;B;J;wpR;2000;07;362;350027504;ez;lhz;HHFE006;Q;A;Q;T;g;W;L;I;e;ln;xm;ko;yK;Ys;nr;Fr;qZ;uz;kU;XK;uR;tW;bv;oP;ow
330033879;BfOYDwZN;I;o;YdJ;1977;12;663;000000000;nv;IRY;GLLD017;o;n;f;A;i;z;x;g;u;jV;yE;zh;UW;JN;MN;AW;el;QS;tL;vX;Uf;Xt;vH;qg;Av
570009373;UnGkspms;M;P;Xnu;1972;07;279;000000000;Wt;QoW;DEQP003;U;r;S;l;X;t;u;e;S;MP;mF;Kq;Xv;Dp;Kj;VW;Vl;AD;rD;CN;EZ;EG;cN;mb;Eb
680007085;vomJIKtj;H;c;wYI;2017;07;560;000000000;UQ;aWR;YYYY020;m;O;M;e;v;E;g;s;d;of;Wb;wm;hw;Px;wk;Im;JA;kJ;GF;tD;oE;Ln;SO;Sn;uC
850011792;bUicjOfC;A;C;zXg;1974;01;505;000000000;aq;Plw;DEQP003;V;q;x;K;D;z;T;a;b;hz;An;WM;oa;kt;AK;cR;Qz;rg;Tz;vG;KN;yJ;HQ;Db;lN
970100913;MKKwIvte;Y;Q;lZj;2017;06;690;000000000;xZ;mmw;DDAF008;G;K;r;m;Z;v;A;A;b;Yt;OL;WM;TE;wp;bd;NL;uB;Qo;pD;BD;Cf;IZ;Mb;qV;MP
430003632;EdUXEMQI;C;O;yPD;1976;11;451;000000000;Eu;RVx;ZBQK002;b;b;K;P;e;d;E;p;T;BS;Ra;oT;zO;Fo;TM;rh;Ru;js;YB;cq;DA;LQ;yE;La;Dp
380007195;QVIDIjsG;C;T;Ymx;1984;05;763;000000000;xu;Txi;AFLB010;o;b;u;O;z;m;E;h;s;hN;AY;Qr;ha;oM;tf;Cb;IG;vp;yI;pG;Sp;zV;mi;vD;wy
900005000;QJirBBhF;I;x;OSj;2014;12;364;000000000;Ot;siB;CDQP009;C;u;G;i;h;m;l;R;V;KI;DD;uD;bh;iW;og;Ff;VK;AC;FM;uq;vz;BU;No;AI;Me
920025624;JfKbfrvy;A;s;IeW;2006;02;53;780026571;xS;MAk;JVJF004;W;i;d;D;j;Q;e;R;r;AI;Gb;er;bM;SI;aj;Xf;rv;OF;TO;cb;HT;XC;Iv;cz;Id
750721342;kKyfyStM;B;Z;GFn;2009;05;714;750010126;YP;mtg;JGFE023;Y;W;W;t;n;U;p;f;m;wE;ja;nA;DL;GQ;jg;dk;pt;zc;ev;CW;Cr;Sa;an;nE;MM
970101358;iRwNQTeM;A;f;DfT;2018;10;488;000000000;lu;iQN;YYYY002;T;f;u;C;L;P;h;K;D;FM;Jf;VA;Fc;wp;UH;GI;bs;Vf;DY;WZ;VS;mt;WW;jo;Vt
370001471;LTmqCjwC;H;q;fVn;2019;01;393;000000000;UB;MAD;JVJF004;A;l;S;Z;r;D;P;E;N;Za;Ov;PV;Zj;PH;Md;dz;NC;Dv;Jw;Xs;Tx;Is;Ea;vZ;LH
920001187;uAagsqFo;P;m;ToX;1960;01;815;000000000;dS;XVL;HEQE002;a;b;Q;Q;j;p;q;n;k;Ey;wZ;Sb;ei;Ve;BP;ky;Sz;Lc;gS;So;SG;YF;XD;mZ;yy
310002977;CHWtrNtU;X;x;rQS;2014;11;271;000000000;qV;NWz;JVJF004;v;k;U;e;T;J;P;V;s;Xd;Gs;CA;DE;sN;Di;He;Go;EX;vo;Zs;ts;fB;FL;vs;fr
760004465;aGDZKeSs;B;b;HRv;1982;11;189;000000000;nv;vpu;HHQE005;l;X;f;h;J;w;l;J;S;Gk;Oy;iJ;bU;DE;Hg;Yg;Ak;kE;iS;cu;tW;dd;KD;JS;Qk
270000656;XoJwgOMF;B;J;EEc;1990;01;453;270000292;tG;mTk;ZZQX069;z;T;T;m;B;j;n;q;G;uO;Ut;oJ;yD;OB;qR;oF;WF;hZ;US;Al;Az;Zm;mt;xB;Rp
560008500;SpREZaIL;I;a;zFj;1960;01;949;000000000;eq;Glk;ZZQP004;B;Z;s;J;m;N;S;e;e;aZ;CM;Ds;GZ;Gb;im;qb;Vt;ov;Mp;yu;hM;Hy;Wu;oD;MZ
690802715;ofOfdXUc;C;D;zLS;2008;01;889;010006799;sM;tle;JVJF008;K;O;L;N;D;E;r;y;f;ZO;vr;fM;AF;dm;cb;NA;xO;Cl;YI;Oo;zy;Kg;FN;ZO;fJ
480003318;lPSCdxmF;B;A;OSd;1985;02;10;000000000;Tm;zpy;HCGE188;c;A;l;K;t;t;P;Q;m;Qa;BF;dW;nU;hx;pN;AC;Ms;Jq;OL;su;xS;LU;li;Th;TV
670006675;aLJnoeEY;A;u;rIG;1963;01;848;000000000;Fk;vcC;JVRP004;F;W;P;i;M;y;N;T;W;Vn;xi;qm;xV;iT;lD;op;TR;Ib;SZ;qe;GZ;Yh;BC;iG;bu
330804212;ElJqUzoD;H;e;Ucj;1982;09;41;330054503;xy;oWX;JVJF004;n;k;d;g;m;u;Y;V;Y;ff;WZ;Ij;Kf;pX;nF;QL;MY;Up;sT;ZZ;pP;nI;XC;KB;Ov
030008015;mmtDqTfQ;X;S;aLW;2011;02;636;000000000;Cc;KAf;ZZNL065;e;b;U;Q;j;i;T;Q;k;te;vS;bj;bF;Lg;OU;iB;oW;aL;SE;SQ;Zq;Yx;Jh;JF;ZR
610003451;XjpcWBWv;I;t;eLg;1968;03;857;000000000;Yn;vaU;GLLD003;q;Z;P;M;L;J;o;w;D;uw;Dk;Ra;ko;dj;DH;cS;BU;TI;jJ;GC;qT;Yn;ue;nl;EN
310013867;lankNeBF;C;W;epT;2014;05;608;000000000;ap;Zsa;ZZNL050;F;W;Y;f;V;J;f;P;O;ed;fA;Im;wD;Ea;lg;vA;HU;gI;Tt;Pb;oc;EO;mm;PN;UG
390004083;RtKFCohh;B;o;DBy;2000;09;630;000000000;Sv;OGK;DEQP007;Q;h;B;o;F;g;j;u;E;Xo;ne;Qj;Ck;sJ;Us;PF;SE;uN;eo;kJ;Ul;Xl;Jz;ts;Zm
100009117;hAyMDOiz;X;a;aLn;1990;11;979;000000000;uV;Niu;ZCQM005;Q;s;z;X;v;P;N;C;r;vD;si;vF;ra;jD;fl;Gw;RS;QJ;bu;lY;tI;nA;rP;MK;Om
570004010;XEyPqtoc;C;O;zeo;1979;10;759;000000000;Sb;viM;BAFA004;w;V;y;H;v;U;v;f;X;UY;GY;db;wH;LK;EF;Xt;Bi;as;ls;Em;Ao;xx;hI;MV;fp
790019855;XdxzmKcr;B;u;vkz;1975;11;64;000000000;bO;Ldj;GLQP001;a;p;J;k;e;I;P;A;o;gJ;vu;JD;To;xo;wL;JB;KW;we;rc;ce;vD;qM;nJ;Zt;SR
330040486;hkfOQrNL;I;C;ims;1990;02;141;000000000;UB;udi;JVJF004;g;l;D;J;o;u;R;U;x;rx;kv;aI;DN;wh;Bm;RW;dR;qv;nA;Cb;QF;Pk;JE;MQ;VG
950035998;YikMYzQg;P;H;jbs;1966;12;805;000000000;wK;kKI;ZZQX162;n;z;Q;w;y;a;l;a;q;Ey;tr;Hs;Gi;Ks;Mi;EW;Eg;wY;Eq;NE;OZ;AO;mo;FC;IL
640007704;xslZOUhb;M;s;VIE;1961;08;824;000000000;YU;Tvs;HZHE002;I;t;O;P;P;R;P;Y;N;Vx;bk;TT;qE;Be;cE;jf;wn;Qz;xS;Ld;ut;DA;xs;QM;qi
220001598;gTdkTuUv;M;p;NwF;1979;07;73;000000000;xI;ZBg;JVJF008;a;t;f;P;A;T;z;q;W;eo;Er;Js;Nk;CD;zh;Cy;rT;SS;Id;tq;cg;EP;hZ;vD;RD
730009792;jHHIgViD;P;K;RiV;1991;05;370;000000000;aB;Ngq;GLLP006;x;M;H;z;g;C;g;B;r;MV;fg;lh;qn;MQ;zw;EU;Jd;UA;nR;oG;HB;mI;EH;lM;BT
560008161;SIrLdqGH;X;W;dUt;2000;02;586;000000000;Og;drl;GLQP005;c;k;f;B;F;A;I;s;Q;Nb;cD;jo;Xl;lE;vL;mq;dL;ap;YN;Sp;GZ;YW;mJ;Lk;Wq
950027631;WrRFQcCn;P;w;VUE;2001;10;588;000000000;th;pKr;ELQM001;l;c;E;J;L;c;B;o;a;lX;WO;bK;gl;VH;xF;KK;yu;nv;SE;Sx;eI;Dj;eL;bS;xn
830009841;HEWcJMRp;X;e;lkR;1981;07;985;000000000;qe;WvO;DZQM005;H;y;Q;t;A;Y;l;c;s;gA;Sw;yp;ND;bw;Wj;zf;zS;rx;pJ;RZ;xg;fb;nl;Tn;Il
950025288;jYGylwyJ;I;y;UsG;2000;10;334;000000000;PH;hGZ;LHHH003;T;X;x;z;R;t;K;A;x;iL;Js;BW;lv;ck;rG;SL;vu;Yp;ue;za;DK;qU;Tn;zD;uL
350012589;rQxPzbVo;Y;a;PIM;1963;03;114;000000000;YI;HyG;ECQH010;k;E;D;S;D;R;T;R;b;TU;qZ;Zy;vT;oY;RR;DE;sg;qa;Ik;dq;ib;Lo;Qg;et;IR
470011495;ZQXdZwYd;M;f;LSI;1963;03;854;000000000;Ib;Kci;HBMD072;q;F;K;m;g;z;i;f;r;gJ;mu;sQ;vp;Wd;ft;ov;ol;eh;QU;bF;RT;Ix;dX;TU;Zn
130018948;QvAShjmg;I;a;dal;1969;02;176;130018849;cn;cSs;JVRP004;m;F;b;V;n;f;F;s;v;Tw;TO;EW;xR;wU;MH;Re;gM;ii;ew;DG;pT;bN;gK;yQ;jc
220021398;XYmwipSV;A;t;Uvs;2005;11;707;000000000;Na;xLk;GELE308;A;u;Q;l;X;i;m;g;w;ul;rI;jQ;OM;mP;eE;Cb;Wc;GV;AR;RF;Ns;Mp;KN;ma;Fv
950036574;tFnbiSBt;C;U;pVd;1980;01;535;000000000;iD;frF;EQLF003;l;P;v;n;j;X;h;L;I;cw;JL;wT;rD;vC;ut;nD;kh;Jl;ld;hy;Nz;Hs;ZO;gG;XE
130032592;vfzGfIra;B;J;ShI;2015;07;513;000000000;Vr;xKD;JVJF008;M;y;k;S;K;j;r;d;W;hU;xu;lg;an;sZ;Nq;mw;Su;Gi;im;Zb;ax;kj;pl;Ty;fl
630005213;UNMGIoiH;B;S;YBh;1965;01;99;000000000;MP;czm;YYYY290;C;g;k;R;N;H;a;T;Y;Rd;un;iS;dq;Mf;nN;cQ;it;vL;kj;MD;On;Bw;QT;UQ;hJ
730780558;rJufJoLo;C;L;sMP;1963;06;306;730000270;aa;ySl;HEQE002;T;w;L;l;u;o;R;E;D;Dh;Ht;ch;Sr;Xc;if;fm;Ga;fN;Wm;Mp;oL;Jd;Ge;EB;qe
930004312;YQnEJApY;X;s;MNr;1966;07;393;000000000;eb;NGg;ZZQX188;l;C;l;x;D;N;K;Z;g;wj;AH;lt;Ss;NR;uf;KU;Bj;ZU;VJ;KW;ly;LS;JQ;ud;ZY
750020307;DKCKFliA;B;u;SmF;1977;08;798;000000000;yy;rAj;FELF006;L;o;p;a;m;z;l;e;M;Sa;TB;NE;CE;Jy;zK;yG;Xr;YN;Sw;kL;mp;Ui;Kf;HI;BO
350003075;JBVQwgBp;C;e;hRK;1975;04;622;000000000;Cc;pAf;BFGA008;y;Q;I;n;g;A;u;y;c;Hg;tP;ed;jz;Hd;wO;OA;Zi;IH;Sx;hm;Od;Qb;No;IQ;To
830021309;TZbKHzps;M;B;kMM;1979;10;500;000000000;bM;XBM;JJFJ001;X;a;C;p;z;K;d;w;O;rJ;aE;Vs;Xh;So;xY;CD;ZX;Rl;jK;tN;ww;cQ;JX;oQ;VF
830003687;ZQjtncQC;H;x;LQg;1984;06;715;000000000;Tg;lVe;EQQP011;P;Q;P;I;b;v;t;R;I;wg;Bo;es;PS;hw;ax;ZN;OU;aj;Ik;tQ;II;Qn;nm;wV;vh
700004989;itoJFQNK;M;B;jqr;2008;02;197;000000000;ob;Grm;GLLD017;P;R;e;e;l;V;p;q;L;Lx;qo;dJ;oR;Ml;gA;jq;vh;QE;Fv;kI;Fe;GT;xO;uf;qX
060007424;eZooIdGe;B;z;rbT;1998;02;601;000000000;eK;eAP;JVJF004;c;s;O;u;X;p;U;k;m;yZ;LW;Or;jv;ET;HR;gC;ao;gN;sS;bc;WY;rX;Zm;SF;ih
440048189;FImYySKo;A;I;xXi;1998;06;235;000000000;Ss;wOb;ZBQK002;L;y;T;X;t;l;G;Y;g;SN;Mj;RM;hh;fy;pO;ha;rw;bI;kQ;ef;MI;fi;kU;IR;Fb
130019946;otqAkDiV;M;z;BgM;1975;06;629;000000000;KL;TPa;JVJF004;b;i;c;s;I;O;L;L;n;dX;rl;TK;YK;au;LZ;ZF;iw;kW;ZH;it;zi;Wr;zO;UF;ZG
870009768;sdxhCUOg;I;S;itT;2018;04;432;870008489;Jf;QqV;JQQP001;w;a;U;g;s;M;G;I;e;aK;hC;Se;hM;sT;Oz;BA;Tk;kA;dR;bn;Hd;zP;Ag;Pu;ZF
590037685;UueTFVaT;H;S;ATy;2015;10;656;000000000;aj;lNf;NZQK006;q;W;h;M;T;a;O;R;n;sb;Or;Ds;bR;Do;hE;wf;Mv;MU;ly;JW;OZ;ET;EZ;av;dj
290006030;nNOcgTlA;C;O;haO;1961;02;890;000000000;Op;hwM;MEMC005;W;M;b;c;l;N;s;O;l;Ri;UK;tQ;Gj;LS;kh;UT;MG;ty;tg;pX;mh;pg;Uq;OX;yl
850014192;axpjGkzx;I;Z;tRj;1993;02;34;850004193;Ki;HGI;LHQK002;V;n;n;Q;V;p;M;d;Q;rG;fk;nc;Qe;oV;pE;Ek;UY;Tf;as;fS;RU;YY;Dw;rI;cI
330004938;NAWsezjQ;C;I;uFZ;2004;01;916;000000000;nm;skk;DEQP007;K;A;k;a;E;z;D;M;t;xU;Mf;lW;ad;iF;Tw;SL;ht;th;fg;AJ;CV;rR;vB;wB;QJ
330047283;BnSolWGF;Y;a;rfz;1973;11;662;000000000;cn;AVG;JVJF008;U;U;K;n;p;j;s;h;J;SS;gk;kD;XJ;wA;OK;vH;Tl;Cy;oi;ly;yx;aN;qu;xO;nc
940001829;noQbhyFz;A;i;hGx;1964;06;300;000000000;AX;nxC;DEQP003;c;C;Y;i;x;W;b;l;c;uf;NE;zM;iO;vB;Fu;Ul;sf;uh;NI;JM;jL;pT;xQ;pF;zi
600012660;mIibSamd;I;B;EvM;1970;07;843;000000000;fd;vcF;MGQK003;I;R;D;C;C;C;b;r;l;GW;Lk;FV;ku;jg;ek;mx;Pe;kc;sV;ec;Bx;Dm;fJ;XO;jV
220019137;jyKIbfuk;Y;A;oTg;2009;10;708;000000000;HE;WnO;HHQX005;P;Y;O;Q;l;l;T;c;W;wg;qm;HY;Kg;XW;iX;iS;iR;rn;Ke;lN;oi;eA;Jy;rp;bJ
910016989;CGozlpSn;C;M;kqY;1985;11;112;000000000;ns;mGz;HSLD001;i;F;S;T;L;Z;S;g;V;Qc;AB;wy;nU;BR;sZ;EP;gH;VL;xa;CA;kY;Pr;fb;nq;cl
100008366;MEKeexsN;I;W;Une;1966;05;192;000000000;Hp;HJg;HSLF002;F;d;E;L;b;A;Z;I;T;Vz;fE;Mb;jW;HY;zd;yg;xq;Yq;vR;ai;bo;rp;IN;hU;SI
630012417;kmODQwUZ;Y;a;pir;1968;04;757;000000000;NP;afm;AHQJ021;K;J;g;k;a;k;C;t;j;bO;Es;AO;DH;FA;TI;jB;Mm;LQ;UP;tw;XG;Dp;wc;LM;Dv
350052627;aAzWvZNv;C;U;kGJ;1961;04;225;000000000;lG;uYE;JVJF004;t;v;x;U;O;w;G;W;s;db;vM;Ue;Bn;li;ce;qf;gk;lb;SN;Cf;tW;dY;FQ;yq;Ih
870016938;mdpeGLvT;C;J;tsc;1971;12;611;000000000;TC;vzx;HSLF002;S;l;O;Y;N;s;b;V;c;Pc;Hd;XI;zX;Qc;DC;Zg;NR;Sc;vG;iC;fi;Qe;ZP;Uj;tz
720003334;KMeEGzJt;X;R;aFQ;1971;07;850;000000000;VI;Tct;ZBQK002;X;l;x;x;H;o;I;X;y;hD;nn;Mj;rz;dD;Gq;fA;oR;Le;nt;bH;Za;Kx;as;fS;jm
340006592;WkTOokrI;B;O;AaA;1988;05;295;000000000;zJ;MVq;DEQP007;U;C;n;T;N;X;G;T;Y;Me;yl;IM;vi;kd;zJ;tX;QQ;KR;GZ;zY;us;hK;tb;xU;XT
440050649;DfyfqIau;X;k;tDv;1997;12;914;000000000;TB;tIw;NHFA001;e;Q;h;H;J;q;n;H;u;JD;Lj;Zv;Gs;GN;Qi;UT;Cr;Dg;nl;xJ;Ws;tx;Fo;Zy;ZY
330044017;eZGClJEE;B;k;LOA;2002;12;740;000000000;bM;BAi;ZBQK002;b;j;L;i;z;E;E;z;r;zI;jy;AF;dK;Tp;dE;Qd;aO;dB;sZ;fw;GM;xi;Kq;tQ;Tw
840003792;kxYDWftx;B;R;xgn;1963;01;812;000000000;VR;bDb;JVRP004;G;a;K;K;v;M;a;i;b;Nh;fM;OL;Mo;Bm;xe;Kx;jK;tB;CR;yQ;vA;gQ;IK;BS;si
750035578;ytGMNwpY;X;E;pTM;2016;04;502;000000000;Bf;UFo;JVJF008;F;S;I;x;X;x;v;T;y;Fr;Ps;Cz;RH;hB;MH;XV;ss;Hb;QU;Dt;Zo;YF;aG;BG;tb
860011105;bSHpTfyY;H;g;vSQ;2010;08;863;000000000;nr;XDY;JVJF008;H;y;a;w;z;v;y;s;J;tZ;Zk;FV;zV;Sa;AS;VE;Ef;pF;sF;ya;cx;nh;Tm;Em;rY
620019737;bqOZFdBQ;H;P;Xsr;1999;11;637;000000000;hT;SQF;BELB001;r;p;D;y;F;O;Z;Z;B;NU;kS;kh;WR;mF;Tv;zs;lQ;BG;Qu;SI;lX;tt;sO;gy;Hz
650006018;EKYoXRjv;X;T;JxI;1988;07;46;000000000;hE;ZVw;JDSA009;I;l;c;O;r;G;C;u;r;nC;zv;wh;OE;XK;rp;Sx;Jx;Ku;bo;Gx;uR;Uh;eh;WJ;Dh
440028280;irPsLSoT;H;K;wma;1987;08;296;440028264;RC;bsK;GLQP005;Q;V;o;h;A;v;v;i;a;YN;Rz;Un;Ji;EJ;pa;nd;BG;tZ;JV;Fu;ef;LY;He;yk;da
460007297;FcFFJZZs;C;M;acG;2003;07;143;000000000;lA;Dmu;BFLA002;O;M;j;t;H;p;I;Q;I;pq;oI;sI;mK;UK;mk;mI;qb;zu;RR;aV;YB;dS;Dl;zw;TM
710007071;mQBRtVDy;X;n;Ztx;2010;10;607;000000000;rP;UTl;NGQK001;c;d;i;o;M;A;u;t;N;Uj;pQ;At;zm;wM;Hc;Fz;jz;dd;fz;rB;hd;gI;jL;kK;hV
520002510;yKwyeDKK;M;D;NOe;1960;06;20;000000000;tR;gOR;ZZLP025;M;f;q;l;j;o;G;f;a;BX;oc;ET;RY;Hj;tF;Sg;kc;Gj;ko;hK;OA;pQ;Xw;CW;Wk
810101139;iityKErx;H;S;Lnc;2006;02;465;000000000;aI;ApB;DEQP003;s;G;f;R;b;B;j;g;y;Og;lK;zn;lq;nZ;Us;mP;ao;fC;mC;jE;eh;Qg;zj;Oq;bE
780008256;JGubyXbc;A;N;PYJ;1978;07;534;000000000;YI;OqK;HBMD114;m;Q;E;H;A;A;U;e;Z;lX;aw;qi;vt;vA;Bb;ln;aH;WR;cY;Zg;Oc;AK;aM;Ln;PG
440022804;NgyvTnzF;Y;M;DCI;1999;08;195;000000000;TM;PUf;ZZQK002;N;P;D;J;U;a;u;n;T;ll;Ld;si;su;rn;hA;jK;se;Hn;CF;xf;YR;ta;sX;jj;Nd
420015463;VuQTDnPu;H;F;XyX;1978;10;190;000000000;Uq;pZd;NEQK010;P;t;h;c;v;F;X;p;d;pL;NF;rA;XC;KS;fN;Ns;cJ;aR;uW;bq;tt;iH;Sr;HD;uK
330061425;KGkxoUfP;M;K;ZBH;1992;08;481;210013520;fq;MmE;JVJF008;l;i;j;P;f;B;k;z;l;wQ;jw;QD;Fu;od;MK;Gm;DL;Gz;yZ;pm;Lm;wY;Iw;dr;EN
970212031;NNHgzCJT;X;q;YpU;1963;12;788;000000000;qb;VLL;JVJF008;y;s;f;X;b;l;I;T;P;dh;dU;dL;NB;Ra;fe;Ha;Wg;ru;qg;uE;pc;uR;ZY;Zh;LN
340789445;fFfzaDCK;C;j;zAD;1981;05;61;000000000;ha;jCa;ZZNL063;N;y;W;o;x;M;f;v;S;lN;jh;Ph;Zp;nM;cL;Zz;DM;aA;Ht;lC;cs;zs;DL;uh;cg
950802975;TdOWgbnB;C;n;eUJ;1977;03;527;950031740;xb;GYw;JVJF004;m;Q;H;h;P;Q;M;F;T;fD;ZR;dK;IU;sk;vd;Zy;ee;qK;tQ;YT;Xl;rO;oH;WH;kK
060003522;qoTcKimT;A;G;Xaj;1978;07;728;000000000;zw;EWn;ZCQK005;r;U;T;k;r;l;n;I;S;ns;fy;oS;vn;rj;qG;FR;lC;we;AY;oH;qA;cy;nz;lH;GE
130000029;MUNgDtLT;B;h;jmn;1970;05;596;000000000;fq;IIo;JVJF004;T;Q;L;I;V;Q;U;J;G;cI;gr;YE;nc;JI;SD;sb;Or;nO;Nn;tx;fZ;YK;fh;hK;dx
730011764;HRkJAuwd;C;M;ujp;1992;06;27;000000000;PE;bcn;JVJF008;D;F;u;l;r;a;S;I;V;ld;qD;Jx;jf;LI;lV;ZU;TA;uW;MR;EH;Nh;nM;AP;Ec;sc
570011155;vuuZmLce;Y;H;Egf;2001;04;616;050006592;MG;niC;JDQX002;S;A;W;z;u;v;E;H;A;HW;QJ;eI;Mj;cg;UN;tk;Bz;ZI;Hq;qC;rS;oa;GK;Ba;Iy
800002909;PXWIqtZk;A;I;xps;2002;05;837;000000000;Si;deC;ZZLP025;m;U;o;F;R;Q;L;U;y;ld;VB;Ds;CH;UV;vG;AF;pG;qM;lm;ax;LB;HZ;We;lK;SI
700783558;qUDlZlgu;C;v;BDM;1986;05;370;000000000;By;SDO;HJQE001;F;F;s;m;x;P;i;n;y;hw;St;UT;rC;iR;EW;cj;tj;dH;ad;fW;Gh;Tv;gZ;Nl;lr
100000728;xjRzzUbv;M;h;WmT;1966;10;91;000000000;XZ;YeB;ZBQK002;E;q;m;G;K;l;u;q;o;YS;IC;xu;BT;fS;mv;oj;BL;Im;bb;am;LX;xp;Zm;Km;Qq
710003005;jcUxAEuz;B;L;PWr;2015;03;839;000000000;oB;HxN;ZZMP015;u;q;p;Q;u;M;z;Q;p;dX;Vj;wT;zQ;he;ss;DE;hm;OD;ML;qq;yA;Qz;Th;sS;LN
710976556;hdNMdTAt;P;u;SZQ;1972;02;841;000000000;oh;SXU;ZZLP025;M;P;c;D;P;h;v;N;R;sc;kF;yk;Zq;cq;uS;Dg;nF;SP;PD;sG;MR;cn;rq;wf;EG
070005244;VafZxbgI;X;a;KuS;1998;06;831;000000000;DF;lLV;DZQM006;G;y;w;q;i;a;u;N;F;uu;Rm;lo;IS;IA;EB;RV;XX;Lf;tK;Wl;pO;kp;cv;md;mO
670012194;nTewncpc;C;Z;HGA;2005;11;412;000000000;tg;TYU;HHQX004;K;n;C;C;b;p;Q;Q;H;Ge;iK;gC;yy;Yh;to;kd;Gk;Kk;yk;Km;OP;Ed;Di;TD;lt
350003372;KgJKMImh;X;F;WNQ;1998;05;77;000000000;it;KbB;NCCA016;g;d;s;p;s;Q;l;H;i;eO;lY;hQ;DM;Qb;iF;od;LE;iD;Rv;OC;RQ;wP;YJ;GG;nY
690022124;xPULZYbK;B;c;ZPE;2003;03;115;000000000;bI;tsS;HSLD002;a;j;T;Y;H;l;l;b;J;rA;IC;YT;Br;CL;bF;AX;TF;Xr;Ao;nQ;iE;ST;jh;vf;Ni
590003612;QRRZetxs;X;a;xhG;1966;12;676;000000000;KM;REN;YYYY028;A;w;X;b;S;J;X;W;W;rN;oD;Sy;iO;qF;iN;GP;co;ML;jV;Kd;QZ;Kt;Gw;os;PM
750032161;uaplbZxs;H;v;dTD;1998;06;422;000000000;Ac;zSk;EAFA004;S;t;N;p;l;M;u;y;z;xO;TL;gT;QS;WO;SL;WW;Ou;Tw;zB;AZ;NI;mR;cK;CT;xR
760009837;KSUFcmHD;M;e;bVE;2013;02;957;000000000;WN;WVS;JVJF008;B;A;o;B;F;y;j;O;E;mi;bu;Ht;zg;es;py;fg;Cr;AL;KR;Ml;EC;Mj;Td;xN;fS
620006916;alZmDOBE;I;b;hYs;2014;12;472;000000000;iu;MJt;HGCA008;n;J;F;g;u;J;A;e;s;Oy;ne;bP;Oy;UO;me;OZ;YT;Mq;tn;kU;We;SL;gA;Dj;fa
780017836;ZpXmOJWY;A;u;xZB;1980;10;363;000000000;lW;AIN;JVJF008;H;C;f;T;h;F;w;g;P;cL;ro;TN;ji;bN;KQ;xJ;wi;Ty;lt;TE;JL;hc;VQ;vn;pC
340002658;qZecTKXS;C;J;iNi;1965;01;84;000000000;PC;YVu;HSLF001;t;o;M;T;e;U;n;R;M;Fp;HB;pt;AM;Ol;QQ;Qd;lo;bL;Kt;pp;pV;LS;de;Tf;Zq
890006836;ARhRXknn;H;I;Kqa;2010;05;731;000000000;PS;GNr;JVJF008;I;x;e;Q;v;K;P;l;I;GC;RN;zU;Gh;mp;kj;Xc;KE;JR;Fb;YC;ll;bL;sN;SV;zK
930009626;BpcoXuEx;Y;M;AkQ;1980;04;890;000000000;MO;Ffn;JVJF008;L;l;v;w;V;W;W;I;y;Id;Po;Ew;cr;ZM;zY;yy;wl;Og;zW;FZ;RN;sR;fg;JL;aX
750018848;oeNktDKU;P;j;RHM;1965;12;206;750004947;AW;Rvy;HHFE002;V;Q;Z;s;l;p;d;L;w;yL;qq;GH;zf;FX;dB;GF;KN;Oo;PQ;xJ;Lc;mw;ZY;ob;Eb
070002019;gRreembE;C;E;UNu;2004;10;929;000000000;ps;tVG;JVJF008;H;N;p;R;R;a;p;M;x;AI;YO;pn;tp;dJ;wg;Co;SA;ED;iw;XT;Nd;yr;tb;MA;Ec
780007555;TTQrIeLa;C;I;gqv;2003;02;547;000000000;Ch;hmz;GELD005;J;q;d;V;r;c;Y;q;B;zB;IX;HO;yL;YN;Lf;ut;Zf;Jo;ED;Kw;ER;Aa;LD;OX;Df
590027215;dhTtXxay;H;v;AVs;1996;04;345;000000000;SR;MNY;ZBQK002;Q;R;V;o;q;t;A;k;k;fv;nU;qI;VZ;eg;ub;Pw;Lj;EZ;lL;xz;if;Gd;Xf;Eo;aG
230004715;BHiZzDUX;A;s;rpm;1982;09;578;000000000;SA;AQs;ZZQX153;K;A;h;f;r;q;X;v;P;Ht;Sa;BP;Lu;Lh;Lb;XG;pj;Bg;TS;fN;Hj;mP;rS;jI;LV
920027885;GSWHYIMj;A;j;FfO;1974;02;865;000000000;oi;wtA;JDLE332;p;g;N;K;W;K;h;h;N;Zs;hA;dp;XI;Ly;kL;qg;ng;jn;yF;SX;WB;Vu;Kn;of;tt
350050712;UVFReUGc;H;j;Fku;1969;04;776;000000000;YX;Zla;HLHJ006;a;Z;y;c;S;s;k;G;t;jy;uT;yJ;Do;Fk;nG;yz;Wv;qL;YM;zh;PP;ut;On;MK;tr
790002158;KSlJEgJi;C;j;OJT;1982;09;653;000000000;gN;qXu;YYYY020;u;d;B;M;Z;W;G;H;h;TK;RH;vW;OA;Vy;LD;Rj;dw;OZ;cP;ab;YK;ww;Ef;zd;uC
780026266;cABpOoyZ;M;D;EhO;2015;04;553;000000000;cK;KKJ;HSLF002;r;j;q;o;U;B;z;e;e;rQ;xR;XP;xL;HF;en;AC;iu;wW;qH;zU;mv;pJ;hy;Xb;PX
330006149;LtTLPFGN;X;j;vae;2009;04;18;000000000;mZ;Mix;JVJF004;I;f;A;E;N;P;q;y;u;pJ;Cz;Lu;MV;vE;sK;dn;NM;Qu;zB;yS;hy;GC;dE;tf;OU
540015062;MvgRUaUc;H;F;Zja;2000;12;987;000000000;QX;Vig;DEQP003;P;D;Q;v;J;g;Z;i;K;xW;vt;PF;iN;ny;ZS;bK;sB;hc;xM;yD;fr;vt;RE;JW;XT
400786414;upimMKZk;A;q;whD;1985;04;370;400783452;HL;zPF;ZZNL063;z;Z;U;a;j;H;W;q;A;nV;Ns;mV;vt;pT;gK;kF;gf;oI;NP;pJ;Zh;WD;Dr;UE;gj
660000530;hYuPEgip;H;C;pFG;1991;03;485;000000000;NR;XdC;GLLD008;B;C;d;K;m;W;O;i;h;RK;tl;RD;sj;KX;NM;ui;YD;Hq;Tr;ZS;Kn;JS;Uc;gp;uX
790000640;xxzBzIFE;A;g;SaN;1968;04;182;000000000;YY;inP;YYYY015;z;O;K;M;A;G;p;N;n;Ej;wg;kz;qD;Wp;um;ob;Fp;np;Tn;xx;IK;oO;DV;rv;tN
870011418;cQvzGkdz;H;X;HKn;2015;12;551;000000000;fb;trh;ZZLP025;W;x;D;V;v;w;w;o;y;aF;wO;oc;Js;Bz;Lf;Vf;aa;KH;uA;Fi;tq;mZ;Hc;Yk;Dq
670015627;pDAGHrpy;A;m;nhh;1980;09;482;000000000;wW;dEt;ZBQK002;N;G;U;J;Y;x;O;X;o;vf;cw;ov;YB;Bv;Vp;uc;lw;nC;WL;iK;pj;Hc;Xs;Fz;Bc
430000513;BfZtezKF;X;x;vEB;1966;01;317;000000000;Mq;iWp;AHPA028;o;N;j;b;T;g;E;x;O;DJ;tJ;gR;Xc;CZ;eC;MW;cz;Ih;lr;FX;BB;qg;oB;ln;lT
540003290;mvbBtdFA;M;j;kJw;1974;06;162;000000000;mW;IiW;JVJF002;R;z;J;E;P;T;r;Y;C;ZT;HZ;Ua;DV;nD;Uj;rP;eJ;OE;OV;EY;nM;qS;Lr;Uv;oR
680013497;FsytkSlf;C;x;XpA;1997;07;659;000000000;LL;fJN;JVJF004;b;E;h;s;P;f;E;s;O;uS;ez;pO;nu;VN;cv;dP;zI;bk;MY;Eh;cs;RA;bt;Lu;qV
580000149;ghXjbQxz;M;s;mAN;1987;10;617;000000000;QH;lqm;ZZNL065;Z;o;B;A;x;b;p;S;i;su;eD;fA;OD;Mb;Pq;Tv;Id;QZ;at;ZH;YD;Wy;Gx;Dc;lb
590011359;ICOBfCIF;A;j;oHW;1964;03;967;000000000;Zn;qzH;JVJF008;r;o;i;F;n;p;Y;j;b;OB;et;DN;yz;bn;AZ;Hz;IY;Qm;Pk;BU;cF;zs;yq;dI;IX
050000553;ixpKHGLX;X;P;HOR;2019;04;638;050000314;eW;zQL;QZEA021;k;k;v;Y;T;p;L;k;T;vL;kP;uu;fZ;df;Qc;wR;dA;Cf;Zl;na;LO;zn;Du;dA;vs
150000214;ZckxrIwE;P;D;LtO;1960;09;879;000000000;Hx;Jds;JVJF008;R;G;C;D;q;r;m;n;T;Mt;TZ;No;db;ny;sg;QY;Gk;NX;Dk;nZ;oV;Dz;YU;qA;xJ
380006775;SlDISndQ;X;y;qYS;1982;05;264;000000000;gp;KEB;EDCA004;e;U;P;M;t;u;B;o;f;GN;VA;Mf;nx;cc;FQ;iQ;Vx;Ub;xi;Fw;bY;JY;gR;NW;yO
620032938;YxsYOmAC;Y;G;Xez;1990;04;758;000000000;VO;hQZ;YYYY015;S;s;F;L;p;q;m;v;O;YD;zm;He;CP;SM;BK;qj;kK;Bp;bt;BD;RF;Qv;Zr;gH;eK
970201455;yevaKYwT;M;L;IvP;1986;01;610;000000000;ye;NKX;DEQP007;q;Z;X;I;n;L;y;z;M;YF;NL;Cb;qG;hg;bv;ry;eg;nm;zg;ql;ou;jE;xx;uT;sp
920018587;SyPYchLo;P;P;BhD;2010;06;36;000000000;rJ;YQV;DEQP007;M;g;C;K;V;n;y;S;X;uY;xR;ze;Rx;FP;Nw;gU;Pp;nN;Kj;ON;fL;Wz;wq;Aq;Ps
340007475;FJiQcsLv;M;J;GmV;1979;09;559;000000000;cC;FLu;DEQP007;X;h;P;d;q;c;t;R;a;rF;Hp;Uj;WU;GR;Tk;Fx;sD;uj;YQ;Tb;un;SF;zc;FT;oa
470002742;zBgtwkBL;M;H;LdQ;2007;07;902;470002734;YE;kAo;YYYY015;h;z;d;x;t;q;y;z;k;HP;ey;jj;DP;YR;so;xi;LX;gm;vA;pb;aE;ri;lW;bO;zj
180005670;xaFpHzyK;A;P;lCh;1968;12;841;000000000;Rk;itG;QZFA036;i;M;V;L;N;R;Z;I;T;sP;ke;rY;SS;in;aQ;IZ;JN;Ky;NS;GM;nT;oY;CV;Nq;FJ
750033375;OmgnLurg;A;q;gKc;1987;12;727;000000000;VH;pqd;GLQD001;m;A;Y;N;T;v;e;h;b;Ch;DF;Wp;sq;Dm;hz;kR;mE;CI;AH;IF;Tm;so;ET;aN;MA
330030248;ApiteAEr;X;y;OSl;1966;07;791;000000000;uC;TaX;HBGD038;Y;H;u;u;H;m;z;n;Z;xa;NN;Nu;Qe;Iv;zN;Gs;wj;cW;qz;er;FV;xu;Zi;cN;RU
310021399;zFSfamrl;B;D;LtI;1978;06;472;130042526;jw;pBj;HMQH006;O;d;l;X;c;J;C;u;d;QD;yo;bG;AU;UB;Pr;mX;qY;Pt;be;zm;po;Wl;Jm;fT;cq
970102539;oJtqsxXM;I;f;Icx;2019;03;36;000000000;lg;yXO;ACQK001;r;A;A;W;M;l;f;o;X;ZE;Oe;vP;Rg;QK;Zl;dj;Oz;wF;Ns;dY;pW;kp;yu;hy;BO
030005185;XHlPCrZF;M;g;pqX;1974;11;798;000000000;lO;iXZ;BENA002;t;d;B;g;R;w;L;p;Z;cP;bK;Zl;Ya;CQ;cx;Tk;uL;Fd;gp;GL;rd;gP;YZ;ML;PO
970200986;BjAdjUvr;B;B;kqk;1987;02;444;000000000;mK;duO;JQGD012;r;u;g;Y;p;X;Z;P;N;xY;gy;Mv;UR;Pl;fp;lc;tk;cX;xo;nZ;jX;CQ;vE;BX;GM
440024834;rGAfsZIR;H;G;DIJ;1988;07;809;000000000;Th;ptL;AAQP011;e;H;l;K;e;Y;K;p;Y;RO;JT;dG;Yq;js;QO;bZ;Uj;kS;Jq;xk;rt;mV;Te;dI;jt
750040958;MqpIWPNv;P;W;MBz;1980;12;571;000000000;rA;ltv;ZZNL050;D;G;J;d;V;q;B;V;r;Or;Lt;dS;Gn;xQ;wT;tB;kQ;Kw;cn;Vf;Oj;Nu;RS;Zo;LJ
930005244;SpyDQRGD;P;m;kUg;1975;05;613;000000000;ZZ;FkK;FELF011;K;m;l;m;y;A;K;o;V;YH;Zb;NW;Tq;zZ;Ud;ag;bo;Gn;Xv;Ku;JM;Fz;tp;or;Bp
940026107;QssqWoFK;B;F;Gno;1998;06;245;000000000;Kt;OeR;EBQH004;g;Y;A;h;b;c;T;x;n;KY;Wl;MT;oD;oM;AH;wN;ds;oi;NS;Cf;ql;ZP;WI;dy;vh
760017731;hXmIgxaD;M;T;BGI;2013;03;95;000000000;bP;VWq;GLLP006;F;c;x;e;Q;f;C;p;v;Gn;bZ;kt;bg;OO;Qb;kC;xh;RR;hy;Mg;fV;Gm;vY;JV;yD
630005775;VCMvCCSj;A;I;mYd;1984;05;821;000000000;zk;Fmw;JQGD010;r;m;f;D;e;D;R;R;F;SN;Lo;QN;nt;Xt;Kf;Co;va;uF;GM;TI;tE;mb;YL;Jg;dj
840006241;LnjSknJj;I;N;zLy;1999;04;547;000000000;dk;mMv;YYYY012;j;P;J;m;f;G;O;P;K;Yt;Og;UG;dY;VS;mk;YJ;no;Ll;zD;dv;Uh;dF;ZP;JB;eQ
210004297;aLOEYbkp;H;f;XxA;1960;02;532;000000000;rc;qGU;LBLD270;s;i;K;v;U;K;X;n;y;yq;Fx;sA;Tz;Wb;JK;Bk;NE;Pt;Aa;tJ;bY;wS;Gi;qC;Ua
610001950;CQpLZgVj;C;z;ZVv;1969;03;609;000000000;Eq;vRh;GFQM001;Q;l;a;z;q;s;y;B;Q;yz;mm;bV;Fl;pA;Ap;MN;rt;Lz;HP;cb;xs;KG;Dd;kr;sx
590047247;GPpbRszd;M;R;QPP;2004;12;963;000000000;VI;RNv;NDPA011;X;D;o;G;n;Q;V;v;p;DV;lL;IE;Og;La;yn;Mg;QL;SI;mY;jH;il;rg;OM;BC;nP
170000723;zydnvUGG;M;I;wRS;1993;05;432;000000000;jH;Ijr;YYYY600;S;w;i;W;J;q;l;a;u;iQ;hg;eS;gI;As;iF;oH;ru;pj;pd;Cv;LT;mR;JP;LJ;sg
470014499;JZnOYKbv;P;g;QtY;1984;01;993;000000000;hE;hXr;ZZQX077;T;m;l;q;f;Z;d;h;O;ny;Lq;zM;SW;jL;Pc;sN;yx;fF;zs;ID;bb;BN;Zo;Vn;yG
840000038;vMakKMcN;A;F;Tet;1996;10;141;000000000;PZ;tcZ;MGQK003;y;h;c;n;B;G;B;K;w;Yq;PI;ag;UP;yL;Qz;DQ;Vs;rJ;GB;HI;MQ;Yq;vc;ey;QJ
340007061;XmIaAyJQ;M;m;oGO;2017;02;960;000000000;Kj;ogz;QEKA001;r;w;t;o;N;m;Z;c;h;hc;NG;gb;dQ;Xl;xT;UD;RL;nB;Uc;dB;Pw;AO;sN;ZS;nP
780007373;NgPkQemE;M;p;WUH;2003;12;177;000000000;Iq;zQd;JVJF008;t;S;H;H;g;I;q;x;C;aC;QJ;CX;kj;Hr;HH;Az;Is;PZ;Sc;Xr;Zh;Jz;Lf;Bn;QT
790001879;gitFLLkO;B;N;foD;2017;03;551;000000000;EN;Eqq;ZZQP001;x;O;c;R;f;j;J;v;d;jF;yw;Bt;cs;vV;UR;jY;VQ;jZ;oH;qs;uv;Uv;DM;dq;xq
600010870;zIktwIug;X;q;dVe;1969;02;970;000000000;rW;mMS;DEQP007;R;x;Y;Y;G;t;p;P;W;SJ;RM;Dv;Sd;mC;gj;Bc;UG;wd;dK;qG;Lt;Dw;EI;Ha;TE
440033389;gQjdvpbm;H;G;dtA;1966;04;673;000000000;hV;ikb;JVJF008;S;f;O;X;Q;M;C;R;k;OZ;WT;PS;wN;RP;PS;SE;Gw;HP;Qa;Dd;Ek;wB;oC;Jc;WY
970305207;WDJtRYwc;B;u;VHK;1990;12;920;000000000;jN;TmU;ZZQX162;f;F;x;t;U;b;k;e;v;cm;lM;PO;zA;Rs;zl;xt;ec;sh;vg;uC;se;Zg;QC;pT;rp
600007009;SNmnNrqg;Y;p;AJA;1976;08;357;600003586;Cb;Ual;JVJF008;D;Y;t;t;a;Q;N;A;u;Ga;hR;eQ;lO;eH;cj;fA;Ln;mB;kX;Fl;lU;VK;wY;NT;ao
950045054;ihAJcAlf;H;W;fwj;1968;01;879;000000000;yW;QOU;GLLD008;K;d;P;A;F;E;z;K;Y;gV;xU;DI;HA;dp;uJ;of;xd;AL;lG;oo;Fp;WR;vV;xf;wT
370006520;sKzMZsBC;B;G;aSY;1968;05;29;000000000;nV;Jez;YYYY001;l;k;V;H;j;I;Y;Y;n;wU;KI;qf;Yd;YE;My;Cq;cv;ZC;Mv;xo;Yj;zc;sB;yk;Ht
940008394;XVBTUJGo;C;A;VMa;2012;10;964;000000000;Yl;wyO;JCPA001;Z;F;u;R;Q;O;Q;M;K;tl;ZK;gS;KH;Ap;PH;It;jm;bM;Nl;hF;FJ;RV;rO;ee;DP
870009511;hvbXMyGj;X;R;zHQ;1963;09;300;870006905;DQ;gij;ZZLP054;X;u;l;w;R;T;k;i;g;uJ;Cv;Fo;Mn;rX;FU;Vw;IN;oj;Ye;jP;dZ;HV;mY;HE;jS
560021222;EuVTdfqH;H;n;Yjk;1983;01;132;000000000;hI;dWM;MDQK001;R;m;j;N;Y;d;n;F;i;Sp;NJ;UP;wt;Cu;Wb;oL;Ha;TP;tH;Pi;nA;Kr;NB;kI;DN
130050156;qnDXJqOz;B;J;sVn;1977;09;725;000000000;ME;pqe;YYYY270;k;m;w;m;Q;R;J;A;E;aS;xV;wQ;vJ;aw;EO;ZM;In;aq;ok;Lb;XN;Fm;fJ;Re;FX
560015984;McMhBPAW;A;Z;Uog;1992;11;245;000000000;FE;QKJ;ZZNL063;L;s;J;M;w;k;J;I;v;fa;Oj;GP;KV;Qy;DB;ph;KD;fc;wT;lP;da;Nh;Ky;mg;de
750034563;QYZXrQzG;P;m;YTP;1980;07;674;000000000;Lp;PnV;NEKA020;c;W;J;l;F;u;G;k;o;bq;xj;Iv;lI;Lg;pK;FC;Ap;rK;VO;Mm;uo;tY;mH;bY;Uh
330794595;dDmACdEI;I;m;mnv;1960;12;895;000000000;dR;Sru;QZJA022;b;Q;o;i;R;l;p;G;m;XM;xY;ob;DP;sR;yi;Im;GC;rp;lk;Xk;Hu;cr;Le;nz;Qx
460005945;axNzhBEY;M;i;CdH;1996;04;519;000000000;Dx;jhs;YYYY200;e;K;o;F;I;a;C;w;l;NM;RV;dF;Hi;FJ;AN;Wj;XJ;Gh;hp;aY;nr;Yi;op;MF;Fe
220001929;VmFikhni;B;v;jOi;2004;07;166;000000000;jg;TjB;DEQP007;q;b;z;v;Q;S;K;e;X;Gp;yQ;On;UT;gB;In;wz;PI;kg;Ks;vJ;Ah;ya;Pz;TO;DF
400000469;ZdNMycgs;Y;U;qNd;1972;01;392;000000000;qF;nMp;JNJD002;S;v;M;a;K;D;C;W;p;Di;Rv;QQ;Oq;yo;Ld;lM;KA;rh;mi;iU;Qv;jk;iS;Zi;hQ
330051632;JjrjEGAa;A;M;uFR;1995;01;40;000000000;Mw;ZPU;JVJF004;j;o;O;L;q;t;g;a;Q;Vu;Nz;uQ;PD;uF;MJ;hY;ZV;tX;qa;tS;Mv;zJ;ID;Zz;Xq
350037875;zaBQBswX;H;N;ocy;1989;05;662;350028304;lq;EKA;YYYY020;D;y;r;L;n;Z;f;p;G;jd;mO;lh;is;JT;He;xl;HV;dl;ql;bu;GH;ik;fN;Sr;MT
170001176;SXDkdjCJ;X;U;Cds;1973;12;295;000000000;tC;MFk;JVJF008;I;M;r;l;q;n;c;R;c;Ob;rc;df;UA;Xz;Mk;Cg;yc;sc;Me;fl;nJ;ZB;qG;VY;RV
760027672;XeYDyspn;P;r;Ijm;2014;07;881;760023549;Nu;Ngq;ENLF001;E;t;x;t;d;Q;v;r;D;Yf;ux;fr;MR;Zg;ao;dq;ZF;qD;Sf;xU;cR;Tx;Ft;gG;CX
100003300;mJKHzzPu;I;r;WKB;1963;04;951;000000000;UK;ZQT;CCPA001;P;t;M;B;T;b;k;t;k;am;vl;aO;vv;kx;YP;Nz;WS;qX;hf;gq;Pn;eQ;kv;Is;Sz
300014958;EhVMcJnt;P;g;NjY;1997;07;389;000000000;Zg;yRN;GLLD015;M;w;w;g;H;V;s;a;n;La;pR;Sl;Zu;ex;ud;Zh;Cj;cp;Tk;YL;hs;bR;kL;VO;iG
920001773;GXJaRFTf;B;z;Asn;2018;11;477;000000000;lp;QsT;YYYY015;w;o;c;r;w;z;D;a;c;xy;ko;fS;LW;or;of;jE;rk;sa;ur;lU;JW;BD;ty;IW;My
