ETA_NUM;RHA_NUM;RHS_NUM;CCAR_NBR_REA;NBR_PAT;APP_SUP_COD;CCAR_ACT;INT_COD;DELAI_ENT_UM;MODUL_PAT1_COD;MODUL_PAT2_COD;CCAR_ACT_COMP_WEEK;CCAR_COD;MODUL_LIEU_COD;RHA_VER
400015020;oQyGCad;fqR;242;928;rbx;xgaNzKb;hL;222;wj;wO;j;KLJETrH;hM;vYI
400780268;xEALOVb;mQC;902;864;Qnf;DHlUqel;Mc;298;rL;pw;H;uKPauMl;et;Grr
330029968;UziApcu;AyS;993;91;vtP;NbHcwFu;ND;333;RW;po;L;zGcnJlR;vm;NGq
730012382;tRyupmH;NDq;124;337;PoS;DfHWXyx;ts;450;PY;nW;L;sRXVvnH;uJ;BNC
730009065;lQNaYzD;YPb;836;406;KGQ;WLVcpah;ym;841;qE;ph;R;iSgPvQt;RR;Vno
340001098;SNbCaYm;gig;671;4;YsR;qNhSKMl;Ma;256;pB;ax;d;masOzLJ;Av;ByX
860790179;qZDgRdF;SWa;194;364;FTJ;MCHqRxX;Hr;364;HF;IV;h;HfqcXxs;Rh;pVO
370000614;RtrnYgW;TbN;110;620;Sef;mhdaETu;Qh;292;AA;Fz;d;wURdKtB;vC;EvM
680022415;kJPJINT;wWL;292;99;qfF;MGNEyZW;oM;532;IS;mr;F;wOrKejh;YS;vTX
010002574;POTDqIF;DCS;821;348;fqZ;RwMopbn;jX;748;Fz;AX;P;XnjqNGg;ai;edA
380001230;RIOTiBQ;NpY;566;478;zIf;wTWEwIL;Vx;219;wT;ZI;w;dpKrOmA;yj;Juz
500000757;xfEaDxB;bAn;87;573;gLH;vJNlGDf;dK;642;iU;Ah;l;QtXWsZC;ME;jQB
670794726;SlMvPby;UAh;302;14;MmI;ebepdgy;sV;233;JD;VD;x;Zzikgnl;JY;TuZ
440011096;lmWuMjm;DEB;944;586;CKa;UnsQdDk;br;915;Rm;Ff;V;TUcyMaE;xs;WFC
340009596;dgNnGqU;lYB;153;589;FDN;XWyPqul;yt;532;gS;Mq;E;VSDnMjc;Fj;Tyg
490539160;zuQQSMn;ALe;15;201;hcU;CvoztqS;pz;615;fU;qI;V;UPjyQqP;Qi;fen
590009791;QiTbpPZ;txQ;27;311;WLK;DPxVIxM;lA;507;Eg;nU;g;cLqFXsW;OB;GFF
970430906;PALediM;UXu;745;144;qkp;PJFYHcd;qZ;390;SL;JD;v;NWWmsqa;Kt;CxH
380018069;NtjWBqy;sKj;388;46;xiW;IXUiIMf;Ij;314;uN;SG;t;kdKEAEW;Ie;GgK
590798211;IxWBqWw;CAx;175;819;EZO;eYgrLGQ;Xw;327;SD;VC;c;ZmUrdDT;Sk;sfs
630002038;VummbXc;SpP;363;740;RAQ;HknWJyT;ZA;440;Pr;KD;S;VtmgzZK;oK;TJy
500017520;BwNmiGj;ONA;586;654;Rev;OewAtTM;sW;997;QW;MN;y;DaMWuDN;HC;oyW
390001246;ZlSGCMv;Iry;981;727;aMn;YFrqIxm;XH;713;ll;UO;I;SIYAiLq;xM;OpN
300003506;Vbzsblz;MVv;437;697;AZT;GpMBmYw;DJ;15;Qe;SN;H;KjLipme;JQ;amk
670002948;NZykzar;smw;933;64;vsn;LVIiZSR;co;540;ki;tC;n;FUzntaK;Hx;REE
290028141;ddBBxjZ;vdd;640;936;jnX;jHIROZJ;If;622;hl;Jm;F;clccaia;dk;AMR
330046871;LfOeuZq;VnZ;792;846;xXb;hlutuGj;Fy;599;Lg;EQ;x;boGfttF;Qv;Eed
130045164;toFcmTr;LCc;99;387;pEF;yKCczkV;pk;669;xZ;QR;U;himpRHz;Hy;kSt
290001924;YLRJXLQ;mxt;656;81;IvG;drRGKSq;Nt;641;zr;TT;U;KNaPttE;Bb;nMO
060002169;tqhGTdC;yaR;208;952;AFf;xjPQfXj;yY;715;DE;og;T;rZgKQuV;ga;aBE
910010719;jBATyBA;lMT;924;641;VvG;kREqbau;iA;637;Am;xo;q;aqRlfzI;Ef;Cfp
250012358;AMXfrht;jdy;715;985;YOX;hfhTjXE;ju;346;az;IR;T;cUiCAMb;Eg;DuV
440047389;AFOlCpf;zhk;493;544;ptj;WmFQMJs;Mt;941;ES;Ki;V;JZKmoed;Xu;TWA
440011633;ftmkWuq;aMr;539;44;WRY;DetfmQm;ND;586;Zv;dR;Q;qpIYNbC;LY;add
380014316;fxYNlTK;AvV;346;591;YJF;lgsvMMP;TP;937;oa;dL;u;ZCtTWUR;Og;HwE
620012278;PfwmmTQ;mBx;80;675;zhF;MXBCmaa;OJ;292;Pr;kd;g;idSLKcG;MM;mLv
750022691;UcsSMwI;iCr;181;928;vFJ;zjOiJbJ;Vg;543;JN;VS;H;PHMsPgn;ym;ufP
130016777;vTtutrn;zXQ;193;594;vaf;rkkiAwt;FR;505;Ev;FU;y;zLRJeLn;mc;RHU
610007577;xVxATow;EGN;41;246;zEX;xMSnsvE;Af;377;fR;aG;L;NipUGjw;pH;HEk
300008687;xHLAMpd;qZu;277;7;dfA;rAzkCJc;MM;814;Nb;aK;Z;nfXSogd;mz;Zja
350001780;HYJMoLv;ucX;306;652;bau;yjfzmvM;Iq;580;Tf;th;y;zRbuwid;Gh;fnf
800013716;FjPlrAD;dxi;775;140;arK;dJFGRPO;NY;362;aZ;yN;O;fWwwsHo;dZ;qQP
760028035;GdkriQa;pfD;822;555;ugC;kmdnRSS;xS;723;lm;hN;M;kyDWVKj;sL;HIk
590055398;GftvRDQ;FdM;811;259;vpr;rqXUknc;Jb;153;PP;Az;a;CKnPYwq;ka;xhn
950024802;lkziWal;PMa;854;961;HlH;wXYiXMA;uo;492;CV;jr;O;JtkDNwq;zJ;FhQ
630005791;gWsZmHP;Qpr;869;146;bhA;rbtZYeh;MO;240;xn;Wy;H;vgBPmhs;oo;FXM
940025653;vouJILw;JOC;445;979;txf;rlxuaEc;aL;795;Aj;dJ;v;KBSFEkG;cv;Skm
630180032;IorzbXD;GyV;127;843;nHu;eEoXIEC;nm;648;kD;HZ;R;GzamaVu;hI;EAh
150780088;QbDFbiq;BuC;501;918;zhL;XMIqBOi;Gz;212;oA;fw;h;cQOQEHF;xz;QnQ
490000163;MBnadmx;xxj;472;263;IuA;YJRVzSs;jr;111;DK;kh;H;qmfUMCj;fO;OeK
870001161;dAtDmdN;OOO;569;575;EIh;naNabjn;ds;863;yX;Op;w;SBgpCYI;Or;hyl
380010595;saziDFe;lLV;700;441;nXo;QkGuliz;OB;285;ow;Ou;w;wBIJsuH;yZ;yca
290037340;jBPHfGq;ZqM;332;7;pDQ;akKrgui;Ws;639;Zk;mZ;i;cIfplqv;xQ;BGb
830018008;HfjUWyc;UHY;182;129;cmS;sgNmNlm;oV;116;Sf;sj;L;OIIXGfH;KG;xMU
290008333;JhEmWWN;EIe;493;925;bLx;fnQZXmh;ju;909;vd;lJ;S;FYVAhPx;cm;mEf
910011204;hvFPEaO;OPY;797;828;haE;FeBzAPg;UM;449;GH;rz;W;HhToUCY;Nt;wkC
770010171;bvKAUOt;Aiy;977;679;cjq;TtKpQrj;TW;786;eY;jb;e;CkFxJes;uG;arz
850016742;CIhsBjl;bNY;988;601;til;mtipjmQ;Qq;499;we;Ln;D;DIikuoY;vN;tyv
160013181;zvSFrRG;uim;236;815;Wpx;DscIWWM;CH;765;xq;et;X;QTnJXKs;kc;wuw
370012635;rRRMcWN;wtX;231;468;bAw;dnXULjZ;rk;301;ZS;dx;e;VVByBUR;hJ;CWr
560021735;ZvNeATa;Mqa;428;674;pDq;xfDanAQ;LQ;917;SA;bQ;c;hqdeIOr;yf;hCh
640012035;GELFeqS;Gsp;571;354;cmQ;RuyzciJ;IN;19;qx;hF;C;wZVRLrT;Uj;jqs
350052791;eQrshEu;TWe;366;309;fDL;BjyuDNB;RK;5;Hp;QK;G;eXaHDvj;nH;jIK
350050811;tUljMpT;kLb;250;990;hNu;RDymLIA;lO;514;XC;ew;M;vobEeNr;SC;HBd
130050172;HBLCIMw;QWs;505;598;Wxw;LVOxEHD;OP;329;nL;Lf;l;LgKyKqx;aK;bZw
670005701;YzqxNCq;BoS;21;944;BJy;ZSjQxhR;gI;12;Ka;fs;v;ojJdZhB;on;Vaz
240017434;EEiYiFa;XTZ;54;854;AwQ;ZNKfpEf;oJ;394;et;ts;K;vqLQjFL;KF;xVG
170000731;Pekkgre;cAq;431;127;raK;dFmhqrh;oU;906;wJ;aP;u;IYnAUQw;gh;Zkt
580004513;YjfOatO;chv;935;424;NiH;wQmBKCh;qL;980;Bk;pJ;A;SzEapfR;QD;uEh
010000644;IwDVsKF;EgD;764;321;cWv;OjaUTmO;Et;231;kh;dh;b;UrvjLho;rc;bwp
550001812;KhpkWxR;CcB;281;750;wYp;arFLZvt;VB;198;qn;lK;O;acOYYXv;LK;bBZ
780708442;qpbyGKj;DGT;447;394;YUl;hvivKoF;oU;633;qv;HI;r;cSeHysj;iv;Oww
970201844;aavHVgv;eJW;468;205;OSD;mBvsLPv;tF;18;Ds;jC;O;tckxlEf;Ql;ywB
290026194;COXlWxb;whz;542;359;Abx;ItJavlK;ih;907;cv;MP;f;bMKHRqD;pS;HFt
410000590;ARntUmf;iCP;767;155;dKT;eUJaHlO;oy;18;xH;YX;h;wXmFQzn;xq;ajr
330041336;JklYYtA;XaL;263;709;DaG;dGZiCwp;FH;798;UH;zH;S;KRUywkH;CD;sZj
130026941;kTqDMcm;YRS;463;164;CWy;LdgDzjZ;Io;556;yb;KY;i;xusvmes;Nv;TVY
910008762;qZLQkOM;xRh;859;781;YbR;jQAYTSI;VZ;996;Ep;Hm;F;vqEffUO;Ru;SOo
820004513;RcQKxxa;VNi;680;524;BXK;ZJeigZf;KR;262;jN;Ar;x;wRAAbfw;yI;uBC
380007443;CbEgvyi;VdP;660;945;FfY;ntZRMUI;CI;693;wc;pw;p;VDsgOzn;RI;zld
490001351;BeUvUtD;zJk;267;654;Dov;BRCBMUB;TV;16;Mm;SP;k;EpWmmxJ;yz;NwC
760027086;TjwwVGA;lUC;758;935;hrc;eWBtRkX;CZ;769;WR;Sy;z;PtlBQVS;bC;LrW
950011999;OGxQKYz;OjO;392;391;ayx;txURgyQ;Qp;703;bl;Ih;x;qOCltgf;ZQ;pEy
080008790;IRoqMPE;TLo;283;853;IbN;MVdWfzR;JJ;914;gQ;mK;r;JLLrsBP;Ak;LrJ
930021191;xEebkmA;GKN;829;65;nNh;ahkFYtW;cV;73;IK;fY;z;HSRmTST;fZ;QhB
610001083;uTvSivB;wjK;21;886;mja;BOruUns;pm;642;LF;qp;P;ybOVpbv;uA;RUS
130041379;Agzaqxv;mgh;153;810;IQP;xDzierr;YN;942;cw;Dq;Y;mZxnbYo;Va;XjI
380017285;Ljpwpog;CZB;971;487;GQJ;ufIYUVP;yk;617;fr;ZB;O;TrVaGFM;XF;imW
120000955;UXQJuxz;hqn;316;848;bVl;NnHQxnX;Kt;320;Nq;XR;B;CKPmwOi;cQ;zZW
880003314;gxsyJST;oFy;401;119;XnC;OOYjkbh;wD;732;YV;JG;l;Ptglobm;lH;cua
950001594;vVnEtKI;emF;21;858;sKE;sDUkuRu;Tf;390;lj;mp;E;tGBIuQC;QN;Poc
570029348;OrecXhB;Myt;662;340;EGI;NznQBGE;yF;660;TU;RK;I;MjbpTBl;ql;DsC
690000732;bTSmlRz;dJE;10;453;moq;pJtoffB;wy;61;aU;Wu;f;OEOYoey;kL;TkX
640000683;xUqmGJH;qpY;570;879;Lsv;JUXySrC;au;654;Gx;cE;F;gOqwPiB;lz;IUd
310029186;pqvoGnb;Yfr;288;181;xrp;bBfEMxF;hM;812;Rg;WW;a;QlBxcMx;Ad;pGb
060016250;pLezAKw;BYf;625;632;tUT;BilzOLS;TQ;742;rT;NR;t;cgEbCxc;JY;ocJ
350037537;uayDhsF;WPV;143;870;QFG;qcukpQC;aw;334;Cj;Sw;X;lfdhUiF;zT;zIx
130049372;GVZeqEQ;SMJ;119;21;WOa;lWUuTUZ;dL;710;qI;iR;x;EmKYNqZ;aY;eWr
690004486;XObUEHB;VXQ;407;493;DWs;YSaZgKe;qd;689;hn;Eg;Z;DuGllDb;uU;lal
940008840;DHmsAYh;HmE;779;306;jXL;roBnFBF;vS;559;TE;xc;k;IGFMOFY;yg;bwg
810001701;IKOHFsp;wyV;675;888;QLK;vKHCgBl;Eo;485;gn;CI;r;AEtVQDN;zs;TMs
390006013;BkbceZc;wQN;919;575;FBH;TPFodQr;bn;523;mu;Km;n;hzjNsTm;NV;EqH
320784044;VyjGsui;VaN;941;351;WMK;gkNrYnG;kw;524;kc;Uh;W;gxaeIVw;uM;OJA
940013204;eZGLxCM;Wom;355;708;vQE;ToVxWSb;ZT;909;SI;ec;M;IKRFwsY;Qg;Gje
830022893;csMjVYn;wkR;598;124;Zmm;oVGLdAF;Az;725;na;ds;G;dMkYpHo;dO;hXP
280003476;WhlThta;hqI;191;37;UNM;aZzVhol;Di;934;Ka;Qm;E;LOyTxgJ;dr;VmH
340007046;MytjEYL;kFd;131;833;cIX;ETWELpn;ee;428;Tm;Vy;u;YVvGVKy;LX;mVB
760036954;gTZutvo;ANP;351;207;CNN;DsNVedv;Ib;789;ud;DP;y;SqaooCN;dz;kDg
860013358;OJARlOV;znB;536;342;TOR;HNZLfbk;gm;385;pl;EU;G;oaCrTEp;mv;RNf
830210480;ezMFzuM;lIH;172;85;HBE;HsTMGFM;MV;900;IH;Fd;r;HcuXHII;Sa;vox
840003289;FPlwiKh;XSe;600;979;ZVp;uzdGCor;Vl;819;ST;Eg;s;oCHuHOu;bg;myM
470010687;qKrCGiA;wbk;277;226;Sfd;keCkQCs;ry;815;Kg;vX;t;FdENXmx;Ix;tdf
180003170;QshrBDK;taM;493;504;Pqb;ZQrdIyb;To;993;dU;vh;l;Nkdexkk;OT;brK
610000499;onWfBLA;ugL;581;743;LYy;lwZyVxN;BF;762;Du;Mx;e;XWBjgtV;Pr;gVk
340000637;TIscqIt;OVE;405;151;Fqf;JdOZwRH;VO;75;wZ;PJ;J;yEGBwmS;gY;KBU
640009973;fICpIGD;dpa;426;899;UNL;pbKbTPo;zF;930;uh;bO;l;oxupKSw;Mz;DrS
970303376;NAiAGvw;PEo;816;939;vbA;tpWgkdc;Lq;738;fm;sU;G;DDgHJsk;Zo;HQT
950005413;NJyGndJ;CiI;238;882;Alo;ZTsKJux;VD;301;xL;St;D;sAdqksy;Xs;beb
290021005;coLDZug;yWP;303;457;jeS;IdmXPZv;hb;550;nR;fP;b;wMFcoZM;xc;Vvg
750006082;bYlpQtu;EUx;548;654;XnW;kPlfesi;rg;568;pG;wf;j;OYaNdsL;KO;qaM
210985735;rxfOMBb;TGB;222;545;KFY;IKVKCAX;Db;526;ct;iL;J;AriFvbN;wW;RPU
490005907;DNMkdyD;MaL;300;418;eHf;MUunaNh;jh;950;UE;kL;c;TpMEUvD;Uh;map
840003263;nzQMTqF;MLS;895;572;ttt;zYvkwnV;tW;834;Lj;nS;z;BiKZYhG;iT;zSj
440018638;sZodHcv;Ypm;525;542;bfx;iTyDvxW;Iz;343;uA;zG;h;GibheAY;iX;CMM
840000988;dCKwxZV;abY;673;776;PMo;NkIJBkU;fu;751;GL;ne;c;oAjyBKL;NM;xAw
170005524;lSItqqu;dut;47;167;wsL;JqFDDwk;hA;584;WS;gM;E;uTbxCRu;pd;YwU
950023945;HvSjlqo;jsS;179;871;mUV;vLOhwcG;un;151;Up;id;U;OUZGJhz;ZR;XkD
680007101;Nkysmly;Knt;29;123;CUN;MMzjeZX;iz;820;jz;Jc;n;laCBgbb;Bq;wfb
310021332;NyRenYT;hbG;137;193;cOC;zTlgRzN;wd;669;qc;dG;B;MBtvvzN;cG;Ojd
330028648;fOieidt;VMM;264;875;PBv;BMdRmnp;GK;905;Iw;rR;y;xRPSWhP;nJ;nqP
750804403;whofHsg;KWQ;184;957;pvp;aDMrJXD;mm;300;qi;Ag;V;SjUvqnw;yf;Otk
060011004;OFDexOh;qCE;545;403;yVM;zMRmkSA;EK;34;Ik;FV;k;HggwgUr;ab;IIn
130046139;mLEREpV;fhq;981;974;GxM;glMoxNb;jr;875;Zf;pH;P;fMzocAG;JK;zta
970107371;NEpgQEp;BrF;540;582;KvG;iciynHs;jJ;407;XV;Nv;M;mwkeega;WX;yvx
950009092;WPUwGkB;pvH;443;738;UNi;lojdXOd;jU;850;PO;eX;a;zLwpRUF;pV;bOT
540021425;mbTShpa;CTI;644;591;FWm;lIYrMqL;kK;623;ug;tY;H;RiUgRLl;Qy;sBk
380790618;KZRLAdf;Oak;594;758;ucD;JXEegXN;Vf;635;QD;mN;Z;ftFrrPn;US;CDq
510010481;YrzRWCP;tkH;956;737;uzH;zCEBKyA;BV;701;sM;ov;v;KdfLMbg;Un;hFC
940002439;TrSklLq;nuv;198;750;ltd;eqdAsgE;OS;308;st;bo;t;kQSVbho;Db;OlL
940012602;XAeawvy;YIu;166;305;Ksw;bfSuVmE;xw;158;ZS;TA;c;fTxXSFM;vX;ZBQ
300011954;hoLXeWT;lvY;735;374;Orp;oAikvsp;kt;458;TU;LQ;Z;FUnVwaQ;xU;zvS
950021741;BhNvcRt;fVq;223;57;MvO;pCwxDow;Qm;257;wW;nM;L;YYulNrv;fc;qJZ
620112268;phdaitv;AWf;733;323;GoX;tEFItxM;Rw;892;aT;aY;h;xdbQrBr;vx;WOU
330050634;XPiAERE;TOp;948;899;iIo;lkMCytx;Ap;620;iW;Da;w;pBkeYYl;xH;vJE
820000206;hwYqoRM;pIW;548;726;qSC;UuvPTSp;HA;994;Hh;Pp;Y;tCyDwsB;lp;PQs
160000956;WERznin;TDN;941;199;GVA;HJjpUUD;ZD;749;ye;vJ;C;VNrRRkP;il;xkJ
320000508;xETOpvl;EFn;556;66;ZYr;IxtUaYO;dj;899;cE;Yw;g;icrkmQg;es;Dyu
210000725;BGbnPBC;YoX;146;735;SQd;fuTiZcL;BM;958;Hi;Hn;m;WvAjPMh;KF;XXQ
910006618;eLECusR;ACy;244;386;fVd;LqyZECM;XA;523;km;is;y;VVvrEks;Fz;kRR
350049094;JyBAcBg;Grx;562;160;HVK;ZAwnEmC;on;269;Yf;vD;Y;ZjUtOqY;Na;srS
330053794;YaYFjjP;CoL;103;146;SBR;RIswWhF;hQ;478;GT;bo;q;tqqJYUP;Jl;sce
850025107;RUBRgTx;mxP;431;318;mHZ;lZdpzmM;Mm;213;sP;iG;d;zbrGeGJ;eH;woL
590016945;DgvuEQy;Fmr;27;967;BMs;uDZLiGA;dE;467;fr;nv;t;wBxfhJA;lN;EeF
010007169;oeNjpWh;KAM;300;51;Qmh;hHKFNCe;NO;150;zv;Fm;Y;WBzVScT;ao;Qaw
330057175;itQvgsA;lIA;791;771;Dvx;ymVueAq;MW;836;wy;RG;G;sSOvvLt;Yx;JmK
590007035;qHYjwZv;spT;334;609;Oie;TWRPbSA;AW;836;hk;jA;E;QcWtNKJ;wN;Bzn
400009981;hIsLbXa;TOs;95;57;rXC;jVQnQCa;lG;513;Iz;qU;K;YJIXQnz;iI;gIq
250020856;wefVgss;BhU;391;890;BBO;zqSDfam;xC;261;de;IK;o;RneWfEb;TJ;EHG
570017434;Iogyfjt;Hmx;162;867;aZj;MFSkBJL;ZL;854;md;ID;Q;jQwkbNf;Ii;axZ
810008243;ZwtEWJA;VIk;483;714;kqO;SCxfVLT;lQ;895;KP;Ex;L;htlEGFx;oQ;Urm
270018757;aXOJVot;PqS;310;138;Azr;QDNXWfh;Sc;687;ti;VE;u;rpvfRzP;Yx;npD
250007598;jfXlcMV;wpo;141;695;Giq;nfeBjvh;ce;428;Ds;sb;D;RwJwhoo;bD;PDT
590800645;bEVSAga;smW;661;635;kvb;NkzWYck;wF;935;mh;JC;k;ekKHinJ;GY;NEf
840003990;SEnaVhn;StP;918;616;WxV;uOQmoYx;tt;87;mP;VW;U;ZjkyWSt;Tz;qxx
590054961;dqQJgIX;ELz;835;350;ogI;bNhwnMv;On;216;NQ;aI;x;zCpqwLM;qE;hfy
590027710;evxpflc;rPp;917;940;Kff;tRUWsXN;Zw;607;nf;dE;r;zhPsyme;FS;IhI
780012100;TidVHoy;kDI;148;182;VHW;TyOitJg;Lg;3;XB;kh;R;zffczxL;NJ;yhe
420001075;mdOXvGN;zTq;385;455;Wdt;qrCgiVO;az;187;CG;HS;i;yTjSJos;PN;eJC
340013507;kgBnyFk;gnd;535;227;gbr;RyPfBPg;vS;204;fr;kL;T;cyMCUbn;pE;DUs
350042438;TVSVNcB;rCp;990;528;xrS;gpkAVdp;WT;844;cO;YX;M;uFrHLJP;GW;NdI
880007786;caqwGkH;LjU;695;721;Zhw;pqrBuxi;Ah;655;Yv;RB;G;DMicFlY;fj;oSl
190013110;IRiiAlZ;ODN;100;170;KRI;YjQrimK;YC;644;vV;SI;U;EyzveSh;zF;Fui
620002402;AjtVKGR;pcl;796;215;Yvg;irvwhPI;mc;11;mO;Rj;F;vRZSsws;kJ;ETu
730008125;cgQQWLj;zsM;620;651;Asb;QFpMccR;de;981;Cm;ky;w;HhAaSPS;Sm;FLy
790006282;bTdKEZQ;ySf;420;10;EHb;jOWmDGr;no;186;hu;rU;T;avwQkBu;oi;xEe
040004772;TgKylEP;uJJ;400;737;wnH;AreFoVt;il;946;cO;Ik;J;vGaCQna;Os;tTz
340010941;NtoczuT;AfY;443;369;nfM;ekDLtcS;Ur;732;JR;gZ;v;jgDhJHQ;Nr;Ngq
610007353;ouOPHlw;VZG;900;887;Bmd;KOFyUQb;dQ;601;Ja;ZB;C;uXLaNkC;Mv;lhR
620008805;zklvHbF;JvL;48;817;hoL;ZbKNPuW;ik;315;Cf;gH;u;xraJmpQ;vK;oSR
620001529;gvTzzOz;TlF;642;955;Lxs;gkYxgfk;FE;636;pY;WA;n;CCcTzuh;Cy;wfF
010010403;PnEJhyc;VvH;325;684;Ntt;gCbwxLw;am;180;SO;HM;L;qSDdnBs;NL;qRG
690010814;QfljBIB;gBu;232;309;uqC;bAllgOz;Ex;892;dM;Py;P;AfsjRzg;Wl;SDM
330052721;JcxHtWA;CyY;102;149;LpU;hvkTrFA;eU;240;AV;NP;k;iBFkirN;Ci;otR
750822546;eLWRoEF;jSh;156;94;ydA;sxpIOik;Gk;307;tE;AP;B;KpdSuhC;YB;gdR
600006464;nblVGYY;NGi;205;507;eeH;oLRDPKW;zo;617;bb;pf;p;miuAFWm;Uv;Rty
220003172;WFbgtuO;cmV;309;676;lFm;bVdtkys;Sv;188;eT;UO;D;FXnFADv;er;UrT
220012868;xKWqCYW;lbt;991;680;CMT;atllbzw;vZ;677;vn;tn;P;rvJlQRC;iU;uVC
060003258;DaVRkPC;LJH;913;933;XjS;WrYeHni;KE;715;ix;de;I;NhkNpvM;Fa;GIG
690009576;DDjzFXy;DCq;184;394;OuU;awAuPTZ;TB;346;sq;GP;X;GviCNbY;at;MZM
270027147;hrpGdWu;UTD;219;529;SuZ;zxZSVDH;zI;199;bg;rj;K;HAxoneA;ug;SVt
140021775;YmtLhtp;BIe;199;72;YcI;LiRiXdZ;HQ;373;gb;RD;M;uDSWZOA;PX;kIC
900002015;dTSkdwt;tWW;628;630;ccv;bgWVpbc;wm;174;Cf;Zb;r;ajALvAY;ZL;wra
640004966;wCPdTSb;OTR;923;651;shM;kdSencQ;zr;668;YB;rP;i;ErYsDZu;bH;YHl
930007331;eKzXmFn;VEe;793;358;dDL;nBfUtkd;YS;438;JD;eI;H;MHgPfGN;iW;MBf
700002835;zJBxWQC;FPF;413;750;tZe;RxIWETa;HC;96;Is;FO;k;EsXOixc;bM;fCU
310002092;ItWvAtb;jHd;389;798;ghC;TnFXfbe;Yu;150;oG;gG;O;DJMSPjD;AC;WXL
590800413;airZsxL;BKX;113;150;Ypq;PohkuPq;FG;541;UJ;yY;K;bmBfxOG;tT;RvX
590002895;xhoKskz;wRl;357;364;vTj;XPTYCDv;Wi;935;Vx;XN;S;EFAQWNo;wk;bgb
930008990;IVyMGWM;qTY;594;964;KHS;eGergLV;eN;105;AC;yZ;R;WPtuRyF;rO;eka
310016985;znFJmIu;PGX;4;107;asR;xruRjrG;ap;518;tz;ak;c;PNMeHkU;kS;lxX
560014334;EqnNiBC;Pom;220;205;aeu;bBSTJpJ;eO;588;xt;CF;h;pFLFXGu;zl;QsP
130035967;tnqcYyj;ClR;443;700;rVX;fVEJSom;Ck;167;Zr;eS;x;liFflxd;Kh;QOT
860012830;SyaxuiY;lxV;384;34;UAX;ZpNGfBX;iQ;661;hK;go;D;gMJPyfS;KN;jGP
780808929;hENfSOi;Lcw;819;986;alf;WjxgFUB;gF;205;jd;lU;O;ycxiWax;Gf;YPg
340006295;YTdSjiT;GpS;922;163;FZI;nSfimTE;zk;894;JP;ZG;l;asmNgaf;Jl;JhJ
950028076;KMCndvb;rkh;260;835;qda;OWLCjLH;Cm;93;nG;jM;G;vIiUFvD;EL;Xrx
350012555;VUgBdFz;ZPv;612;782;Dbd;eEZjute;MV;96;aa;MF;I;QtDmEdV;cg;FXC
590052338;PRVRsoo;ttT;87;774;tjN;nknEQAb;WY;457;yq;vD;z;FvCrFxC;vT;CMy
600000855;ArJaAzM;MRK;454;29;whP;tvFMByN;FK;19;ir;ck;N;fqakMHO;ub;wuO
060001633;FXdklJa;Kmu;493;857;LYw;elZJYHu;mF;390;gD;ql;K;pZOXQzN;ue;xhu
920026796;cTsHwmE;Rzt;565;583;KfZ;qkwGOKS;GX;481;cE;AP;G;iKPgyRT;Mj;GhK
630000628;tAIzTzr;GGl;182;313;JsC;vYwIHdF;kd;236;eM;vj;M;QnhHNBJ;ag;UbD
570003285;KWWtefq;Tac;743;1;EEH;WOKWnHk;mJ;707;if;lh;r;xHPHhtY;UJ;Zxh
630005809;kVwSzln;okG;931;872;kQa;SOOALnT;QH;507;SZ;PQ;i;tBFNfwH;Do;jkn
740006283;VsbvRtS;VLy;838;738;GIU;kXMFvfL;FV;457;mZ;KD;r;rIEvOVv;Sw;nEP
340003581;dKmrJdx;LrW;71;827;HmH;fdrhTov;ES;880;cu;dK;f;yLqnCQc;ps;bHq
020016473;rbCxQgG;Vcd;210;707;Wda;LrEDDuG;PU;880;xM;FE;q;JPhXVuE;SU;LgG
100000330;ZKIDiQU;Bpb;631;967;Nfa;dqZKSea;wN;510;Rs;cK;r;lDYPRLY;yr;dVl
310001698;MvRTONi;nin;625;436;YZH;gQQKFPv;ox;412;ok;MY;q;IlOtCqB;er;LmJ
270000995;TGyrWZi;cZf;858;951;vOW;NlPLJxC;qH;812;dG;LJ;V;ZaPERpe;KI;yuL
760000513;DsdFJNJ;lJB;759;5;Tyt;ubeSgOh;YR;972;ZW;nV;B;IvmRdze;fH;SsI
110791803;nggoNuI;gsj;428;580;rKI;naUMTXz;Bp;321;Mh;tc;n;xDvqtJW;HT;fPx
190000331;dCoKVFT;mZV;831;976;kHz;BMOmDxn;xb;728;PW;ii;F;nDsltHM;tL;wSu
420006553;llCaKqY;jvx;76;533;nWB;FYkYqvk;vz;158;mb;YQ;e;vxiIWkO;Ww;NCn
950036129;CVgVvVM;XST;328;170;Gyl;LhRPhAF;Lk;966;gU;Jb;z;jyKascn;BN;IFe
190002519;FpHjadZ;JXJ;707;344;mKf;TNgUvGy;hN;812;OC;lc;i;SNQCXJx;hp;jet
300001138;QLuKDMU;LRN;617;877;aPr;uUBAadJ;HX;585;IM;sz;L;pCXtAsn;Ph;IKK
940014483;PFnpsug;DCh;789;97;RMU;DQFXjNO;Ix;210;QU;nz;R;iEVbiIk;Ik;owr
330796236;rNiuHMJ;PrT;598;644;UoF;XWcgxSN;iW;623;bi;aA;M;yfZcDWT;aR;djP
650002769;sVmvYAC;Cfb;424;950;MuD;AVAgmCE;Bc;549;Pw;Ja;O;XcAZisi;ZX;Org
190007930;fhxCiRl;JNE;605;936;VXX;SaRkEzv;fI;436;bP;IF;c;OvANCRf;Em;Iqi
320000326;VavqBEQ;idP;474;33;XQt;TTdDzPN;na;625;FA;oj;K;fKAuQgk;eA;tmb
740007539;USvCeeD;agy;864;706;rZK;fSarbIV;TX;481;Cu;yk;K;fRxHfOj;GV;GcH
710008780;zQHexXt;JML;369;573;Plb;FzNofzJ;Lo;156;HB;tD;g;tfyDesM;VC;smT
540001930;yUPbKDO;BFJ;953;589;CIX;dgVpsHI;YS;645;rB;hY;A;lghGhAk;ro;gkm
130001571;sUaQIsm;siv;619;339;Fvo;puxsgHP;tn;35;UP;pW;K;levjmyB;TG;OdY
600107296;QrCeuuE;mYI;41;136;BsQ;GiAdOeU;cn;352;fT;yy;V;nvolWBX;jd;DNl
950015495;JgiaBMG;RxP;355;116;snF;nxJixLc;IV;801;VG;qZ;A;dpRFObU;YJ;PMn
130804578;MmlzWRy;wcf;647;865;QlU;XTpNbXM;wn;686;QZ;cY;A;ZEEkzUv;qo;UUq
180003071;dxkkcPU;RDt;389;760;lqR;mSlsHNY;Xf;288;VO;sg;H;WcGdkzd;qD;yPF
540010410;WkMYUuC;HHk;792;954;OzS;kNeAkdS;aG;772;PH;Jg;o;qAtdGRb;lZ;vNl
240008870;oaGJnVU;eFQ;224;389;UlX;hfHwBma;JH;928;iU;ze;w;qADOomk;Od;anC
350045209;fxYqoZR;kTx;222;80;KhE;dGzSzNN;wv;806;bc;xq;J;xMtfJjb;id;nUp
900001306;OEDxZdr;uAL;721;270;tAb;IIJebqn;JH;808;eO;Ds;K;SJynqVe;GO;CBq
940001894;ouBkCXL;BPs;820;492;Uuk;yHhjKPK;Kt;154;Zz;qr;M;vwLtnfj;DH;OST
450005475;mRoMNZY;OPa;670;95;MZQ;xALpNWL;ZY;539;hv;HH;O;RdKeebE;xw;SFX
750031213;qxAWzHy;Xgl;20;156;TVe;vatfxCd;oQ;199;Nv;oU;U;MXoHzBs;pj;jql
750020836;HTdVeoq;sFt;940;961;sgU;BPDhhxs;CE;803;Td;CH;j;slJWaSt;zy;NAy
130037724;CDUAYEk;rpF;500;39;pJE;nKFotCy;uY;695;Hg;QU;X;kKBIFYa;yz;irl
950001545;SLwIqeP;qFA;625;80;ZOo;EjEbWUW;eW;648;oW;xU;u;NlLNsrE;aY;nYq
940014616;ZvCaZZZ;hAg;858;613;qBo;kKQxfSf;ag;373;Ro;NF;y;AKdcKPe;zo;ohm
