ETA_NUM;RHA_NUM;TYP_ART;RSF_TYP;DEL_DAT_ENT;NUM_FAC;ACT_DUR;SEJ_FIN;ETB_NUM;ACT_DEL
400015020;oQyGCad;Y;V;911;bfa;496;t;axVdcRaOjSjoCV;751
400780268;xEALOVb;H;S;636;CqD;743;x;MEcdsaTmdCmeuT;999
330029968;UziApcu;P;F;162;Pvy;21;U;qvFIMirxnFWYrg;371
730012382;tRyupmH;Y;X;945;lJE;497;C;GQFQwJdsenkJYl;36
730009065;lQNaYzD;M;s;913;xQW;871;z;rUgwMnkNiLcGbl;596
340001098;SNbCaYm;C;F;758;HIa;582;P;cFYkEMHqlGfnuJ;530
860790179;qZDgRdF;H;d;37;iBJ;654;F;FYBDezlphreJEF;912
370000614;RtrnYgW;A;Q;490;VHf;340;Y;RSexHpgMJNcDFk;313
680022415;kJPJINT;C;L;794;iFt;727;Z;rXFyUmAlSdYlgd;528
010002574;POTDqIF;I;U;6;qpg;128;T;ooOhgeBAtquiUf;530
380001230;RIOTiBQ;X;w;653;ANT;425;N;JosXRImcAHHkab;201
500000757;xfEaDxB;Y;T;49;ayf;205;F;sMmrwdYlbCVxpx;662
670794726;SlMvPby;P;m;602;vSn;877;n;MYnmILBZJFycKL;967
440011096;lmWuMjm;M;i;40;SIT;34;Z;mJSgJtKfUpWaby;93
340009596;dgNnGqU;M;r;413;eSy;128;u;eGuEkFUPDwwyHB;665
490539160;zuQQSMn;M;J;953;CTb;841;s;DEXZJGITwomLAJ;686
590009791;QiTbpPZ;A;h;79;uma;375;g;rDJywSRDRoqRbB;805
970430906;PALediM;Y;L;533;ECz;468;M;cMHkjlwLexyTXI;891
380018069;NtjWBqy;I;Y;338;uue;209;M;fbTRmEhNHUdYSL;452
590798211;IxWBqWw;I;P;412;YYq;197;Y;MtMAGQhCyedSVC;179
630002038;VummbXc;A;Q;930;Qjf;932;U;cuoPtAmaNFGBAw;306
500017520;BwNmiGj;A;A;28;NAw;447;n;ltbSbLtDceMLWK;283
390001246;ZlSGCMv;A;i;3;SYB;370;K;EJGXszyurBmGkn;63
300003506;Vbzsblz;X;U;860;loL;298;b;VthQTpGSaooSYv;211
670002948;NZykzar;B;Q;435;bmH;57;a;yeBgYNCObvuLpr;826
290028141;ddBBxjZ;P;V;190;ncy;409;P;guVTyXheTUOhNk;922
330046871;LfOeuZq;P;j;266;CAb;817;j;MZJMyCmElEpzxG;136
130045164;toFcmTr;M;K;126;PYg;819;L;UjlSKvmtnGegvx;101
290001924;YLRJXLQ;P;D;67;hwI;16;T;rILyBtWxOlbyZA;201
060002169;tqhGTdC;X;E;873;YTP;92;D;bWtRvBUWEGdyBN;591
910010719;jBATyBA;C;j;402;pNA;37;P;iATXxtpoqxaOwd;626
250012358;AMXfrht;X;x;457;YXB;212;v;QDtyXhjZofRVAk;761
440047389;AFOlCpf;C;B;865;lyR;619;A;FGWxHMNtSDAhJd;287
440011633;ftmkWuq;M;A;248;pbO;199;q;qeLACZnzxElEoO;230
380014316;fxYNlTK;B;i;816;YsT;404;e;tPpmLEluIaPQGX;6
620012278;PfwmmTQ;B;Z;119;vpH;575;o;GFJrKTPpBYNubE;185
750022691;UcsSMwI;M;m;962;jke;929;P;RPmFTQKiLBRaSZ;495
130016777;vTtutrn;I;D;366;AwZ;741;s;SRKxQVPvjEWNiQ;183
610007577;xVxATow;X;j;573;oEH;495;m;TcMrGuamiDBtIK;96
300008687;xHLAMpd;M;A;380;Ecx;231;e;fNqLxUWstRdzex;67
350001780;HYJMoLv;B;P;306;Kfr;385;y;YIimshaiohEKzK;218
800013716;FjPlrAD;B;k;987;LVj;417;h;tZOCWUuNuTabMu;178
760028035;GdkriQa;H;M;22;muC;413;Y;NNTTyNMwAgVlKG;594
590055398;GftvRDQ;H;D;680;RBN;215;V;oLsfaDzElHazoV;332
950024802;lkziWal;M;a;553;rBS;534;Z;TlcEEHPQILGxTr;509
630005791;gWsZmHP;C;O;915;UBQ;575;q;QQEsQFLjdsogmi;32
940025653;vouJILw;P;U;271;vCf;614;K;ZkFoRBzCCVPmlt;768
630180032;IorzbXD;P;M;779;egx;246;J;ZycrtNGyOqKqEj;609
150780088;QbDFbiq;X;j;248;aZF;338;g;IdfYBEmdGjWVmK;525
490000163;MBnadmx;B;H;88;VRJ;239;p;XNgrvjWraKdrpm;785
870001161;dAtDmdN;P;s;95;VjK;185;m;sHmCfMyABpPLEA;375
380010595;saziDFe;C;p;644;JAu;844;s;geleAHLIcQtNmm;660
290037340;jBPHfGq;M;U;433;WSe;137;Y;cqYCjwtffLQbZI;18
830018008;HfjUWyc;Y;I;259;TOL;161;B;icNQxHTyLbEZzk;398
290008333;JhEmWWN;I;l;765;VLp;912;Q;SrpyimqftPxMMh;35
910011204;hvFPEaO;I;c;882;lal;753;g;YkuetsgLKaGtDO;845
770010171;bvKAUOt;P;x;320;IyO;381;T;PFtWORCsWzUqKz;238
850016742;CIhsBjl;H;I;670;iBQ;854;P;rATMfwEGDbVIzS;302
160013181;zvSFrRG;B;U;688;MEu;683;D;MBEMebBCkvHGxI;468
370012635;rRRMcWN;P;R;851;rfD;365;L;SffjnDyiQWsnmq;21
560021735;ZvNeATa;H;a;25;qLO;556;l;EBMQgZWWnTSchf;537
640012035;GELFeqS;I;a;301;yCF;261;O;EClMyOeIUWoLLE;191
350052791;eQrshEu;Y;N;575;eST;373;A;tEzKoASVEfNgdg;573
350050811;tUljMpT;A;i;676;FEp;656;W;uuCOWFDuNIVVut;188
130050172;HBLCIMw;X;A;362;Eph;944;W;YmFMICINvcgtKH;859
670005701;YzqxNCq;H;m;473;HrW;639;H;KMQBhkiCfLuKlm;157
240017434;EEiYiFa;H;G;2;zeE;295;D;vCLidjTcTWDCOo;102
170000731;Pekkgre;A;P;351;lMT;622;R;ujXghGNjQGWVCp;698
580004513;YjfOatO;Y;Q;165;mZl;679;M;AzMIaExRYjbAXB;286
010000644;IwDVsKF;H;P;264;cLQ;30;O;CwlyzkTtVgXuOj;148
550001812;KhpkWxR;X;c;111;nXm;375;G;LqIBvrtJAqPVwA;877
780708442;qpbyGKj;Y;c;214;nMP;770;q;TtAdfgepRVAJmI;342
970201844;aavHVgv;B;M;860;rYg;859;j;cRkOkcyMKFBoDy;706
290026194;COXlWxb;Y;o;568;rbv;372;Y;jGvhpDwiUDqHYe;100
410000590;ARntUmf;P;a;906;dEo;482;J;wLDIpoghHjfgPh;938
330041336;JklYYtA;I;L;386;TsP;815;R;cIGFPCYDfHpOPT;849
130026941;kTqDMcm;A;k;785;ndW;686;k;erPQTxJJqBuxcx;383
910008762;qZLQkOM;Y;z;839;IFm;125;z;ewDLETzysSniHk;930
820004513;RcQKxxa;Y;t;221;OKf;737;Q;wzGhDLxnzCcAKV;655
380007443;CbEgvyi;A;s;233;TyW;932;t;xBtMgdSZFkhUFj;34
490001351;BeUvUtD;P;t;584;AXE;651;r;XUKBCYYFFDTapv;60
760027086;TjwwVGA;M;Q;130;QCf;215;U;ooZQNlWWtjHzeQ;894
950011999;OGxQKYz;H;g;515;rAK;424;e;GKDFZXyYAnqmeZ;710
080008790;IRoqMPE;M;p;916;mKP;664;U;yAlQUvGQfoNPfK;345
930021191;xEebkmA;A;M;80;LnI;607;z;TTpoUPQdEIxiYr;116
610001083;uTvSivB;Y;L;762;mbK;25;Z;qnacpmuoAPJNaO;636
130041379;Agzaqxv;B;V;123;qXW;833;X;dXauwHsxVNxSWK;500
380017285;Ljpwpog;M;U;737;UFn;294;v;GHUMmVLAKIRNiZ;442
120000955;UXQJuxz;C;v;34;KUH;663;V;UaXnuSlQMlzoaB;585
880003314;gxsyJST;A;c;57;hka;356;s;AbVWvOBvOAAioE;678
950001594;vVnEtKI;Y;e;393;ehh;199;e;vkDyYsKBZUIKOn;864
570029348;OrecXhB;A;Z;297;XSq;536;L;tAVXjpMmItEXKT;563
690000732;bTSmlRz;X;C;119;evk;988;X;PhqJApKhbDXvjM;662
640000683;xUqmGJH;H;y;117;slv;944;y;cKIkwMhjaFhtRJ;943
310029186;pqvoGnb;B;S;527;Gro;487;M;WPUNVqLhxOrNHP;727
060016250;pLezAKw;A;i;60;kQS;884;A;tWfPGQqXsOEeVf;580
350037537;uayDhsF;A;v;971;JGx;717;K;fkwkeXwMPwqyXt;336
130049372;GVZeqEQ;I;Q;964;meK;79;e;MbZQIebNAwJXSn;760
690004486;XObUEHB;P;J;194;ZNl;787;H;TdVPCTvVKHdojq;27
940008840;DHmsAYh;Y;d;326;QIH;905;g;WyQXJhqjEVQCBg;247
810001701;IKOHFsp;C;W;120;qRV;929;v;zvJLHAbNqxSyCU;263
390006013;BkbceZc;X;O;391;KHw;30;M;tbVyhUJCSGQxBm;891
320784044;VyjGsui;I;X;462;leF;761;c;lTDYIxustfgPGu;818
940013204;eZGLxCM;X;S;260;vDt;694;W;WBrkhapQYWAytQ;552
830022893;csMjVYn;H;L;536;CNa;688;G;FaRHhfshXlZrXV;168
280003476;WhlThta;I;t;775;uZh;679;x;pWdTvtaDyyWpDp;779
340007046;MytjEYL;H;P;353;TVx;466;v;sRjhLLnqBNlFfH;427
760036954;gTZutvo;Y;g;80;Zoj;672;W;wiHbEwHZYMTQxH;43
860013358;OJARlOV;Y;o;667;bmB;546;u;nGGVtvQzMcdsIw;593
830210480;ezMFzuM;M;N;390;zWF;290;t;CqtbqXWCNZcxLs;434
840003289;FPlwiKh;Y;h;366;wZm;246;H;ZvoBDIeRnAxdUI;932
470010687;qKrCGiA;Y;U;464;VJK;306;G;kdMQEpoBbTyVag;729
180003170;QshrBDK;M;K;344;Cmm;732;A;HdhVEkaYQvfiFN;166
610000499;onWfBLA;M;I;689;jUR;217;W;tvfuXFUwbdAiaG;162
340000637;TIscqIt;M;s;704;MJl;229;L;kxIQdNqiBathfL;665
640009973;fICpIGD;M;v;621;UBd;532;K;feNOAzvdkIpttU;88
970303376;NAiAGvw;C;g;219;CoH;689;s;gGgGwDHnzSckpd;11
950005413;NJyGndJ;X;j;352;OFP;545;m;iedLrqqPhDGECh;924
290021005;coLDZug;B;H;280;AWH;207;A;OobTcAPqceapdo;371
750006082;bYlpQtu;H;q;599;Bfh;204;l;JNOMmxUBDyDsHV;680
210985735;rxfOMBb;C;y;293;TMH;900;S;ikMEWXVnAUUSIg;133
490005907;DNMkdyD;I;J;314;oPD;667;O;tOvOgGtSkfssCm;293
840003263;nzQMTqF;X;t;617;zZi;768;z;jPkQaYmbfXlOwG;432
440018638;sZodHcv;P;b;281;msn;939;f;iaQHMQoLUnzUdV;545
840000988;dCKwxZV;B;i;577;smq;433;v;jyTwAzCqOZwmmi;500
170005524;lSItqqu;X;S;343;Agm;424;I;iPhRbSIOZMjHBU;315
950023945;HvSjlqo;I;C;998;Non;3;L;oyQXyTufzAWWTn;513
680007101;Nkysmly;C;B;151;YLO;782;S;GFxuAmYjXrrwGM;236
310021332;NyRenYT;A;u;902;XXS;972;D;xBUvdFPQZQLEJB;753
330028648;fOieidt;H;N;347;eEy;230;v;ZevNdrZtoGeskz;671
750804403;whofHsg;A;x;816;oPD;851;L;eUQwGaNUIMFuhb;537
060011004;OFDexOh;X;F;117;fKV;167;y;GQthIIJWtMzzlN;804
130046139;mLEREpV;M;h;499;RMs;668;m;SatMNECUICTTfm;350
970107371;NEpgQEp;B;o;594;Fzu;208;r;vQbQIjNzCgRLRu;289
950009092;WPUwGkB;C;e;215;JZy;450;c;NUDPWnxPVwTrLJ;535
540021425;mbTShpa;C;z;253;Uwb;390;K;uNSzvffgLPiHvD;651
380790618;KZRLAdf;A;R;169;Aal;635;M;JWJsHCJzDSyGBa;969
510010481;YrzRWCP;X;q;758;oaE;362;m;vKizINtsdJXejT;246
940002439;TrSklLq;I;H;296;mFk;306;R;zyaFpslbtVpbkk;782
940012602;XAeawvy;A;l;690;dcW;204;B;atgfVBaVmpbgzn;916
300011954;hoLXeWT;B;v;616;oLo;964;S;hWoiQUyVHwRRLp;672
950021741;BhNvcRt;H;x;711;sNH;897;J;MfRXMTzVuzpOif;749
620112268;phdaitv;A;N;70;Rse;479;a;IsYmxijIMRKZEl;800
330050634;XPiAERE;X;z;932;tqE;608;A;fRynPQllsgOmrP;918
820000206;hwYqoRM;X;L;926;hoK;542;f;UfzjSaVDGskdsY;598
160000956;WERznin;B;x;157;hAg;172;P;AuQPkiEqacKkZl;516
320000508;xETOpvl;M;s;857;VYU;330;I;HrqfxgyFnCJmRZ;216
210000725;BGbnPBC;C;i;578;Xvp;613;b;vWnfZGoQatdvlP;933
910006618;eLECusR;P;b;833;YsJ;806;g;XsSuMfPRrRcWmn;495
350049094;JyBAcBg;C;g;668;nPP;80;W;zYQinFUorOTpcc;40
330053794;YaYFjjP;I;k;505;XOu;329;S;aLSNIbHiBBoKMb;2
850025107;RUBRgTx;Y;y;190;Jqp;615;V;zOIttqZlojyoaJ;843
590016945;DgvuEQy;X;y;247;kKg;419;x;BNKoBLKpJEsVwa;765
010007169;oeNjpWh;A;u;350;FZo;86;u;YekVeDudhhtGcC;720
330057175;itQvgsA;M;h;800;tPI;681;L;MaLgzZMLvAVTQy;830
590007035;qHYjwZv;P;v;813;KJc;381;D;ayxosupUTARdoj;607
400009981;hIsLbXa;Y;C;937;cEX;801;N;YOLkozkjHZcrdH;139
250020856;wefVgss;X;e;729;gSD;48;W;akhekFERglGGTq;145
570017434;Iogyfjt;C;j;587;Rwf;489;D;EooLCLXsHEevEG;461
810008243;ZwtEWJA;M;I;715;LOW;332;G;gEAFdwODgKdjhk;499
270018757;aXOJVot;M;L;658;QNZ;502;P;LWSZARiTEnniZB;286
250007598;jfXlcMV;A;F;339;qLk;449;Y;bUEXGFmhClGYsv;554
590800645;bEVSAga;P;i;253;pYs;301;p;nZRnHNLnKYfyCx;305
840003990;SEnaVhn;B;K;149;uwL;388;o;ulbfLlZxTlJCdD;742
590054961;dqQJgIX;A;j;735;sxy;351;c;mtHyUjIIEPFnzg;764
590027710;evxpflc;H;W;980;ADH;807;d;nrMgCqdXWysKMh;643
780012100;TidVHoy;B;l;901;xiA;516;G;zvLeJnjFkszWdq;57
420001075;mdOXvGN;C;x;959;Doq;540;Z;oVNLugaUxZNvrT;321
340013507;kgBnyFk;X;O;874;Kjb;699;H;xRwryPbKwCBSUT;189
350042438;TVSVNcB;C;n;969;vHl;259;M;lEgLEMzSWOYhVH;897
880007786;caqwGkH;P;n;167;fKl;534;k;TGWNlYMMxFkaOx;803
190013110;IRiiAlZ;I;Y;418;edl;581;t;eYkfFLvpyhxebT;712
620002402;AjtVKGR;H;A;472;ycY;150;A;tweOgMWVpZFozG;957
730008125;cgQQWLj;A;i;302;GEF;939;a;MHFfZHbfZLlkuu;771
790006282;bTdKEZQ;B;w;836;eSk;45;k;QTgrSwydhmtNGM;209
040004772;TgKylEP;P;k;227;mRk;64;R;FUJmcXSdhzKwHW;190
340010941;NtoczuT;X;x;432;HFF;559;H;JSJjkjqZgyaOGz;911
610007353;ouOPHlw;H;j;572;mkw;964;C;mxfzesazOgrTcs;478
620008805;zklvHbF;M;f;354;SMm;373;d;nvpRtkTIoKoijA;486
620001529;gvTzzOz;P;B;143;lNH;279;G;azrSYstGREHbUM;313
010010403;PnEJhyc;Y;V;136;IdF;564;Y;auOrVjdwCXVGFD;97
690010814;QfljBIB;M;N;122;Mwt;241;S;SnUvEvHrPLTsSR;403
330052721;JcxHtWA;C;p;469;loq;489;Q;BvmWUwymCYtYfK;747
750822546;eLWRoEF;Y;O;102;OMQ;14;m;troNvaBRLBZJsR;227
600006464;nblVGYY;X;O;985;DsX;785;i;zRChnYXLZcHvjb;956
220003172;WFbgtuO;X;W;570;AYD;979;T;xrqtWpMYzhXfuG;244
220012868;xKWqCYW;A;A;785;Oha;528;V;rfDKsshFFjltlQ;572
060003258;DaVRkPC;P;s;946;nCZ;846;n;rZUZcaQoxgNGex;30
690009576;DDjzFXy;Y;C;238;YXz;145;w;xYfNNQfgGxVFwf;808
270027147;hrpGdWu;A;s;157;mhO;242;R;PwBOZbtbwiSiiS;390
140021775;YmtLhtp;B;g;530;Uhi;271;k;yscoUPkqGpuffw;85
900002015;dTSkdwt;P;m;756;kUv;163;s;hciqdYcHLkXveR;945
640004966;wCPdTSb;P;q;181;oZv;139;e;JGyrhCAzGGCjls;297
930007331;eKzXmFn;I;V;274;Xmw;217;A;vKpOkDPJMkeeCE;304
700002835;zJBxWQC;Y;v;109;Cpn;91;Y;jtwuApjSyuVRnC;29
310002092;ItWvAtb;C;E;309;GPA;32;F;FGTWWfBVvrdQLr;158
590800413;airZsxL;X;F;868;tfq;58;J;hKGYFqriBThRoa;112
590002895;xhoKskz;A;R;758;YXb;655;m;rCsuHymhXAQHso;503
930008990;IVyMGWM;X;J;496;PJI;606;W;TPGalAmgwpYVrh;456
310016985;znFJmIu;B;f;698;syV;408;w;AxjvfiCePQjoKN;888
560014334;EqnNiBC;M;o;344;vVf;661;p;PelpnQDZMInVCQ;986
130035967;tnqcYyj;A;z;147;Zpt;276;j;CaMZbrriLVnKpx;696
860012830;SyaxuiY;M;E;664;mbo;36;m;NxVjpDliqvAJWP;466
780808929;hENfSOi;H;n;125;LPt;172;q;SDsxnosCmiQpBi;714
340006295;YTdSjiT;A;P;366;imp;730;E;qmThZbeQNGeAaW;15
950028076;KMCndvb;H;L;338;nVG;401;A;xBWBWctkpizKyj;760
350012555;VUgBdFz;Y;B;922;TqB;240;R;NEaknFnunVPDtB;193
590052338;PRVRsoo;Y;C;178;kTZ;145;E;itBxpsHshJEndd;913
600000855;ArJaAzM;P;s;582;mcL;501;s;lWtxRVUQsFaFsQ;56
060001633;FXdklJa;I;x;802;OPg;953;N;UwwabTnbyneUPE;674
920026796;cTsHwmE;Y;g;217;yFP;805;Q;uGQfYwDmupHEwq;55
630000628;tAIzTzr;B;W;988;inB;449;d;VhVyMrLGfqCTMs;533
570003285;KWWtefq;P;b;939;ISL;810;d;NcKNRYvAxRYMdb;113
630005809;kVwSzln;M;m;748;cmF;425;I;VfPXacJesSeKjZ;662
740006283;VsbvRtS;P;B;541;PTX;87;t;yPKoHRlWeXgSYE;487
340003581;dKmrJdx;B;w;581;SeK;419;X;EQjXHKTkLSqBDB;225
020016473;rbCxQgG;X;s;906;LgT;715;l;HbSdotjvwWgWUL;267
100000330;ZKIDiQU;A;g;839;uhE;970;r;JeAdSCVHJvYnHX;428
310001698;MvRTONi;X;e;165;nQu;656;a;yeZDCXCIisPpTz;947
270000995;TGyrWZi;I;h;619;ohA;534;a;PgKlHyOOcfGnRz;214
760000513;DsdFJNJ;M;v;418;SAz;844;J;ujHNSrkjQHxmxI;482
110791803;nggoNuI;M;z;624;wuo;831;n;WzLANfjQIcnTNk;500
190000331;dCoKVFT;P;n;557;XOq;355;Y;PbKLOxHwkbhYcD;827
420006553;llCaKqY;Y;T;798;NpV;899;U;HNRigziLPagJBU;689
950036129;CVgVvVM;Y;m;440;YNp;894;I;ifsTwecZQBrmZz;846
190002519;FpHjadZ;M;k;315;fuE;830;P;TxgqvyBaGmTHQb;866
300001138;QLuKDMU;I;J;526;bBC;47;u;wQqGMAEQkgKyqu;769
940014483;PFnpsug;I;b;690;zyq;117;n;ZnYdOlJvdamWiI;484
330796236;rNiuHMJ;C;Y;195;vGl;585;G;ppwrOiVusZeQiQ;483
650002769;sVmvYAC;P;S;252;iaC;374;f;RMJijuCWTgCVdu;663
190007930;fhxCiRl;I;E;631;pIR;672;L;xdHsnsKvuMRlFy;807
320000326;VavqBEQ;H;x;993;yPW;109;E;rpabSHNlNaGxLW;665
740007539;USvCeeD;I;M;397;Mij;39;a;JAfldwdkTvQQYx;72
710008780;zQHexXt;M;n;351;XRg;226;m;lkaiOFhMNBfisr;528
540001930;yUPbKDO;M;w;462;XYt;727;d;DWLosELgWkhKPN;288
130001571;sUaQIsm;M;M;479;Zbf;924;u;DukqpSGxVosDeW;565
600107296;QrCeuuE;X;k;441;geG;996;G;UpZIZOIdFsMrfk;361
950015495;JgiaBMG;A;B;550;frD;678;g;DzsiDsnEgpDqBc;29
130804578;MmlzWRy;A;D;743;TIa;597;L;MKFOJEWBCjpTAp;418
180003071;dxkkcPU;B;S;999;wvE;87;s;eWOaAqIdXpCXhU;154
540010410;WkMYUuC;H;u;696;quy;291;u;sYCgKrPjaFYTRx;175
240008870;oaGJnVU;P;X;190;IWu;858;J;MDIIQMFHLtwPAD;101
350045209;fxYqoZR;B;l;944;wzV;721;b;AIihsRzTFOoOLR;424
900001306;OEDxZdr;C;F;544;Yds;655;B;tWfwcrnwzLtoxA;51
940001894;ouBkCXL;H;k;929;udt;84;C;UhTndgOmlNDJuD;966
450005475;mRoMNZY;M;G;474;mGp;705;q;GMRAZNyDlHPjJB;956
750031213;qxAWzHy;M;X;602;Qss;515;X;ToNGiuTEgNjZxy;168
750020836;HTdVeoq;X;B;51;NGv;178;o;krfrvFdHwvAUkg;198
130037724;CDUAYEk;M;i;479;rhl;872;P;xKzCWXhDfBogFl;876
950001545;SLwIqeP;I;Q;651;WsA;140;W;AnRikbboxGpfnS;300
940014616;ZvCaZZZ;C;c;468;HlX;729;l;exvEgzwEKUffYk;36
