ETA_NUM;RHA_NUM;RHA_VER;CMC_COD;NBR_JOU
400015020;oQyGCad;stV;ex;514
400780268;xEALOVb;HxI;VG;591
330029968;UziApcu;vyh;sJ;592
730012382;tRyupmH;aXm;hG;759
730009065;lQNaYzD;SeD;oo;964
340001098;SNbCaYm;FSA;Rf;720
860790179;qZDgRdF;cPp;lT;462
370000614;RtrnYgW;mOF;Gu;286
680022415;kJPJINT;eHa;JL;334
010002574;POTDqIF;cai;wB;140
380001230;RIOTiBQ;HKQ;mr;375
500000757;xfEaDxB;UDp;QX;482
670794726;SlMvPby;eCH;dO;807
440011096;lmWuMjm;MDL;an;79
340009596;dgNnGqU;uHj;fr;901
490539160;zuQQSMn;PWJ;qd;157
590009791;QiTbpPZ;UYh;vu;742
970430906;PALediM;phM;nK;49
380018069;NtjWBqy;ETR;cI;929
590798211;IxWBqWw;KfD;Wk;384
630002038;VummbXc;PXJ;CM;551
500017520;BwNmiGj;xVc;Vi;486
390001246;ZlSGCMv;LYP;QY;767
300003506;Vbzsblz;npV;ep;355
670002948;NZykzar;DGi;CO;471
290028141;ddBBxjZ;xVV;SQ;442
330046871;LfOeuZq;IZq;JB;316
130045164;toFcmTr;LFD;jp;546
290001924;YLRJXLQ;fMQ;BB;732
060002169;tqhGTdC;Dkb;PE;680
910010719;jBATyBA;CzD;GX;672
250012358;AMXfrht;BmS;oA;971
440047389;AFOlCpf;oKb;mp;786
440011633;ftmkWuq;psv;ml;531
380014316;fxYNlTK;Mze;iu;143
620012278;PfwmmTQ;nvS;Bn;742
750022691;UcsSMwI;axt;Tb;645
130016777;vTtutrn;FWD;qa;114
610007577;xVxATow;DEI;ga;972
300008687;xHLAMpd;dwk;bR;302
350001780;HYJMoLv;sCe;RX;196
800013716;FjPlrAD;DpD;WY;406
760028035;GdkriQa;ZvD;QX;821
590055398;GftvRDQ;oBa;GQ;45
950024802;lkziWal;Jfx;hk;846
630005791;gWsZmHP;KdO;yk;889
940025653;vouJILw;KJT;ry;504
630180032;IorzbXD;rPj;WK;590
150780088;QbDFbiq;XzG;xZ;638
490000163;MBnadmx;VUG;GW;130
870001161;dAtDmdN;pPR;rE;176
380010595;saziDFe;Ees;rq;274
290037340;jBPHfGq;WPY;nR;566
830018008;HfjUWyc;jNT;jo;782
290008333;JhEmWWN;vVp;HX;690
910011204;hvFPEaO;zPa;BA;830
770010171;bvKAUOt;VWH;wI;156
850016742;CIhsBjl;Jjv;Es;853
160013181;zvSFrRG;fYU;vH;39
370012635;rRRMcWN;PkG;lt;507
560021735;ZvNeATa;iSG;lg;348
640012035;GELFeqS;Pgk;Qy;455
350052791;eQrshEu;ImS;cC;860
350050811;tUljMpT;mSz;SN;682
130050172;HBLCIMw;lwD;HT;272
670005701;YzqxNCq;jrT;Er;683
240017434;EEiYiFa;ANR;vv;368
170000731;Pekkgre;wPY;pr;79
580004513;YjfOatO;EQL;Ou;138
010000644;IwDVsKF;Yok;Bi;344
550001812;KhpkWxR;ohN;Xd;165
780708442;qpbyGKj;xme;YC;824
970201844;aavHVgv;VBx;WU;221
290026194;COXlWxb;NHV;QL;924
410000590;ARntUmf;mXv;aq;314
330041336;JklYYtA;wBe;jM;307
130026941;kTqDMcm;WRB;Aj;591
910008762;qZLQkOM;tVm;qL;187
820004513;RcQKxxa;oKo;Tz;915
380007443;CbEgvyi;KsU;IO;162
490001351;BeUvUtD;AoI;Jd;392
760027086;TjwwVGA;Laz;lG;719
950011999;OGxQKYz;Fkn;BB;960
080008790;IRoqMPE;YfQ;IF;436
930021191;xEebkmA;vXW;bB;868
610001083;uTvSivB;lLv;nT;415
130041379;Agzaqxv;ZHA;pL;529
380017285;Ljpwpog;Ojz;OT;860
120000955;UXQJuxz;cIp;Pe;95
880003314;gxsyJST;FRy;cM;448
950001594;vVnEtKI;umi;lx;283
570029348;OrecXhB;CHd;uY;543
690000732;bTSmlRz;KJv;pr;77
640000683;xUqmGJH;NEQ;Tn;649
310029186;pqvoGnb;urE;KZ;305
060016250;pLezAKw;pud;qN;235
350037537;uayDhsF;eTI;AK;639
130049372;GVZeqEQ;sNB;LG;594
690004486;XObUEHB;gBM;Sz;367
940008840;DHmsAYh;aQE;Om;722
810001701;IKOHFsp;Abb;xH;63
390006013;BkbceZc;qDM;Ig;782
320784044;VyjGsui;vfv;lh;576
940013204;eZGLxCM;PZC;HO;555
830022893;csMjVYn;kUA;zH;40
280003476;WhlThta;PWr;uc;996
340007046;MytjEYL;dRi;NJ;420
760036954;gTZutvo;WTR;lc;917
860013358;OJARlOV;obf;VR;683
830210480;ezMFzuM;Yok;Im;169
840003289;FPlwiKh;Ahp;Fm;307
470010687;qKrCGiA;egK;YZ;37
180003170;QshrBDK;Iuh;ER;493
610000499;onWfBLA;lNX;vl;198
340000637;TIscqIt;lpj;xk;280
640009973;fICpIGD;ucu;bg;310
970303376;NAiAGvw;PoF;JB;522
950005413;NJyGndJ;bxD;QM;398
290021005;coLDZug;Nex;db;338
750006082;bYlpQtu;xOK;VQ;504
210985735;rxfOMBb;MrO;XP;211
490005907;DNMkdyD;wbN;xB;671
840003263;nzQMTqF;Ura;oe;850
440018638;sZodHcv;gAl;tS;929
840000988;dCKwxZV;aHY;wq;363
170005524;lSItqqu;cgu;Oi;283
950023945;HvSjlqo;UOy;vO;433
680007101;Nkysmly;Fnp;Vt;326
310021332;NyRenYT;Fvo;yB;401
330028648;fOieidt;huW;LY;793
750804403;whofHsg;eBQ;kb;889
060011004;OFDexOh;jrf;ZW;530
130046139;mLEREpV;eFN;wD;265
970107371;NEpgQEp;xCe;ZQ;266
950009092;WPUwGkB;cge;aS;386
540021425;mbTShpa;jMa;wo;467
380790618;KZRLAdf;vLc;dh;221
510010481;YrzRWCP;Sig;bY;139
940002439;TrSklLq;NeN;jq;985
940012602;XAeawvy;oiL;TQ;773
300011954;hoLXeWT;vRv;FP;599
950021741;BhNvcRt;ktX;UG;739
620112268;phdaitv;xcX;MQ;31
330050634;XPiAERE;CoI;JX;21
820000206;hwYqoRM;SYP;uW;369
160000956;WERznin;TSv;uy;573
320000508;xETOpvl;HVy;KH;922
210000725;BGbnPBC;yBS;oB;615
910006618;eLECusR;pvP;Bp;916
350049094;JyBAcBg;fks;zj;322
330053794;YaYFjjP;beQ;gp;21
850025107;RUBRgTx;aMU;ML;113
590016945;DgvuEQy;EJb;De;999
010007169;oeNjpWh;FtM;mE;90
330057175;itQvgsA;INX;JZ;860
590007035;qHYjwZv;cpl;iU;13
400009981;hIsLbXa;uAF;xh;178
250020856;wefVgss;ryB;NN;670
570017434;Iogyfjt;BBx;Hp;445
810008243;ZwtEWJA;dRw;Dx;869
270018757;aXOJVot;WZO;EV;24
250007598;jfXlcMV;SuZ;cs;668
590800645;bEVSAga;Des;of;253
840003990;SEnaVhn;oHN;kQ;461
590054961;dqQJgIX;jTt;TU;699
590027710;evxpflc;VAL;GY;694
780012100;TidVHoy;Gqi;Uo;221
420001075;mdOXvGN;Bma;ma;169
340013507;kgBnyFk;eJn;wP;301
350042438;TVSVNcB;mhK;rA;317
880007786;caqwGkH;wyd;zw;374
190013110;IRiiAlZ;GBx;Fs;948
620002402;AjtVKGR;cQZ;RI;220
730008125;cgQQWLj;uWJ;Mf;497
790006282;bTdKEZQ;OJt;zE;421
040004772;TgKylEP;XBf;Gy;506
340010941;NtoczuT;esO;pf;903
610007353;ouOPHlw;XAl;nD;120
620008805;zklvHbF;PQu;kb;435
620001529;gvTzzOz;kUp;DJ;627
010010403;PnEJhyc;pRc;XA;130
690010814;QfljBIB;giW;zL;667
330052721;JcxHtWA;Gwk;df;357
750822546;eLWRoEF;PGN;zj;900
600006464;nblVGYY;hUq;DD;445
220003172;WFbgtuO;Kqq;hA;208
220012868;xKWqCYW;grb;iq;17
060003258;DaVRkPC;kDU;AK;140
690009576;DDjzFXy;gMs;fl;627
270027147;hrpGdWu;WFn;gB;861
140021775;YmtLhtp;qqs;nc;529
900002015;dTSkdwt;dwf;XP;838
640004966;wCPdTSb;tYD;hc;894
930007331;eKzXmFn;ECG;OZ;928
700002835;zJBxWQC;JFV;ZN;135
310002092;ItWvAtb;GTT;xi;331
590800413;airZsxL;XRo;Ts;909
590002895;xhoKskz;Uof;Nj;165
930008990;IVyMGWM;biB;zS;561
310016985;znFJmIu;LPy;Cf;288
560014334;EqnNiBC;ccJ;sP;573
130035967;tnqcYyj;VAD;vT;81
860012830;SyaxuiY;oQm;hi;624
780808929;hENfSOi;HFb;YN;904
340006295;YTdSjiT;abJ;aJ;947
950028076;KMCndvb;LIg;vX;45
350012555;VUgBdFz;GeA;tO;748
590052338;PRVRsoo;FTX;rh;183
600000855;ArJaAzM;yff;FB;810
060001633;FXdklJa;VAK;ba;24
920026796;cTsHwmE;sXU;ye;639
630000628;tAIzTzr;nba;zh;222
570003285;KWWtefq;pTl;OW;891
630005809;kVwSzln;BhK;vZ;236
740006283;VsbvRtS;GkA;uv;280
340003581;dKmrJdx;ptW;oc;778
020016473;rbCxQgG;dHF;qg;405
100000330;ZKIDiQU;gtv;zv;34
310001698;MvRTONi;xSv;Cr;708
270000995;TGyrWZi;zaz;sd;221
760000513;DsdFJNJ;RVU;yt;448
110791803;nggoNuI;KiX;zi;928
190000331;dCoKVFT;miS;TN;574
420006553;llCaKqY;BdP;Aq;270
950036129;CVgVvVM;vMT;tF;466
190002519;FpHjadZ;SVu;Ex;269
300001138;QLuKDMU;HMF;Nd;939
940014483;PFnpsug;wkX;kv;788
330796236;rNiuHMJ;ODp;Kh;222
650002769;sVmvYAC;YpJ;SG;197
190007930;fhxCiRl;qSv;nC;152
320000326;VavqBEQ;DVA;DT;62
740007539;USvCeeD;qBi;DC;881
710008780;zQHexXt;Ufz;WD;129
540001930;yUPbKDO;YVt;WG;603
130001571;sUaQIsm;BCZ;MC;520
600107296;QrCeuuE;iQP;RJ;340
950015495;JgiaBMG;wTD;jH;13
130804578;MmlzWRy;fJt;kV;496
180003071;dxkkcPU;mcx;gN;398
540010410;WkMYUuC;IlJ;Nu;542
240008870;oaGJnVU;cVB;Ea;157
350045209;fxYqoZR;CZK;Ui;452
900001306;OEDxZdr;wFM;dm;771
940001894;ouBkCXL;ZJq;qg;106
450005475;mRoMNZY;UNf;Os;549
750031213;qxAWzHy;VOw;aD;576
750020836;HTdVeoq;VaH;nV;779
130037724;CDUAYEk;gap;pH;846
950001545;SLwIqeP;kXh;uK;819
940014616;ZvCaZZZ;WPW;OI;964
