ETA_NUM;SOC_RAI;REG_ETA;ANN_TRT;STA_ETA;VAL_ETA;ETB_EXE_FIN
710003120;PHARMACIE BLANCHOT;ttqaKBHJfAHTKFZQrZGcBiuGMiQvgS;RIEfRtS;drk;bjHqUtIlshIqmefJWIpT;KEXtULTH
840010466;FED DEPT ADMR VAUCLUSE;xIaYuYEAbLCrHWBRcUsvgUslmavSjm;MVTRkcm;aAf;UnGjZbOLXrSYxtCweEnK;cpQMWFBe
130023393;SNC PHARMACIE DE LA GROTTE ROLLAND;sGiiYgoosJnHImRFhnkERGbRzhhFzR;MeLRLyc;Czf;BuPebmKgvrdYYVikwohj;lYtQynRr
220021638;BIODIN;yTBYqPHaETJnlzyviowLTlZCkwQNPS;VPUDJNi;hmF;IxVQYJSkqjWDhEIvuOxz;jkAxdAfb
110006491;SARL AMBULANCES AUDE AMBULANCES;oxzfKQKHMgeejwtyMzPpEsYDyUBpnV;ywuThtl;JbA;HYlIbCFiOoDmQdqxlaIg;YZxMjRqv
970401881;PHARMACIE BALASSE;auLUlKtBrfjXrFOBDhrVuWkyzXwNzJ;SQLLhHT;kVv;ZlaPLihYrBwDDOussWMm;PbaJjULW
490018587;ASS DE GESTION DES MR ST CHARLES;dKResEJvmaxDeLNxSkxxQuWmbXqhiy;WhnhAzl;Wur;bqEzMVHUdURqoBEzydyc;eAiYvVlb
840009856;EURL PHARMACIE SAINT ROCH - FEBRIER;OKRVqEjQlsGaJDXLiBDlYMhSeqwVHk;NONnQFt;fDk;BjSqHpdNIPZpVpqSuGLP;HXGFMtKJ
670000702;ASS DISPENS PROTESTANT PAROISSE BARR;wNIIQlllCmDZZQyvDYlBeMRMzfHSXX;LUsegtg;Qal;VQtsHBNGNZoSPLgnWdgH;YwcofSMT
100007921;PHARMACIE BENNETON-MARTINEZ;znAadUsmRxZEDMdOKgRVSfkEVZHDmI;cTkcMLt;VXv;xyIGcMpXVmegQzusZoeY;leZWsnfh
490001245;ASSOCIATION OEUVRES BON CONSEIL;NPhwKUFPHudeoLqyYWGCPzJKhzcdfz;liACYOh;ThT;JPbeZjTFnuDyrUcDurZk;cKgwrOCB
250018512;LES HAUTS D'ANDILLY;IXGcjCNsFIImrPAUrwLVAgFDfUYKWJ;yYbIkQs;eov;rNjpsJMaAsCUgMsmyFaO;HmkZaHAh
340018415;SELARL PAGES;pHzhTguzDjnvPuWgFrPRzjWPdnOLmf;vPfkTXC;BsL;IgibJQIQdAVUjCBkqVsP;GgYWKKCT
880780309;HOPITAL LOCAL DE BUSSANG;PaiYDnhZMddhVRErhzgHLeeicOdOQO;RvfauEY;Kro;xRouvDdDKhrfGfUpmZqt;yxFmMGEm
400006383;AMBULANCES TOCANIER;dwPaolwczZoobxBVaxtUMVfAzReynY;fLzgRoT;zGn;rzfsGmQkLSrmHqASETkQ;bOAPLHZf
920718335;ASS.LOG.FAMILIAL.ANIM.GRDS ENS.;iMwgeuaNnSAHsQwPkrFXeXcTSpyEoB;SmaFKBo;ihv;JjnmxGWqudknIjYoFITy;bKcJCmzE
720002534;SARL PHARMACIE VALERIE CLERAUX;VCAQzEBYmWzZNWmZPBzQkbCCNAAcpw;EUkHThm;syP;ZsNAyWFQhBOxpihQuiKG;YjfEFFhq
890003213;PHARMACIE DE L'ARMANCON;wsEJuLLmjNojdPWTexAezLxtFIKRRR;ZAZhkUT;xxu;TnqUUcXtMWANWHnJflvX;HsZwijsD
940006091;PHARMACIE DANAN;HyGWGLNhSIDfjHBDrDAzNnuInhhRzt;vhhWQel;BHi;GNCoMMMIewbaJWPlLEBj;oSZJFmTV
330004797;SAS CHATEAU BOUCHEREAU;dAVlrKxCLReXfOBcvJsyWoCcCBzNTt;azFGXJS;sbM;GrbkbHlqPFTWtYvxlbIJ;kuWUbLPU
310788716;AGESEP31;CRfTAfaArIrfLyLUKePxJeJfZXOjbY;saoznHU;pQs;IKZOLiDPQXSwKMzmWxgC;WKBpfoNG
440042620;S.A.R.L. LES PAS ENCHANTES;GXAURHciABkyRkpBXaADkgtZAembVd;zgmbFAm;Cag;hqRJAMZgDfDBixRhpfiP;RZWSjkHO
640015251;AUTISME 64 ATGDPA;nnaDGasyoxLmdKUrPPSanpgrnoWOdg;CLOHndV;sPN;wbEfIxWjgeumDlAxldVJ;QTGQHAxV
360002356;PHARMACIE DE L'ABBAYE;JVUHkkCxnAFWtYsqYbrrHHWfiDqGIK;tLAaVjq;EtR;YhXoJOpjtuPTgpHggVms;ulDHpcjB
630011278;GCS IFSI AUVERGNE;TPNhPFUhLajOjAYXBUydSqacOqjQbd;YCTiNbU;kBK;tkAmlCQbvqaEBwwDfQPe;ChVPOcYH
340010131;PHARMACIE MOULS;jugESHOlioaRnxppleRtUzRvEKsENT;eWAqmGv;diZ;XmXdEwcWSeJQMJoJMIdJ;xjMoJXAn
970114328;RIVIADOM SERVICES;LybRWCNXpoNDCnaQMltHXzUSmCoTQJ;iZZfcTo;JfU;RzJWWrTYxactmjZETaBm;qtGYcTMW
800001547;AMIENS SANTÉ;sVnFoXnvNpeOIAphTbanoMgKryfFLa;zWUWDSi;kkw;UCzJRVZeWNIBNcoPqTLz;xLXuLiTX
830006623;PHARMACIE CHAILLOT;yovVPbElDmdVErfSqJYCInojZykqcF;DxFDznc;hlC;jIdjUUUdWUAHwbcusFpV;eFAPdKlb
910011998;PHARMACIE THOMELIN;rkqZROLrPyOCMKXotdqQyqQToLrWxx;DGQMADx;fVP;jQTuZMkQWLelkeEupzfS;YcKBXXHZ
880002415;PHARMACIE GRIMAUD - BODIER;NkUgxeeBqDAlitgvyeIMtueIyEWMVv;yYweBDZ;MEX;uLEJusYGjaJQsUTtEZdq;SPzWGpkJ
450017215;ADMR;NivQHUqZFWNTcVKbQscuyneuiNPhzd;GXkVBVH;TxQ;PgOMBoakXFWBwuDiTeOh;VaRiapaz
300000247;ASVMT;xxnWANPSQAAdijPxQaEFJTdmlIwgRB;hnjyILB;wGk;lMhWkEHwrwchWniGsBmN;grTxwBlW
150001998;SAS C NET 15;mAozqVZDgYDRgnHZOZwcPZlYskHyGQ;GlVUwYp;sIl;VeRourRlzviesAXDybPq;jBCmhquR
710013442;CERBALLIANCE BOURGOGNE;oCxSrMsBJHFtkuuKWvlZGExalgYVLV;oEdlhqM;jWu;kHsilaKdbXJNFoTInmEk;RcxjUKmc
480782481;ASSOC DE GESTION ETAB THERMAL;HqQFKreDlFrjYhiDVsshBRdRSwJJWo;TXFkDKV;BIM;nUrdeSzbDUmfSKwJcbGB;aXbpObgL
750062168;SISA FONTARABIE;JBGWacLBLFpuXzIXDcZfSOVWKAwdwG;rvzGRIb;BmF;gSobTkEfnJMRMkzrsWMk;jpKEYYqO
640012332;SEL DE PHARMACIEN D'OFFICINE -;RTwkmBQzmpHBARPCevULyoeJXuSWht;hjzgmPD;FpH;frUviIemKJXDmUHmTSlv;NNpzlbdi
060000676;S.A.S. MIRASOL;uXtlYhRibzcCHEhAHsBCqrDpoSdGcZ;yJuvDeT;ysR;MqMRACMWnXDwlWMmQKBL;uqbEEZMM
620019091;SCM BEVETEAU;IySRSqdlNJTztrBmAOIWBcDNCZDNOS;FUrKWLA;OAO;SZZPDocTxAwOZnzKGXEE;qpbCSfCR
660785692;CCAS SAINT PAUL DE FENOUILLET;xkIVTmCFewjUEOHtZkUEeSgEegxkNk;ePHrmck;Gva;kglJlgWXiAhxOmoDRlvv;IKUjFNOz
140014481;PHARMACIE TOPIEU - EDOUA KACOU;wAenicxfQdYeckjCTCzWADQGorRCOY;QTaNnyS;jhi;IUgYLjkOdcgauIQtwUGp;qjTCmOMP
130039514;SELAS LBM BRUNY MENARD CANOVA MATTON P;XyFODBFHKDzIvnmeeCjuKaQfmrDWUG;cSDtOmU;InK;nlIZTJscQdpxyIrNpddB;wsRiDHWi
870008968;ETAB PUBLIC DEPARTEMENTAL BUJALEUF;VqwkGcmLJKeNsTcYwLyIhFVcbEvIHu;juoOcYI;rSc;eExjCsYMXlxqtgmBHIxr;MRmjPiCu
750003022;ASSOCIATION PIERRE OLIVAINT;XKtyzdfutXyGlmrpnOfTLLMwpEpeKs;HWBoPws;kCp;GvHAcygyTYeLIbTTvvhv;OxlhdNkM
100002872;PHARMACIE CAEL-DEROUET;uWcSkQydFozqYhwlLSbdjIWDbQMDeG;LnUtMMa;nSC;SuNTGbTcmaGPKnNrYnxe;gEyCuAGX
690018296;PHARMACIE BINET-JOZANCY;FlVoYFvviRTrGoVqSUescCxYFVZrfq;auBLCPE;tKQ;ObifmFIdVqkcCvJpEyEA;xjeAFzYl
720017961;AMBULANCES PARCEENNES;dTXrEfyytEVUyBVutAQKQVAevPgoRe;ahlwsBo;yYn;OCZmVjvKKNyBDGCfoFUf;yLXPYNBg
190004747;ASSOCIATION DE FAUGERAS;nzTutfrYgaUYrqXzdamyUflCgYMHGB;djCDhHM;dRN;pJkIjXWqfKEdBlUGpmFH;aPhQdbUN
010000305;SARL LA ROCHETTE;zSwVpbzGUyoqWhTBWTPfhkvLofCfYa;YBTmklB;NGb;JmUwRpMLgsvuiEtLhqgp;jGnFdkAO
130022197;SELARL PHARMACIE LANI HUART;VfFFHikwelAIhaWUpVpuxPCUdtpcpI;NqUvewq;oot;LEWoSRwasSgsdxkjIiHc;fdxVyXMY
170020226;S.A.R.L. RESIDENCE LE COLOMBIER;zvBtVefSPAhlIxlACdgMgVCPHXofyc;JWfeyPR;DtU;ZLdOYhlNCNnSbRnJmfed;nNIbanoc
770000545;EHPAD MATHURIN FOUQUET;okwgRVGOazYOTNzVQomtRBngGhZxYB;dvNJXNo;Hfz;XANcUilQaoTFQFIGcZbC;CpfukOSN
310002217;A M I S;iiGguWXwfAyrVqawLLFJPuOFigUgEr;WHZzrWl;DeN;xYUbIRuyllBywJGkQVrs;AsIRYcYq
630007227;PHARMACIE DES LAVANDIERES;HpLYjjUmzOHacaFgbHmianYbdHcspG;dZITIRY;UDk;nPGNPCysviIFJzsnmkQe;zNwXFyxW
910022714;SARL EVAD'A DOMICILE;WXgOGQMQJdRTTQbgfzlFtbFelOrAcL;TIRsrQH;xpO;DsJsuQnoKitexOLCyywj;rpuWAMsC
310795877;ACCUEIL FAMILIAL PERSONNE AGEE;OFZPKAvIJRJtFObiBHuMEksaHiqygP;BuIfXzE;nkV;jtTBtAJIgLHrYaybCmYX;UfApjXJI
090783333;CCAS DE PRAT-BONREPAUX;cYrNzPIXaGEHntZvsTwXLWMDZlgjEk;WragJor;WpA;CfvGYPBjiuwqKvIZNdcd;rnYofZme
980500938;SELAS PHARMACIE DE KAHANI;YYYRXzEYHDmDyUdWrEwYnZUePEZQXL;VpxuaVW;TGs;JudQrctiCiUJyOPMMkAh;tsBCCYIZ
2B0005920;CAISSE PRIMAIRE ASS MALADIE 2B;rSDGlzOuWbApqaIwqLliqnfQpfysgk;ZRHUrEV;hCV;wTfZxSMIsriumKEspoAZ;IBjRRDrv
150001592;PHARMACIE DELORT;eFtuYdVjNkRuHgjKGaawiaoTyFMQhj;SUMeAWj;ZWH;ekhcujqxiyssCLVsDeYp;JLnjfmRj
970407599;MISSION LOCALE NORD;WZubyASdgSRciKLoZGkNcdVvNiiPCb;eFDYujQ;aUk;SQdvmAHcmZJZneqzdZkP;LkkRAcny
340008473;LABORATOIRE ANALYSES CASTERAN;nZSUmIwUOsdgbQYmgVQFpBXSasXCgo;TUFfgmN;MIa;OYKmVZXExUGPFncHRDzI;WvXDJUzI
590005187;MR ET MME COLLET CAMBRAI;gKpFVyEVITrkAhLCRQEqjwVCgCmlgH;yvqmLaY;NlA;fxHVGmeVBSBVCyBbVdah;oBxwqUYx
820005742;PHARMACIE CARENOU;mmkhcWJZeHfMGGheNfawvgLDcPedhk;dlSFfFQ;Cfu;LRDPcZefAuKGIZNnJIGe;xTlyLDAF
340009794;PHARMACIE ORZALESI-TISSIE;FwyMspcZOIZVfbWeeBmkdrvaerHHxl;kmsNBYX;WVR;TeIpqPaUddOIsGKAzaLV;bGSayhcW
430003665;ATELIER DU RESERVOIR;IwWeLjrBLDiicXWLafnYSDWNMNhRZe;WPjYlVj;GPz;CopncNYsvdbTNHHDMBgV;XxYmPzcq
470010265;PHARMACIE BOUGUES-ACHE;ImUTKRSzaZIHOnbYjvwgauZXUgCCZM;HXqJvPJ;aAf;XabTpJStKpgDRoqhIJKl;QDOjPPsG
760030734;GIE SCANNER DE MAROMME;ovgfMnhXrgeDTFFfeJJRwfMLIkVzTa;ZGQpUEp;StN;CycWItEYcwedrgkrCRWc;bWvunqqu
160000618;"ASSOC ""FJT ISABELLE TAILLEFER""";vGKlvrFcurmqUbEHXCHbgMqkotjGqU;thpXjoi;Pgn;KbqwUlgJzxsDeXNQAzDM;ESjZjNQl
590001574;ASSOC FAM DU SECTEUR RURAL;aAKutjuzwukdDUFsQcYQvyLnmjowhe;ZYGeYZJ;ntK;vUPQzINqnqGXOIrriehB;lWUZsZxd
970100673;SELAS BEAUBRUN ET CASALAN;SpHaZoXqHYcnFGHCwNWUlRkdWZzZeL;JyfNvYH;Zes;bMpdExswbKXkwjLwhpyX;rsDHcPYK
780008223;PHARMACIE BOUCHARD;HSNNlUajjAZZpXNwiyzKyqqFzduVrn;ZKnJRSw;TEE;jmGEBzDiaTgvsSUqbWBa;FHDebKDM
350037206;AUFFRET M. / DALZON C.;EyKYiCIemWGIJdmSkbEqwAmTFxMUgI;DNJCUZf;wYW;spvafSVtaQLIcNpkUjWm;qqhULGRO
330033879;HANDICAPVIE 33;rglfFGzSTlGxqaOUFWvrwIZGkFxcVD;TXRXqhz;ZTv;TBpFdGpBKuKdfiXlzDtD;qnSiLAvo
570009373;SYNDICAT DU CADRE DE VIE;kxIirqPzFhVAzEjUHXvnkDcqFIIMgn;ClwNaUX;Xep;uYkGhnbSOaXgMvSwqCBH;BovTfgYx
680007085;ELIXIR PHARM;cgeSUWvcYnYNOmyXsUmcPIHJdXwYRM;KFFoXaw;NJs;nOzVOOdCGiytBprxAlFM;gRVDOTio
850011792;PHARMACIE LOCTEAU-OUVRARD;BlsNsxjTavuFBvosUJMgxZiNkDkxVC;uZukhpk;KLM;XjVSGcIxEueJvxzzMbZR;GaGHeqji
970100913;ASSOCIATION LE SOLEIL LEVANT;dgcfXkvHEdWUBVUGpvsPhLNOgDLRmE;xnoJSJt;ttI;rxnyYiUlrDVJUyBbOZGo;qTmThkfA
430003632;ASSOCIATION ADMR;KYPioupyWKZOBQZIOOChFHbaAyNwcF;RObXXcl;lZe;LaPumKhesbUfBgfAGFTm;RvRbGINc
380007195;PHARMACIE BARRUT-GONIN;zosFgLuMuQJACiqrTXdAvUtICYzUuy;CRGAIuk;tSp;FYlhnwiENXJRoSSlvkbl;UxfmEpqf
900005000;C.C.A.S. CHATENOIS;oJHAVcXBaFSLeYMFdjeHlyVNTixPDX;iIELoOg;lji;thqaypgvHrOslDGyZzPQ;xTOpTDiw
920025624;ASSOCIATION HELP ! FAMILLES;uSwnhGTPtiWaJSDzeQzNiRoRFOZeST;rgraiMu;WQW;kXsHBdZhTEklrkyWllHT;lToRoJYq
750721342;MUT.REALISAT.SAN. SOC. COMMUNICATION;zLNJoOsxmLQJwveZIzDcVZuOEUZAdo;bPNxUkG;hXt;mgOuvpBmfAsEikPWLjzP;IpNFbxyX
970101358;PHARMACIE GOMBAULD;czQbpUajBWMCZkGSUeOSRuVpRfMuLi;PVoZeQY;CGS;EJIeljuqJpHVItOzdwDY;yWOcnpwG
370001471;CLUB DE L'AGE TENDRE;hwlIymIkdDrTMxtppBAvnSFDDRxGnL;sMdWpjC;gpc;MPjUYAMJquqTSlhlpCSL;fIiHbmrK
920001187;ASSOCIATION ALGESEM;oRavPiMqgIBGVAQHyYrfyrQNNDPUvn;UAOhvxi;PiQ;QcNKybAzxxGvFniVrBOs;GZyeiVWP
310002977;ASSOC. AIDE DOM. BANLIEUE EST;WteuATdrZopnDeefRYVxOaZaxtydBa;HZjGCCB;JQY;EnPBXNYKGXqesOYZrWNi;yTdijsWF
760004465;COMITE CANTONAL D'AIDE A DOMICILE;czzpBiBkyiCxxLXohDESOYlgpeVujq;ODVcrHS;Wyq;SISLNXEZKiwVZpErypCL;ijPfvljy
270000656;ASSOCIATION L'APEER;FUqlkcyUMidcamEHuCdBQchZsjgXDh;INEyQXM;jeH;xjaRTjGtIpTnkmeccvWT;dSzdOiPH
560008500;CCAS ILE D'HOUAT;BppvNbOHfZyCRwUwNzDVwdWHKrtbXd;wmusrmO;CwS;BOKAWfzPnWIByfCUQAhk;ubNmYxPk
690802715;ACPPA;lmfVmKmvseKKSXtSTyXLFqVSrEghou;XeXQWlb;muK;itibOtOFbmtqwbqBMYsx;mVBQsksf
480003318;ADMR LA VALLEE LONGUE;gCLNvwoYZcneMWMmXSEIzVqdRogzGS;vHUuttn;OvM;gLWkQxsxgDtOxhfgjICt;nqCeutyO
670006675;PHARMACIE DUBUS-UNGERBUHLER;fALAnqAImzqMKEaJjtYiInXNxZctaL;ebCglKC;EdW;sUckEaKMbqkAeuLrhswJ;IoPSQMzZ
330804212;APAPABA;kOPRJMCCFONCrzxqjkhOUXTIJkcTOQ;yGksUfC;kyk;VmdYxeSrquVDXIKYhYcl;FhntmNkV
030008015;POLE DE SANTE D-E-S-V;SMNyXUmyiqbxYovJkkUcyVrwmhNuvq;wIuSWuG;nuc;MFCnszToKSqyhmpRhSsQ;IzWYioRC
610003451;AMBULANCES TAXIS AIGLONS & VALBURGEOIS;yAwRyxMyOtiHezsyPCXBPwFFBTAyKd;LXDcrUK;irZ;xSvPwkPelZEAjtbLkmxD;JoTQnJmW
310013867;PHARMACIE RIVIERE - CUQ;nrlVdxzSsLqphLcgJLsGwlvANzruVD;dzXiUxz;LAT;unISHNXvESFAEptXFRFN;HKrypCnp
390004083;PHARMACIE COLIN;hsMdnKfPtOTOXCIYHJQzavBFMYnCIg;NVPDKAD;iGG;jhLZCNJVHtrwlczNEavG;linZgWak
100009117;SYNDICAT INTERHOSP DE SECTEUR;mPSHsMrYPfWrjnfapVWTFrCrohoROv;WfnFpmh;BsW;SOehRKedkmWQQetpjIAs;GWRsyCJY
570004010;"SELARL""LABORATOIRE SAINT-NICOLAS""";THWlbfpVlPsmaomahyMCMczNzDqTxs;swAVqHM;Wvh;rCVpfSVvwmMSOZmNTGcr;YLkVPMAB
790019855;SARL ADOS D'ART;ZxOtphPfQiBpbBARUaAiCozojGkDmv;kWQvHJD;lwX;VjgtYmQFlEFmZoOqAhmx;xeANnciU
330040486;PHARMACIE CARNEL - HORSEY;OgoibCIlCXLjnRTkUatBaTzvlKFctK;YhAdoJM;cNY;pplsNzrtCGdcgWWuoaHl;LduErWUU
950035998;JMJU SERVICES;uOUEbbIDdZnmGAotiqVYXrFWKkDuyU;pmOXGyQ;dBG;yNMzpNVeuxBxebkOcJUQ;yHOQbFyl
640007704;SELAS PHARMACIE VANPOUCKE;WdiMxKBpeKTlWBuNmsAjBgKgZQwNoG;qtDkdYk;STm;aWlCUkcDfIhwAiSyRhZo;ebXWbSWy
220001598;EMERAUDE ID;wwgZAUeKpEykoFieoASoodXuzBuxpS;RqWqeTL;Lnk;JbrgJTvqntTMcyqEBpji;LxBWGrUz
730009792;ASSOCIATION NICOLAS ET CAPUCINE;yrPhzjzZqSrNumJwAzRkaoIjXukaYw;IaVrJwe;niY;oDFusXHGrXHluqQwMmDN;KRUUlsPj
560008161;CCAS LE FAOUET;ULEErLQftKStGCzMrvmpdKPvUHFGES;hdBZFIS;UtS;mAQqpbPJhbhltjHijMPY;kRJyDMjb
950027631;COMMUNE DE SARCELLES;vCShuDYRZUFmmUjXquWZsFlZzpYhDb;SZHyZxa;Ncm;pkzUYozbrbbZxqFICeQE;keyeujpg
830009841;SNC LORDET EYRAUD;qsCxUUCRuQtiVhRStuiEVZgPjzKenM;kcsUdWO;Tey;sKiziOstGDRLABlbBwnW;lAZvoAZy
950025288;COMMUNE DE PARMAIN;kppGwdJapJQUSqrmjQDAsTApSBXTTA;nFlyakj;KTV;DthBLcLyGtkfgUZtDmLV;BkThkkLS
350012589;C.C.A.S.;BHkjAryQwtGhqbHTQfWHwcQMaptQKw;PKtvlyS;RFz;GIfjURFGcCdEnvVKVBEa;TPmXqOZE
470011495;CABINET DU DOCTEUR CABANEL;CveQMjznhxoqaZSyeduXXophFDHaxM;cxtCvNb;gPK;UrmQuiJEKRNTkrEUgkfJ;lZWmiVwj
130018948;ASSOCIATION SARA LOGISOL;EoyHZRaESnfFefrFzCdRxsLjLgkvOa;oTKGhEe;vLT;IJJRIuvMkyqNiaUzvjli;zhZlJJQu
220021398;GCS VAL DE GOUET;cQjuqNduzSagwCPimpjJVcZKoySRuM;abyGWRz;Brr;TdfkuwRpvWSQseCCWTgZ;YUQkacPR
950036574;DC LES 3 FONTAINES;mnUHepdMNDysSfsQyYDuxilmsLUxOC;ndmVHMd;qfu;EPpuWPDKRiDpasglKjSi;znLzrQrb
130032592;M. FINH SRISOURAJ;YsHVbrLsevyTQfEtIEuTPswXFeSYGe;kiTETdP;Bkt;WGNREathyWycgiQzhSfn;OqDXSpza
630005213;PHARMACIE BLONDONNET - GRANGE;UkViftuwpLGTRpSbuRnPnbudDPkxah;NVbIhlL;LXm;fFHQfzrOtVhYvsCHUWcT;YrmVYDIy
730780558;CH MICHEL DUBETTIER;QqKtuzoekubnaGBVWqBNRlxKnimvvp;oECrROe;GiD;kPJnjXxfiSBoHxDxCQBC;qZbivxdF
930004312;PHARMACIE ALEXIS;SqKdrsrInuAOuEtBYmMgpRkDEousFK;QLCzMli;EeX;yexsWHNiDeUaBZgrVOdg;zuFmtaCQ
750020307;PHARMACIE COHEN-UNGLIK;CnqDUtlejrCIyWKqcYwtptDVzcgDCy;NIqpglq;dKt;TxYTuXcOEANGzSFYQwLS;rBYsvbnw
350003075;AMBULANCE BOURSIER FRANCOISE;RWZYrxKKzByZOztNFlKAPUWccemULI;sYmCWyf;jHS;gQCvAVvJDofIawlcLeqL;RGOjXoSL
830021309;GIE IRM 83 SITE CHITS STE MUSSE;ojPbgWdHhQHfAfEnBsrYKNTAmbUOdB;lddYPrt;EhM;xIfICjzgRktTZnVNmbuE;UaruhHSB
830003687;LA LIGUE DES PARENTS DU VAR;rHNhbOXpPqTHpNNyMVhCavIjjKdgJr;hjEIAQL;xeD;kmJRmoYAifiqVVwhgogL;NgVoRsCb
700004989;SISA BERNARD FORESTIER;qKUQfOcNTxFKhLvcKdNUABajAdcqMV;WbYJRuH;bCC;WHzJIOSBsMgAiqQBqkXv;TONcGuJg
060007424;LABORATOIRE SAADAT;IiqEjYqsaefOhpCAwjwGjqVMEDusxH;spUVCJa;RRh;RVKdHLrVglZioZODIFPU;LSOMTFwc
440048189;ASSO FJT PAYS D'ANCENIS;wgNQdQhWaKFadfZzxgPdxfFOQTKbnZ;yZrONxr;udE;pDQttRHBprGBpsJCyWuQ;BiEoqJkP
130019946;SCP CHERIMBAUD KOUBI;qYkudGttyKnNQlvZRQSuKvlzxTrAqd;uTaEODg;bTI;DdxijyhyLhxrdymVMrHe;ebWgWYhb
870009768;ASS. PARENTALE DE BEAUBREUIL;tUiEmKzNzgUViSlkiafYiWMBErlMdz;nrogFus;hhP;zxjxMepcwsvZSVzFyTXq;rcKTkvwa
590037685;ASSO LE 8EME JOUR;FsLZfBPfqyXsLxrdRiHbUFEaYdvcQZ;KXBeQks;SGz;eeIgbryjHMBMaAoxKkHR;VTmhrZju
290006030;PHARMACIE LE MAT;HVinopLqrwVuzNePaAGaIluMtYFthZ;YBrYeRS;WEX;iEnFcKLmybbyVeAupOcQ;TFOhiGuN
850014192;ASSOC M F R E O;ZkRliUbTSKvwckalaaRVqaXhwYeALT;jTBJujT;okC;MfwDnlFbxTPxlkkwefUA;tAjbNEUW
330004938;ASSOCIATION SOLIDARITE JEUNESSE;EUUwRMFzHhrHTtCfddVQVjdJmgvazj;MCPHwag;dYA;axTUQTtZHyakXWdFXwsT;bnkrypVE
330047283;PHARMACIE DEPOND-DROUILLARD;cxVLpCWlfsHJbHASoklPRMhgFIdmkX;pCgvQBk;Mtp;fWrQZKsDSBtKntOqUQca;XJrONOJA
940001829;G.I.E IMAGERIE MEDICALE DE CRETEIL;WojeNMfqXYGlqWdxDMVnZiqchpDEOB;EpVpmpT;hxA;kmMAdYuQUMaDcQTuVouL;wkObcGAK
600012660;CENTRE DE SANTÉ POLYVALENT ASI;XzNuoycuTPFXNoOLrYEaZPfcZtpDBN;lRsZMyO;ZIm;IRkgcCQnVNhEEETJBhFK;nambcmXS
220019137;ASSOCIATION SUD OUEST COTES D ARMOR;DVojZqFrDfUBSYSPAHFFZbaucKjhnt;jmlZEBN;hqT;OiDGDGZnQlaZPoSPKqYI;HDqtpSAj
910016989;LA COLOMBE;dYgrECbPxwkXoZpcbuEckTSMrzBrEh;ZfdtOIJ;SWB;kFnPUBNybkfTUSZJceIQ;SVTpShqQ
100008366;ASSOCIATION SABINE;xItBAayqVSGWQmqSvfsEUtkcRvzQpG;GPnYVEG;rex;NgYaXbvbYWkjfbxWwqHS;gvalMjIQ
630012417;INFA AUVERGNE;fusvFXBiIrgdzpeLWweqlCeOturFMe;ZKafzqK;qgO;HkvjgMQNeOASCrQfIEGN;xWQfxRSp
350052627;APSM;OKNVoXzMbSDYvsRswiYQAHtaDqKwiX;NdPcdCL;gMu;FUYGWYrUtiilkNoKQuWA;RjtFXQDv
870016938;GCS EPSILIM;tJsvrrxjKlpRNWJmskTlxbNELxjRVK;dTCjkGv;IzA;ZTvxDInXVFxWHXlbeXtA;SorMHdlT
720003334;PHARMACIE KOUASSI;aXPOqoVATYVoJSLUDvUpBomFUVNoeh;DljbJLg;zIC;CTUywrAAyqpPQmQUozBf;HOrelonF
340006592;PHARMACIE REBOUL-CROUZILLAC;EakyGzPRvhUrTjaRYAwyZXIuYUGaUt;mbfTqhd;cci;nHnyFyRTutvYSzUveNUQ;ZQfhXAgt
440050649;ASSOCIATION VILLES VILL'AGES;CAgTkxSfqUoZSnLkjQutbRHQYGrBUi;eUSBAwW;Wid;kZOCatOYDgaCGjypzeAy;OQJNicRS
330044017;MA PHARMACIE BELCIER;ILhLYarhtDqsftXWixmYGptdPVElAX;epEJFJF;PgW;DroJZTYmUyBDVUKtKvyB;bMeXZQFh
840003792;PHARMACIE LAPOUJADE;RPwfFeLVhxeMiIkUSKYLqhrvalSuEd;arHKOov;Yul;mlzElKwujTPVtmpypILL;XAcLIcjO
750035578;SA GENERALE DE SANTE-MEDIPSY;ZIENtwBtVeugxnXnXSSCRQxnCOsLuC;XJTgZfD;RUi;ulyYrBjgBDsOZEeLrxmM;FbtjSwwR
860011105;ASS. DE GESTION DE L'EHPAD;CleaBvsrOAAppftlrfHolXjnGWWXDR;InWaHSQ;Nfj;QGDIdmUJwujkhQGoDYlr;dpGYXPJX
620019737;ASSOCIATION PERSONNES AGEES EN MARCHE;LCPXuGpndMVxBeKzTqrUitErUCzFnD;cdMiphb;FJn;VcjLYihVnmfkebgvBPoy;iKMdCIKf
650006018;AGENCE D'AIDE À DOMICILE AAD;EaaEWKPFEtVathmQWcOuzisrtPtRGg;exkuWah;ocC;XlgUtLzIswHRhthwOICj;XTzlAAoC
440028280;AMBULANCES NOBLET SARL;GlSPSvUsVuvvpmbgBOYGuQISmFqcbI;RMfnukC;Yvz;adEGZSXYqlhGChMieHjh;MzqeSWZF
460007297;GBB 46;ZDNxzKgtwmQdwXQUjWUrRgQKXYFRbt;RfsdZaM;wRg;STrMqIZgbKAzCgDnCDVX;duvtKcxY
710007071;PHARMACIE PUIG - LEVEILLE;ssVGVGyJqgsQmrVIRNEWRkVeewkvec;OoAhRXg;jqg;zLMRlNXNOJLkslredQxW;kOjLcOOs
520002510;PHARMACIE BUCHERT;hPzbITWxVsSkenfYERZgPhSrHKFmDh;lazPBcX;yRS;AInjOevVqzoOoUPPrujh;cwrmBmWK
810101139;ASSOCIATION LA RIBAMBELLE;jVjSlCGwtAOLfYGqHTmBBVXyIcqyfz;fEjjvPb;yvd;goKqEBvNPkwPACZkNtvl;mSCMgSbk
780008256;PHARMACIE DES GARENNES;zRWZcKfhZjWILeEZhqakVPSHAoBhUS;BIHMkzh;Jip;GwVXzBPBWAddaoXEgTxb;kUaCBiBU
440022804;MAIRIE D'INDRE;yZyhiyuCqKPoHacVHHAWoxifxGcSGD;HhfTlfX;Sfd;zpUpqjTFTAIHcmexRccc;GFyFSNOY
420015463;POLYPRAT 2017;sGkGtmgzPqYQAISgqRUzXBxkuSDtQe;YIPNOqx;Gwq;MDYDdsLYIcleXrGuJRJb;NlUAvwln
330061425;T.O SANTE;eXGBnlFlLKuEZBFFKoBLEkjDvIESHf;oWhbTwB;qwV;qkKcddUpTTcyfwuLWrmr;ezKEnZOx
970212031;A PROPOS DE SOI;pHAzjCOgcVNuLzFIhefXieNDKImJao;fvRCLEl;XQs;LwWFpQAJythTxeIFpnTT;SHOcNCcG
340789445;ASSOCIATION RELAIS SOLEIL;eofBCxkTtfgteFNWFQxfihAXYXYKWE;fXiSMNO;DBo;zAGODTDLlQopSAgtBUob;zQdwvXrf
950802975;COMMUNE DE PONTOISE;hsFCZrlxVUJeoxACTkabYNvYLjObeB;dPXVyLq;mKq;moQHAElsafnrGPECEJMn;YmYJyvGu
060003522;SARL LA GORGHETTA;XvPgxWFWUOAAgHrCdAUadcnwUGBHtx;kSBibij;Edx;HLWjyHBAQDvFcLqHOEMk;PZRBNXVp
130000029;ETABLISSEMENT THERMAL DES CAMOINS;luVVRcXiSodyUAZyXrTcrRLiRausEe;DxPOJGe;VJb;gqUfavhEcUoWsGdDncoQ;ywlVVtkM
730011764;PROPHARMACIE MONTAUD JEAN-LOUIS;UxrFNSEjwxiDxSxLlhaITmJdyOSVYF;UaJeVyx;grd;GedVjeayfVxGjQShbTgw;ZdzRxUgZ
570011155;ASS. VACANCES TOURISME FAMILLES;QhYblwTsDtfPOxGuGKWpeGknauOizI;QRXXRvl;buK;nwyUmuGrgrxtEBrafQUF;zibvXhcb
800002909;LABORATOIRE LAMARCK;FIAUVOiDBnKwTeVlijVffRSmgKLWdr;ZFUStCC;Djv;bfoBpiPhjrlGPoNZDpre;cSBOPtOh
700783558;CONGREGATION ND COMPASSION;wYpoBTGJznoHECxJLrakWXuOQvfLAt;TXVyFum;XFk;FwyxGLBTiHxKqFTDLMHE;UpjXpAmf
100000728;SYND INITIATIVE FAMILIALE AUBE;qogbqELcSZKNzFVyChSAhEZaiWSpSd;bXtoxOE;MDg;xjwSmLWtgKvfFieJTRxS;KEmwtRrM
710003005;PHARMACIE CARRERA ROBERT;CrmNXiOKTkIRFCycTZxFrMkvrsnjwW;gZrcPpf;ICv;jAzjOacxmxIUJdQVIiQq;LNollhMa
710976556;C.C.A.S. - MAISON DE RETRAITE -;ZHzPrbNxhZDRNJAoQqkhAYBShgeNAn;KXkuODi;YmO;RtfSovcCSoEHtdmDUAVQ;WXkpWBmf
070005244;SARL AGRIVALS;DQowYnHFDBJJsFbHTClLmmbSdVyWxe;bixxLCy;pyo;pgoQtGEoFCjWwSNRaAff;cKdfcccK
670012194;PHARMACIE FRITZ;yHXNWDBYocPNKiEznYFZwfDnKHCqRu;MPlLZpB;mYi;ydmBQvFzesSiJtsSSibz;dqASwoGm
350003372;AMBULANCES BOSCHEREL GEFFRAY;utIUGXNcIQAFnMWYEiXsMYksfefuUK;MdYxCkT;Gxk;LGpkHBymqfyFUoUkNpCF;brPPLgVt
690022124;PHARMACIE MARSOT - SIGAUD;XgoMocCVOvOmPYrwIhZBNBuckmIdzd;UDykxGB;PAD;FMTilqcfUbxQkRJHrRga;SJjUAoOY
590003612;S.N.C.PAVILLON DU BOIS;qNwFThawSAlqBObJHcMcAyMsnOQlin;THRQdxO;bPT;KuoGacMvmGicMyENtbHP;cVZyNDnU
750032161;PHARMACIE STEINBERG-MORALDI;fLhbaGPfVJuGgfugupNgTEOFUewbWs;xCPrYUn;zCX;UpuBowAOXKtqIDfHDpOL;BDQBbCPe
760009837;ASS EPHETA;MUefQYkmqxXdVvSzcNnOVLbkinxjDn;tKxfELU;pbk;lehHlgBZAdRNHbJwdxKH;wNfHkMBG
620006916;PHARMACIE COHEN - CHEVALON;cKGStyQxCaDMUPDgvuHDmNDDZnsrcL;XqzhBBq;uHv;QuLeMcRFrbbHIXAVYgXE;CtzpueBi
780017836;VILLAR SARL;UxMMxgcJCVGhwjWzwmUyXSAPFfIBXc;uyRoFFK;Uix;xjoBCdawjAuQkHGNmjSR;nABAuWZT
340002658;SELAS BIO 2000;CICbiINglCZnaDTNfbkQAuZkcoizJX;LZPRDyP;Gen;uImEZdrfEYzLmEOuYfqj;cRIfxloZ
890006836;ASS AIDE DOM PERS AGÉES;QTqwbLZxMQChIQQHVcHDrVdWnEzgXJ;FrvTBDJ;blC;qnGIAPerLtiyZRzTbDqZ;gSpttxDb
930009626;PHARMACIE CENTRALE DE MONTFERMEIL;ZSMswtLMTSjSbJXdLUyqbwrMrjnbqj;LOZmViP;VQZ;FYAHlmtLskFbsExARgTg;zaFWTvRa
750018848;LABORATOIRE LABORDE SAINT LAZARE;KlTQFRlTuqvTgViLLaYzTOKFDLRULK;lkPZvAE;ras;bVRwXpoGKmTIzCtJcPHa;HAgHXsPs
070002019;MAIRIE DE LES VANS;DMQhaWfIsnmoBCCZHBFLOpKGooyzvE;jvBAKad;rYf;TfbVrfYHSvbRJhNyIJJj;TbPRmoqx
780007555;PHARMACIE DASSONNEVILLE-STASIAK;iCZFJeuWphOwpVOijrGNAzMegrpnhF;fihNLrf;QgR;qhlcRfQjJIPkuUuaLrbf;czmotuwj
590027215;SELARL PHARMACIE BOULEN GERARD;vDQlvnZZaXRTbDmBJrPgIEmHebvOcS;nvblPcy;kQk;ceytqXVoXjIpQcgsyIAF;FtXAkXNc
230004715;MAISON DE SANTE PLURIPRO DE BOUSSAC;xKmDULhRbjTpjzEwObFMMYmakWjRph;pvgDBMZ;SlQ;tpplTRbIOnDGOhVfUvvx;eqZKrXMD
920027885;SELAS LBM FRIBOURG;IvpWzdqcQBTemOLEgYfbfPOAdDliOn;pPLXRnb;wvs;VoUYNzNJeSyQOrwBwmyt;oSxGRssf
350050712;ASSOCIATION CAUDEHM;rMpoKuQDmJUJtKmneWahclorSSXFGb;EgnWKte;Wek;WknKyjTHZyQjifqPHZQX;smLwMdcH
790002158;PHARMACIE LASSISTE-GENTY -;piscaWOamlFcEGuWGyivTavPzhHZOR;KZXPJBp;BaC;aAPHGcMIuQIXzGEVTMJH;MPWNBBpv
780026266;SARL CHELSY ET COMPAGNIE;ZAODNHwbFhFxMNhNYMVtXAJnafBbvV;SaAtaWK;ilm;ssafdRhLbtkimMnBVWTs;xaAQiHHF
330006149;MME LOQMANE;mVthnCylyKWxoCFcOKkTwOOEeeHgAc;PrbxUVK;vVg;lPjqYpVlZeHKfcpZnjkM;IZAHlQFH
540015062;PHARMACIE SALUZZI;MUKNaujACTKmHKqEZBfaUFRfLQomBh;POVwHRT;MIC;gXgBVgclZuMMNjAwDTdh;JcnESWtL
400786414;C.A.F. DES LANDES;gKrnNxzYsGTeHbKrXDoYMDGmgvywHo;ZnbPOVX;uaw;AmiPUGRLTUKDrSRPtzgr;LUgLukad
660000530;MR PAUL REIG;LRNOCRjfOPhkzMgWODtVcmxIlOoJZO;YYAHwwr;yRX;aZLoaRVBAXeBASPytXVO;HaNZrZoM
790000640;MAISON DE RETRAITE MAUZE/MIGNON;fPGYKNqojOsNlyRYshpAYhjWltPlXW;XzemETI;TKt;EdCFNfLADzUxqUiqvlsx;fHDIiqvW
870011418;M. ET MME BOUT;vxXhrBwqfkuRzibYQYVRaTHyUEuYWU;iUAuSnZ;sMt;eFGlirjLpCgvtxLgwkle;brNDbalk
670015627;SELAS BIO 67 - CUS;xPtNwMfalZuJoLzOCKvikyOcXXvlZC;JHMZash;wZI;SvOhqeuvALiUNKAXqnFx;YkiPmmqL
430000513;MAISON DE RETRAITE;cnVgmjanoVxIDCjsDXSUAahkPEynyO;TevRawD;Thq;ziyEncphTkbnmhMWcQYz;gVqzukOl
540003290;LABO. D'ANALYSES MED. DE KORWIN;WQinuuEcADVXLEkeWcwdyOTABtrsGz;AJbzhPu;viK;TJfXKhQvcdNAEPvxgKcW;EZZvULve
680013497;ASS PROF DE SANTE RIBEAUVILLE ET ENV.;sYwanCDswDuCbBvQcwbgDguOkEgCGu;CUfzlal;bNJ;MtLtfNhHNjrNQjTIvKsb;pQyGRhXC
580000149;FED DES OEUVRES LAIQUES NIEVRE;oQONJNRuesFvfOsKIlCgWyuurNXCPl;aVbkJoH;prJ;pQhFpUUiafsPfZjRPEDY;vhhPFXUK
590011359;PHARMACIE FACQ;RWuAYXahEDrUDYkWdZNIYNDfXuaPzv;XUDXxId;NzT;dbzxJnPpNXZGyOHIEGIn;MnvrbokG
050000553;ASS POUR EDUCATION INADAPTES HANDICAP;HSOMGuJkPWfJiKdOPgyxRiFyoPyqJe;cJWUKpG;MFG;nasiLtokSbkHlJJAWhqX;hfrQqkWm
150000214;ASS.ANIMATION & GESTION MAIS.ENF;mrEsVyKmpkKWnSNsFHVSuMSlHaFqUk;MNMHMPa;FaO;aJoeRPcCLcktqpJQMAqm;YJQwTssn
380006775;PHARMACIE DUBOIS CHABERT-VECCHIATO;vHtnnqskfACrwTwkynBQvcfsrfZROK;xZYRdYU;eYx;BekaaNcKdorwWmJlRJJo;ErKrVpKX
620032938;ADAIR;yRrflxeVxVkhrMwWLNQLNhuMWUenCy;YJxhtRG;wSJ;YNtejoLFTlvikRXbcIth;rBhdLTwR
970201455;PHARMACIE FABIEN-DORION;AzkOgfygFgKSsjmLQKzpslvmuAGSUl;wIiAbDs;czc;grgIBLpfclxgbgIufKdp;FESzwNZC
920018587;PHARMACIE AMSELLEM-JAMESON;JeOmdJhbRvLAcBsOpmPvFhlUeleaeP;MfPjyoX;LrZ;YeDFXSwVJDmVXyqqSymR;funNfkHN
340007475;ASSOCIATION LES FRIPOUNETS;IzGfFfuWLVVoyxaZtFfHhZFwoIsWUv;AqOPjPI;XAm;HRREYlIEMrsrcTsieLiE;FQugqkkZ
470002742;LASSALLE ROBERT;CIPfMDtnWrZNzfTnPXFlfHuGgJSjOZ;GXKcbtE;nwE;vobZUpwdHqAXRbzgRPHI;pEoiULbE
180005670;PHARMACIE PASDELOUP;oZuDiaJBYxQTEfDZOhyfxVkSpckhrA;VsHtREw;ohW;vmgtATjMJyDObGEOeKJo;qlhKeQTN
750033375;MME NGUYEN MARIE;BtcJTlJysyykeYAhYetJFKMyuzOxbQ;RdptjGJ;Pmb;IILIhVYAqDCPvtDabKLv;GIpuJsNu
330030248;GCS POLE DE SANTE D'ARCACHON;IPmBwciHERPbOjAAGUUdNttdSWzlUK;BMfGUcX;DfK;KrWXJJAtzFfAlaEwmBTc;DLFWWKAX
310021399;KORIAN LES TROIS TOURS;RcrUTNbtWnHXNTCtzOkfsWrhsgMVSu;naEpZVL;LGH;vhXiKLdgDRyljCNJvZzf;zChKmJPS
970102539;PHARMACIE CHONKEL;dYPuPKcqSniXUnVNynMvQpxamUymOb;xrEzAGb;AqR;TcdjItUqtgnKqERcOxOE;GZRVXOoO
030005185;PHARMACIE MAGNOL;tpPSyNOxFNelDKRguSKiYFGHrBrYDc;rKBxkca;wJv;osYSHZJAxVdoFVujJeSU;WGQMJeqZ
970200986;PHARMACIE FONTEAU;UwZiTjFNIBcoPlgqYahBHFQnIkCmDJ;VIocCbP;LdJ;svhPDiqiCAfqWDcUpaUt;QFgaNnbU
440024834;AMBULANCES DE LA BAIE;haOVKhRPIwTRfzJrrHaXdrvattvYTt;gqENExs;Gle;eHifOlGHVdyWgUPziYkC;YCUROrlL
750040958;SARL VILLA FOCH;EfRkaXhZfhMedEBDhYALgwrgvhfHSg;hqsdvGh;wnH;jJOchTjMMeibMMDoyEfu;YYzwhDvr
930005244;PHARMACIE LECOULES-SOULIES;XXXtyRIeGcERGyNUxHcUBfRcIdHqhB;ZTofyQS;bHe;NJVewCTZyuTZBtarAebv;QLlxSKsD
940026107;SISA MSP D'IVRY SUR SEINE;bzGKXZqXfCTstPGRVmtnLArSjKcofZ;ocUZyvw;xON;jEyBySmaCITwOJsbLFAS;MEFyvtBh
760017731;PHARMACIE FIRMIN-LE BODO;qhyadIfEPLkqeGGlDwPoyqoJtgrBXv;YgEsHpO;uDQ;GHNgjCBRDWTscejMfGCR;YdZUzjyg
630005775;PHARMACIE GUYOT;WrdlMeLboMpjPaCBFZAFyFIAuyyhfj;IjdCoAg;gii;JRgZGyQVtsuoLWTBBgKr;bcgXioIH
840006241;SELARL PHARMACIE DE LA COURONNE;PctutNjLxGKtgZjjrLXwoFiezgblQX;bxxBcni;Jyr;kwokQqJIkasDsMrotKqu;ZCBTldMb
210004297;PHARMACIE DES ROCHES D'OR;VkFqFfxNWdruFyamMPqyhmYOYeqvZS;XAuPQWx;uGC;RzWuiEGMVCDXgvRAlpiw;yRsSsREC
610001950;PHARMACIE BEAUSSIER;wYsBaOOlNUijrNmDoTbnrrQIZnUJuB;pMIoTXi;jUv;mSqidUCezJggwPcxIGDd;gEYftiuG
590047247;ASSOCIATION PREMIERS PAS;JixBbjurGoYpZECYuFSVrvCRukoGbF;UZkcqOx;Dpx;hOaVbrbIvOdOTvIPBvPt;XwbjpLVJ
170000723;CENTRE SAINT MICHEL;kbWweWrvnaEgfrQhJeIDaLXgQJPOTp;ePVRQXn;Brc;JrlKupijhNnzxMbWGreh;SNlsfnEU
470014499;CATHERINE BERTHO;bOCeiQulIBxnXfGmfIUqAPpVBxLEjv;cIPFiHd;GgP;eNoGrZIuNWLKeThOWXwe;yAullHkF
840000038;EHPAD DE BOLLENE;TxpFEVHsDYAdAjoxuONJiqOaKpczRu;IVdfncC;VYY;pGrcoxhcAvVTexaiNqTs;CNcLcmPu
340007061;CCAS SAINT GEORGES D'ORQUES;DKoAubiksMNKAjVhPIJuSHllegOzIo;cULISJg;MbV;rTuzylElbEknOKoucHdM;JRpeTgMi
780007373;PHARMACIE GABRIEL - HUMEAU;ZdUnpMTFWsrgerPvEsAEZOfOLZLCqM;VOFNhDy;PAh;HGzFKYvDGLVSHLtGtmGY;uTOUYWtJ
790001879;PHARMACIE BARGUE-LEGUILLON;GbjYmEnJQtDvuIUUxFgVgmrEvftXHD;PiMquJD;BwD;HEEJngEyXZpbSqCXJeNV;aynSuSTW
600010870;CTRE FORMATION PROFESSIONNELLE RURAL;MEWBPlXaiOwKJCEefkjKOwMnqmksHN;UrZLkEN;yaZ;XPFSoHuYVUTmNJyPyrIH;OIyvJAcj
440033389;ARTA;eNRPQIQaUfhYbixLGEsOAnzXemdCaZ;gkiVhPO;jBP;jSJYygNUfnIgGffXPJzw;QTGFczZY
970305207;SELARL PHARMACIE DE L'OUEST;KIfCrbMYZpSsVLiMybuHNJnhUULbFK;kLMZcIy;Nfm;OKCmcMroOSHasExYepcR;atkqjaWJ
600007009;PHARMACIE BALLIGNY;tFGZpvIojmMhoCFpfXAENHuxkPyQHs;bfJOjdh;qKS;lDBGbDLZQyuMQkMZTMUB;bxNNJcUa
950045054;SISA MSP DE PERSAN;zFZffCXkGxujKpApTdChiSjRnTvXPg;VDUAayS;iMN;NnKHVnCpKpTrSwiehdOj;DtAtBjHH
370006520;PHARMACIE FOURNIE;KZILEbmOUspfhGYtrcRkLjrwZPNHRx;BLMVkeK;Yaj;PWpCGCAKnlxUhRaZoacy;CtsZaaSo
940008394;PHARMACIE PAGNEUX - KIEFFER;JZVOllJbQhakTQsGEbENBtLTivbFjv;yAflZBW;wtG;wuzcIoKnmoQqLKGseizS;jIpImxmb
870009511;LABORATOIRE CHAGNAUD;rNgziyEHMSWqmQzeAhjACylBMofoll;fhuVgFu;rqS;xDptfywEoXNsBMsZCtDZ;mxviarIQ
560021222;PHARMACIE CARRET;ZJynZFOAYlsATshDbYhpyiSDCxtJxN;wPwOGtT;jDR;erIWhLCZgyVagRUHMwca;ylKYZZOd
130050156;PARTAGE ET TRAVAIL SERVICES;SYCJzJmnwCqCFEupbxxuIKtOPbCgKD;MoutUVX;COE;UBtZkQQfFvicjNIJNhkN;KsBElPum
560015984;PHARMACIE DUBUT;yIDOrMcQysEhjhdXpVOYrZpqHxVWVS;hNyZCbg;QFg;fJdyDocXVLMXjlBtstbB;VFeuhXQI
750034563;PHARMACIE PARIS;qkRuMNGNSiGjcdLqJlNwRCKYKJfAoj;XHrBBkQ;ulB;cgdhmsZenELgVFOJxRAP;SujrnkHe
330794595;C.C.A.S. GRIGNOLS;arlOpCpVAOjSIvBZklLdsZoUZsnVDU;RoZadGE;uQg;UbDaywbXUdiiaxWFkfUi;lVbeVhhr
460005945;LOT AIDE A DOMICILE;lzNiIlsaefpjvutDQKGZwAKsnoiBXu;mEZajqb;dyh;HcXkdsgLQRIuCfsIoEqZ;HmUHWcxz
220001929;"""AMBULANCES BON SECOURS""";PvgtEulgkQFgJaUXUCmEMDvcWyTpnl;sdgSbBs;XuS;MIOvDYiXNsnrhktVYJRg;AbJYTXiy
400000469;MAISON DE RETRAITE DE ROQUEFORT;IAMzMAPhakXMXMtlBxvRWUvXZHlmbE;ehKMudU;lqR;wsozejCqNuoMUSzcBsZB;saNveDXx
330051632;PHARMACIE QUILICHINI;IeivoheXoqornZRwDEudlCVYunhbAe;VaaaqtZ;bzR;qZHWoBaXwabUyhAsBmEK;zPANKNwp
350037875;SCM TRAN / NOZAIS;qGFPkFtbdgWnffNDXCJqGNxgfWtenH;OavqMZq;yXg;sAAnblYBqztjnebDnTpb;tNXkmgVF
170001176;S.A.R.L. LE REPOS;vNVuFwyHfijBKcpmGqpiKmdBoQWjWl;dPowcmV;Sim;lWctTQtXrGaeoJZPamId;haDKDfpx
760027672;SASU VILLA SAINT NICOLAS;FjLomGHnDgyAfbSPKSsowPkIyeNSKl;SEgxSAG;xHI;JPiDgvBfVvdDZtBBiFdF;xzduKEKo
100003300;LA SOCIÉTÉ MUTUELLE;yAanrJTDANhklzNFAOoobKHeUVybif;WyjPQtD;ToY;bOONqjCmxKwgUNcSVXrI;OJQuwUUT
300014958;SARL AMBULANCES DE LA CIGALE;NkkzaVkTZanYWkXtoTrqEQaUFvEyOv;mddcXUs;Juc;OzCIKquIzgjOMLopGnqI;pWphhSyE
920001773;C.O.M.E.R.F.A.;jIodQlHJSZhLywlPrxeMsxJgHiPDsr;bTpsSbq;Buo;JYBSmrKNaqaODELqRFCo;nIxOtICg
