ETA_NUM;RHA_NUM;RHS_NUM;RHA_VER;CSARR_COD;APP_SUP;MOD_LIEU;MOD_PAT_1;MOD_PAT_2;TYP_INTERV;CLAS_NBR_PAT_PS;NBR_CSARR;COMP_SEM;ENT_DAT_DEL_UM;NBR_PAT_INTERV;NBR_INTERV;EXT_DOC
400015020;oQyGCad;fqR;StR;AZQ+164;mkQ;hb;Tx;XR;jv;503;384;a;768;24;228;Cw
400780268;xEALOVb;mQC;vHG;ZDM+144;RxJ;Uy;RN;vV;uG;401;799;t;955;222;852;se
330029968;UziApcu;AyS;QAq;QCE+001;ZHN;eG;Ax;rv;SF;309;775;l;325;215;955;Vj
730012382;tRyupmH;NDq;TTn;HSQ+197;DOw;KX;nm;GL;GU;443;104;W;566;410;468;lu
730009065;lQNaYzD;YPb;aya;HSQ+158;JXa;zp;JO;vc;MM;314;509;l;514;273;599;yW
340001098;SNbCaYm;gig;YIf;ZZQ+286;qIM;kI;am;UU;Zi;567;543;Y;909;125;767;ml
860790179;qZDgRdF;SWa;aoZ;GLJ+255;OFR;Yy;uJ;Yr;hG;862;175;p;76;737;46;jh
370000614;RtrnYgW;TbN;rbB;BLR+257;gdV;ty;Vx;Go;nw;267;312;H;533;471;166;pf
680022415;kJPJINT;wWL;kbl;ALT+236;Mve;ip;Rw;ED;Az;831;633;k;989;133;468;MZ
010002574;POTDqIF;DCS;doA;PEQ+064;trX;xE;XY;lG;Nb;287;770;L;651;225;232;aq
380001230;RIOTiBQ;NpY;Jii;PZL+208;wZI;tU;mN;Xo;OG;178;754;l;397;116;313;NQ
500000757;xfEaDxB;bAn;QQE;PEE+175;yub;kK;mq;aT;aU;34;948;Z;375;45;465;ZY
670794726;SlMvPby;UAh;dHB;ZZM+058;hmu;cO;zt;Jj;Bm;140;891;j;907;787;551;zv
440011096;lmWuMjm;DEB;IoP;ZZM+051;aIj;fw;qw;xc;iA;631;714;y;782;545;162;aQ
340009596;dgNnGqU;lYB;xXc;ZFM+298;naK;it;Dn;FT;qB;157;572;O;96;196;925;Re
490539160;zuQQSMn;ALe;LPQ;ANQ+111;wBP;pw;gT;wC;vY;171;341;w;43;661;189;qu
590009791;QiTbpPZ;txQ;Pjh;ALQ+114;Ibd;Hz;qi;MN;FY;669;639;i;653;883;99;KK
970430906;PALediM;UXu;ALT;DKQ+008;tNc;Dg;cD;Ss;Rd;150;180;s;629;612;389;vD
380018069;NtjWBqy;sKj;cYb;GKQ+197;lHe;We;Li;jP;SD;806;417;O;53;579;95;VU
590798211;IxWBqWw;CAx;rRq;ZZR+079;uqe;vi;pY;GT;vJ;647;526;o;751;280;164;RD
630002038;VummbXc;SpP;xgo;PCR+125;uxX;lD;Gx;ON;dL;296;653;r;253;324;806;CZ
500017520;BwNmiGj;ONA;vSs;ZGQ+294;NDE;lZ;vt;iT;Sc;535;248;P;517;933;858;Lp
390001246;ZlSGCMv;Iry;QmR;BLR+107;fdY;Lf;qI;bi;tn;775;226;z;888;563;995;vL
300003506;Vbzsblz;MVv;vtB;ANR+089;nRi;yD;wB;UC;nX;976;904;B;730;709;324;Xr
670002948;NZykzar;smw;zgj;QDE+094;nHq;DP;UK;la;Zv;158;867;b;136;765;978;Yc
290028141;ddBBxjZ;vdd;HLi;CEQ+009;zSe;Jz;Uz;OU;JO;701;985;G;891;986;539;iH
330046871;LfOeuZq;VnZ;Wti;ZZM+133;yGq;Nn;Gg;iL;JA;409;995;d;104;902;344;mc
130045164;toFcmTr;LCc;TGc;ZZM+264;zKn;dS;wa;Pa;Hz;249;261;v;468;577;412;SX
290001924;YLRJXLQ;mxt;omV;ZEM+012;tUh;YC;qI;hk;my;430;325;r;197;414;27;rZ
060002169;tqhGTdC;yaR;Nhu;ZDM+290;fMf;rI;nn;CM;Ps;937;877;N;964;396;249;sH
910010719;jBATyBA;lMT;fVK;PEM+132;FFw;KC;LJ;Ks;vZ;146;123;L;25;530;760;or
250012358;AMXfrht;jdy;KrJ;ZGQ+015;WqQ;rH;dF;HX;CL;252;245;S;845;673;304;JP
440047389;AFOlCpf;zhk;RJy;GKQ+053;nes;Sr;UP;ow;WQ;346;84;a;236;890;22;du
440011633;ftmkWuq;aMr;GfH;PEE+175;NVH;tr;xK;Bf;Pt;394;109;w;283;57;886;zB
380014316;fxYNlTK;AvV;TYN;GKQ+162;bcg;ZL;kV;XS;sZ;852;289;U;716;495;835;Ca
620012278;PfwmmTQ;mBx;zBt;HSQ+107;CYU;Ru;Cu;eO;io;155;603;W;761;669;412;LS
750022691;UcsSMwI;iCr;zkd;GKQ+102;obX;Gl;Ha;VM;if;925;343;J;90;679;632;UO
130016777;vTtutrn;zXQ;MPg;PCQ+163;OgX;Qr;BT;WE;UZ;648;565;K;815;137;101;nf
610007577;xVxATow;EGN;UuF;ALM+167;Flc;zV;Ks;ef;dQ;997;309;B;580;691;549;JE
300008687;xHLAMpd;qZu;cFS;PEQ+004;UYW;vX;RD;GU;bW;828;512;c;550;274;962;QX
350001780;HYJMoLv;ucX;jaL;LHQ+244;KKu;Of;wg;Kg;Zr;566;815;M;571;573;642;eC
800013716;FjPlrAD;dxi;PWT;PER+223;vFA;NK;Lh;Nc;Gx;293;811;V;33;552;912;EV
760028035;GdkriQa;pfD;giM;ZDM+096;cWG;eh;TD;eY;kp;151;696;c;229;312;655;ns
590055398;GftvRDQ;FdM;fpz;ZGQ+185;sVa;lO;bR;OR;Nb;128;941;s;584;517;308;DW
950024802;lkziWal;PMa;ons;BLR+131;gLe;me;XG;xQ;TV;95;892;H;776;842;652;gr
630005791;gWsZmHP;Qpr;YZs;NKR+177;MGf;xh;CU;lT;sT;321;972;I;326;646;409;WS
940025653;vouJILw;JOC;KGn;LBQ+257;LkL;pL;sn;bF;fP;938;289;I;647;916;27;Kv
630180032;IorzbXD;GyV;EIP;AKQ+219;zNN;Ie;Gb;mJ;RO;918;120;n;862;889;335;zK
150780088;QbDFbiq;BuC;NZr;MKR+023;nux;Lq;Qu;Wx;OL;877;180;K;533;771;970;af
490000163;MBnadmx;xxj;jBZ;ZDM+231;LZI;Eq;Ox;Es;ND;708;356;O;143;696;247;bf
870001161;dAtDmdN;OOO;wBj;PEM+226;qFK;wQ;ST;Tx;GK;905;71;a;365;398;489;WH
380010595;saziDFe;lLV;isv;ALT+097;XOg;oP;HN;vW;lP;701;747;D;674;31;197;gk
290037340;jBPHfGq;ZqM;axo;DKR+247;tXR;kU;xP;OJ;hd;616;262;r;248;196;653;zO
830018008;HfjUWyc;UHY;KRG;ANM+201;yES;KZ;vM;Cu;sV;977;976;U;152;565;526;tG
290008333;JhEmWWN;EIe;wUn;PEM+040;Nec;zw;FI;EV;UE;34;484;N;726;348;704;LB
910011204;hvFPEaO;OPY;Xnn;ZAM+256;kXD;fm;qd;fj;Ab;780;233;X;257;983;445;Gr
770010171;bvKAUOt;Aiy;Kxr;ZEM+079;cWm;Lu;vu;Qm;iq;361;125;n;469;859;28;IZ
850016742;CIhsBjl;bNY;naL;ZDM+117;vsV;QG;fs;ED;As;735;996;e;222;919;9;Pv
160013181;zvSFrRG;uim;avz;ZZR+063;tXR;ZM;mO;Hm;id;916;98;G;791;832;924;JL
370012635;rRRMcWN;wtX;hqD;NKR+130;ZkP;BE;tc;rj;jL;761;691;G;390;125;629;qb
560021735;ZvNeATa;Mqa;uVU;NKQ+222;OQj;zw;sG;qY;Kx;80;170;I;549;910;44;ro
640012035;GELFeqS;Gsp;Cej;ANQ+067;TZB;ob;za;XN;Et;732;729;f;208;120;866;Vy
350052791;eQrshEu;TWe;MxF;GLR+131;cIT;eP;Pz;mj;gf;364;519;q;333;476;683;Kd
350050811;tUljMpT;kLb;FSj;ZEM+269;HXo;QV;oq;vN;wh;935;752;S;993;189;490;Qx
130050172;HBLCIMw;QWs;pgi;ANR+153;tlp;dj;JG;Ub;wy;384;160;D;522;700;619;MX
670005701;YzqxNCq;BoS;IlU;ANR+032;YuA;kM;ZI;yt;mx;563;944;w;976;840;834;CJ
240017434;EEiYiFa;XTZ;uAL;PEQ+059;xRL;MP;Ti;Dh;Cg;510;95;z;680;322;328;GR
170000731;Pekkgre;cAq;icV;ZDM+286;VFI;QW;VM;EU;Nm;322;832;H;424;633;690;Jf
580004513;YjfOatO;chv;YaG;GKQ+139;osp;gd;TS;jf;yt;38;783;s;188;449;477;Yx
010000644;IwDVsKF;EgD;ezZ;GKR+213;AWI;Up;OT;sW;Xn;326;117;c;282;292;64;Pe
550001812;KhpkWxR;CcB;WAx;ANR+270;dVJ;xb;TO;Bq;RA;143;974;m;556;146;858;Gj
780708442;qpbyGKj;DGT;gaD;ZGT+044;jAB;ca;wf;GS;vP;238;851;x;783;897;244;Xj
970201844;aavHVgv;eJW;ZYM;ANM+093;tEY;xx;FY;FN;nR;489;459;V;822;63;54;aJ
290026194;COXlWxb;whz;TqV;HQR+062;TLB;El;ny;bt;uf;506;365;B;29;449;659;JX
410000590;ARntUmf;iCP;Huy;ZZQ+186;sHa;zP;sZ;mr;EK;712;875;O;94;484;868;Iu
330041336;JklYYtA;XaL;CHM;ZDM+119;ygy;to;li;Xv;sn;555;346;R;223;81;461;IS
130026941;kTqDMcm;YRS;NOQ;ZBM+183;YEq;VX;BT;lY;bL;163;985;K;60;639;12;dX
910008762;qZLQkOM;xRh;pjJ;ZDM+013;SJb;EI;nG;hH;jF;966;859;E;635;671;58;Qe
820004513;RcQKxxa;VNi;meQ;ZAM+240;Neh;jK;xp;Bo;Ym;43;167;Y;620;423;751;Tm
380007443;CbEgvyi;VdP;OGJ;ZZM+142;qIK;Uy;zM;Eu;mb;571;317;z;418;368;632;JG
490001351;BeUvUtD;zJk;QRd;AKR+229;ZSW;AU;mx;XY;rR;479;188;o;907;454;602;sT
760027086;TjwwVGA;lUC;ZsF;ZEK+221;SAy;IX;SU;vN;sV;405;293;G;567;624;534;OS
950011999;OGxQKYz;OjO;DaA;ZEM+158;lBu;XR;vX;fY;Sv;757;843;g;427;117;751;Rw
080008790;IRoqMPE;TLo;PGE;ZZQ+192;Ebf;mm;iN;tb;CW;619;83;F;40;432;542;Ug
930021191;xEebkmA;GKN;KYB;ZEM+211;zqS;QC;DR;JP;fX;154;969;L;657;310;262;eE
610001083;uTvSivB;wjK;ZzJ;QZQ+104;zSu;cb;aZ;jD;wY;610;643;V;360;547;696;SN
130041379;Agzaqxv;mgh;IMn;NKQ+021;BOC;DL;sP;EG;Wb;60;13;V;324;393;161;RR
380017285;Ljpwpog;CZB;vcb;HSQ+010;EcP;oq;BF;eZ;PQ;541;752;K;38;876;84;QH
120000955;UXQJuxz;hqn;PsP;GLR+186;Ceb;oO;oX;Jj;Kg;90;154;o;355;305;225;zI
880003314;gxsyJST;oFy;zMF;ZAM+240;Jne;zC;EN;og;Eb;666;856;E;836;255;909;uY
950001594;vVnEtKI;emF;Ojh;APR+014;Mol;fO;ZW;fi;Hx;248;648;V;51;419;869;mA
570029348;OrecXhB;Myt;WeQ;PEQ+004;IlB;qQ;Dh;ba;Wl;261;323;o;385;281;54;cI
690000732;bTSmlRz;dJE;GHR;AGR+102;xUg;AH;TV;tZ;CR;297;283;G;819;685;522;Me
640000683;xUqmGJH;qpY;Pxv;NKQ+222;kGb;sA;ZL;RY;rK;3;371;F;428;380;842;wG
310029186;pqvoGnb;Yfr;YgL;HTQ+046;rDT;mv;Ih;wY;om;104;378;T;101;922;469;OO
060016250;pLezAKw;BYf;mMl;ZDQ+159;yUj;fQ;xb;aB;NP;108;141;b;974;805;828;Jf
350037537;uayDhsF;WPV;rvA;ZZM+080;qwZ;Ta;Ue;YN;Nj;794;811;V;734;625;550;lW
130049372;GVZeqEQ;SMJ;WFV;ZDM+230;IgU;ga;Ac;BW;QL;700;660;d;411;991;686;nv
690004486;XObUEHB;VXQ;CuU;ZAM+153;Dxf;yy;cb;pC;OW;782;148;t;912;54;970;ki
940008840;DHmsAYh;HmE;CRP;ZAM+256;RES;Wt;YG;PK;KK;602;241;a;613;852;626;hr
810001701;IKOHFsp;wyV;HKv;ZGM+105;OcK;Vj;iW;QQ;oN;537;324;B;439;187;765;wY
390006013;BkbceZc;wQN;SBW;ZZQ+200;DAY;wt;gK;qt;Uk;737;637;v;595;186;261;ff
320784044;VyjGsui;VaN;lRv;ZZC+255;HAQ;Xg;gI;vl;FN;636;107;i;67;471;135;WS
940013204;eZGLxCM;Wom;YeW;ZZM+193;AvL;EH;Ox;ia;ji;830;830;Y;111;163;408;Fg
830022893;csMjVYn;wkR;DeO;ZDM+023;TQl;zu;Yz;Wr;EG;463;483;X;735;989;71;Od
280003476;WhlThta;hqI;BMW;PER+285;JDk;Zp;pZ;or;Nn;664;846;X;83;111;499;wT
340007046;MytjEYL;kFd;VFc;PEM+058;hbD;jj;az;ea;yZ;737;349;n;985;583;326;oP
760036954;gTZutvo;ANP;CEW;ZZM+066;jxI;px;La;dB;eu;177;998;Y;620;644;238;uu
860013358;OJARlOV;znB;EcW;ZGR+255;lnX;QQ;LU;Wg;aV;826;435;h;404;752;600;ox
830210480;ezMFzuM;lIH;ItN;ZEM+258;cLU;Fx;rj;om;zo;106;289;W;924;529;152;Yg
840003289;FPlwiKh;XSe;vNv;ZZM+140;cFO;YW;NM;Wq;PW;562;469;H;138;710;892;cm
470010687;qKrCGiA;wbk;TLP;ANR+270;pVf;WT;Wh;JQ;Md;283;519;u;609;115;532;EJ
180003170;QshrBDK;taM;kPS;QZQ+186;ppy;gz;lr;EV;vd;43;152;g;277;811;733;xc
610000499;onWfBLA;ugL;MjI;ZGT+136;yZB;Gr;qA;Mb;NE;481;54;Y;74;636;827;gi
340000637;TIscqIt;OVE;ZUC;ZZM+143;cml;tT;TE;qw;Oi;365;383;w;996;364;667;db
640009973;fICpIGD;dpa;kEe;ALQ+250;Yxa;Kz;YD;aJ;DG;935;409;y;661;339;722;XY
970303376;NAiAGvw;PEo;UiG;ANQ+218;FjA;cf;xK;WN;VJ;176;330;s;692;698;866;xw
950005413;NJyGndJ;CiI;TtN;ALQ+065;tTZ;Al;wr;ec;xD;895;964;N;586;593;88;nG
290021005;coLDZug;yWP;pcY;PEQ+223;AYK;sx;qk;zi;fd;380;336;t;353;602;845;TT
750006082;bYlpQtu;EUx;vkA;ZDQ+159;sxD;oz;rV;PN;Pu;761;936;D;489;776;560;Kn
210985735;rxfOMBb;TGB;gPU;ZDM+230;fNZ;Vs;yI;Vy;WB;193;344;u;144;354;313;Ft
490005907;DNMkdyD;MaL;SWX;APR+014;DKv;dl;YT;AX;Fr;95;330;q;190;225;718;tT
840003263;nzQMTqF;MLS;NUq;ANQ+126;YKF;ho;bd;gT;cm;531;187;a;630;522;184;fV
440018638;sZodHcv;Ypm;JmM;PEM+286;ufa;nD;mF;tA;Rc;483;535;M;644;239;170;Hy
840000988;dCKwxZV;abY;QNx;PZE+057;Qbn;dW;BR;xd;HS;896;310;M;871;290;619;bK
170005524;lSItqqu;dut;xuI;DKQ+008;WNn;nn;Ik;Yf;fT;741;143;G;170;218;310;aK
950023945;HvSjlqo;jsS;uNf;GLR+167;ydn;FV;HY;Hl;uC;282;470;A;271;362;617;eL
680007101;Nkysmly;Knt;qmf;BLQ+018;auD;En;aS;dK;ux;551;353;i;453;902;133;bR
310021332;NyRenYT;hbG;oJc;ZGQ+185;OoS;Uw;Ir;eM;AQ;992;531;G;224;286;859;dC
330028648;fOieidt;VMM;xFd;ALQ+247;nxq;Gp;oR;CJ;zV;736;767;p;261;67;916;Yr
750804403;whofHsg;KWQ;tMD;DKR+200;mOn;wo;Tw;cg;UB;711;570;p;66;710;10;jj
060011004;OFDexOh;qCE;LzV;ZAM+290;cau;uB;RG;DX;ki;124;104;r;394;934;757;rC
130046139;mLEREpV;fhq;VSq;ZAM+221;Ymp;SH;Mm;LZ;bN;348;592;t;625;189;122;BG
970107371;NEpgQEp;BrF;Gbg;PER+043;lFC;Ix;QB;Ka;Iy;995;430;E;836;653;267;vI
950009092;WPUwGkB;pvH;ZcL;HSM+297;pPT;yE;kw;BE;di;379;617;W;811;414;694;Sv
540021425;mbTShpa;CTI;FKo;ZAM+064;QCa;LW;lE;NB;aD;466;654;W;108;512;513;gR
380790618;KZRLAdf;Oak;zCf;PZL+208;dcl;UT;GU;Oi;DO;788;856;H;394;230;282;yo
510010481;YrzRWCP;tkH;aVC;ZZR+227;XbF;kB;ZW;VF;Bk;438;682;y;113;227;251;aO
940002439;TrSklLq;nuv;GKs;NKR+204;Ihi;SK;if;mL;ZZ;401;376;T;485;174;248;VA
940012602;XAeawvy;YIu;sIx;NKR+085;DIS;Fs;dS;jt;Gz;532;188;B;961;561;735;zl
300011954;hoLXeWT;lvY;egO;ZZR+079;qwf;VN;wF;JD;SQ;890;119;I;896;318;168;Rd
950021741;BhNvcRt;fVq;roP;FCJ+164;edT;np;ZF;nL;ty;722;268;A;465;63;304;gE
620112268;phdaitv;AWf;HVv;PCM+253;kzE;Sn;oQ;El;Eq;661;481;b;403;142;243;Vn
330050634;XPiAERE;TOp;PmT;NKR+189;xSW;iN;kc;eg;wM;257;132;U;289;973;459;cg
820000206;hwYqoRM;pIW;gYi;QCE+001;vLT;Gr;WS;KK;Ve;703;836;q;463;445;857;ke
160000956;WERznin;TDN;cgV;PER+118;heG;tf;iM;DJ;Pk;494;560;M;860;175;991;yf
320000508;xETOpvl;EFn;FJw;ZDM+063;qkK;GE;Yh;sY;cj;680;341;J;43;915;709;Lo
210000725;BGbnPBC;YoX;VNw;ANM+093;RJa;Yf;Tx;XQ;gI;142;499;v;188;206;305;Nd
910006618;eLECusR;ACy;qwW;ZGR+044;BpX;hE;Nw;IX;re;969;13;b;764;887;984;UG
350049094;JyBAcBg;Grx;Uur;NKR+130;JuX;ia;Ee;AP;jg;379;447;e;852;52;44;rs
330053794;YaYFjjP;CoL;yyS;ZEM+059;mBv;iv;Dh;IW;zw;695;11;i;426;72;846;aV
850025107;RUBRgTx;mxP;JXq;AKQ+124;dUI;js;eu;Ut;QD;862;886;w;831;697;114;vm
590016945;DgvuEQy;Fmr;MVL;ALQ+065;HFs;TE;wX;MM;xX;591;547;I;289;381;182;CN
010007169;oeNjpWh;KAM;ghx;ZEK+221;ccA;Gx;vR;Wi;qi;31;205;l;342;761;309;tA
330057175;itQvgsA;lIA;vQW;NKR+130;wVY;YN;vj;hr;lr;905;287;s;374;262;526;iK
590007035;qHYjwZv;spT;PZy;ZZE+026;EFU;tb;dn;Fu;eU;723;287;o;532;329;484;mK
400009981;hIsLbXa;TOs;CZs;QAQ+067;kzk;So;hZ;xj;xZ;305;894;X;400;811;639;nN
250020856;wefVgss;BhU;Hha;PEM+241;SEb;NX;em;RS;gq;191;656;A;669;821;690;sf
570017434;Iogyfjt;Hmx;YXk;GLR+167;YSq;Nk;Qa;Gh;Ap;532;753;B;376;443;234;kx
810008243;ZwtEWJA;VIk;YPw;PER+154;qDg;IM;Cz;gP;lT;762;553;A;111;454;834;jn
270018757;aXOJVot;PqS;Khs;ZDK+032;Kcu;Aa;QD;VD;Lv;270;545;n;65;364;801;mq
250007598;jfXlcMV;wpo;EFo;ANR+153;apv;ad;np;kn;fL;400;425;u;723;823;875;eX
590800645;bEVSAga;smW;yIW;ALT+145;JwE;aK;Tp;zq;YZ;542;915;e;766;953;667;Wf
840003990;SEnaVhn;StP;nET;ANQ+105;IrJ;qf;Kc;AJ;Rg;492;308;R;279;691;427;UG
590054961;dqQJgIX;ELz;GmR;LHR+113;KEx;pm;hb;YO;mQ;872;805;p;275;498;94;Jk
590027710;evxpflc;rPp;TdQ;GKQ+054;UWh;dQ;ya;xr;zE;623;191;L;409;876;697;yr
780012100;TidVHoy;kDI;XEg;PEM+155;Ajq;eK;SH;IX;Io;663;201;N;654;822;563;aF
420001075;mdOXvGN;zTq;hjg;ZDM+117;jJo;VS;Ex;po;YG;417;22;v;979;305;691;eF
340013507;kgBnyFk;gnd;Sqo;HTR+037;ESL;KU;TM;xX;uG;341;410;z;905;491;3;Sl
350042438;TVSVNcB;rCp;Yth;ANR+032;zJL;EU;rY;xp;BI;42;79;F;96;180;353;BT
880007786;caqwGkH;LjU;PhE;ZZQ+106;sGu;dJ;vU;hP;OP;482;912;n;729;829;344;Qr
190013110;IRiiAlZ;ODN;igh;ZDM+202;CHx;ZZ;ny;eQ;Fl;927;101;Y;899;653;400;XY
620002402;AjtVKGR;pcl;Lhh;GLR+224;uwk;FW;oN;iC;hQ;703;74;e;476;958;851;yg
730008125;cgQQWLj;zsM;daE;ZFR+213;AYS;ls;iS;pq;zk;389;935;j;465;45;975;lh
790006282;bTdKEZQ;ySf;oeN;ZBM+212;XqE;qL;rY;ek;TF;703;199;t;554;876;541;SW
040004772;TgKylEP;uJJ;Sus;HTQ+046;zRb;th;Ox;Vt;FJ;412;307;i;37;80;155;OY
340010941;NtoczuT;AfY;KXX;ZBM+181;Wqh;dB;lG;NK;xb;436;67;p;717;169;250;if
610007353;ouOPHlw;VZG;iZq;PEE+041;iJS;RK;BX;xI;BV;905;482;b;801;903;277;Ea
620008805;zklvHbF;JvL;Yjo;CDQ+279;eWH;Iu;gm;li;Kp;840;938;Q;862;691;612;Fz
620001529;gvTzzOz;TlF;PqQ;ZBM+129;zPi;di;dY;Dn;wn;5;846;x;838;332;610;fe
010010403;PnEJhyc;VvH;jsx;ZEK+221;Mzu;LO;dP;xC;XS;499;769;o;231;767;510;Zv
690010814;QfljBIB;gBu;vQM;PCQ+179;iqC;ta;yi;vL;Qd;553;866;Q;273;78;980;oH
330052721;JcxHtWA;CyY;xKN;ZDK+032;ehM;Hz;wQ;bR;mo;747;960;s;829;363;138;Zx
750822546;eLWRoEF;jSh;vqk;ZBM+068;fGD;YE;Tr;dr;iF;490;308;j;607;665;645;cq
600006464;nblVGYY;NGi;WnC;ZZQ+106;DaY;Bm;fh;kc;Qm;546;412;F;617;424;425;Zm
220003172;WFbgtuO;cmV;HJE;HSM+297;wXA;hV;nR;Th;fZ;242;236;t;954;655;447;tP
220012868;xKWqCYW;lbt;iSr;PER+154;rbB;Ve;wX;bP;dn;108;303;h;636;952;854;RR
060003258;DaVRkPC;LJH;sVR;AKR+229;KiY;ns;gA;og;SH;267;5;W;543;550;199;XE
690009576;DDjzFXy;DCq;RaB;ANR+200;PMB;gQ;ee;DX;Sa;914;625;U;423;292;816;nd
270027147;hrpGdWu;UTD;OFs;ALR+245;ylS;lV;Bz;OD;mD;635;504;a;503;538;861;nR
140021775;YmtLhtp;BIe;IMn;BLQ+272;CXd;Iz;RL;sV;Ry;506;211;E;13;864;7;Js
900002015;dTSkdwt;tWW;NGw;ALM+172;kHz;gN;Na;rp;tu;613;215;c;853;3;575;cQ
640004966;wCPdTSb;OTR;kng;APR+036;uej;kV;AU;Gj;wM;128;935;X;538;316;162;EE
930007331;eKzXmFn;VEe;tiM;CEQ+180;Uem;hW;FE;ML;kW;652;34;n;337;755;624;xH
700002835;zJBxWQC;FPF;Zjp;GKR+200;Gnl;OX;YG;hA;ok;746;812;o;710;18;71;bU
310002092;ItWvAtb;jHd;JpX;HTQ+151;NtA;HQ;iG;Ds;NW;288;545;h;655;95;354;xl
590800413;airZsxL;BKX;uZw;DKR+181;plh;yN;qM;uO;cg;844;732;N;303;746;853;vt
590002895;xhoKskz;wRl;MnK;ZZQ+242;vbl;DF;Wl;bE;Zu;448;588;g;630;315;935;SL
930008990;IVyMGWM;qTY;dfi;ZGT+162;Pzs;ua;Gw;VC;TG;452;137;V;963;654;511;eT
310016985;znFJmIu;PGX;SMG;ZGQ+294;Iqx;YB;QZ;Tq;uU;614;543;I;843;652;537;EW
560014334;EqnNiBC;Pom;zjX;ZZQ+243;xVy;Aj;pQ;gJ;Cr;842;441;f;656;174;245;ir
130035967;tnqcYyj;ClR;dWd;ANQ+067;YtS;If;lD;yt;nl;192;217;A;469;532;234;xJ
860012830;SyaxuiY;lxV;sfd;ZEM+089;uhi;QT;bL;Rr;fc;588;459;O;786;691;4;ye
780808929;hENfSOi;Lcw;ozE;GKQ+102;BaZ;oD;Vc;IN;XY;848;108;x;201;834;704;tQ
340006295;YTdSjiT;GpS;Ekm;PER+154;ZMh;pz;mE;xy;nO;325;118;t;33;606;817;pu
950028076;KMCndvb;rkh;ttM;DKR+061;poR;VC;Yd;JK;JI;112;983;b;229;530;654;KN
350012555;VUgBdFz;ZPv;pIM;CEQ+219;VGb;ry;rI;nn;fc;288;112;d;217;532;457;Te
590052338;PRVRsoo;ttT;Tdy;GLR+093;oxd;wN;Nt;GG;Et;212;771;Z;129;52;997;iK
600000855;ArJaAzM;MRK;hvA;BLR+152;ZPr;nh;ac;nZ;pI;822;394;b;498;333;111;lk
060001633;FXdklJa;Kmu;oKF;CDR+063;nXa;XV;um;dk;sL;515;853;G;514;739;145;um
920026796;cTsHwmE;Rzt;bKK;QAR+018;UNZ;GN;Vc;DD;mC;481;996;y;591;746;296;Pn
630000628;tAIzTzr;GGl;yCT;NKR+117;IZk;CM;oV;mm;lv;554;931;N;805;715;672;nD
570003285;KWWtefq;Tac;JSm;DKR+181;TJz;GJ;KX;OX;sa;496;642;l;31;124;772;cs
630005809;kVwSzln;okG;hvr;ANQ+126;Qfr;mJ;Xx;YO;Ns;571;594;T;840;705;240;QL
740006283;VsbvRtS;VLy;rqm;ZDM+079;PhQ;Ji;nP;qg;GJ;807;8;N;841;522;972;Jf
340003581;dKmrJdx;LrW;nNt;ZGT+017;xzu;HG;TP;pX;dq;347;166;n;162;726;553;Cx
020016473;rbCxQgG;Vcd;OaM;ANQ+067;dDA;vO;dR;Qw;kY;228;802;w;87;334;574;ly
100000330;ZKIDiQU;Bpb;gtd;GLQ+175;pnl;cC;iS;aD;KG;181;836;X;616;904;469;Ku
310001698;MvRTONi;nin;hqz;LHR+113;IXg;Tu;KG;gv;gZ;176;515;S;35;952;671;Qd
270000995;TGyrWZi;cZf;WvL;ANQ+126;Zkn;Qw;pf;oN;bm;120;99;X;418;631;350;Mu
760000513;DsdFJNJ;lJB;rsR;ZZB+066;PKJ;ED;vD;Ao;Ce;177;438;N;355;714;639;qx
110791803;nggoNuI;gsj;jvZ;NKQ+069;SDt;hw;dw;Tf;lS;378;349;z;489;823;968;nx
190000331;dCoKVFT;mZV;JlU;ALR+004;Ayr;uo;Uy;OD;bH;56;195;E;179;682;795;kE
420006553;llCaKqY;jvx;uAx;HTR+037;bFm;Na;kd;ge;ae;65;536;k;602;855;976;YB
950036129;CVgVvVM;XST;piJ;ANR+128;neZ;if;cA;BO;cx;510;442;c;862;26;499;Ju
190002519;FpHjadZ;JXJ;xEU;GKR+156;HLr;vM;jK;td;nJ;45;684;r;762;424;983;lt
300001138;QLuKDMU;LRN;ikv;LHQ+048;slD;Ij;ML;Vn;NO;490;543;g;249;858;136;Ra
940014483;PFnpsug;DCh;VEz;BLQ+012;QsU;ql;kH;QL;yk;651;766;x;15;287;96;Nk
330796236;rNiuHMJ;PrT;Jyx;CDQ+147;WxM;WX;qe;CN;hx;254;240;T;678;797;612;Wt
650002769;sVmvYAC;Cfb;GaQ;ZDM+073;LKe;iQ;Ga;RI;Ti;274;32;X;191;172;715;Be
190007930;fhxCiRl;JNE;Gkn;GKQ+186;RGz;gL;zc;Gd;ur;219;112;n;580;919;424;yf
320000326;VavqBEQ;idP;iMH;ZZM+058;kxt;sJ;Ma;qo;tU;42;508;Y;171;661;22;ya
740007539;USvCeeD;agy;ONJ;PER+207;aZb;Eh;VW;CB;tv;430;69;C;956;392;850;tC
710008780;zQHexXt;JML;uDn;PER+043;MVD;Ve;MK;fq;qA;785;410;T;378;40;828;Bp
540001930;yUPbKDO;BFJ;AUP;NKQ+222;Ddp;vs;UO;zb;Gl;427;260;A;895;52;810;KL
130001571;sUaQIsm;siv;QrK;ZZM+066;uJd;vr;aM;fu;uo;472;690;A;37;170;489;ZU
600107296;QrCeuuE;mYI;uje;ZZR+020;Kis;CR;ki;ex;nW;522;697;S;646;22;47;eB
950015495;JgiaBMG;RxP;tRu;ANQ+282;PUx;Nk;KE;hn;FS;755;476;b;817;199;830;PD
130804578;MmlzWRy;wcf;QRj;PZE+057;wuB;og;gI;wq;on;376;296;z;278;378;633;LT
180003071;dxkkcPU;RDt;WwQ;DKR+016;uAn;do;eA;ca;AB;460;959;w;876;755;29;md
540010410;WkMYUuC;HHk;NmO;ZFR+137;FgN;cO;FE;bl;JL;620;201;R;22;94;898;Gf
240008870;oaGJnVU;eFQ;yYR;NKR+085;fdB;Ek;Vj;Ks;QF;621;195;W;371;188;386;jY
350045209;fxYqoZR;kTx;kXB;ANM+069;Bol;gu;Er;RR;Xq;314;937;L;204;480;891;yR
900001306;OEDxZdr;uAL;GwT;AKQ+124;qRo;Ua;eu;zT;Wl;654;114;L;700;232;285;IK
940001894;ouBkCXL;BPs;yub;GLR+074;bqg;Yt;Rn;Gl;HO;839;648;i;495;650;622;Hs
450005475;mRoMNZY;OPa;yir;ZGR+255;nFw;tR;OT;fh;qw;981;678;c;314;456;49;Os
750031213;qxAWzHy;Xgl;ZME;ZZQ+032;NmN;jP;RY;Qe;ZZ;899;47;J;554;641;507;Oy
750020836;HTdVeoq;sFt;AJl;ALQ+285;erQ;iz;lO;Dq;QP;646;184;h;781;723;497;bk
130037724;CDUAYEk;rpF;JBf;PEE+175;aam;cL;zb;EH;QZ;426;633;N;5;194;310;Pf
950001545;SLwIqeP;qFA;SjP;PEQ+185;EMJ;Pp;tK;Br;Ae;471;924;z;492;83;427;gA
940014616;ZvCaZZZ;hAg;cac;ALT+085;kxC;Jv;QO;Wj;mE;809;161;m;758;79;897;QO
