ETA_NUM;RHA_NUM;RHA_VER;NBR_JOU;GME_COD;GMT_NUM;RHS_NUM;RET_COD;GME
400015020;oQyGCad;BTi;992;ITNoqy;YhfwluNcptXjLLN;FDv;MdA;FdBunY
400780268;xEALOVb;ttB;414;AZwekb;uwbOyhktkIeCABXSryjcUuNfCDqbbvuCWsTUHvdRIYoa;sul;hjV;JjkpBK
330029968;UziApcu;ufs;755;wMuEJj;EQFdNmwWLBYuPGsEUFgTlyUHZntcEs;ijI;LTM;fmJtZI
730012382;tRyupmH;snB;367;elhxUz;QDZYtlRMRfJlDfTIPeasvDwdsETsMgiGmaDEN;FCt;oUj;KEwDUI
730009065;lQNaYzD;xNi;336;KhzjPu;iTPBLIXQmiwxBPkUqusikAyuLuHEYgHe;kEw;sSu;WLZXpa
340001098;SNbCaYm;kdd;701;icPNXe;eoHkWRNwNLGqjXmIOobzDLQzpJrympGdeNbhL;mYg;PuZ;SOXFfB
860790179;qZDgRdF;Xth;625;iWHYQE;Cu;RqA;UZd;vdXdrp
370000614;RtrnYgW;EJz;118;XqOrhK;FnQrakJWFJvVTmCXAGUIuDoJvERKBEGSbzOAtsTzHrHigGeRplS;xBN;kJY;Ffxhix
680022415;kJPJINT;pHc;109;IWsmOD;ZizOnV;Yaa;IIy;KKdCwi
010002574;POTDqIF;uKJ;548;UvJpGe;cCXZbu;cIc;xPQ;cRfJcl
380001230;RIOTiBQ;het;966;FLgOId;PYvoWhnZLLMtefOMkcgPgrNSLNmUPHLiwPbb;QDf;etV;mPzUFR
500000757;xfEaDxB;PSv;736;LkQGwE;DNlhDJCYKsuZDZZdwSYIMiRUidAIXFfciKDlAvRJThWFPrkyC;vFX;zED;fOdbEZ
670794726;SlMvPby;bQM;38;SdEsXf;kOBqiqhvQvTFeuRyYSxVrUm;AEo;Qzk;JzoCYq
440011096;lmWuMjm;aPd;419;ZebfAL;rQbNO;Ksa;bUA;gaBwtb
340009596;dgNnGqU;ryn;807;KQaXGV;XZeKTrIBzUqolrBJt;sgG;VdQ;hDRRYY
490539160;zuQQSMn;dmR;697;LlOFzn;nzARXGVz;uWN;uct;XlsXgC
590009791;QiTbpPZ;Stn;811;NuSJTz;LMNtxPwnOGAEDdzEnagFK;bXb;GEd;sRiaGP
970430906;PALediM;zEj;593;iVVRnt;mfXSPwUsZklLWqHNvevQ;xkq;zCX;KPJKcw
380018069;NtjWBqy;ajl;993;CFExOX;FKWIomxbWLtcJX;NPX;GSa;GpRyLG
590798211;IxWBqWw;tCw;758;UfYLya;QPvKiGmq;yHV;pgX;xJotlI
630002038;VummbXc;AFU;195;Wnerrr;wOMYd;CLp;dSI;PcVekE
500017520;BwNmiGj;DVd;594;eJpJuN;jcvwIIeFBgaPSMJSvURzXnwPrGyeHaldAVGrcMieNx;qaH;PYm;GOGVtZ
390001246;ZlSGCMv;syG;999;EpNTiK;RymwzThWkYUWx;GkP;NPQ;TaPwaI
300003506;Vbzsblz;QXf;894;ZvLTDq;iaxaIBRhjNPrfwTRgDXauTVhoydTAssKbTtmSCPDYqVcqHD;uPs;oCn;lZmhVG
670002948;NZykzar;JvS;684;GFFNqp;mbo;oxZ;aUP;qyQMJF
290028141;ddBBxjZ;Kll;88;WajEDB;kucxmoVDhjAfWgOhkeYfP;kZb;ETt;rZTlqA
330046871;LfOeuZq;zjx;348;NStsvh;OrmYHUtHyVlTeXXIukskmAQqSidKkkGdIpWqQTK;Ava;UZL;tlVzPY
130045164;toFcmTr;hhB;164;QgvCvQ;rgOHjMOqdkZTkfDjGrlwUZgQZtqaSRjWUOIoQnchUjrI;tfJ;INS;JMpkUi
290001924;YLRJXLQ;Dzj;366;lTDmQr;byYmhYYSIqhddiqigZ;zco;PBz;GfgDGx
060002169;tqhGTdC;oAL;191;BjzOXD;JQCQXguIiWLQsKUvUxPIMypAKFgGeQgd;ATm;IBt;AidtpW
910010719;jBATyBA;jGI;362;fRXOSM;E;Cwf;Xow;QBGckQ
250012358;AMXfrht;nNT;890;kHGcBE;vloXpQHVTtBPbtEoUYqG;MHd;GqJ;DNYrHF
440047389;AFOlCpf;Psz;354;VmblVU;FilhFxEesZkoeQrY;lue;UtB;rSxBnE
440011633;ftmkWuq;yMj;549;kAjhkh;u;tVn;XmH;bOjBeA
380014316;fxYNlTK;vuY;778;WcCqOG;RPHgQqFDiJq;fro;yNY;YQTBaH
620012278;PfwmmTQ;ycd;494;Leixap;TKXWYRWEPWTrfQzp;jpA;XbH;wpTaGe
750022691;UcsSMwI;vun;195;Puxerk;klrsNKgcDvtsAJBgdHkCNmFFgROJLZonjtwxltNWkGmwjx;OvA;fAR;qlgEtN
130016777;vTtutrn;LjB;844;EXAphD;ppnpArTCOIgVfQfQA;Joc;nBe;aJJCyx
610007577;xVxATow;Hkn;371;XcRrgE;U;rQP;YFX;vqBJjq
300008687;xHLAMpd;RYD;276;rmjbXW;RxDPOhqmMJhKAzdnvxWJAoyeaPXgPaDSVhPxV;nCR;SsT;PrcGnY
350001780;HYJMoLv;eeZ;198;VwnDCB;lrxQTaEPkhcoxKQPUsqNgUrEeDbDoDEGPnpmktHysgIkRnUf;MMc;Qqo;umhgij
800013716;FjPlrAD;KwA;858;umSQAQ;pagqxdAD;fhT;VKE;FgpCLK
760028035;GdkriQa;luP;42;BKGiVa;tddAQgClBCgHfsIWvmxrVDWtzn;wtm;gdF;YdqlsW
590055398;GftvRDQ;ZqB;899;JzreQg;esmYAmlX;fSp;HGF;oGRvPk
950024802;lkziWal;XFo;278;rlodNg;QqxLdQOAKJUwqjetdpRHekEosEOqrgArtM;alX;rSJ;fZFGGX
630005791;gWsZmHP;Goa;37;YhWqUq;IswPTVCxDuDw;hAz;Wld;MOUboZ
940025653;vouJILw;FMS;519;ZjKrSz;foFtjtUyIZPcgTo;zyF;Gkp;gRCHqE
630180032;IorzbXD;yTC;54;TOQFlA;VfpEUWrARdrweRRRBVUCGCF;Cxx;PSQ;zziFIX
150780088;QbDFbiq;Ibs;109;LCLxdh;HFJaJwTwODJyTLwrOrgBZtGSKFw;SZU;Shu;JPdUDX
490000163;MBnadmx;ucw;510;XPYXNO;urUuKhvGtvdkGstTSsJIVeepBxEMbofedmrIADwxQ;QWc;WKJ;uujQiF
870001161;dAtDmdN;jEE;579;cnJBLQ;ydbilTmhwYRCEHAKwRMOMLRRIaJHJDQCZPORTRadXJT;mAH;xhO;qZdFOO
380010595;saziDFe;RCm;225;aVmAte;SyUZdzFtBGgJmkmkeAvkrmxhUvbLoaOunpVltjCJnuhV;Chu;BGE;EVqKrN
290037340;jBPHfGq;Bwa;858;QQaIgC;bnhTNXYVxaECUzpfJBqGCXNvhGBLIRiqsrpFSLfGyqLqBfNTbOD;tuh;JRh;qxaktb
830018008;HfjUWyc;gMQ;415;fSddAc;sLwZlnsyKZByguKOBkTEeysYiEbbxQY;Mpf;Rre;xzrEzX
290008333;JhEmWWN;PON;955;eKgvBb;QliIJhFcVGDuzPm;Chs;dSd;qxloAF
910011204;hvFPEaO;vxl;197;GbCeDU;uEVNeCvkfAxAJLmKbfLhVQfrIywGyyDNvQkVrLc;qVq;gHN;MRcEgo
770010171;bvKAUOt;kOI;212;IaUdRu;fHVfHaXyNhQhDUZzQfOVLqJQFso;hIR;Fma;MczhHZ
850016742;CIhsBjl;Sbr;21;dyvmHh;EBMRUVDOGmWdkCCj;EZo;RDy;fWUFnV
160013181;zvSFrRG;UXK;516;ltiOxl;cmSxVwaAZwGcwdkxvhLRaji;Kyn;toM;naCtBR
370012635;rRRMcWN;WME;964;tTlYPA;vmyCFdGXda;syh;jbL;HeHYmO
560021735;ZvNeATa;ZxI;376;LpqcIA;dBlCLJvi;YJR;SWX;AZnAQW
640012035;GELFeqS;Qqt;548;MxhNWO;uFlwJfByNBWSXWGgKTUXGCfMiUsvg;aBP;GUu;xZVpnI
350052791;eQrshEu;JtH;510;fUMtiu;hguokkeTSEFJtghADmcLORWTeyhUUdZ;ATD;kFh;kEYnoT
350050811;tUljMpT;Npw;602;lyoamX;jUkQdpmPaZ;sEK;sNm;HbPubG
130050172;HBLCIMw;UuT;790;gKcqAD;FEjgSJTyCcaJzn;Nfs;HTH;SoJScL
670005701;YzqxNCq;ahA;392;xIhRSt;WVBGeqgtXChuFzXCFLIMJU;jUP;JMZ;GTCsyh
240017434;EEiYiFa;JZd;460;rcbWcC;GLqghANIchbYHcnzYdrxVoP;Sfs;Zqz;UjzQgI
170000731;Pekkgre;Bvg;494;QLnPxf;RAjOLXSUiErzLWfTUsjFDGYbijfTMZt;qlY;Hob;HFnFvY
580004513;YjfOatO;ByX;121;KLIcKy;NCRhXWhvbkW;hwW;zDv;OXqlqV
010000644;IwDVsKF;PJP;967;SnIbWf;cSBzLdJldlAuqcRwslHnhGckBgjlDMCzmSssMLZb;MCI;Oby;vkSymB
550001812;KhpkWxR;OIz;900;huadnc;nuEFEYeOueCcffifSYqkrTGthLsMSVQGbaYnAocd;eVb;IeW;jeAqRf
780708442;qpbyGKj;Cez;489;WDbaYf;nR;hFl;aTK;ofmsCq
970201844;aavHVgv;DMM;715;Ydiiia;rRIizhLOlUqSCTyVwXKnsplulR;gJx;Hdk;BoaaBS
290026194;COXlWxb;VQf;187;XlRIAZ;JsdqiLTvAw;yoD;dmQ;UhqGJQ
410000590;ARntUmf;kAU;177;FdtOki;SQs;CdP;QiK;cicGnQ
330041336;JklYYtA;Lkf;857;JbWiTz;aHeMnRXKiXugDR;CQV;sfW;fQCYpP
130026941;kTqDMcm;vLW;188;hfJcUh;yeCpQMbYgAa;NzG;ypR;MqvEZw
910008762;qZLQkOM;iwA;696;MtQhbY;TpxNHLrsutTDlzb;mkd;fik;vBJHXP
820004513;RcQKxxa;imd;18;siBvZV;rNZeGqAaMpDhNpufTFRevaqsUmiJdA;Xac;EAW;SGUVeZ
380007443;CbEgvyi;ukB;789;QbGXIG;UjTfjtrWk;npu;uRL;jZtARm
490001351;BeUvUtD;dJy;190;kgXeFa;QRJBxCQ;CvW;Plk;vxJxDJ
760027086;TjwwVGA;cvL;415;yASUYr;qTwAADpRmbSuKnDUMWVgSOUyaBzVSu;sBl;PTE;PzotVu
950011999;OGxQKYz;lBU;971;jzansl;JLCzHjWcuSgsAa;YcP;qBz;oiyZPq
080008790;IRoqMPE;QgK;794;uxnydk;c;yQU;ClG;CYBeXi
930021191;xEebkmA;vAZ;708;RYoAsR;aqWjEXCrxCawOJOzgJSXwSOWlFVxxnIvS;egL;eXT;WuxkUQ
610001083;uTvSivB;JAW;104;JKiehC;KhLxiXPxnYJoIQZ;zoX;mPS;MPfeRz
130041379;Agzaqxv;dKo;292;IZsXaF;XjyWroDVVqDJVJXAmXBe;bHm;AYf;EdLBOM
380017285;Ljpwpog;QkT;738;EmZNAt;sRqmvBvdpAfjvmTo;liN;Skz;FVUIEU
120000955;UXQJuxz;jYi;747;hKqQvJ;DfwSoFyvaLexbLRiBDErU;NOM;Nyp;QePYqI
880003314;gxsyJST;VYw;670;ADkjjU;ISlxSaNG;jTs;CFg;tcqmuM
950001594;vVnEtKI;xMY;202;HJolKX;klPMoSYMLoGElSIvyoICKBwhmCdOsrUEeAbYRqWbP;ldX;Qoi;GIPtKx
570029348;OrecXhB;eQK;785;teKhUk;TSDmafbDI;bvV;GWb;ClCIGk
690000732;bTSmlRz;BQn;240;dMgWZJ;gYpaVlxAkaMNMlXF;UjT;rzT;UbHIto
640000683;xUqmGJH;dRy;321;CXxVjK;e;OGe;Agg;usOEYr
310029186;pqvoGnb;EAS;762;nRrYXE;GvwGDHbvIeCzvEMLgP;dEu;yfh;GqrNjh
060016250;pLezAKw;ROC;479;GnyiXF;GYEKFXyRaInWzqB;EiA;FrS;uqipyP
350037537;uayDhsF;ZEX;114;MyQuAQ;VxejtJXptHhtJHbnfjfzTrFeIATkBUxIGfBDopVKBLVXZLhDYg;huS;oJL;uoXyaE
130049372;GVZeqEQ;GcC;108;jvMpgI;gyZjeDFJkuWPFIQvgKWGmL;CCm;mff;rmMhoD
690004486;XObUEHB;qcW;525;kLkHzt;EqZGjVDqxActO;EUD;Sgh;fQIJTn
940008840;DHmsAYh;AVZ;374;CeAsuX;ozezWbWmcVuXICBUMhsEFqhbGQfiWmjVTIVbvNGwbSUpFg;ato;bEF;KKzFyx
810001701;IKOHFsp;Oxo;175;rpcLlC;RrE;RFR;BbH;oxpMrH
390006013;BkbceZc;uCm;880;mDPXiN;QJotFnyPimRHznghcPOERGlKWckVIscpbsFf;uxx;BMb;wPbnJm
320784044;VyjGsui;vrq;624;rEArWU;rBHhiE;nVj;Gap;SGcroQ
940013204;eZGLxCM;mBS;467;doaGEg;KLaPoBanliXoVSiYHQbirIKczglTEClqQamVgAGwAi;jvn;Tzf;YxeOhk
830022893;csMjVYn;NXY;15;dPRRyC;CMUeTrecmztuEnLEkchUdixbRsszone;mRb;Ceu;PwRuDK
280003476;WhlThta;nOc;114;uehdao;RCVZWPWcvjclBqKSYWgPsXEqgveZryOFmgaCEtUzwPwXZC;zEA;YRq;sJfROE
340007046;MytjEYL;glp;575;xUeEcc;mlSvKmcTeIGoBUQRbwFlSsaLDwyEcozlwkgYP;HZF;Tpu;WqDCLU
760036954;gTZutvo;RMN;541;RIkLfo;qdHWDUNXQsbOUiZUPyIiKCHviQCL;TYc;IgU;bILTjl
860013358;OJARlOV;yHV;2;XIZBUJ;rOdjn;Xir;COT;QRBtrY
830210480;ezMFzuM;WnX;703;qkIXHj;GmgeKMAmfSArtTYYBlcRCAtNbslPSTnAyjZ;MkU;NDe;UGCBLH
840003289;FPlwiKh;cUI;707;oOYLOE;BwExVVWf;mqO;gYr;OdNwgw
470010687;qKrCGiA;ckC;646;wGwBCT;EsjXeUFbFJasHemqJwfpIiflRRWnhYYkAvFxenjSXAaOraict;JFK;swE;JKCPsA
180003170;QshrBDK;cmE;673;NjnNuA;wIIbKyXsVbpFZoLTDmbrNRzbRCCQxMtNCZth;tWv;zSJ;kZVUPa
610000499;onWfBLA;HjA;86;IFsSkq;eKpmmR;BSl;xqv;MJCuoI
340000637;TIscqIt;pUm;313;sBNmUe;fEYRyBkVfyzbLeOWSBkYSeKXsVgCwEiUhSFdlSvOpRpuHkjFz;beu;ePq;NqDfvJ
640009973;fICpIGD;xQF;637;oNugBI;lPyTNlECGqlIwkrKnrcwew;DPS;wir;kVbiHR
970303376;NAiAGvw;nSi;868;SnSIVh;DEVV;Jsq;LLD;LcffOD
950005413;NJyGndJ;Mpx;487;CCPMRV;ZLQuE;DBe;zti;xAUold
290021005;coLDZug;iDW;706;NbpoqX;TfFHzsDTHOcdLPZMZ;SDK;oyq;jsirzP
750006082;bYlpQtu;TbO;279;TgnMJE;ArssytxIjdEVvtZXRb;CIS;vXV;PoTpVd
210985735;rxfOMBb;UQA;769;zcUBpr;wVxTfDxeyqCNKmfvkVTWPnJWdcmYqlbnXKNafgsXRMsCkZ;CJL;ySm;WZrLEI
490005907;DNMkdyD;sgi;380;EDTOQE;qscTlotJ;neh;nBc;BkHXyu
840003263;nzQMTqF;FoW;881;FNSXBm;uwftFcIxUBKwwUetfdbVISBgS;dVI;dUA;dXqPWd
440018638;sZodHcv;JGp;765;KvNNuS;LuWqPgOmGxlxAyHWfFJatAJacmyCOlauzOuGjIx;suy;riG;jIPnPZ
840000988;dCKwxZV;UWF;95;frlcXh;LfbNLLvijZhdUUhmFSkMRiHQbrPomqONcaNQ;onC;AKJ;VZfUKw
170005524;lSItqqu;bCe;782;TEtSOZ;OumFhAcscYbiECeBOzjWgVMFmnmgOKNdewHHwgAInfDTCz;HZZ;VOY;prydPd
950023945;HvSjlqo;jHm;835;AQCthA;IcdBQyzVOJIlHamUDpszkbTJoiUrziVYDBVTQnxhngvrnAXHxqa;mTw;ybU;uVEhSV
680007101;Nkysmly;iXM;454;GYaaRw;GNaVCsbeVRcjguCUqLaeBuChzlVbuxBYxIpXlyBSHyTgHkfGf;lHv;fKM;zMRkoj
310021332;NyRenYT;glt;931;ZkhlEe;v;EBk;yAH;XXogFk
330028648;fOieidt;HtW;947;SipUAo;sThnHpZToibTLbNbYtzQLWfaWbytYwqxtxEphCqQpNOtA;exO;eWm;DhYUrU
750804403;whofHsg;joe;415;SDVbdJ;zcWUmtdIeLwsGlDcyyFVRKqpxyTeZvvngFOjZRjPYBACy;yZE;dQZ;CohNzM
060011004;OFDexOh;VmL;622;NeYQhX;XWtESRlUbbuaxWmVTADeJsNRKJEJbFMIoRCgTolJMIwJrvAk;dry;JXN;kVXfAv
130046139;mLEREpV;alQ;944;BcHMCW;DWLiZ;lrb;sMP;itVxSN
970107371;NEpgQEp;iaR;797;cWZOPd;HVXBTN;UHG;dTs;ETCZMx
950009092;WPUwGkB;Xlh;333;pEJBbT;mDJdIQfzLYyHkgaFipShpKMEvPXd;wNc;cpm;hZZdzC
540021425;mbTShpa;eSX;537;HXWNJA;IHEvvFQepHdRRQXZbb;yMm;MIl;gjcdRx
380790618;KZRLAdf;UaY;421;keSisW;GkFRHiqdgVSUvTJKVuaEHrZhFhEVBJfOdOVJdylBJ;vri;Wlw;MerkNM
510010481;YrzRWCP;GNc;497;nEFtRb;MQZRkvvxHSXuSqPnsUIWTej;rtB;EFg;HKlpOo
940002439;TrSklLq;bUu;776;yQdCwI;SAFZopfyxZoVAtbfZUHwjyaiFmeeyKQiaHDmESsi;TJb;EBl;AjhFHB
940012602;XAeawvy;mTV;306;mXJBiE;ezuwYdtlVmoiHWnrzvdfMnF;Mzm;Gia;beqYtu
300011954;hoLXeWT;ocN;386;lSIkql;bDkvbMfdhUJrUIuzlvcvPsxVvkVjSdcsaFuNYUoz;twA;kcz;ihARCN
950021741;BhNvcRt;kGc;510;ZrnlgS;wCQPNMzerIbgwtSeqrNFSledExzinKtFXspVLoaqaiDXOhFO;JAy;TIC;fiCYxx
620112268;phdaitv;QaE;845;WmKLCC;lImvFHddSRxhPbJLfUyRTtioccHbjqPtqzStZ;xkS;rjU;tXVdht
330050634;XPiAERE;ztb;651;cUKMXi;xMHQzkaxbJpsIiCMaSUqKkqpJ;KCd;Fdq;GwOibI
820000206;hwYqoRM;tMn;749;BsUkDe;NTgo;ZZL;EEP;NoXgOf
160000956;WERznin;GxS;294;Umgcge;wXsnSoW;LJG;TXK;msnnLJ
320000508;xETOpvl;NSn;138;ZKNqPD;XZbxNQabSGFoLGBgdkAOQJwsTENQKfChbYuuXptyGBVQXG;pDI;YNy;lAqAZD
210000725;BGbnPBC;xPZ;798;IFXlXm;KuNfXZfEmbfnPdKzazIJrz;fBL;VCX;gOCAlD
910006618;eLECusR;kyD;959;gPWviH;vmvXZiLyubHfrHBHPBVRiEDIkxKmlROnMchnkHuNCzInfLRRFxo;Jkr;oXS;XPwJSD
350049094;JyBAcBg;smY;836;VFkhFN;QDeqllxfyLZGLFNxV;bag;QwE;dZvnMP
330053794;YaYFjjP;JNa;785;wegdZA;TCTPFGkTNMxDunlSQNSizJtzEUBYyfwezlIp;pZl;pnn;KUnLrb
850025107;RUBRgTx;kAc;172;bQNOpn;HdlzlknEdCgTfBthuuDIOkJWAIbFdaUvzfP;NJL;zaB;EPKMod
590016945;DgvuEQy;Miw;207;kfXrKm;AMRkDtYnlyWsAdSGvlYfpkzNzqFa;Htc;CnK;VPjStn
010007169;oeNjpWh;YaF;752;LhflZm;msJNozeLbhDDiEyRsWJyAazSyKDbng;kiC;gHc;vycQTg
330057175;itQvgsA;APV;695;MevMCM;HxtcooDtujvYDAWsGIH;dTl;DSX;FRbDQq
590007035;qHYjwZv;pdR;862;vgsycA;ZVY;nqk;Mai;sEbXqI
400009981;hIsLbXa;XmU;768;EmLIjp;kvGFztEpoiZW;uKc;Kla;PZWRNn
250020856;wefVgss;CYH;346;uGyFah;Ec;oDR;cxl;RErNPC
570017434;Iogyfjt;Kgo;967;VOMyQW;fbiBKOewuuDCylTMETouyDkiMfFDUSRurJpkE;nWa;KFT;LKJanP
810008243;ZwtEWJA;alL;367;VdPXGV;SPCoXPlUjTGaxKpFACKmw;dFW;Qzy;uSGkWI
270018757;aXOJVot;szv;93;KRBTDP;WQZYXfozJwhJOtSDSrMzQE;BMX;Ydv;tdBkVT
250007598;jfXlcMV;oev;764;GCvfUR;kBzVYTflUEpuKGUlQMecxSJnPfvTjSrGcbYdeycuOnsH;WDR;ULr;ozrsbe
590800645;bEVSAga;Yus;564;uOIRXH;rLZRmhuJNqZapcarrAWwpSxjSBlWGTCrGdRSsmOHSD;BWJ;oLY;PcZwnL
840003990;SEnaVhn;ERz;880;kFItVb;zwCtPiDjqyqGWtwLKRjws;xhu;lQh;qcNRQS
590054961;dqQJgIX;qdD;572;yVCbJf;qcufDnsyMLwASnxaIeiPPXiyWnkUjEKgAgutxWLiqhS;Rrf;sPX;cZDRvB
590027710;evxpflc;ebu;736;XKPNcV;pbWREwRDQPszPcraMFykIYhpQVbuXiJq;qEi;wFP;QqYOFa
780012100;TidVHoy;DCj;546;qSSyBV;NJiIypnPSGrXzxWcgikdvUbJBucjlwMuxO;deW;tmD;csjieF
420001075;mdOXvGN;Rdj;792;hKXZTC;cmJvESKmOmEWtOWThBBu;pMs;EFg;DEZXKW
340013507;kgBnyFk;Pqv;172;tvVMzn;qGAxGnyEGwkvUsXebvbmbSNJKIraQnbIJd;mMj;oCD;KxDZiA
350042438;TVSVNcB;cVM;589;cVugqW;WzqTcCMqiavLqtfpNY;xzr;sGa;YfuEKg
880007786;caqwGkH;fjH;983;LBNBFO;tsglkbTnUnTPtfaq;fHz;SjC;wDVlVa
190013110;IRiiAlZ;fIV;6;hyHXjE;LLFakgUiKmmEwhoapHHgvlhidPOuzy;FVq;Qtp;HRLSJK
620002402;AjtVKGR;llo;91;BVENNU;WmDDcMeVNJZkCYECGtuJNahaAXNctIqLqsfO;jCH;mBb;NIjUUg
730008125;cgQQWLj;pMO;45;xuTXXp;DJGktzdpOAUNiFbnHaEdbVHjWhU;vOS;aHx;vNURUw
790006282;bTdKEZQ;dZD;526;YSXlmh;npBitZJzOUIocGwEaELhkmZKeo;ylH;mNM;JqEzGh
040004772;TgKylEP;RmD;202;LUMKYn;dtZPmUBgnevSyRpaMMCZmLLGgFgywVfYCTAnrwrGCihqbWXTNRFa;Xfc;cMP;gRBOFI
340010941;NtoczuT;Lln;78;jNhFtm;wYGoEHCHEJonULTYAGTUZgnerSQH;Edq;fRy;KIzwBh
610007353;ouOPHlw;wXS;497;raEbdI;mwUtVSrQTkVQtmPtuOrTLwYamvmpdcmJnBLHSvwxbdOOPmppGRqG;OHq;hEv;zhaMGp
620008805;zklvHbF;xoB;789;WkRwFc;RnsOEYjCxsbDyGtNNAKGTogflHsnxltRfzOjKYQo;pEs;CgL;rdlsin
620001529;gvTzzOz;yyB;598;QGegZT;BWZJGlCyBuswxLLfAHVqTeCXdbzaGxjG;IfV;JJB;gybxoF
010010403;PnEJhyc;oyt;158;uPYSnp;EvfmoFdkWKHimR;QAV;AqO;PUksOr
690010814;QfljBIB;gJR;591;isyFsP;XP;SkT;qtQ;sNlAZB
330052721;JcxHtWA;KAf;461;wEbJkh;TnWGUMybwHe;zqj;vVJ;PppSDs
750822546;eLWRoEF;qAZ;860;MGIzmQ;GYYlezOBsBCmMeRNKBtjUgurZkixFY;fDJ;SmU;Qbtfqa
600006464;nblVGYY;DAH;710;vNXyEE;KQcqLeFZYEGSrogvEFMfzuiCLoSajlfydYDqsQEnLh;GEk;sQH;OAWexy
220003172;WFbgtuO;Gzz;106;EqlTxd;EcFoXbOtdPJFFgMvbTiAywpNlvQxbgRrVIdZMLkErsAUoQlXbV;DEK;zrZ;ZztGOk
220012868;xKWqCYW;eyF;784;wUyqzx;GTtJILYQAYmvixslnJehWkDrnBxqlruC;TaQ;FVz;HCpcNO
060003258;DaVRkPC;MZD;478;nadqsN;nbClwmJgcZMWitkJhEclpyQyFjOnuijqY;Yld;CoB;rINexB
690009576;DDjzFXy;Gtq;714;Tpvcsl;UHHGTut;MCX;yzJ;ogXfBm
270027147;hrpGdWu;nbu;670;XgyGYm;NHrUIipyzXGSxtCYEtEOkfnXjWMaXVQJ;klR;Awh;HSmLuB
140021775;YmtLhtp;JWa;134;jauxJp;mCyswOImcHrQHHsqNYosRKgHGUgSxWzjbJhtEEfioXefqLjxlDFN;ctG;kei;AhGjGl
900002015;dTSkdwt;iTI;892;tGclYu;XdK;GWZ;WOU;NNSeKZ
640004966;wCPdTSb;JLh;525;aQJOeT;jCsnWMwSHSnAWeyGpvPE;Ocp;Arz;MjtAbY
930007331;eKzXmFn;jRZ;349;zohIja;bAGYH;anf;uTV;rHtYVc
700002835;zJBxWQC;MWO;125;LjWYtK;tIxFSHderzVXCHpKEBMfP;PcR;UFV;VEJNtZ
310002092;ItWvAtb;lXM;529;UzTsQM;CATNkaKINdkEuYbNvukCZcxTkOXKotTWyBthusWVIUMAe;EIt;tVQ;oNxRwa
590800413;airZsxL;BrA;194;uICsSg;gkHshlOtqeRNz;Pzq;ZPZ;nRemiQ
590002895;xhoKskz;mXh;112;SXRpJr;LPJoAjVvVvEOfI;QTc;ugo;ZfzeRS
930008990;IVyMGWM;Xuk;460;IybVgd;s;vTc;VYe;Yniimg
310016985;znFJmIu;QBB;476;UbBenX;YyP;DVH;zbp;pwkOno
560014334;EqnNiBC;dFI;57;wDZbla;TOBVZBdOD;Tdg;NWx;QAtdGc
130035967;tnqcYyj;WLq;617;uGKUjA;LTyCmkObOrMtkQRMdQrnXIBMifhzRJuyynrjaWPOehOGYAtV;YGA;foS;fzMxlS
860012830;SyaxuiY;kxP;562;puihBW;xO;ucw;aNx;iXGzmc
780808929;hENfSOi;fcZ;76;viEgIw;AIVrTTU;UoC;Rol;cimeXS
340006295;YTdSjiT;fue;41;CiWbGO;ieqRCVBqSGWerIbt;lYZ;rjE;YQtLLq
950028076;KMCndvb;mev;945;bUaJZm;LRoaAOamvMqxwawNloWTKqtG;Pkx;MOA;RDzSWn
350012555;VUgBdFz;XnZ;220;MpGvPs;bpcvENnyeUzRVRXfrhjNCjhrOID;txv;qpn;STHTTk
590052338;PRVRsoo;KaY;975;PBiZyG;xzxIbplGdTcitpUybQJFa;dcw;TYa;gwKyCD
600000855;ArJaAzM;Hgz;425;veZaJm;xkGUQbwXDJacPp;KCM;rIr;vVTvMl
060001633;FXdklJa;tJM;920;RTogug;RmkICtGKCutiItWIyMGQAFXgLsjbWKwdISQZghlbofjDvGjSykN;kGn;uXX;sAKCsa
920026796;cTsHwmE;pgG;720;llsWlP;MZoowfQwgWMxCTgLsUIx;GGt;dvr;GWqpIx
630000628;tAIzTzr;SRD;247;nQFzNI;bGJswb;WJd;EcO;KyZjKQ
570003285;KWWtefq;uhh;246;ltSQgf;sqjeiRpZtmmVSTMjhKRObb;OiI;NaS;GvtPMp
630005809;kVwSzln;Qjn;109;pFoOiX;MXhydL;ppm;KoH;Istgxa
740006283;VsbvRtS;VJI;998;uXXuhg;NThBWyTYQIAXzBRNeHqsNVYEpDfcdyIECrFigMtErUdpMfK;AkI;Dsh;iPhjAl
340003581;dKmrJdx;Hmb;967;cVBpEU;mkad;PwU;NFJ;EDuKTP
020016473;rbCxQgG;ULx;849;PPaZNb;RqOYItqrxomdgSrqbKRKAFIXvZtAyhrSlUgXoPKkJRXs;Xxy;YmL;MgZRsq
100000330;ZKIDiQU;yJc;726;HoEZdj;OwiwhuLOarehJRcAWiQWoHjoNcNWLe;DhL;aHS;GdgOlR
310001698;MvRTONi;QCY;658;xCPdLL;Xb;nNj;RvV;yYcIFJ
270000995;TGyrWZi;Zkz;538;KBwNdr;ZjmAiKPBFcbuIeMaRhzgFrxLRLtUCPjtXHtMfpI;zYu;YNY;WEEQrD
760000513;DsdFJNJ;Tzy;70;VNPgHO;mECpRmkMAP;WwU;mpU;XDJXLm
110791803;nggoNuI;jmN;49;PMaTlW;ZaKc;qql;Tzy;LQCMKV
190000331;dCoKVFT;Pep;102;DSquWV;vhNOGasMAuxSBpddXWBSOTFNkxDcGz;CoO;QoK;NGKtbr
420006553;llCaKqY;BAF;582;NrBljl;TNaGhyQJFud;blP;Wtj;ioLSKX
950036129;CVgVvVM;JUD;989;TRmHIu;ZIzualbHQWuqR;oNn;Ylu;vOtooB
190002519;FpHjadZ;Mfj;530;ZFkKon;jBgFx;YOD;vTP;HHEArQ
300001138;QLuKDMU;yDC;446;QaHyVG;upilBwkFgQbuWarCaAVmNtIYM;Jag;lfP;ztBnxW
940014483;PFnpsug;hAH;7;OKuiNs;uKVatRezlrIeatcnsNFGuFeGaKOhGVnacTGAstSESY;dsL;Pse;CwPTcS
330796236;rNiuHMJ;Edz;160;EXFppC;blG;Bbd;peJ;OKJTAr
650002769;sVmvYAC;ToR;718;HBroFa;PmfkeBkCkGzZWzloXfSyPHBBYlYtXHJXPLyfFWigUbNKoO;zmN;ndK;ddWhyS
190007930;fhxCiRl;QGn;846;JOsWFj;VPBtvbX;nOB;ymN;WDVZFA
320000326;VavqBEQ;CLR;583;fDBOdy;CcnFkaqvrIVYhfbxvcrLwzMGTFmzduOrsILblmmBLNhliq;gjn;CYq;baqcpi
740007539;USvCeeD;srx;978;MYsTfx;BxbaENKB;IMo;SRG;JYePhw
710008780;zQHexXt;Muh;707;sGmcXk;dWYKo;cLw;BuD;HXVTkm
540001930;yUPbKDO;kIx;744;spVFEX;IxoQwBzIYlV;Bss;RyQ;VFhtJO
130001571;sUaQIsm;pNk;620;Wqqhrv;FIlWBwQFqcMSfWVDVZDDZKaZtqyCkwdkmuldOo;NTp;pyn;nsymhE
600107296;QrCeuuE;sVg;262;xHWPXR;hLmpalqdnWqDMiofGDyPyUbpFWGivYVqYN;ZiN;wTd;KBfjUh
950015495;JgiaBMG;gPo;978;LJNVee;QGgOPrOQIzHuKatxlIMfkNCCr;tYM;Ltm;vRcoJA
130804578;MmlzWRy;epm;964;ppYvdQ;spDmkepgJeZPJCnpUxzOjAvauacHYNAiZM;kfK;XbN;mjThyS
180003071;dxkkcPU;pYN;622;kzvviy;UBjXSuXaJAoRmZccsjRiWMvWhtAMNCRsVhUKUQomn;NJC;pZa;BNBGHd
540010410;WkMYUuC;GiB;419;qhKzKQ;XJqHZYtrNCTTlKMcpFDkkkyZPNwHkFO;kAb;Dqf;TNaozk
240008870;oaGJnVU;oEr;464;NXFiaj;XfjpuOqNPOWcKMhoMPyebvdDg;QHz;gRk;NRLyDp
350045209;fxYqoZR;Mua;739;PgltFk;ExnWFEixJOHmxxMrtscgKjEhnTDKfjjCotDLeTpIuuYB;sVs;sGq;xQzVwb
900001306;OEDxZdr;ESL;719;RUpNBd;WUgVzHXBxCCfqMfSzLrsTNKtkRzmzvHjZQaZJaYf;dSa;CLP;fSjdWP
940001894;ouBkCXL;Xvn;827;bPHvpO;ZThCSjGUoobMwAZWeZRF;cKn;JHP;ZEnTSv
450005475;mRoMNZY;POY;870;KccUUu;xLWkjnnDOmutMDnYZDKaLMpavhPFtSVfjUDhxSa;QhW;Xyz;ePgPDM
750031213;qxAWzHy;yLY;349;vOpckM;fSrlNJTaTvxBQYD;awt;zaJ;TGPqyu
750020836;HTdVeoq;mnP;312;jEAjns;IDeFFKZyOkUPKpDWcyGrHZSoY;kxs;uoB;rDqFzt
130037724;CDUAYEk;WNw;974;pziLTe;DJqfOmHLxBJwfIQHNanP;zNu;UaY;dAaQBi
950001545;SLwIqeP;QtB;860;gPRlTo;mLKGszIIlvfbmPGSDcsvmGLmuPPnQLoB;xIx;bUR;cRkppt
940014616;ZvCaZZZ;JVy;8;KJyWwo;LwXDKdeKCTHWlUXEmfETHVDbiRsheYoIMOGFXvWxt;oOH;dgc;fPLlMz
