ETA_NUM;RHA_NUM;RHS_NUM;PRS_TYP;ANN;MOIS;UCD_UCD_COD;ADM_NBR;ACH_PRI_ADM;ADM_MOIS;ADM_ANN;DAT_DELAI;TOP_UCD_AUTO;UCD_COD
400015020;oQyGCad;fqR;KU;2002;08;9157855;839;330;12;2012;404;True;BSXjdDrCj
400780268;xEALOVb;mQC;oA;1988;05;9177881;638;9;04;2016;904;False;iAsdYLBDQ
330029968;UziApcu;AyS;Lz;1967;03;9403509;429;723;05;1997;695;False;LobVUhcry
730012382;tRyupmH;NDq;NS;1992;10;9413436;23;695;06;1997;318;False;netzmCvjP
730009065;lQNaYzD;YPb;DZ;2001;09;9319720;195;3;12;1977;986;True;WJhBJzIep
340001098;SNbCaYm;gig;zx;1962;01;9348006;38;416;08;2013;344;False;WyZHMXaOZ
860790179;qZDgRdF;SWa;km;1971;10;9405684;114;535;07;2002;321;False;MjrBwnSvb
370000614;RtrnYgW;TbN;Wk;1975;08;9411101;45;347;08;2016;230;True;AiiGROzuM
680022415;kJPJINT;wWL;Jq;1965;11;9418072;530;627;01;2001;802;True;BiuBfjOtk
010002574;POTDqIF;DCS;ev;1996;07;9416162;916;823;11;1963;607;True;wEsZIwfUg
380001230;RIOTiBQ;NpY;De;2011;02;9352887;856;897;10;1965;51;True;JDvmyzjlk
500000757;xfEaDxB;bAn;qB;2006;05;9249089;854;841;12;2014;280;False;dEdOBegST
670794726;SlMvPby;UAh;Pl;1979;08;9220275;632;30;12;1967;380;False;tVjlJduuP
440011096;lmWuMjm;DEB;nf;2009;09;9416618;376;998;03;2010;226;True;KgmxrjZAQ
340009596;dgNnGqU;lYB;Lm;1980;12;9423825;400;515;12;2001;884;False;CjnbHeozA
490539160;zuQQSMn;ALe;qv;1979;07;9373122;135;567;10;2003;204;True;KzwDDaFsR
590009791;QiTbpPZ;txQ;Vh;1982;12;9179029;412;358;08;1986;988;False;DjSFoGnkD
970430906;PALediM;UXu;He;1970;02;9399877;896;414;09;1988;478;False;YqaOpfgwm
380018069;NtjWBqy;sKj;eI;1974;01;9160490;439;675;04;2019;351;True;opEsvlDrA
590798211;IxWBqWw;CAx;kV;1974;12;9366659;820;690;03;1960;67;False;bIXBAOljK
630002038;VummbXc;SpP;Zm;2010;07;9319737;431;458;10;1993;477;True;HsSkfVSRR
500017520;BwNmiGj;ONA;uF;2004;07;9440433;378;883;05;2001;858;True;WSfXlcbIV
390001246;ZlSGCMv;Iry;Me;1963;03;9351712;725;62;12;2006;955;False;jDYNrBaFB
300003506;Vbzsblz;MVv;rE;2003;12;9387093;70;9;04;1961;98;False;ONpPpoQyX
670002948;NZykzar;smw;NJ;1970;11;9295008;701;769;05;2014;156;True;tdeYFIFwY
290028141;ddBBxjZ;vdd;Ab;1965;08;9408820;203;961;05;2006;799;False;ybwNynvjt
330046871;LfOeuZq;VnZ;lP;1989;03;9429414;755;817;06;1982;199;True;WUYGMJaMv
130045164;toFcmTr;LCc;vh;1982;01;9182830;180;571;06;1978;957;False;QkzGyWZkq
290001924;YLRJXLQ;mxt;KA;1969;07;9284370;373;455;01;1964;96;False;mdtHUPeYz
060002169;tqhGTdC;yaR;by;1989;03;9325755;323;234;12;1960;931;True;NJOAMzWZK
910010719;jBATyBA;lMT;Vd;2004;05;9400540;717;387;11;1971;815;False;ZXzOeubXm
250012358;AMXfrht;jdy;TG;1992;09;9416162;526;525;10;1963;861;False;NZmBuHKbj
440047389;AFOlCpf;zhk;ZR;1975;09;9330207;373;309;05;1979;117;True;lreEFTNQA
440011633;ftmkWuq;aMr;vh;2004;12;9351787;68;652;08;2003;818;True;oeDJBJAwr
380014316;fxYNlTK;AvV;ud;1980;01;9425741;661;388;03;1975;186;True;stUvVZCWB
620012278;PfwmmTQ;mBx;fD;1992;09;9351600;209;891;01;1978;121;True;llXdYNiun
750022691;UcsSMwI;iCr;gi;2005;09;9434467;299;224;08;2018;96;True;wTJDeBctR
130016777;vTtutrn;zXQ;tF;2000;11;9436259;513;284;03;2016;574;False;knSuxzhfG
610007577;xVxATow;EGN;PO;1985;05;9397217;528;489;07;1979;575;True;uvbOXCAFO
300008687;xHLAMpd;qZu;Rw;1967;05;9382084;234;528;06;2014;588;True;xkiKztLbn
350001780;HYJMoLv;ucX;db;2018;07;9332821;573;621;06;1979;432;False;EISDOVXzi
800013716;FjPlrAD;dxi;tL;1986;10;9325956;331;610;07;2010;521;True;dZKajwjPh
760028035;GdkriQa;pfD;Hg;2016;04;9383528;790;818;06;1971;584;True;QnWpTsyzy
590055398;GftvRDQ;FdM;mE;1984;11;9278116;152;119;05;1964;109;False;WLJNfVRda
950024802;lkziWal;PMa;nX;2004;04;9323791;466;556;12;2008;795;True;zXnuNwDLk
630005791;gWsZmHP;Qpr;lB;2016;11;9355816;905;630;05;1970;33;True;gAvLBwxRX
940025653;vouJILw;JOC;pJ;2001;06;9351818;727;814;08;1988;951;True;ZmBXcJcoR
630180032;IorzbXD;GyV;dZ;1980;08;9264456;172;782;05;2006;541;True;yVywfPnzv
150780088;QbDFbiq;BuC;Ka;1985;10;9304486;89;62;10;1986;979;True;DWFRHpHPv
490000163;MBnadmx;xxj;NY;1999;09;9178099;381;320;05;1972;758;True;AJUSqDveg
870001161;dAtDmdN;OOO;Rm;1996;11;9373576;738;471;08;1974;407;True;WMXadkIBi
380010595;saziDFe;lLV;iJ;2003;01;9268566;841;271;07;1999;905;False;DbWiyZinS
290037340;jBPHfGq;ZqM;Ua;1993;01;9416179;438;131;07;2008;881;False;KLjGOHLlm
830018008;HfjUWyc;UHY;Jm;1988;08;9313309;530;530;01;1967;725;True;jtDWeWADS
290008333;JhEmWWN;EIe;BW;2012;06;9374682;559;831;06;2018;762;True;KLReiqzie
910011204;hvFPEaO;OPY;iE;1986;10;9403521;121;990;02;2018;716;False;uaiccZbts
770010171;bvKAUOt;Aiy;dC;1971;12;9259113;587;18;10;1996;255;True;SOVcajxeG
850016742;CIhsBjl;bNY;LF;2016;11;9231735;736;965;10;1985;862;True;fGvjLmZiu
160013181;zvSFrRG;uim;pS;2016;09;9344853;583;350;01;1998;799;True;ZvIxbfxsL
370012635;rRRMcWN;wtX;Ca;2003;08;9438761;545;295;02;2000;107;True;ZzruJKfxE
560021735;ZvNeATa;Mqa;Gb;1977;01;9435225;27;148;02;2004;379;True;JOqhBdFAV
640012035;GELFeqS;Gsp;Ce;1990;11;9428834;314;828;04;1962;957;False;soHzLfSmj
350052791;eQrshEu;TWe;nu;1994;07;9362992;650;310;02;1992;906;True;yvfwVYMJg
350050811;tUljMpT;kLb;QC;1974;05;9234225;662;415;10;1996;417;True;bJUOedCxD
130050172;HBLCIMw;QWs;vc;2002;10;9307800;932;337;02;1980;431;True;PrLeXfOTK
670005701;YzqxNCq;BoS;LF;1980;05;9136876;19;629;08;1998;75;False;AMRZfNbWZ
240017434;EEiYiFa;XTZ;CA;2005;08;9399742;636;147;09;1998;974;False;yXxGKFSLk
170000731;Pekkgre;cAq;tY;2000;07;9338516;374;411;01;2005;735;False;mSkRLEaqj
580004513;YjfOatO;chv;VF;2005;02;9330213;180;792;08;1960;696;True;kmwTZvuJR
010000644;IwDVsKF;EgD;qt;2012;04;9296829;517;299;03;1991;827;True;GiRwGNHoe
550001812;KhpkWxR;CcB;IK;1970;11;9397192;911;696;10;1996;999;True;xPjlxrMTx
780708442;qpbyGKj;DGT;VA;1976;01;9354610;345;681;06;1985;606;False;fMsxLWOSI
970201844;aavHVgv;eJW;Mi;1983;03;9284364;535;900;02;1996;766;True;sbHUaZgxh
290026194;COXlWxb;whz;ft;2017;10;9284507;867;778;11;1992;935;False;mOaDcuvzV
410000590;ARntUmf;iCP;pN;1968;08;9196200;359;221;07;1990;37;True;hLdzcRogk
330041336;JklYYtA;XaL;TI;1999;05;9246725;931;480;04;2004;749;False;kqitnjcug
130026941;kTqDMcm;YRS;OG;2014;04;9422872;524;486;01;1964;396;True;XlXprYSRJ
910008762;qZLQkOM;xRh;oO;1983;02;9223078;817;986;10;1969;314;False;vHLzRjfkN
820004513;RcQKxxa;VNi;do;1976;07;9325962;879;708;12;1980;60;False;YlDqwrCEO
380007443;CbEgvyi;VdP;ea;1969;03;9364519;350;512;09;1970;123;True;bklwqyaub
490001351;BeUvUtD;zJk;wv;2014;01;9408961;150;872;03;1991;296;True;QeDwqrUfK
760027086;TjwwVGA;lUC;Hd;2012;03;9406258;64;15;06;2017;794;True;XQHymVhkb
950011999;OGxQKYz;OjO;Fv;1986;03;9393455;459;298;06;2002;585;False;MsgGVboWD
080008790;IRoqMPE;TLo;aQ;1998;10;9440019;276;907;12;1972;653;False;cGTAKkBEU
930021191;xEebkmA;GKN;So;1968;01;9426516;208;812;11;1965;403;True;dkXcohUUR
610001083;uTvSivB;wjK;Hq;2008;11;9405744;552;337;07;2014;273;False;wbccEGKuu
130041379;Agzaqxv;mgh;uG;1963;07;9330963;79;741;05;1989;450;True;DWfbAUvTf
380017285;Ljpwpog;CZB;ur;1986;07;9284370;609;817;10;1989;499;False;mIfRsYyOS
120000955;UXQJuxz;hqn;Xf;1963;06;9425020;359;785;03;2013;788;True;hWSpaILuT
880003314;gxsyJST;oFy;EK;1971;07;9285257;122;519;09;1975;161;False;wcUbwWCzC
950001594;vVnEtKI;emF;pQ;2013;11;9407648;156;56;06;2006;674;True;CnaDSefvF
570029348;OrecXhB;Myt;ZI;2002;04;9405158;834;281;09;1988;43;True;QprIhoOtR
690000732;bTSmlRz;dJE;HG;1972;10;9425379;120;505;10;1964;692;False;ZYVUjBghI
640000683;xUqmGJH;qpY;cC;2015;02;9330288;180;795;05;1966;871;False;PhXsHFqry
310029186;pqvoGnb;Yfr;GV;1978;04;9342601;618;354;03;1978;712;False;kgwQQYTjg
060016250;pLezAKw;BYf;QX;1982;06;9203383;44;840;04;2017;670;False;tEYsZKEdD
350037537;uayDhsF;WPV;ST;2019;10;9228561;550;273;07;2014;824;True;EfELnvzGO
130049372;GVZeqEQ;SMJ;Wd;1996;01;9331885;149;616;04;1980;717;True;fJRDcUcXf
690004486;XObUEHB;VXQ;gc;1998;03;9284499;800;389;02;2000;234;False;OGJpItFwn
940008840;DHmsAYh;HmE;Jm;1983;10;9226763;372;925;05;1999;22;False;NdGgSBZuL
810001701;IKOHFsp;wyV;vb;2007;04;9259509;994;53;02;1988;425;False;ktcYoaZGb
390006013;BkbceZc;wQN;YI;1999;07;9408205;510;121;05;2008;771;False;lWlomWdWp
320784044;VyjGsui;VaN;qZ;1988;07;9149117;712;291;09;1973;501;True;VZSrhunCQ
940013204;eZGLxCM;Wom;dH;2003;05;9429383;253;305;03;1968;274;True;PluoTpZVD
830022893;csMjVYn;wkR;ce;2003;07;9183195;378;653;08;1992;800;True;cMqIYNWhU
280003476;WhlThta;hqI;Qz;1985;02;9177585;56;710;06;1995;341;True;ofvNfhFKD
340007046;MytjEYL;kFd;kG;1961;12;9316710;689;502;08;2019;360;True;ChUbThHZJ
760036954;gTZutvo;ANP;RY;1963;12;9364270;422;876;01;1967;268;True;qzVeHXWSP
860013358;OJARlOV;znB;JT;1964;07;9338433;525;197;11;2014;307;False;kBzSxQHLT
830210480;ezMFzuM;lIH;SR;1962;07;9290442;231;829;05;2015;784;False;VYzckpWwU
840003289;FPlwiKh;XSe;Zj;1974;06;9212525;700;577;12;1974;759;False;aQTrPusJU
470010687;qKrCGiA;wbk;aJ;1997;02;9332703;701;14;06;1980;232;True;wOJLNYXOS
180003170;QshrBDK;taM;dr;1995;10;9397080;354;456;08;2013;268;True;oXIgIUGts
610000499;onWfBLA;ugL;ma;1995;03;9418184;218;473;07;2007;725;False;RnngvykrU
340000637;TIscqIt;OVE;Qv;2018;10;9231735;490;285;06;2009;508;True;EDIpDrABA
640009973;fICpIGD;dpa;ZI;2016;08;9318910;297;277;08;1962;505;False;HIcVgMgfP
970303376;NAiAGvw;PEo;wf;1970;07;9354225;282;802;02;2008;924;False;AiaUoWPRR
950005413;NJyGndJ;CiI;ID;1978;03;9362940;94;317;01;1983;960;True;qOLNPJAWk
290021005;coLDZug;yWP;jZ;1986;10;9293357;626;511;02;1994;192;False;gOVjWcCMW
750006082;bYlpQtu;EUx;nE;1978;03;9347610;962;435;03;1968;307;True;vkxijNrfD
210985735;rxfOMBb;TGB;hf;2007;02;9290867;602;570;01;1966;22;False;pejDZjJyD
490005907;DNMkdyD;MaL;kK;1977;04;9228561;97;825;03;1988;799;True;HGVIUxOuu
840003263;nzQMTqF;MLS;pd;2008;08;9403685;196;663;03;1968;417;True;sXKRhjHvB
440018638;sZodHcv;Ypm;tm;1994;10;9327783;595;31;12;2008;280;False;BsKHpOBjb
840000988;dCKwxZV;abY;Fl;1971;07;9347863;619;184;09;1988;738;True;cKorqOdkN
170005524;lSItqqu;dut;IU;2017;04;9415406;428;236;07;1964;690;True;ErmYXeDuo
950023945;HvSjlqo;jsS;zq;1968;10;9435188;264;158;04;1981;820;True;VGMqjGaNu
680007101;Nkysmly;Knt;Dd;1962;10;9284364;46;368;01;1993;499;True;izpXhjWRs
310021332;NyRenYT;hbG;GY;1980;12;9284329;698;528;10;2001;105;False;dSOheCgQe
330028648;fOieidt;VMM;hO;1976;09;9343546;926;969;06;2011;511;False;ZSlSQozPv
750804403;whofHsg;KWQ;JA;2014;02;9433723;395;454;09;1967;205;False;JeANCqBgu
060011004;OFDexOh;qCE;OD;1996;12;9382405;976;502;06;1983;41;True;YvsSgvzpK
130046139;mLEREpV;fhq;EL;2013;06;9330213;550;615;10;1967;220;False;FTKcBFmTn
970107371;NEpgQEp;BrF;pY;1985;07;9404549;585;188;08;1987;930;False;DyrcqHdEd
950009092;WPUwGkB;pvH;jH;1965;11;9383497;211;402;12;1991;506;False;DoQKJVLXm
540021425;mbTShpa;CTI;aj;1975;10;9424055;403;284;03;1973;707;True;vNkZVDdNk
380790618;KZRLAdf;Oak;Uz;2011;11;9274213;150;755;02;1972;637;False;TEmJuuLNg
510010481;YrzRWCP;tkH;MB;2005;08;9189944;670;120;09;2008;388;True;UHpFrwIkg
940002439;TrSklLq;nuv;rw;2008;03;9298136;392;793;06;1981;287;True;UMlANhFgx
940012602;XAeawvy;YIu;WL;2004;06;9328067;495;323;04;1967;94;False;yCThTcuop
300011954;hoLXeWT;lvY;ke;1967;12;9438293;147;710;11;2013;22;False;QYJbloQXR
950021741;BhNvcRt;fVq;jW;1982;05;9202857;926;644;02;1972;800;True;UBleWiobB
620112268;phdaitv;AWf;xo;1968;08;9334866;685;189;10;1998;67;False;GWtUMnIVq
330050634;XPiAERE;TOp;LO;2001;06;9162336;725;22;12;1989;477;False;hGDlPxFLS
820000206;hwYqoRM;pIW;Wh;1992;04;9410461;843;518;04;1970;149;False;tfAfxVyey
160000956;WERznin;TDN;IJ;1987;06;9412075;303;971;01;1960;863;False;nJJxPXiMf
320000508;xETOpvl;EFn;Pc;1981;10;9192113;370;406;12;1979;695;True;TecpSPTXA
210000725;BGbnPBC;YoX;uS;1967;02;9366642;672;50;08;1980;563;False;qWrOryfdm
910006618;eLECusR;ACy;AX;2008;03;9426829;199;30;02;1980;445;True;rMzCpwYHq
350049094;JyBAcBg;Grx;Gx;2007;03;9373748;120;702;10;1975;866;False;rKKcMcPKK
330053794;YaYFjjP;CoL;SI;1974;02;9393461;972;908;09;1970;685;False;lHstDcnpj
850025107;RUBRgTx;mxP;cb;1961;08;9255724;999;428;09;2011;647;True;lbohYIMLU
590016945;DgvuEQy;Fmr;rl;2012;01;9422211;511;873;06;1964;598;False;UQmNrkOVV
010007169;oeNjpWh;KAM;fX;1998;04;9200048;513;93;06;2000;290;True;sOsiyngFO
330057175;itQvgsA;lIA;Co;2013;03;9312669;626;469;05;2016;321;True;BxrsRATRT
590007035;qHYjwZv;spT;ca;1966;03;9409535;979;557;09;2011;385;False;eRrcFsJRd
400009981;hIsLbXa;TOs;gm;1966;04;9229158;753;7;12;2015;53;False;iCAeqmPmL
250020856;wefVgss;BhU;qF;2002;04;9390209;449;794;06;1960;419;False;sVxTcrRAF
570017434;Iogyfjt;Hmx;Md;1966;10;9435998;745;60;10;1993;941;True;yNKJCoJKR
810008243;ZwtEWJA;VIk;js;1961;08;9168014;747;190;09;2019;259;True;RNOeEVjGY
270018757;aXOJVot;PqS;Vf;2018;12;9286825;710;491;05;1988;243;True;SfYrvCWks
250007598;jfXlcMV;wpo;oC;2006;08;9416251;139;706;08;1989;497;False;TfsNhBWzm
590800645;bEVSAga;smW;mL;1983;02;9407648;557;160;09;2008;522;False;UHTfzUVkJ
840003990;SEnaVhn;StP;fz;1983;11;9373659;61;340;11;2015;660;False;xloIVVpRh
590054961;dqQJgIX;ELz;Bf;1995;02;9415346;588;554;08;1963;680;True;sTdbYmfyE
590027710;evxpflc;rPp;ro;2015;02;9234254;708;485;09;2019;980;False;QTumnPYRc
780012100;TidVHoy;kDI;qi;1969;11;9405750;644;414;06;1976;988;True;BcNPRHrWr
420001075;mdOXvGN;zTq;CH;1970;11;9360728;50;25;07;2019;578;True;UrAzOjuXE
340013507;kgBnyFk;gnd;LC;1971;03;9202308;778;733;06;1974;283;False;MoWFNYtSr
350042438;TVSVNcB;rCp;QS;2001;04;9355816;13;406;01;1967;225;True;IwXQAjzqm
880007786;caqwGkH;LjU;Zm;2005;01;9222009;979;971;07;1997;547;False;mTNcltOMN
190013110;IRiiAlZ;ODN;gx;1980;04;9432451;73;554;07;1982;966;False;vhetGsicz
620002402;AjtVKGR;pcl;tM;1980;04;9235058;573;49;06;1999;82;True;YKnWrWbfr
730008125;cgQQWLj;zsM;aK;1992;08;9421915;360;422;06;2012;147;False;LhfxCmkto
790006282;bTdKEZQ;ySf;GA;1979;08;9312600;938;838;02;1970;411;True;qoqjOYoHO
040004772;TgKylEP;uJJ;wu;1981;10;9320166;250;855;11;1988;153;True;ziHJeoqVv
340010941;NtoczuT;AfY;en;1965;03;9296189;8;818;11;1998;95;True;iAMKfIEMU
610007353;ouOPHlw;VZG;Pr;1969;04;9301111;871;39;12;2017;54;False;gLDpvKaAi
620008805;zklvHbF;JvL;Qn;1977;06;9326022;134;120;05;2010;437;True;JeUDcuUqz
620001529;gvTzzOz;TlF;Az;1992;04;9426864;859;644;11;1966;736;False;btlnIgKFo
010010403;PnEJhyc;VvH;cm;2005;01;9226970;251;851;03;2004;774;True;GxtqEHQqT
690010814;QfljBIB;gBu;EM;2007;08;9327932;595;717;03;1986;192;True;bLbVTEURF
330052721;JcxHtWA;CyY;cy;2009;10;9297094;301;168;12;1970;551;True;NTlfruHyR
750822546;eLWRoEF;jSh;nC;1981;02;9199078;990;922;01;2008;788;False;LQfAlYKxQ
600006464;nblVGYY;NGi;rX;1980;10;9417569;320;330;07;1970;305;True;waHdtgwKY
220003172;WFbgtuO;cmV;hz;2015;10;9341004;558;973;12;1969;770;False;XeVvVJjfF
220012868;xKWqCYW;lbt;pj;1974;02;9436265;111;26;09;2016;998;False;NYzcUvyTI
060003258;DaVRkPC;LJH;vk;1965;12;9366441;991;18;11;1976;461;False;FMVdEmwrM
690009576;DDjzFXy;DCq;Zb;2004;01;9439312;351;675;02;1986;157;True;dtXXcTWFe
270027147;hrpGdWu;UTD;cj;1977;01;9390913;675;176;04;1977;355;True;cSnqvWwqd
140021775;YmtLhtp;BIe;yP;1977;09;9427556;781;543;05;1961;259;False;lsOKTxusS
900002015;dTSkdwt;tWW;Qd;1997;01;9408949;756;562;09;1978;286;False;UzSbmgKDE
640004966;wCPdTSb;OTR;ef;1997;09;9419108;97;713;05;1969;456;True;qoCwnBkXH
930007331;eKzXmFn;VEe;RL;1974;01;9427556;304;910;02;1962;391;False;qqroHgbDu
700002835;zJBxWQC;FPF;jv;1994;10;9321734;532;11;12;1974;520;False;VTGskoiNk
310002092;ItWvAtb;jHd;wU;1994;08;9180802;142;623;04;2008;653;True;xFcpMLAaZ
590800413;airZsxL;BKX;FU;2003;11;9406264;17;63;05;2011;77;True;lhYLfacAo
590002895;xhoKskz;wRl;TR;2007;12;9305103;548;988;08;2001;385;False;jRKXLcZtE
930008990;IVyMGWM;qTY;jK;2018;02;9313172;493;983;11;2004;535;False;fgHWcDNER
310016985;znFJmIu;PGX;cf;1986;02;9425445;601;45;03;2000;723;False;OaWiYOxXQ
560014334;EqnNiBC;Pom;TN;1984;07;9440901;623;779;08;1961;174;False;oTTJgzGWM
130035967;tnqcYyj;ClR;ct;1964;02;9233527;378;285;06;1985;733;True;YzUCJbQeq
860012830;SyaxuiY;lxV;Qn;1972;07;9316236;609;785;11;1977;139;True;EChDrIVyy
780808929;hENfSOi;Lcw;dV;2008;11;9293363;124;519;10;2014;316;False;UJecMDxtd
340006295;YTdSjiT;GpS;GB;2008;06;9400617;668;882;12;1982;69;True;jiWPzcAnV
950028076;KMCndvb;rkh;zM;1963;09;9208593;542;34;05;2004;500;False;YtnHWXYeN
350012555;VUgBdFz;ZPv;Ep;2004;01;9266550;977;536;04;2018;438;True;numjSpMyN
590052338;PRVRsoo;ttT;py;1969;11;9402792;753;204;03;1996;311;True;GKbzfNIdI
600000855;ArJaAzM;MRK;vl;1980;10;9309791;585;319;09;2004;754;True;wWGWMbuwQ
060001633;FXdklJa;Kmu;SV;1998;03;9423831;550;584;08;1974;949;True;RelhuCNky
920026796;cTsHwmE;Rzt;KX;2009;10;9239501;376;895;03;1975;407;False;tTGEtSnSy
630000628;tAIzTzr;GGl;Dx;1972;10;9312959;812;262;11;2002;63;False;ByNjKkDMX
570003285;KWWtefq;Tac;mN;1976;07;9058596;406;934;04;2001;153;False;bLygAgDLP
630005809;kVwSzln;okG;Ue;1985;02;9357577;464;367;05;1963;53;True;HvVSFefsl
740006283;VsbvRtS;VLy;bl;1969;05;9262919;176;424;06;1973;446;True;WhVaseUaI
340003581;dKmrJdx;LrW;Qc;1986;11;9259691;512;181;07;2001;647;False;wloPHAlue
020016473;rbCxQgG;Vcd;jZ;1976;12;9284105;636;38;07;1996;764;True;zWSGcKiEE
100000330;ZKIDiQU;Bpb;gO;1995;03;9212442;289;243;12;2012;548;True;XnACcnYBE
310001698;MvRTONi;nin;yq;1989;01;9285352;971;477;04;1972;730;False;voLrlWKXv
270000995;TGyrWZi;cZf;xp;1966;06;9285352;687;670;01;1994;951;True;PGlmEnBMN
760000513;DsdFJNJ;lJB;ii;1976;04;9247191;896;671;08;1960;839;False;NxhFcqIaj
110791803;nggoNuI;gsj;JW;2004;03;9368629;727;692;09;1994;937;True;kxwqMQQyR
190000331;dCoKVFT;mZV;Ob;2019;10;9182853;608;112;03;2005;798;False;YybvwFKkF
420006553;llCaKqY;jvx;Eg;2015;12;9399280;863;499;07;2016;25;True;BotsVgChl
950036129;CVgVvVM;XST;GH;2010;06;9261050;13;66;10;2011;90;False;vRtNEGmHE
190002519;FpHjadZ;JXJ;MX;1999;02;9434237;635;564;02;2012;47;True;igrezJMEk
300001138;QLuKDMU;LRN;eX;1999;02;9356201;511;440;06;1969;472;False;zSGsXwOtG
940014483;PFnpsug;DCh;or;1976;06;9239168;304;706;10;2019;822;True;QRcvAtCEB
330796236;rNiuHMJ;PrT;dF;1963;11;9290502;829;340;04;2008;337;False;jahsKnLxq
650002769;sVmvYAC;Cfb;OS;2015;01;9251287;696;135;04;2002;224;True;fWsLGnvRT
190007930;fhxCiRl;JNE;uW;2010;05;9433806;610;691;08;1972;490;True;fbniGJxAV
320000326;VavqBEQ;idP;YG;1991;01;9241892;616;550;10;1986;950;True;aNPsZJUhN
740007539;USvCeeD;agy;ky;1985;11;9395810;987;590;08;1977;969;True;WacPRdzgi
710008780;zQHexXt;JML;Wx;1972;07;9405537;874;346;04;1969;374;True;EBhQhuVMl
540001930;yUPbKDO;BFJ;RY;1976;05;9182830;911;122;02;1975;181;True;qKfLhiAKS
130001571;sUaQIsm;siv;Fk;1998;07;9284335;677;173;11;1996;259;False;jrAWJLgqE
600107296;QrCeuuE;mYI;WI;2013;07;9352700;892;724;06;1996;53;False;NzyFqOYgD
950015495;JgiaBMG;RxP;TW;1969;04;9286995;656;64;07;1999;358;True;IASyyAprD
130804578;MmlzWRy;wcf;BE;1961;11;9350368;224;882;05;1969;185;True;IaALlvNjX
180003071;dxkkcPU;RDt;Lw;2002;07;9315892;105;558;09;1982;760;True;IBYgEHDed
540010410;WkMYUuC;HHk;Xb;1985;08;9206766;816;243;12;1985;842;False;tEfqbqZyP
240008870;oaGJnVU;eFQ;nS;1999;02;9353728;530;211;09;1992;958;True;zvzPfWRRg
350045209;fxYqoZR;kTx;vj;1979;10;9330207;210;119;11;2018;702;True;JXWyzKPnG
900001306;OEDxZdr;uAL;XJ;1987;08;9261104;47;12;10;2008;847;True;ibqnukEph
940001894;ouBkCXL;BPs;Kn;1994;02;9212494;874;718;08;1987;634;True;olWdMekOX
450005475;mRoMNZY;OPa;tj;1966;09;9354946;120;248;12;1991;71;True;WJxExYiDB
750031213;qxAWzHy;Xgl;IW;1987;05;9307160;760;942;01;1983;664;True;isfqDcrJh
750020836;HTdVeoq;sFt;ZB;1978;01;9427450;773;249;01;1984;383;False;SVAVKPeuu
130037724;CDUAYEk;rpF;WP;1995;08;9318465;30;305;04;1994;670;True;wnWayhnZU
950001545;SLwIqeP;qFA;Vs;1983;05;9300956;338;436;07;1989;307;True;lrbddiBLE
940014616;ZvCaZZZ;hAg;rF;2003;11;9309785;333;639;08;1967;880;True;KmtmBVprY
