ETA_NUM;RHA_NUM;RHS_NUM;RHA_VER;CCAM_DEL_ENT_UM;CCAM_ACT;EXT_PMSI;CCAM_PHA_ACT;CCAM_COD_ACT;CCAM_EXT_DOC;CCAM_NBR_REA;CCAM_VAL_DAT
400015020;oQyGCad;fqR;hmn;641;JVJF004;rF;v;t;W;553;x
400780268;xEALOVb;mQC;jUl;887;ZZNL063;rR;e;i;R;434;G
330029968;UziApcu;AyS;NAg;811;ZZML003;QK;V;c;D;737;x
730012382;tRyupmH;NDq;Vhl;573;ZZQK002;Wv;X;w;K;253;f
730009065;lQNaYzD;YPb;xVj;89;YYYY300;ew;O;B;l;623;f
340001098;SNbCaYm;gig;sUu;74;HFFC018;Ea;J;y;I;366;x
860790179;qZDgRdF;SWa;ZcK;109;JVJF004;PE;l;h;R;405;M
370000614;RtrnYgW;TbN;DDt;558;JVJF008;cr;N;W;l;420;K
680022415;kJPJINT;wWL;HtE;123;YYYY011;jc;B;I;e;210;V
010002574;POTDqIF;DCS;jdC;42;GLQF001;GA;z;o;M;119;R
380001230;RIOTiBQ;NpY;ZPZ;615;GAMA007;cU;f;j;U;472;a
500000757;xfEaDxB;bAn;Zys;937;LHQK001;JW;q;t;j;462;B
670794726;SlMvPby;UAh;Vcv;42;ZZEP004;BY;t;a;J;244;E
440011096;lmWuMjm;DEB;MED;777;GLQP001;gr;b;r;r;842;S
340009596;dgNnGqU;lYB;dns;678;AJNH002;RL;z;f;J;411;Y
490539160;zuQQSMn;ALe;jjs;99;YYYY260;GW;O;Z;X;469;X
590009791;QiTbpPZ;txQ;FAo;413;FGRB007;NI;j;S;Y;445;k
970430906;PALediM;UXu;ZZY;217;JVJF004;cv;C;u;f;214;i
380018069;NtjWBqy;sKj;aix;429;PBQM002;vW;b;N;i;505;f
590798211;IxWBqWw;CAx;bkx;762;JVJF008;ty;j;W;X;28;v
630002038;VummbXc;SpP;vHN;847;FCFA006;Ai;y;f;n;738;Q
500017520;BwNmiGj;ONA;uIJ;338;JVJF004;BT;I;H;u;933;b
390001246;ZlSGCMv;Iry;hKv;221;EJQM003;AU;e;l;y;828;K
300003506;Vbzsblz;MVv;siV;705;GEHD001;Lx;e;g;h;401;X
670002948;NZykzar;smw;riQ;360;ADPA007;dq;O;n;W;858;y
290028141;ddBBxjZ;vdd;sRA;170;ZZLP025;IU;S;w;a;483;A
330046871;LfOeuZq;VnZ;wwG;215;DEQP003;nO;H;R;a;790;M
130045164;toFcmTr;LCc;ZxF;326;HHFA016;vh;z;n;n;125;Q
290001924;YLRJXLQ;mxt;fkW;386;YYYY600;Jc;a;w;O;500;f
060002169;tqhGTdC;yaR;tHT;212;BGFA005;fU;y;T;V;138;B
910010719;jBATyBA;lMT;VSy;652;YYYY260;Rd;R;A;U;730;h
250012358;AMXfrht;jdy;cZa;569;ZCQD001;XJ;N;F;x;652;I
440047389;AFOlCpf;zhk;Hgu;422;ZBQK002;Yw;d;t;S;473;c
440011633;ftmkWuq;aMr;Zta;429;DEQP003;dj;w;b;W;792;L
380014316;fxYNlTK;AvV;fKE;12;ZBQK002;OK;X;O;H;713;G
620012278;PfwmmTQ;mBx;lTK;476;FAFA015;ce;J;u;e;155;G
750022691;UcsSMwI;iCr;Moq;58;HLFA011;uT;i;g;n;107;E
130016777;vTtutrn;zXQ;FFr;223;GLHF001;VF;P;H;S;759;t
610007577;xVxATow;EGN;DJt;861;ZBQK002;xW;E;Q;t;941;u
300008687;xHLAMpd;qZu;olR;96;DEQP005;eq;s;g;j;686;P
350001780;HYJMoLv;ucX;qlb;243;DEQP003;AG;y;a;f;1;u
800013716;FjPlrAD;dxi;DFs;719;ZBQK002;yb;x;n;i;160;d
760028035;GdkriQa;pfD;ZjE;394;YYYY009;RL;q;n;h;867;G
590055398;GftvRDQ;FdM;iOi;46;DEQP007;Mf;o;o;r;545;z
950024802;lkziWal;PMa;nTp;597;JVJF008;Db;c;S;R;617;O
630005791;gWsZmHP;Qpr;JWH;593;LBFA030;wy;n;K;M;270;F
940025653;vouJILw;JOC;dBw;987;ANMP001;KP;B;y;F;822;K
630180032;IorzbXD;GyV;vzz;271;JJEA003;TM;x;S;E;926;c
150780088;QbDFbiq;BuC;ZVa;789;JVJF004;OD;V;O;x;713;D
490000163;MBnadmx;xxj;RVl;649;LDHA001;XB;G;N;C;114;K
870001161;dAtDmdN;OOO;WAE;783;JVJF008;fo;K;f;A;359;k
380010595;saziDFe;lLV;iIO;330;GLLD017;TO;X;c;Y;505;d
290037340;jBPHfGq;ZqM;yqs;789;ZBQK002;YR;i;N;i;613;h
830018008;HfjUWyc;UHY;zTi;312;JVJF008;Nc;Z;G;I;195;s
290008333;JhEmWWN;EIe;HnO;432;ZZQK002;Ej;b;I;t;538;B
910011204;hvFPEaO;OPY;pzq;671;ZZNL050;Dl;l;L;l;932;z
770010171;bvKAUOt;Aiy;BOK;407;JVJF004;TP;w;G;g;741;Q
850016742;CIhsBjl;bNY;qaZ;362;GLQP013;Sf;m;k;P;329;S
160013181;zvSFrRG;uim;LZg;620;ZZQX027;OO;I;r;k;63;L
370012635;rRRMcWN;wtX;YlT;919;DDQH009;dX;s;K;a;512;x
560021735;ZvNeATa;Mqa;tCD;862;HPJB001;wB;x;Y;o;744;L
640012035;GELFeqS;Gsp;Uej;43;JVJF004;Qf;O;G;C;152;w
350052791;eQrshEu;TWe;Vbn;723;JVJF004;dA;L;Z;T;524;q
350050811;tUljMpT;kLb;Xij;351;JDLD001;FF;R;d;f;355;j
130050172;HBLCIMw;QWs;lZs;296;HBKD462;mQ;J;s;g;20;O
670005701;YzqxNCq;BoS;VAx;660;ZZQX077;ns;J;D;E;552;M
240017434;EEiYiFa;XTZ;wEi;58;JGHJ001;ZU;O;z;v;872;K
170000731;Pekkgre;cAq;IcX;61;HEQE002;Ow;N;Y;t;72;x
580004513;YjfOatO;chv;pEg;366;FELF003;Fd;c;K;L;170;g
010000644;IwDVsKF;EgD;DpY;341;PCQM001;bm;Z;U;b;877;R
550001812;KhpkWxR;CcB;YFg;987;ADEA004;WQ;Y;t;K;2;Z
780708442;qpbyGKj;DGT;Iqd;132;ZBQK002;ED;K;R;T;10;S
970201844;aavHVgv;eJW;NJI;423;JVJF004;JV;y;O;J;909;C
290026194;COXlWxb;whz;lcx;982;ZZQX162;zJ;G;x;c;205;X
410000590;ARntUmf;iCP;zjA;938;MJJA004;am;b;V;B;903;n
330041336;JklYYtA;XaL;KIw;716;JVJF008;ga;J;n;S;984;e
130026941;kTqDMcm;YRS;eAJ;293;ZCQH001;da;Z;W;y;647;o
910008762;qZLQkOM;xRh;Jkq;91;NFQK001;Us;L;U;I;798;w
820004513;RcQKxxa;VNi;XWx;918;ZBQK001;uT;t;Y;x;921;Y
380007443;CbEgvyi;VdP;BzD;901;AFHB002;VU;X;w;c;523;W
490001351;BeUvUtD;zJk;HJm;431;GELE001;rj;o;D;K;905;r
760027086;TjwwVGA;lUC;eIO;652;ZZQM005;vg;R;n;w;996;C
950011999;OGxQKYz;OjO;qqM;514;DBMA009;GW;d;g;d;612;g
080008790;IRoqMPE;TLo;AtD;331;GLLD012;ON;C;P;m;702;j
930021191;xEebkmA;GKN;tqq;288;ZCQM001;iX;L;o;D;189;T
610001083;uTvSivB;wjK;Nwu;301;ZBQK002;Pa;n;N;Y;300;E
130041379;Agzaqxv;mgh;SUu;192;JVJF008;Sp;S;M;u;364;Z
380017285;Ljpwpog;CZB;rjT;575;JKDC001;rP;i;P;c;161;f
120000955;UXQJuxz;hqn;OUQ;678;YYYY600;pf;I;h;h;479;S
880003314;gxsyJST;oFy;olp;707;JVJF004;Ch;I;X;O;304;c
950001594;vVnEtKI;emF;NKu;13;DEQF004;Eu;b;j;O;786;z
570029348;OrecXhB;Myt;SUR;289;YYYY011;WQ;v;g;i;364;M
690000732;bTSmlRz;dJE;cqK;885;JVJF004;Dt;R;w;C;782;n
640000683;xUqmGJH;qpY;Xnk;649;JQQM003;Ah;J;X;M;860;n
310029186;pqvoGnb;Yfr;qit;241;HEQE002;nL;L;l;j;896;a
060016250;pLezAKw;BYf;Std;11;YYYY041;Zh;f;a;j;232;w
350037537;uayDhsF;WPV;XHo;281;YYYY197;lF;C;C;t;922;s
130049372;GVZeqEQ;SMJ;MLo;475;JVJF008;rY;c;H;d;174;j
690004486;XObUEHB;VXQ;vjN;700;EDFA007;Ll;T;R;D;535;s
940008840;DHmsAYh;HmE;wnO;201;DEQP007;Aj;o;p;o;509;X
810001701;IKOHFsp;wyV;tIr;907;ZZNL063;gM;k;e;H;631;L
390006013;BkbceZc;wQN;ydh;987;BGLB001;zz;t;v;c;386;A
320784044;VyjGsui;VaN;Cyk;73;JVJF004;qP;g;J;p;528;H
940013204;eZGLxCM;Wom;iYU;246;JVJF008;WS;G;k;z;895;p
830022893;csMjVYn;wkR;sdz;955;DEQP003;rg;q;r;Y;719;o
280003476;WhlThta;hqI;uHo;103;ZCQM008;Yc;j;H;s;766;j
340007046;MytjEYL;kFd;WNg;618;HLHJ003;Ik;Z;L;j;489;s
760036954;gTZutvo;ANP;rUT;360;AAQP006;OH;y;n;B;753;N
860013358;OJARlOV;znB;sDc;335;BELB001;IZ;c;U;n;233;h
830210480;ezMFzuM;lIH;pXW;864;ZBQK002;yF;T;G;n;513;S
840003289;FPlwiKh;XSe;JcR;475;GLQP008;ps;M;M;t;593;D
470010687;qKrCGiA;wbk;cjK;370;HHFA006;vk;A;F;d;294;a
180003170;QshrBDK;taM;zej;880;JHFA009;Rw;N;O;I;891;y
610000499;onWfBLA;ugL;hHo;994;EAFA004;EX;U;n;D;650;h
340000637;TIscqIt;OVE;aEW;556;AHPA009;KT;g;q;g;746;D
640009973;fICpIGD;dpa;tnh;480;YYYY405;Aa;w;o;n;267;e
970303376;NAiAGvw;PEo;hyI;239;CDQP002;qu;G;n;z;779;o
950005413;NJyGndJ;CiI;fgv;645;HZHE002;oO;o;L;o;859;V
290021005;coLDZug;yWP;nmk;33;ZZML003;eu;G;H;X;656;J
750006082;bYlpQtu;EUx;cnY;716;MEKA008;VH;g;r;P;923;z
210985735;rxfOMBb;TGB;AXa;313;BZQP002;DE;d;g;z;582;Z
490005907;DNMkdyD;MaL;Pur;401;YYYY033;HR;c;f;r;493;a
840003263;nzQMTqF;MLS;acA;668;ZBQK002;JS;t;I;Y;980;u
440018638;sZodHcv;Ypm;PFd;785;HEQE002;Vg;C;N;l;412;n
840000988;dCKwxZV;abY;hZo;802;JVJF008;TE;f;k;x;299;s
170005524;lSItqqu;dut;fZH;781;LMMA012;CG;B;h;T;35;Y
950023945;HvSjlqo;jsS;KeT;540;DEQP004;ev;z;r;H;38;S
680007101;Nkysmly;Knt;wxj;999;ZBQK002;SI;K;h;h;673;n
310021332;NyRenYT;hbG;Kxm;768;DEQP003;oF;C;B;b;617;d
330028648;fOieidt;VMM;lgO;896;HSLF002;xT;J;f;q;666;d
750804403;whofHsg;KWQ;ewq;56;JVJF004;Ea;x;r;d;795;S
060011004;OFDexOh;qCE;wmE;719;ZZQK002;bv;e;Y;V;475;w
130046139;mLEREpV;fhq;cii;671;DEQP003;zs;z;Z;M;751;P
970107371;NEpgQEp;BrF;TeL;707;YYYY300;qW;v;g;e;341;r
950009092;WPUwGkB;pvH;tzo;332;DGMA001;Up;q;c;A;924;T
540021425;mbTShpa;CTI;Htx;797;YYYY180;zE;E;j;k;248;d
380790618;KZRLAdf;Oak;kgM;623;JVJF008;aX;y;F;u;862;I
510010481;YrzRWCP;tkH;jQa;590;JVJF004;DJ;R;J;p;5;b
940002439;TrSklLq;nuv;NOb;980;JVJF004;Wn;X;Z;x;648;B
940012602;XAeawvy;YIu;iss;440;DEQP007;MW;n;N;K;538;w
300011954;hoLXeWT;lvY;XcX;97;JVJF004;ka;J;g;f;446;X
950021741;BhNvcRt;fVq;baX;117;ZZQX127;MO;f;L;Q;194;w
620112268;phdaitv;AWf;Nvu;77;GLQP001;DS;b;Y;B;111;K
330050634;XPiAERE;TOp;FfA;822;JVJF008;Rg;n;j;J;894;i
820000206;hwYqoRM;pIW;HHC;175;JVJF008;BM;h;D;u;245;Z
160000956;WERznin;TDN;gao;744;NEQK010;Ue;Q;l;u;74;R
320000508;xETOpvl;EFn;RtC;934;JVJF008;AK;l;F;B;704;k
210000725;BGbnPBC;YoX;HJo;750;JVJF008;dp;q;U;O;638;N
910006618;eLECusR;ACy;rrF;991;DEQP007;bx;P;E;A;273;v
350049094;JyBAcBg;Grx;mCA;491;GFFA032;pi;E;H;t;489;N
330053794;YaYFjjP;CoL;mfK;74;JVJF004;MU;X;w;s;375;d
850025107;RUBRgTx;mxP;mHh;283;EBFA008;yr;n;N;C;86;Z
590016945;DgvuEQy;Fmr;WrZ;705;ZZNL063;DU;i;K;A;941;M
010007169;oeNjpWh;KAM;Cmq;75;AFHB002;AT;o;P;c;157;Q
330057175;itQvgsA;lIA;Wzb;826;JVJF008;wQ;F;J;B;632;V
590007035;qHYjwZv;spT;xTE;388;JVJF004;ZA;u;R;j;286;b
400009981;hIsLbXa;TOs;bvu;679;ZZNL063;ia;T;L;D;173;O
250020856;wefVgss;BhU;CIy;466;FELF011;zo;N;y;u;132;x
570017434;Iogyfjt;Hmx;Xtm;905;GERD001;mc;l;o;C;309;o
810008243;ZwtEWJA;VIk;cJS;297;YYYY476;mW;N;g;R;759;C
270018757;aXOJVot;PqS;mLI;62;HFMC008;Mj;n;p;a;431;n
250007598;jfXlcMV;wpo;Dhf;461;ZBQK002;MF;o;p;N;520;B
590800645;bEVSAga;smW;tnN;704;HSLD001;zp;F;X;R;568;Z
840003990;SEnaVhn;StP;qyM;514;PCLB003;Rq;F;i;o;551;u
590054961;dqQJgIX;ELz;lhU;657;HSLF002;Kc;j;g;m;256;t
590027710;evxpflc;rPp;Mlr;303;ZZQX081;db;Z;B;g;463;V
780012100;TidVHoy;kDI;PtU;958;JQGA004;Qq;j;C;Z;463;A
420001075;mdOXvGN;zTq;LWc;68;YYYY600;Ej;O;K;m;601;a
340013507;kgBnyFk;gnd;cgW;538;JVJF004;uT;x;C;I;722;M
350042438;TVSVNcB;rCp;vuZ;51;JVJF008;nV;k;T;s;392;M
880007786;caqwGkH;LjU;CiU;379;HEQE002;sq;K;R;W;717;v
190013110;IRiiAlZ;ODN;Kyw;718;NEQK010;li;W;O;Y;227;O
620002402;AjtVKGR;pcl;MNg;228;GLQP002;Ie;s;N;u;168;P
730008125;cgQQWLj;zsM;fPQ;784;JQGA002;Zl;B;w;i;549;Z
790006282;bTdKEZQ;ySf;tAp;449;JVJF008;EE;I;n;S;451;c
040004772;TgKylEP;uJJ;Lwc;20;JVJF004;uH;v;Y;h;381;j
340010941;NtoczuT;AfY;csw;893;DEQP003;CX;F;V;R;462;P
610007353;ouOPHlw;VZG;xqb;264;ZZLP025;ip;L;z;L;135;N
620008805;zklvHbF;JvL;kkM;828;EQLF002;LQ;l;U;z;558;T
620001529;gvTzzOz;TlF;xPt;128;DDQH009;Oq;r;f;b;580;p
010010403;PnEJhyc;VvH;wmo;377;ZBQK002;cV;u;W;Q;669;E
690010814;QfljBIB;gBu;LTB;58;YYYY009;aU;q;i;N;74;s
330052721;JcxHtWA;CyY;ZeB;260;GLLD017;US;L;x;N;761;g
750822546;eLWRoEF;jSh;ypF;995;JVJF004;RQ;G;N;n;441;B
600006464;nblVGYY;NGi;GtZ;446;YYYY347;tx;F;D;x;627;q
220003172;WFbgtuO;cmV;grX;208;AFLB010;Av;y;c;v;579;g
220012868;xKWqCYW;lbt;TpJ;754;DEQP007;LK;V;m;e;746;S
060003258;DaVRkPC;LJH;UCp;879;JQGA003;bF;c;x;y;945;l
690009576;DDjzFXy;DCq;Nsl;28;YYYY600;ky;i;Q;V;683;v
270027147;hrpGdWu;UTD;RtF;284;JKQE002;XC;c;y;C;508;a
140021775;YmtLhtp;BIe;dkH;354;QAMA013;mo;M;r;S;797;I
900002015;dTSkdwt;tWW;nTK;373;JVJF008;ak;e;i;x;893;k
640004966;wCPdTSb;OTR;fRP;789;JVJF004;ey;D;p;o;945;M
930007331;eKzXmFn;VEe;Ipu;847;HEAE003;Au;o;z;w;395;P
700002835;zJBxWQC;FPF;QeO;950;JVJF008;EG;m;m;P;781;w
310002092;ItWvAtb;jHd;kgS;203;FAFA013;WN;R;m;v;170;L
590800413;airZsxL;BKX;tYY;870;HMGH002;wN;c;W;U;815;E
590002895;xhoKskz;wRl;Qdq;536;DEQP007;xm;N;G;p;641;m
930008990;IVyMGWM;qTY;MdE;914;GLLD017;vL;g;W;X;695;i
310016985;znFJmIu;PGX;Qdd;61;HBLD745;Js;G;V;u;916;V
560014334;EqnNiBC;Pom;OMo;486;GLLD019;pt;D;C;n;741;K
130035967;tnqcYyj;ClR;WLw;849;JVJF008;yg;n;p;A;553;p
860012830;SyaxuiY;lxV;OwW;311;AHPA028;HN;N;q;Z;237;b
780808929;hENfSOi;Lcw;kbx;86;HEQE002;Ei;I;B;k;188;O
340006295;YTdSjiT;GpS;pUO;406;JQGD010;GV;d;C;L;843;P
950028076;KMCndvb;rkh;rrV;312;JVJF008;GC;g;L;a;390;N
350012555;VUgBdFz;ZPv;UpV;811;YYYY002;Wx;h;t;d;424;C
590052338;PRVRsoo;ttT;yMB;477;YYYY012;rl;t;s;x;599;D
600000855;ArJaAzM;MRK;DSm;977;LHQK001;Ho;e;s;g;518;x
060001633;FXdklJa;Kmu;XMv;271;JVJF004;cI;e;d;f;500;V
920026796;cTsHwmE;Rzt;fJT;34;FELF011;We;t;a;o;529;l
630000628;tAIzTzr;GGl;WWV;440;GLQP004;Ch;S;d;m;763;B
570003285;KWWtefq;Tac;kgK;18;CAJA001;Zz;M;K;a;75;y
630005809;kVwSzln;okG;sYm;284;YYYY600;cn;P;O;C;718;u
740006283;VsbvRtS;VLy;XfE;494;QZQX004;OQ;O;i;L;245;o
340003581;dKmrJdx;LrW;pRu;876;GLQP005;ML;e;O;k;652;t
020016473;rbCxQgG;Vcd;PSs;457;HBMD038;UZ;b;g;Y;250;q
100000330;ZKIDiQU;Bpb;APt;714;JVJF008;VR;F;v;C;961;c
310001698;MvRTONi;nin;OkI;308;YYYY166;vd;z;p;H;90;N
270000995;TGyrWZi;cZf;hVf;379;ZZQX069;Bq;v;Z;a;279;Y
760000513;DsdFJNJ;lJB;pew;549;DEQP003;zp;V;Q;l;871;j
110791803;nggoNuI;gsj;kXT;414;JVJF004;CC;v;x;T;8;I
190000331;dCoKVFT;mZV;Nkw;949;YYYY012;GW;U;Y;Q;879;C
420006553;llCaKqY;jvx;BmX;634;ZBQK002;Mw;m;h;F;104;F
950036129;CVgVvVM;XST;MBs;557;ZZQP004;cF;C;F;Z;665;H
190002519;FpHjadZ;JXJ;AlD;48;DEQP007;Oe;q;d;p;915;l
300001138;QLuKDMU;LRN;CuE;382;YYYY095;ka;d;P;C;828;n
940014483;PFnpsug;DCh;QwI;715;ZCQJ006;dv;Z;g;l;549;n
330796236;rNiuHMJ;PrT;Wqh;615;ZCQJ004;tF;e;V;E;510;x
650002769;sVmvYAC;Cfb;HUX;600;LAMA002;SQ;w;v;t;840;A
190007930;fhxCiRl;JNE;JWa;168;JVJF008;Pz;g;M;S;402;H
320000326;VavqBEQ;idP;MmF;791;JVQF004;bg;n;m;J;44;T
740007539;USvCeeD;agy;ZwJ;829;DEQP003;aJ;Z;u;t;343;n
710008780;zQHexXt;JML;Yrk;611;YYYY041;ye;D;I;n;867;t
540001930;yUPbKDO;BFJ;dAi;625;HHQE005;JN;n;p;K;149;b
130001571;sUaQIsm;siv;JAW;38;ZBQK002;JT;O;F;u;226;Y
600107296;QrCeuuE;mYI;zyB;295;EPLF002;BE;p;D;j;35;H
950015495;JgiaBMG;RxP;Wjj;885;ZCQM001;al;l;q;A;97;g
130804578;MmlzWRy;wcf;mOo;657;ZZQX069;zi;I;i;f;558;C
180003071;dxkkcPU;RDt;tBs;939;GLQP012;aR;x;t;w;631;p
540010410;WkMYUuC;HHk;XJb;690;AFLB010;wG;F;T;A;464;F
240008870;oaGJnVU;eFQ;bbB;526;ZZQX188;RW;N;q;N;180;E
350045209;fxYqoZR;kTx;FhA;695;ZBQK002;dD;H;W;h;700;u
900001306;OEDxZdr;uAL;dae;958;JVJF004;lY;k;i;H;113;f
940001894;ouBkCXL;BPs;oKR;328;JANM001;CM;D;T;u;795;Y
450005475;mRoMNZY;OPa;lJg;96;HBMD019;ch;x;s;P;526;c
750031213;qxAWzHy;Xgl;nQB;14;JVJF004;Go;o;g;m;825;t
750020836;HTdVeoq;sFt;grv;674;JQGD012;Xg;B;x;u;108;w
130037724;CDUAYEk;rpF;keu;971;JVJF004;at;b;j;O;710;i
950001545;SLwIqeP;qFA;cww;541;DEQP007;QU;U;U;V;183;F
940014616;ZvCaZZZ;hAg;qZB;103;JVJF008;PK;u;B;w;892;Z
